[0.388s] DEBUG:colcon:Command line arguments: ['/usr/bin/colcon', 'build']
[0.388s] DEBUG:colcon:Parsed command line arguments: Namespace(allow_overriding=[], ament_cmake_args=None, base_paths=['.'], build_base='build', catkin_cmake_args=None, catkin_skip_building_tests=False, cmake_args=None, cmake_clean_cache=False, cmake_clean_first=False, cmake_force_configure=False, cmake_target=None, cmake_target_skip_unavailable=False, continue_on_error=False, event_handlers=None, executor='parallel', ignore_user_meta=False, install_base='install', log_base=None, log_level=None, main=<bound method BuildVerb.main of <colcon_core.verb.build.BuildVerb object at 0xffff81ce7ee0>>, merge_install=False, metas=['./colcon.meta'], packages_above=None, packages_above_and_dependencies=None, packages_above_depth=None, packages_end=None, packages_ignore=None, packages_ignore_regex=None, packages_select=None, packages_select_build_failed=False, packages_select_by_dep=None, packages_select_regex=None, packages_select_test_failures=False, packages_skip=None, packages_skip_build_finished=False, packages_skip_by_dep=None, packages_skip_regex=None, packages_skip_test_passed=False, packages_skip_up_to=None, packages_start=None, packages_up_to=None, packages_up_to_regex=None, parallel_workers=8, paths=None, symlink_install=False, test_result_base=None, verb_extension=<colcon_core.verb.build.BuildVerb object at 0xffff81ce7ee0>, verb_name='build', verb_parser=<colcon_defaults.argument_parser.defaults.DefaultArgumentsDecorator object at 0xffff81cf4700>)
[0.837s] Level 1:colcon.colcon_core.package_discovery:discover_packages(colcon_meta) check parameters
[0.837s] Level 1:colcon.colcon_core.package_discovery:discover_packages(recursive) check parameters
[0.838s] Level 1:colcon.colcon_core.package_discovery:discover_packages(ignore) check parameters
[0.838s] Level 1:colcon.colcon_core.package_discovery:discover_packages(path) check parameters
[0.838s] Level 1:colcon.colcon_core.package_discovery:discover_packages(colcon_meta) discover
[0.838s] Level 1:colcon.colcon_core.package_discovery:discover_packages(recursive) discover
[0.838s] INFO:colcon.colcon_core.package_discovery:Crawling recursively for packages in '/home/jetson/slash_ws'
[0.838s] Level 1:colcon.colcon_core.package_identification:_identify(.) by extensions ['ignore', 'ignore_ament_install']
[0.838s] Level 1:colcon.colcon_core.package_identification:_identify(.) by extension 'ignore'
[0.839s] Level 1:colcon.colcon_core.package_identification:_identify(.) by extension 'ignore_ament_install'
[0.839s] Level 1:colcon.colcon_core.package_identification:_identify(.) by extensions ['colcon_pkg']
[0.839s] Level 1:colcon.colcon_core.package_identification:_identify(.) by extension 'colcon_pkg'
[0.839s] Level 1:colcon.colcon_core.package_identification:_identify(.) by extensions ['colcon_meta']
[0.839s] Level 1:colcon.colcon_core.package_identification:_identify(.) by extension 'colcon_meta'
[0.839s] Level 1:colcon.colcon_core.package_identification:_identify(.) by extensions ['ros']
[0.839s] Level 1:colcon.colcon_core.package_identification:_identify(.) by extension 'ros'
[0.863s] Level 1:colcon.colcon_core.package_identification:_identify(.) by extensions ['cmake', 'python']
[0.863s] Level 1:colcon.colcon_core.package_identification:_identify(.) by extension 'cmake'
[0.863s] Level 1:colcon.colcon_core.package_identification:_identify(.) by extension 'python'
[0.863s] Level 1:colcon.colcon_core.package_identification:_identify(.) by extensions ['python_setup_py']
[0.863s] Level 1:colcon.colcon_core.package_identification:_identify(.) by extension 'python_setup_py'
[0.864s] Level 1:colcon.colcon_core.package_identification:_identify(battle) by extensions ['ignore', 'ignore_ament_install']
[0.864s] Level 1:colcon.colcon_core.package_identification:_identify(battle) by extension 'ignore'
[0.864s] Level 1:colcon.colcon_core.package_identification:_identify(battle) by extension 'ignore_ament_install'
[0.864s] Level 1:colcon.colcon_core.package_identification:_identify(battle) by extensions ['colcon_pkg']
[0.864s] Level 1:colcon.colcon_core.package_identification:_identify(battle) by extension 'colcon_pkg'
[0.864s] Level 1:colcon.colcon_core.package_identification:_identify(battle) by extensions ['colcon_meta']
[0.864s] Level 1:colcon.colcon_core.package_identification:_identify(battle) by extension 'colcon_meta'
[0.864s] Level 1:colcon.colcon_core.package_identification:_identify(battle) by extensions ['ros']
[0.865s] Level 1:colcon.colcon_core.package_identification:_identify(battle) by extension 'ros'
[0.865s] Level 1:colcon.colcon_core.package_identification:_identify(battle) by extensions ['cmake', 'python']
[0.865s] Level 1:colcon.colcon_core.package_identification:_identify(battle) by extension 'cmake'
[0.865s] Level 1:colcon.colcon_core.package_identification:_identify(battle) by extension 'python'
[0.865s] Level 1:colcon.colcon_core.package_identification:_identify(battle) by extensions ['python_setup_py']
[0.865s] Level 1:colcon.colcon_core.package_identification:_identify(battle) by extension 'python_setup_py'
[0.865s] Level 1:colcon.colcon_core.package_identification:_identify(build) by extensions ['ignore', 'ignore_ament_install']
[0.865s] Level 1:colcon.colcon_core.package_identification:_identify(build) by extension 'ignore'
[0.865s] Level 1:colcon.colcon_core.package_identification:_identify(build) ignored
[0.866s] Level 1:colcon.colcon_core.package_identification:_identify(chassis_response_test) by extensions ['ignore', 'ignore_ament_install']
[0.866s] Level 1:colcon.colcon_core.package_identification:_identify(chassis_response_test) by extension 'ignore'
[0.866s] Level 1:colcon.colcon_core.package_identification:_identify(chassis_response_test) by extension 'ignore_ament_install'
[0.866s] Level 1:colcon.colcon_core.package_identification:_identify(chassis_response_test) by extensions ['colcon_pkg']
[0.866s] Level 1:colcon.colcon_core.package_identification:_identify(chassis_response_test) by extension 'colcon_pkg'
[0.866s] Level 1:colcon.colcon_core.package_identification:_identify(chassis_response_test) by extensions ['colcon_meta']
[0.866s] Level 1:colcon.colcon_core.package_identification:_identify(chassis_response_test) by extension 'colcon_meta'
[0.866s] Level 1:colcon.colcon_core.package_identification:_identify(chassis_response_test) by extensions ['ros']
[0.866s] Level 1:colcon.colcon_core.package_identification:_identify(chassis_response_test) by extension 'ros'
[0.867s] Level 1:colcon.colcon_core.package_identification:_identify(chassis_response_test) by extensions ['cmake', 'python']
[0.867s] Level 1:colcon.colcon_core.package_identification:_identify(chassis_response_test) by extension 'cmake'
[0.867s] Level 1:colcon.colcon_core.package_identification:_identify(chassis_response_test) by extension 'python'
[0.867s] Level 1:colcon.colcon_core.package_identification:_identify(chassis_response_test) by extensions ['python_setup_py']
[0.867s] Level 1:colcon.colcon_core.package_identification:_identify(chassis_response_test) by extension 'python_setup_py'
[0.867s] Level 1:colcon.colcon_core.package_identification:_identify(chassis_test) by extensions ['ignore', 'ignore_ament_install']
[0.867s] Level 1:colcon.colcon_core.package_identification:_identify(chassis_test) by extension 'ignore'
[0.867s] Level 1:colcon.colcon_core.package_identification:_identify(chassis_test) by extension 'ignore_ament_install'
[0.867s] Level 1:colcon.colcon_core.package_identification:_identify(chassis_test) by extensions ['colcon_pkg']
[0.867s] Level 1:colcon.colcon_core.package_identification:_identify(chassis_test) by extension 'colcon_pkg'
[0.867s] Level 1:colcon.colcon_core.package_identification:_identify(chassis_test) by extensions ['colcon_meta']
[0.868s] Level 1:colcon.colcon_core.package_identification:_identify(chassis_test) by extension 'colcon_meta'
[0.868s] Level 1:colcon.colcon_core.package_identification:_identify(chassis_test) by extensions ['ros']
[0.868s] Level 1:colcon.colcon_core.package_identification:_identify(chassis_test) by extension 'ros'
[0.868s] Level 1:colcon.colcon_core.package_identification:_identify(chassis_test) by extensions ['cmake', 'python']
[0.868s] Level 1:colcon.colcon_core.package_identification:_identify(chassis_test) by extension 'cmake'
[0.868s] Level 1:colcon.colcon_core.package_identification:_identify(chassis_test) by extension 'python'
[0.868s] Level 1:colcon.colcon_core.package_identification:_identify(chassis_test) by extensions ['python_setup_py']
[0.868s] Level 1:colcon.colcon_core.package_identification:_identify(chassis_test) by extension 'python_setup_py'
[0.868s] Level 1:colcon.colcon_core.package_identification:_identify(install) by extensions ['ignore', 'ignore_ament_install']
[0.868s] Level 1:colcon.colcon_core.package_identification:_identify(install) by extension 'ignore'
[0.869s] Level 1:colcon.colcon_core.package_identification:_identify(install) ignored
[0.869s] Level 1:colcon.colcon_core.package_identification:_identify(log) by extensions ['ignore', 'ignore_ament_install']
[0.869s] Level 1:colcon.colcon_core.package_identification:_identify(log) by extension 'ignore'
[0.869s] Level 1:colcon.colcon_core.package_identification:_identify(log) ignored
[0.869s] Level 1:colcon.colcon_core.package_identification:_identify(rosbag2_2025_09_19-21_39_40) by extensions ['ignore', 'ignore_ament_install']
[0.869s] Level 1:colcon.colcon_core.package_identification:_identify(rosbag2_2025_09_19-21_39_40) by extension 'ignore'
[0.869s] Level 1:colcon.colcon_core.package_identification:_identify(rosbag2_2025_09_19-21_39_40) by extension 'ignore_ament_install'
[0.869s] Level 1:colcon.colcon_core.package_identification:_identify(rosbag2_2025_09_19-21_39_40) by extensions ['colcon_pkg']
[0.870s] Level 1:colcon.colcon_core.package_identification:_identify(rosbag2_2025_09_19-21_39_40) by extension 'colcon_pkg'
[0.870s] Level 1:colcon.colcon_core.package_identification:_identify(rosbag2_2025_09_19-21_39_40) by extensions ['colcon_meta']
[0.870s] Level 1:colcon.colcon_core.package_identification:_identify(rosbag2_2025_09_19-21_39_40) by extension 'colcon_meta'
[0.870s] Level 1:colcon.colcon_core.package_identification:_identify(rosbag2_2025_09_19-21_39_40) by extensions ['ros']
[0.870s] Level 1:colcon.colcon_core.package_identification:_identify(rosbag2_2025_09_19-21_39_40) by extension 'ros'
[0.870s] Level 1:colcon.colcon_core.package_identification:_identify(rosbag2_2025_09_19-21_39_40) by extensions ['cmake', 'python']
[0.870s] Level 1:colcon.colcon_core.package_identification:_identify(rosbag2_2025_09_19-21_39_40) by extension 'cmake'
[0.870s] Level 1:colcon.colcon_core.package_identification:_identify(rosbag2_2025_09_19-21_39_40) by extension 'python'
[0.870s] Level 1:colcon.colcon_core.package_identification:_identify(rosbag2_2025_09_19-21_39_40) by extensions ['python_setup_py']
[0.870s] Level 1:colcon.colcon_core.package_identification:_identify(rosbag2_2025_09_19-21_39_40) by extension 'python_setup_py'
[0.870s] Level 1:colcon.colcon_core.package_identification:_identify(rosbag2_2026_05_05-17_10_20) by extensions ['ignore', 'ignore_ament_install']
[0.871s] Level 1:colcon.colcon_core.package_identification:_identify(rosbag2_2026_05_05-17_10_20) by extension 'ignore'
[0.871s] Level 1:colcon.colcon_core.package_identification:_identify(rosbag2_2026_05_05-17_10_20) by extension 'ignore_ament_install'
[0.871s] Level 1:colcon.colcon_core.package_identification:_identify(rosbag2_2026_05_05-17_10_20) by extensions ['colcon_pkg']
[0.871s] Level 1:colcon.colcon_core.package_identification:_identify(rosbag2_2026_05_05-17_10_20) by extension 'colcon_pkg'
[0.871s] Level 1:colcon.colcon_core.package_identification:_identify(rosbag2_2026_05_05-17_10_20) by extensions ['colcon_meta']
[0.871s] Level 1:colcon.colcon_core.package_identification:_identify(rosbag2_2026_05_05-17_10_20) by extension 'colcon_meta'
[0.871s] Level 1:colcon.colcon_core.package_identification:_identify(rosbag2_2026_05_05-17_10_20) by extensions ['ros']
[0.871s] Level 1:colcon.colcon_core.package_identification:_identify(rosbag2_2026_05_05-17_10_20) by extension 'ros'
[0.871s] Level 1:colcon.colcon_core.package_identification:_identify(rosbag2_2026_05_05-17_10_20) by extensions ['cmake', 'python']
[0.871s] Level 1:colcon.colcon_core.package_identification:_identify(rosbag2_2026_05_05-17_10_20) by extension 'cmake'
[0.871s] Level 1:colcon.colcon_core.package_identification:_identify(rosbag2_2026_05_05-17_10_20) by extension 'python'
[0.871s] Level 1:colcon.colcon_core.package_identification:_identify(rosbag2_2026_05_05-17_10_20) by extensions ['python_setup_py']
[0.872s] Level 1:colcon.colcon_core.package_identification:_identify(rosbag2_2026_05_05-17_10_20) by extension 'python_setup_py'
[0.872s] Level 1:colcon.colcon_core.package_identification:_identify(rosbag2_2026_05_05-17_25_20) by extensions ['ignore', 'ignore_ament_install']
[0.872s] Level 1:colcon.colcon_core.package_identification:_identify(rosbag2_2026_05_05-17_25_20) by extension 'ignore'
[0.872s] Level 1:colcon.colcon_core.package_identification:_identify(rosbag2_2026_05_05-17_25_20) by extension 'ignore_ament_install'
[0.872s] Level 1:colcon.colcon_core.package_identification:_identify(rosbag2_2026_05_05-17_25_20) by extensions ['colcon_pkg']
[0.872s] Level 1:colcon.colcon_core.package_identification:_identify(rosbag2_2026_05_05-17_25_20) by extension 'colcon_pkg'
[0.872s] Level 1:colcon.colcon_core.package_identification:_identify(rosbag2_2026_05_05-17_25_20) by extensions ['colcon_meta']
[0.872s] Level 1:colcon.colcon_core.package_identification:_identify(rosbag2_2026_05_05-17_25_20) by extension 'colcon_meta'
[0.872s] Level 1:colcon.colcon_core.package_identification:_identify(rosbag2_2026_05_05-17_25_20) by extensions ['ros']
[0.872s] Level 1:colcon.colcon_core.package_identification:_identify(rosbag2_2026_05_05-17_25_20) by extension 'ros'
[0.873s] Level 1:colcon.colcon_core.package_identification:_identify(rosbag2_2026_05_05-17_25_20) by extensions ['cmake', 'python']
[0.873s] Level 1:colcon.colcon_core.package_identification:_identify(rosbag2_2026_05_05-17_25_20) by extension 'cmake'
[0.873s] Level 1:colcon.colcon_core.package_identification:_identify(rosbag2_2026_05_05-17_25_20) by extension 'python'
[0.873s] Level 1:colcon.colcon_core.package_identification:_identify(rosbag2_2026_05_05-17_25_20) by extensions ['python_setup_py']
[0.873s] Level 1:colcon.colcon_core.package_identification:_identify(rosbag2_2026_05_05-17_25_20) by extension 'python_setup_py'
[0.873s] Level 1:colcon.colcon_core.package_identification:_identify(rosbag2_2026_05_12-21_10_10) by extensions ['ignore', 'ignore_ament_install']
[0.873s] Level 1:colcon.colcon_core.package_identification:_identify(rosbag2_2026_05_12-21_10_10) by extension 'ignore'
[0.873s] Level 1:colcon.colcon_core.package_identification:_identify(rosbag2_2026_05_12-21_10_10) by extension 'ignore_ament_install'
[0.873s] Level 1:colcon.colcon_core.package_identification:_identify(rosbag2_2026_05_12-21_10_10) by extensions ['colcon_pkg']
[0.873s] Level 1:colcon.colcon_core.package_identification:_identify(rosbag2_2026_05_12-21_10_10) by extension 'colcon_pkg'
[0.873s] Level 1:colcon.colcon_core.package_identification:_identify(rosbag2_2026_05_12-21_10_10) by extensions ['colcon_meta']
[0.873s] Level 1:colcon.colcon_core.package_identification:_identify(rosbag2_2026_05_12-21_10_10) by extension 'colcon_meta'
[0.874s] Level 1:colcon.colcon_core.package_identification:_identify(rosbag2_2026_05_12-21_10_10) by extensions ['ros']
[0.874s] Level 1:colcon.colcon_core.package_identification:_identify(rosbag2_2026_05_12-21_10_10) by extension 'ros'
[0.874s] Level 1:colcon.colcon_core.package_identification:_identify(rosbag2_2026_05_12-21_10_10) by extensions ['cmake', 'python']
[0.874s] Level 1:colcon.colcon_core.package_identification:_identify(rosbag2_2026_05_12-21_10_10) by extension 'cmake'
[0.874s] Level 1:colcon.colcon_core.package_identification:_identify(rosbag2_2026_05_12-21_10_10) by extension 'python'
[0.874s] Level 1:colcon.colcon_core.package_identification:_identify(rosbag2_2026_05_12-21_10_10) by extensions ['python_setup_py']
[0.874s] Level 1:colcon.colcon_core.package_identification:_identify(rosbag2_2026_05_12-21_10_10) by extension 'python_setup_py'
[0.874s] Level 1:colcon.colcon_core.package_identification:_identify(src) by extensions ['ignore', 'ignore_ament_install']
[0.874s] Level 1:colcon.colcon_core.package_identification:_identify(src) by extension 'ignore'
[0.874s] Level 1:colcon.colcon_core.package_identification:_identify(src) by extension 'ignore_ament_install'
[0.875s] Level 1:colcon.colcon_core.package_identification:_identify(src) by extensions ['colcon_pkg']
[0.875s] Level 1:colcon.colcon_core.package_identification:_identify(src) by extension 'colcon_pkg'
[0.875s] Level 1:colcon.colcon_core.package_identification:_identify(src) by extensions ['colcon_meta']
[0.875s] Level 1:colcon.colcon_core.package_identification:_identify(src) by extension 'colcon_meta'
[0.875s] Level 1:colcon.colcon_core.package_identification:_identify(src) by extensions ['ros']
[0.875s] Level 1:colcon.colcon_core.package_identification:_identify(src) by extension 'ros'
[0.875s] Level 1:colcon.colcon_core.package_identification:_identify(src) by extensions ['cmake', 'python']
[0.875s] Level 1:colcon.colcon_core.package_identification:_identify(src) by extension 'cmake'
[0.875s] Level 1:colcon.colcon_core.package_identification:_identify(src) by extension 'python'
[0.875s] Level 1:colcon.colcon_core.package_identification:_identify(src) by extensions ['python_setup_py']
[0.875s] Level 1:colcon.colcon_core.package_identification:_identify(src) by extension 'python_setup_py'
[0.875s] Level 1:colcon.colcon_core.package_identification:_identify(src/slash_controller) by extensions ['ignore', 'ignore_ament_install']
[0.876s] Level 1:colcon.colcon_core.package_identification:_identify(src/slash_controller) by extension 'ignore'
[0.876s] Level 1:colcon.colcon_core.package_identification:_identify(src/slash_controller) by extension 'ignore_ament_install'
[0.876s] Level 1:colcon.colcon_core.package_identification:_identify(src/slash_controller) by extensions ['colcon_pkg']
[0.876s] Level 1:colcon.colcon_core.package_identification:_identify(src/slash_controller) by extension 'colcon_pkg'
[0.876s] Level 1:colcon.colcon_core.package_identification:_identify(src/slash_controller) by extensions ['colcon_meta']
[0.876s] Level 1:colcon.colcon_core.package_identification:_identify(src/slash_controller) by extension 'colcon_meta'
[0.876s] Level 1:colcon.colcon_core.package_identification:_identify(src/slash_controller) by extensions ['ros']
[0.876s] Level 1:colcon.colcon_core.package_identification:_identify(src/slash_controller) by extension 'ros'
[0.876s] Level 1:colcon.colcon_core.package_identification:_identify(src/slash_controller) by extensions ['cmake', 'python']
[0.876s] Level 1:colcon.colcon_core.package_identification:_identify(src/slash_controller) by extension 'cmake'
[0.876s] Level 1:colcon.colcon_core.package_identification:_identify(src/slash_controller) by extension 'python'
[0.877s] Level 1:colcon.colcon_core.package_identification:_identify(src/slash_controller) by extensions ['python_setup_py']
[0.877s] Level 1:colcon.colcon_core.package_identification:_identify(src/slash_controller) by extension 'python_setup_py'
[0.877s] Level 1:colcon.colcon_core.package_identification:_identify(src/slash_controller/simple_mpc) by extensions ['ignore', 'ignore_ament_install']
[0.877s] Level 1:colcon.colcon_core.package_identification:_identify(src/slash_controller/simple_mpc) by extension 'ignore'
[0.877s] Level 1:colcon.colcon_core.package_identification:_identify(src/slash_controller/simple_mpc) by extension 'ignore_ament_install'
[0.877s] Level 1:colcon.colcon_core.package_identification:_identify(src/slash_controller/simple_mpc) by extensions ['colcon_pkg']
[0.877s] Level 1:colcon.colcon_core.package_identification:_identify(src/slash_controller/simple_mpc) by extension 'colcon_pkg'
[0.877s] Level 1:colcon.colcon_core.package_identification:_identify(src/slash_controller/simple_mpc) by extensions ['colcon_meta']
[0.877s] Level 1:colcon.colcon_core.package_identification:_identify(src/slash_controller/simple_mpc) by extension 'colcon_meta'
[0.877s] Level 1:colcon.colcon_core.package_identification:_identify(src/slash_controller/simple_mpc) by extensions ['ros']
[0.877s] Level 1:colcon.colcon_core.package_identification:_identify(src/slash_controller/simple_mpc) by extension 'ros'
[0.883s] DEBUG:colcon.colcon_core.package_identification:Package 'src/slash_controller/simple_mpc' with type 'ros.ament_cmake' and name 'simple_mpc'
[0.883s] Level 1:colcon.colcon_core.package_identification:_identify(src/slash_hardware) by extensions ['ignore', 'ignore_ament_install']
[0.883s] Level 1:colcon.colcon_core.package_identification:_identify(src/slash_hardware) by extension 'ignore'
[0.883s] Level 1:colcon.colcon_core.package_identification:_identify(src/slash_hardware) by extension 'ignore_ament_install'
[0.884s] Level 1:colcon.colcon_core.package_identification:_identify(src/slash_hardware) by extensions ['colcon_pkg']
[0.884s] Level 1:colcon.colcon_core.package_identification:_identify(src/slash_hardware) by extension 'colcon_pkg'
[0.884s] Level 1:colcon.colcon_core.package_identification:_identify(src/slash_hardware) by extensions ['colcon_meta']
[0.884s] Level 1:colcon.colcon_core.package_identification:_identify(src/slash_hardware) by extension 'colcon_meta'
[0.884s] Level 1:colcon.colcon_core.package_identification:_identify(src/slash_hardware) by extensions ['ros']
[0.884s] Level 1:colcon.colcon_core.package_identification:_identify(src/slash_hardware) by extension 'ros'
[0.884s] Level 1:colcon.colcon_core.package_identification:_identify(src/slash_hardware) by extensions ['cmake', 'python']
[0.884s] Level 1:colcon.colcon_core.package_identification:_identify(src/slash_hardware) by extension 'cmake'
[0.884s] Level 1:colcon.colcon_core.package_identification:_identify(src/slash_hardware) by extension 'python'
[0.884s] Level 1:colcon.colcon_core.package_identification:_identify(src/slash_hardware) by extensions ['python_setup_py']
[0.884s] Level 1:colcon.colcon_core.package_identification:_identify(src/slash_hardware) by extension 'python_setup_py'
[0.885s] Level 1:colcon.colcon_core.package_identification:_identify(src/slash_hardware/f1tenth_system) by extensions ['ignore', 'ignore_ament_install']
[0.885s] Level 1:colcon.colcon_core.package_identification:_identify(src/slash_hardware/f1tenth_system) by extension 'ignore'
[0.885s] Level 1:colcon.colcon_core.package_identification:_identify(src/slash_hardware/f1tenth_system) by extension 'ignore_ament_install'
[0.885s] Level 1:colcon.colcon_core.package_identification:_identify(src/slash_hardware/f1tenth_system) by extensions ['colcon_pkg']
[0.885s] Level 1:colcon.colcon_core.package_identification:_identify(src/slash_hardware/f1tenth_system) by extension 'colcon_pkg'
[0.885s] Level 1:colcon.colcon_core.package_identification:_identify(src/slash_hardware/f1tenth_system) by extensions ['colcon_meta']
[0.885s] Level 1:colcon.colcon_core.package_identification:_identify(src/slash_hardware/f1tenth_system) by extension 'colcon_meta'
[0.885s] Level 1:colcon.colcon_core.package_identification:_identify(src/slash_hardware/f1tenth_system) by extensions ['ros']
[0.885s] Level 1:colcon.colcon_core.package_identification:_identify(src/slash_hardware/f1tenth_system) by extension 'ros'
[0.886s] Level 1:colcon.colcon_core.package_identification:_identify(src/slash_hardware/f1tenth_system) by extensions ['cmake', 'python']
[0.886s] Level 1:colcon.colcon_core.package_identification:_identify(src/slash_hardware/f1tenth_system) by extension 'cmake'
[0.886s] Level 1:colcon.colcon_core.package_identification:_identify(src/slash_hardware/f1tenth_system) by extension 'python'
[0.886s] Level 1:colcon.colcon_core.package_identification:_identify(src/slash_hardware/f1tenth_system) by extensions ['python_setup_py']
[0.886s] Level 1:colcon.colcon_core.package_identification:_identify(src/slash_hardware/f1tenth_system) by extension 'python_setup_py'
[0.886s] Level 1:colcon.colcon_core.package_identification:_identify(src/slash_hardware/f1tenth_system/ackermann_mux) by extensions ['ignore', 'ignore_ament_install']
[0.886s] Level 1:colcon.colcon_core.package_identification:_identify(src/slash_hardware/f1tenth_system/ackermann_mux) by extension 'ignore'
[0.886s] Level 1:colcon.colcon_core.package_identification:_identify(src/slash_hardware/f1tenth_system/ackermann_mux) by extension 'ignore_ament_install'
[0.886s] Level 1:colcon.colcon_core.package_identification:_identify(src/slash_hardware/f1tenth_system/ackermann_mux) by extensions ['colcon_pkg']
[0.886s] Level 1:colcon.colcon_core.package_identification:_identify(src/slash_hardware/f1tenth_system/ackermann_mux) by extension 'colcon_pkg'
[0.887s] Level 1:colcon.colcon_core.package_identification:_identify(src/slash_hardware/f1tenth_system/ackermann_mux) by extensions ['colcon_meta']
[0.887s] Level 1:colcon.colcon_core.package_identification:_identify(src/slash_hardware/f1tenth_system/ackermann_mux) by extension 'colcon_meta'
[0.887s] Level 1:colcon.colcon_core.package_identification:_identify(src/slash_hardware/f1tenth_system/ackermann_mux) by extensions ['ros']
[0.887s] Level 1:colcon.colcon_core.package_identification:_identify(src/slash_hardware/f1tenth_system/ackermann_mux) by extension 'ros'
[0.888s] DEBUG:colcon.colcon_core.package_identification:Package 'src/slash_hardware/f1tenth_system/ackermann_mux' with type 'ros.ament_cmake' and name 'ackermann_mux'
[0.889s] Level 1:colcon.colcon_core.package_identification:_identify(src/slash_hardware/f1tenth_system/f1tenth_stack) by extensions ['ignore', 'ignore_ament_install']
[0.889s] Level 1:colcon.colcon_core.package_identification:_identify(src/slash_hardware/f1tenth_system/f1tenth_stack) by extension 'ignore'
[0.889s] Level 1:colcon.colcon_core.package_identification:_identify(src/slash_hardware/f1tenth_system/f1tenth_stack) by extension 'ignore_ament_install'
[0.889s] Level 1:colcon.colcon_core.package_identification:_identify(src/slash_hardware/f1tenth_system/f1tenth_stack) by extensions ['colcon_pkg']
[0.889s] Level 1:colcon.colcon_core.package_identification:_identify(src/slash_hardware/f1tenth_system/f1tenth_stack) by extension 'colcon_pkg'
[0.889s] Level 1:colcon.colcon_core.package_identification:_identify(src/slash_hardware/f1tenth_system/f1tenth_stack) by extensions ['colcon_meta']
[0.889s] Level 1:colcon.colcon_core.package_identification:_identify(src/slash_hardware/f1tenth_system/f1tenth_stack) by extension 'colcon_meta'
[0.889s] Level 1:colcon.colcon_core.package_identification:_identify(src/slash_hardware/f1tenth_system/f1tenth_stack) by extensions ['ros']
[0.889s] Level 1:colcon.colcon_core.package_identification:_identify(src/slash_hardware/f1tenth_system/f1tenth_stack) by extension 'ros'
[0.891s] DEBUG:colcon.colcon_core.package_identification:Package 'src/slash_hardware/f1tenth_system/f1tenth_stack' with type 'ros.ament_python' and name 'f1tenth_stack'
[0.891s] Level 1:colcon.colcon_core.package_identification:_identify(src/slash_hardware/f1tenth_system/scripts) by extensions ['ignore', 'ignore_ament_install']
[0.892s] Level 1:colcon.colcon_core.package_identification:_identify(src/slash_hardware/f1tenth_system/scripts) by extension 'ignore'
[0.892s] Level 1:colcon.colcon_core.package_identification:_identify(src/slash_hardware/f1tenth_system/scripts) by extension 'ignore_ament_install'
[0.892s] Level 1:colcon.colcon_core.package_identification:_identify(src/slash_hardware/f1tenth_system/scripts) by extensions ['colcon_pkg']
[0.892s] Level 1:colcon.colcon_core.package_identification:_identify(src/slash_hardware/f1tenth_system/scripts) by extension 'colcon_pkg'
[0.892s] Level 1:colcon.colcon_core.package_identification:_identify(src/slash_hardware/f1tenth_system/scripts) by extensions ['colcon_meta']
[0.892s] Level 1:colcon.colcon_core.package_identification:_identify(src/slash_hardware/f1tenth_system/scripts) by extension 'colcon_meta'
[0.892s] Level 1:colcon.colcon_core.package_identification:_identify(src/slash_hardware/f1tenth_system/scripts) by extensions ['ros']
[0.892s] Level 1:colcon.colcon_core.package_identification:_identify(src/slash_hardware/f1tenth_system/scripts) by extension 'ros'
[0.892s] Level 1:colcon.colcon_core.package_identification:_identify(src/slash_hardware/f1tenth_system/scripts) by extensions ['cmake', 'python']
[0.892s] Level 1:colcon.colcon_core.package_identification:_identify(src/slash_hardware/f1tenth_system/scripts) by extension 'cmake'
[0.892s] Level 1:colcon.colcon_core.package_identification:_identify(src/slash_hardware/f1tenth_system/scripts) by extension 'python'
[0.893s] Level 1:colcon.colcon_core.package_identification:_identify(src/slash_hardware/f1tenth_system/scripts) by extensions ['python_setup_py']
[0.893s] Level 1:colcon.colcon_core.package_identification:_identify(src/slash_hardware/f1tenth_system/scripts) by extension 'python_setup_py'
[0.893s] Level 1:colcon.colcon_core.package_identification:_identify(src/slash_hardware/f1tenth_system/teleop_tools) by extensions ['ignore', 'ignore_ament_install']
[0.893s] Level 1:colcon.colcon_core.package_identification:_identify(src/slash_hardware/f1tenth_system/teleop_tools) by extension 'ignore'
[0.893s] Level 1:colcon.colcon_core.package_identification:_identify(src/slash_hardware/f1tenth_system/teleop_tools) by extension 'ignore_ament_install'
[0.893s] Level 1:colcon.colcon_core.package_identification:_identify(src/slash_hardware/f1tenth_system/teleop_tools) by extensions ['colcon_pkg']
[0.893s] Level 1:colcon.colcon_core.package_identification:_identify(src/slash_hardware/f1tenth_system/teleop_tools) by extension 'colcon_pkg'
[0.893s] Level 1:colcon.colcon_core.package_identification:_identify(src/slash_hardware/f1tenth_system/teleop_tools) by extensions ['colcon_meta']
[0.893s] Level 1:colcon.colcon_core.package_identification:_identify(src/slash_hardware/f1tenth_system/teleop_tools) by extension 'colcon_meta'
[0.894s] Level 1:colcon.colcon_core.package_identification:_identify(src/slash_hardware/f1tenth_system/teleop_tools) by extensions ['ros']
[0.894s] Level 1:colcon.colcon_core.package_identification:_identify(src/slash_hardware/f1tenth_system/teleop_tools) by extension 'ros'
[0.894s] Level 1:colcon.colcon_core.package_identification:_identify(src/slash_hardware/f1tenth_system/teleop_tools) by extensions ['cmake', 'python']
[0.894s] Level 1:colcon.colcon_core.package_identification:_identify(src/slash_hardware/f1tenth_system/teleop_tools) by extension 'cmake'
[0.894s] Level 1:colcon.colcon_core.package_identification:_identify(src/slash_hardware/f1tenth_system/teleop_tools) by extension 'python'
[0.894s] Level 1:colcon.colcon_core.package_identification:_identify(src/slash_hardware/f1tenth_system/teleop_tools) by extensions ['python_setup_py']
[0.894s] Level 1:colcon.colcon_core.package_identification:_identify(src/slash_hardware/f1tenth_system/teleop_tools) by extension 'python_setup_py'
[0.894s] Level 1:colcon.colcon_core.package_identification:_identify(src/slash_hardware/f1tenth_system/teleop_tools/joy_teleop) by extensions ['ignore', 'ignore_ament_install']
[0.894s] Level 1:colcon.colcon_core.package_identification:_identify(src/slash_hardware/f1tenth_system/teleop_tools/joy_teleop) by extension 'ignore'
[0.895s] Level 1:colcon.colcon_core.package_identification:_identify(src/slash_hardware/f1tenth_system/teleop_tools/joy_teleop) by extension 'ignore_ament_install'
[0.895s] Level 1:colcon.colcon_core.package_identification:_identify(src/slash_hardware/f1tenth_system/teleop_tools/joy_teleop) by extensions ['colcon_pkg']
[0.895s] Level 1:colcon.colcon_core.package_identification:_identify(src/slash_hardware/f1tenth_system/teleop_tools/joy_teleop) by extension 'colcon_pkg'
[0.895s] Level 1:colcon.colcon_core.package_identification:_identify(src/slash_hardware/f1tenth_system/teleop_tools/joy_teleop) by extensions ['colcon_meta']
[0.895s] Level 1:colcon.colcon_core.package_identification:_identify(src/slash_hardware/f1tenth_system/teleop_tools/joy_teleop) by extension 'colcon_meta'
[0.895s] Level 1:colcon.colcon_core.package_identification:_identify(src/slash_hardware/f1tenth_system/teleop_tools/joy_teleop) by extensions ['ros']
[0.895s] Level 1:colcon.colcon_core.package_identification:_identify(src/slash_hardware/f1tenth_system/teleop_tools/joy_teleop) by extension 'ros'
[0.896s] DEBUG:colcon.colcon_core.package_identification:Package 'src/slash_hardware/f1tenth_system/teleop_tools/joy_teleop' with type 'ros.ament_python' and name 'joy_teleop'
[0.897s] Level 1:colcon.colcon_core.package_identification:_identify(src/slash_hardware/f1tenth_system/teleop_tools/key_teleop) by extensions ['ignore', 'ignore_ament_install']
[0.897s] Level 1:colcon.colcon_core.package_identification:_identify(src/slash_hardware/f1tenth_system/teleop_tools/key_teleop) by extension 'ignore'
[0.897s] Level 1:colcon.colcon_core.package_identification:_identify(src/slash_hardware/f1tenth_system/teleop_tools/key_teleop) by extension 'ignore_ament_install'
[0.897s] Level 1:colcon.colcon_core.package_identification:_identify(src/slash_hardware/f1tenth_system/teleop_tools/key_teleop) by extensions ['colcon_pkg']
[0.897s] Level 1:colcon.colcon_core.package_identification:_identify(src/slash_hardware/f1tenth_system/teleop_tools/key_teleop) by extension 'colcon_pkg'
[0.897s] Level 1:colcon.colcon_core.package_identification:_identify(src/slash_hardware/f1tenth_system/teleop_tools/key_teleop) by extensions ['colcon_meta']
[0.897s] Level 1:colcon.colcon_core.package_identification:_identify(src/slash_hardware/f1tenth_system/teleop_tools/key_teleop) by extension 'colcon_meta'
[0.897s] Level 1:colcon.colcon_core.package_identification:_identify(src/slash_hardware/f1tenth_system/teleop_tools/key_teleop) by extensions ['ros']
[0.898s] Level 1:colcon.colcon_core.package_identification:_identify(src/slash_hardware/f1tenth_system/teleop_tools/key_teleop) by extension 'ros'
[0.899s] DEBUG:colcon.colcon_core.package_identification:Package 'src/slash_hardware/f1tenth_system/teleop_tools/key_teleop' with type 'ros.ament_python' and name 'key_teleop'
[0.899s] Level 1:colcon.colcon_core.package_identification:_identify(src/slash_hardware/f1tenth_system/teleop_tools/mouse_teleop) by extensions ['ignore', 'ignore_ament_install']
[0.899s] Level 1:colcon.colcon_core.package_identification:_identify(src/slash_hardware/f1tenth_system/teleop_tools/mouse_teleop) by extension 'ignore'
[0.899s] Level 1:colcon.colcon_core.package_identification:_identify(src/slash_hardware/f1tenth_system/teleop_tools/mouse_teleop) by extension 'ignore_ament_install'
[0.899s] Level 1:colcon.colcon_core.package_identification:_identify(src/slash_hardware/f1tenth_system/teleop_tools/mouse_teleop) by extensions ['colcon_pkg']
[0.899s] Level 1:colcon.colcon_core.package_identification:_identify(src/slash_hardware/f1tenth_system/teleop_tools/mouse_teleop) by extension 'colcon_pkg'
[0.899s] Level 1:colcon.colcon_core.package_identification:_identify(src/slash_hardware/f1tenth_system/teleop_tools/mouse_teleop) by extensions ['colcon_meta']
[0.900s] Level 1:colcon.colcon_core.package_identification:_identify(src/slash_hardware/f1tenth_system/teleop_tools/mouse_teleop) by extension 'colcon_meta'
[0.900s] Level 1:colcon.colcon_core.package_identification:_identify(src/slash_hardware/f1tenth_system/teleop_tools/mouse_teleop) by extensions ['ros']
[0.900s] Level 1:colcon.colcon_core.package_identification:_identify(src/slash_hardware/f1tenth_system/teleop_tools/mouse_teleop) by extension 'ros'
[0.901s] DEBUG:colcon.colcon_core.package_identification:Package 'src/slash_hardware/f1tenth_system/teleop_tools/mouse_teleop' with type 'ros.ament_python' and name 'mouse_teleop'
[0.901s] Level 1:colcon.colcon_core.package_identification:_identify(src/slash_hardware/f1tenth_system/teleop_tools/teleop_tools) by extensions ['ignore', 'ignore_ament_install']
[0.901s] Level 1:colcon.colcon_core.package_identification:_identify(src/slash_hardware/f1tenth_system/teleop_tools/teleop_tools) by extension 'ignore'
[0.901s] Level 1:colcon.colcon_core.package_identification:_identify(src/slash_hardware/f1tenth_system/teleop_tools/teleop_tools) by extension 'ignore_ament_install'
[0.901s] Level 1:colcon.colcon_core.package_identification:_identify(src/slash_hardware/f1tenth_system/teleop_tools/teleop_tools) by extensions ['colcon_pkg']
[0.901s] Level 1:colcon.colcon_core.package_identification:_identify(src/slash_hardware/f1tenth_system/teleop_tools/teleop_tools) by extension 'colcon_pkg'
[0.901s] Level 1:colcon.colcon_core.package_identification:_identify(src/slash_hardware/f1tenth_system/teleop_tools/teleop_tools) by extensions ['colcon_meta']
[0.902s] Level 1:colcon.colcon_core.package_identification:_identify(src/slash_hardware/f1tenth_system/teleop_tools/teleop_tools) by extension 'colcon_meta'
[0.902s] Level 1:colcon.colcon_core.package_identification:_identify(src/slash_hardware/f1tenth_system/teleop_tools/teleop_tools) by extensions ['ros']
[0.902s] Level 1:colcon.colcon_core.package_identification:_identify(src/slash_hardware/f1tenth_system/teleop_tools/teleop_tools) by extension 'ros'
[0.903s] DEBUG:colcon.colcon_core.package_identification:Package 'src/slash_hardware/f1tenth_system/teleop_tools/teleop_tools' with type 'ros.ament_cmake' and name 'teleop_tools'
[0.903s] Level 1:colcon.colcon_core.package_identification:_identify(src/slash_hardware/f1tenth_system/teleop_tools/teleop_tools_msgs) by extensions ['ignore', 'ignore_ament_install']
[0.903s] Level 1:colcon.colcon_core.package_identification:_identify(src/slash_hardware/f1tenth_system/teleop_tools/teleop_tools_msgs) by extension 'ignore'
[0.903s] Level 1:colcon.colcon_core.package_identification:_identify(src/slash_hardware/f1tenth_system/teleop_tools/teleop_tools_msgs) by extension 'ignore_ament_install'
[0.903s] Level 1:colcon.colcon_core.package_identification:_identify(src/slash_hardware/f1tenth_system/teleop_tools/teleop_tools_msgs) by extensions ['colcon_pkg']
[0.903s] Level 1:colcon.colcon_core.package_identification:_identify(src/slash_hardware/f1tenth_system/teleop_tools/teleop_tools_msgs) by extension 'colcon_pkg'
[0.903s] Level 1:colcon.colcon_core.package_identification:_identify(src/slash_hardware/f1tenth_system/teleop_tools/teleop_tools_msgs) by extensions ['colcon_meta']
[0.903s] Level 1:colcon.colcon_core.package_identification:_identify(src/slash_hardware/f1tenth_system/teleop_tools/teleop_tools_msgs) by extension 'colcon_meta'
[0.903s] Level 1:colcon.colcon_core.package_identification:_identify(src/slash_hardware/f1tenth_system/teleop_tools/teleop_tools_msgs) by extensions ['ros']
[0.903s] Level 1:colcon.colcon_core.package_identification:_identify(src/slash_hardware/f1tenth_system/teleop_tools/teleop_tools_msgs) by extension 'ros'
[0.904s] DEBUG:colcon.colcon_core.package_identification:Package 'src/slash_hardware/f1tenth_system/teleop_tools/teleop_tools_msgs' with type 'ros.ament_cmake' and name 'teleop_tools_msgs'
[0.905s] Level 1:colcon.colcon_core.package_identification:_identify(src/slash_hardware/f1tenth_system/vesc) by extensions ['ignore', 'ignore_ament_install']
[0.905s] Level 1:colcon.colcon_core.package_identification:_identify(src/slash_hardware/f1tenth_system/vesc) by extension 'ignore'
[0.905s] Level 1:colcon.colcon_core.package_identification:_identify(src/slash_hardware/f1tenth_system/vesc) by extension 'ignore_ament_install'
[0.905s] Level 1:colcon.colcon_core.package_identification:_identify(src/slash_hardware/f1tenth_system/vesc) by extensions ['colcon_pkg']
[0.905s] Level 1:colcon.colcon_core.package_identification:_identify(src/slash_hardware/f1tenth_system/vesc) by extension 'colcon_pkg'
[0.905s] Level 1:colcon.colcon_core.package_identification:_identify(src/slash_hardware/f1tenth_system/vesc) by extensions ['colcon_meta']
[0.905s] Level 1:colcon.colcon_core.package_identification:_identify(src/slash_hardware/f1tenth_system/vesc) by extension 'colcon_meta'
[0.905s] Level 1:colcon.colcon_core.package_identification:_identify(src/slash_hardware/f1tenth_system/vesc) by extensions ['ros']
[0.905s] Level 1:colcon.colcon_core.package_identification:_identify(src/slash_hardware/f1tenth_system/vesc) by extension 'ros'
[0.906s] Level 1:colcon.colcon_core.package_identification:_identify(src/slash_hardware/f1tenth_system/vesc) by extensions ['cmake', 'python']
[0.906s] Level 1:colcon.colcon_core.package_identification:_identify(src/slash_hardware/f1tenth_system/vesc) by extension 'cmake'
[0.906s] Level 1:colcon.colcon_core.package_identification:_identify(src/slash_hardware/f1tenth_system/vesc) by extension 'python'
[0.906s] Level 1:colcon.colcon_core.package_identification:_identify(src/slash_hardware/f1tenth_system/vesc) by extensions ['python_setup_py']
[0.906s] Level 1:colcon.colcon_core.package_identification:_identify(src/slash_hardware/f1tenth_system/vesc) by extension 'python_setup_py'
[0.906s] Level 1:colcon.colcon_core.package_identification:_identify(src/slash_hardware/f1tenth_system/vesc/vesc) by extensions ['ignore', 'ignore_ament_install']
[0.906s] Level 1:colcon.colcon_core.package_identification:_identify(src/slash_hardware/f1tenth_system/vesc/vesc) by extension 'ignore'
[0.907s] Level 1:colcon.colcon_core.package_identification:_identify(src/slash_hardware/f1tenth_system/vesc/vesc) by extension 'ignore_ament_install'
[0.907s] Level 1:colcon.colcon_core.package_identification:_identify(src/slash_hardware/f1tenth_system/vesc/vesc) by extensions ['colcon_pkg']
[0.907s] Level 1:colcon.colcon_core.package_identification:_identify(src/slash_hardware/f1tenth_system/vesc/vesc) by extension 'colcon_pkg'
[0.907s] Level 1:colcon.colcon_core.package_identification:_identify(src/slash_hardware/f1tenth_system/vesc/vesc) by extensions ['colcon_meta']
[0.907s] Level 1:colcon.colcon_core.package_identification:_identify(src/slash_hardware/f1tenth_system/vesc/vesc) by extension 'colcon_meta'
[0.907s] Level 1:colcon.colcon_core.package_identification:_identify(src/slash_hardware/f1tenth_system/vesc/vesc) by extensions ['ros']
[0.907s] Level 1:colcon.colcon_core.package_identification:_identify(src/slash_hardware/f1tenth_system/vesc/vesc) by extension 'ros'
[0.908s] DEBUG:colcon.colcon_core.package_identification:Package 'src/slash_hardware/f1tenth_system/vesc/vesc' with type 'ros.ament_cmake' and name 'vesc'
[0.908s] Level 1:colcon.colcon_core.package_identification:_identify(src/slash_hardware/f1tenth_system/vesc/vesc_ackermann) by extensions ['ignore', 'ignore_ament_install']
[0.908s] Level 1:colcon.colcon_core.package_identification:_identify(src/slash_hardware/f1tenth_system/vesc/vesc_ackermann) by extension 'ignore'
[0.908s] Level 1:colcon.colcon_core.package_identification:_identify(src/slash_hardware/f1tenth_system/vesc/vesc_ackermann) by extension 'ignore_ament_install'
[0.909s] Level 1:colcon.colcon_core.package_identification:_identify(src/slash_hardware/f1tenth_system/vesc/vesc_ackermann) by extensions ['colcon_pkg']
[0.909s] Level 1:colcon.colcon_core.package_identification:_identify(src/slash_hardware/f1tenth_system/vesc/vesc_ackermann) by extension 'colcon_pkg'
[0.909s] Level 1:colcon.colcon_core.package_identification:_identify(src/slash_hardware/f1tenth_system/vesc/vesc_ackermann) by extensions ['colcon_meta']
[0.909s] Level 1:colcon.colcon_core.package_identification:_identify(src/slash_hardware/f1tenth_system/vesc/vesc_ackermann) by extension 'colcon_meta'
[0.909s] Level 1:colcon.colcon_core.package_identification:_identify(src/slash_hardware/f1tenth_system/vesc/vesc_ackermann) by extensions ['ros']
[0.909s] Level 1:colcon.colcon_core.package_identification:_identify(src/slash_hardware/f1tenth_system/vesc/vesc_ackermann) by extension 'ros'
[0.911s] DEBUG:colcon.colcon_core.package_identification:Package 'src/slash_hardware/f1tenth_system/vesc/vesc_ackermann' with type 'ros.ament_cmake' and name 'vesc_ackermann'
[0.911s] Level 1:colcon.colcon_core.package_identification:_identify(src/slash_hardware/f1tenth_system/vesc/vesc_driver) by extensions ['ignore', 'ignore_ament_install']
[0.911s] Level 1:colcon.colcon_core.package_identification:_identify(src/slash_hardware/f1tenth_system/vesc/vesc_driver) by extension 'ignore'
[0.911s] Level 1:colcon.colcon_core.package_identification:_identify(src/slash_hardware/f1tenth_system/vesc/vesc_driver) by extension 'ignore_ament_install'
[0.911s] Level 1:colcon.colcon_core.package_identification:_identify(src/slash_hardware/f1tenth_system/vesc/vesc_driver) by extensions ['colcon_pkg']
[0.911s] Level 1:colcon.colcon_core.package_identification:_identify(src/slash_hardware/f1tenth_system/vesc/vesc_driver) by extension 'colcon_pkg'
[0.911s] Level 1:colcon.colcon_core.package_identification:_identify(src/slash_hardware/f1tenth_system/vesc/vesc_driver) by extensions ['colcon_meta']
[0.911s] Level 1:colcon.colcon_core.package_identification:_identify(src/slash_hardware/f1tenth_system/vesc/vesc_driver) by extension 'colcon_meta'
[0.912s] Level 1:colcon.colcon_core.package_identification:_identify(src/slash_hardware/f1tenth_system/vesc/vesc_driver) by extensions ['ros']
[0.912s] Level 1:colcon.colcon_core.package_identification:_identify(src/slash_hardware/f1tenth_system/vesc/vesc_driver) by extension 'ros'
[0.913s] DEBUG:colcon.colcon_core.package_identification:Package 'src/slash_hardware/f1tenth_system/vesc/vesc_driver' with type 'ros.ament_cmake' and name 'vesc_driver'
[0.913s] Level 1:colcon.colcon_core.package_identification:_identify(src/slash_hardware/f1tenth_system/vesc/vesc_msgs) by extensions ['ignore', 'ignore_ament_install']
[0.914s] Level 1:colcon.colcon_core.package_identification:_identify(src/slash_hardware/f1tenth_system/vesc/vesc_msgs) by extension 'ignore'
[0.914s] Level 1:colcon.colcon_core.package_identification:_identify(src/slash_hardware/f1tenth_system/vesc/vesc_msgs) by extension 'ignore_ament_install'
[0.914s] Level 1:colcon.colcon_core.package_identification:_identify(src/slash_hardware/f1tenth_system/vesc/vesc_msgs) by extensions ['colcon_pkg']
[0.914s] Level 1:colcon.colcon_core.package_identification:_identify(src/slash_hardware/f1tenth_system/vesc/vesc_msgs) by extension 'colcon_pkg'
[0.914s] Level 1:colcon.colcon_core.package_identification:_identify(src/slash_hardware/f1tenth_system/vesc/vesc_msgs) by extensions ['colcon_meta']
[0.914s] Level 1:colcon.colcon_core.package_identification:_identify(src/slash_hardware/f1tenth_system/vesc/vesc_msgs) by extension 'colcon_meta'
[0.914s] Level 1:colcon.colcon_core.package_identification:_identify(src/slash_hardware/f1tenth_system/vesc/vesc_msgs) by extensions ['ros']
[0.914s] Level 1:colcon.colcon_core.package_identification:_identify(src/slash_hardware/f1tenth_system/vesc/vesc_msgs) by extension 'ros'
[0.916s] DEBUG:colcon.colcon_core.package_identification:Package 'src/slash_hardware/f1tenth_system/vesc/vesc_msgs' with type 'ros.ament_cmake' and name 'vesc_msgs'
[0.916s] Level 1:colcon.colcon_core.package_identification:_identify(src/slash_hardware/livox_ros_driver2) by extensions ['ignore', 'ignore_ament_install']
[0.916s] Level 1:colcon.colcon_core.package_identification:_identify(src/slash_hardware/livox_ros_driver2) by extension 'ignore'
[0.916s] Level 1:colcon.colcon_core.package_identification:_identify(src/slash_hardware/livox_ros_driver2) by extension 'ignore_ament_install'
[0.916s] Level 1:colcon.colcon_core.package_identification:_identify(src/slash_hardware/livox_ros_driver2) by extensions ['colcon_pkg']
[0.916s] Level 1:colcon.colcon_core.package_identification:_identify(src/slash_hardware/livox_ros_driver2) by extension 'colcon_pkg'
[0.917s] Level 1:colcon.colcon_core.package_identification:_identify(src/slash_hardware/livox_ros_driver2) by extensions ['colcon_meta']
[0.917s] Level 1:colcon.colcon_core.package_identification:_identify(src/slash_hardware/livox_ros_driver2) by extension 'colcon_meta'
[0.917s] Level 1:colcon.colcon_core.package_identification:_identify(src/slash_hardware/livox_ros_driver2) by extensions ['ros']
[0.917s] Level 1:colcon.colcon_core.package_identification:_identify(src/slash_hardware/livox_ros_driver2) by extension 'ros'
[0.917s] Level 1:colcon.colcon_core.package_identification:_identify(src/slash_hardware/livox_ros_driver2) by extensions ['cmake', 'python']
[0.917s] Level 1:colcon.colcon_core.package_identification:_identify(src/slash_hardware/livox_ros_driver2) by extension 'cmake'
[0.917s] Level 1:colcon.colcon_core.package_identification:_identify(src/slash_hardware/livox_ros_driver2) by extension 'python'
[0.917s] Level 1:colcon.colcon_core.package_identification:_identify(src/slash_hardware/livox_ros_driver2) by extensions ['python_setup_py']
[0.917s] Level 1:colcon.colcon_core.package_identification:_identify(src/slash_hardware/livox_ros_driver2) by extension 'python_setup_py'
[0.917s] Level 1:colcon.colcon_core.package_identification:_identify(src/slash_hardware/livox_ros_driver2/src) by extensions ['ignore', 'ignore_ament_install']
[0.918s] Level 1:colcon.colcon_core.package_identification:_identify(src/slash_hardware/livox_ros_driver2/src) by extension 'ignore'
[0.918s] Level 1:colcon.colcon_core.package_identification:_identify(src/slash_hardware/livox_ros_driver2/src) by extension 'ignore_ament_install'
[0.918s] Level 1:colcon.colcon_core.package_identification:_identify(src/slash_hardware/livox_ros_driver2/src) by extensions ['colcon_pkg']
[0.918s] Level 1:colcon.colcon_core.package_identification:_identify(src/slash_hardware/livox_ros_driver2/src) by extension 'colcon_pkg'
[0.918s] Level 1:colcon.colcon_core.package_identification:_identify(src/slash_hardware/livox_ros_driver2/src) by extensions ['colcon_meta']
[0.918s] Level 1:colcon.colcon_core.package_identification:_identify(src/slash_hardware/livox_ros_driver2/src) by extension 'colcon_meta'
[0.918s] Level 1:colcon.colcon_core.package_identification:_identify(src/slash_hardware/livox_ros_driver2/src) by extensions ['ros']
[0.918s] Level 1:colcon.colcon_core.package_identification:_identify(src/slash_hardware/livox_ros_driver2/src) by extension 'ros'
[0.920s] DEBUG:colcon.colcon_core.package_identification:Package 'src/slash_hardware/livox_ros_driver2/src' with type 'ros.ament_cmake' and name 'livox_ros_driver2'
[0.920s] Level 1:colcon.colcon_core.package_identification:_identify(src/slash_localization) by extensions ['ignore', 'ignore_ament_install']
[0.920s] Level 1:colcon.colcon_core.package_identification:_identify(src/slash_localization) by extension 'ignore'
[0.921s] Level 1:colcon.colcon_core.package_identification:_identify(src/slash_localization) by extension 'ignore_ament_install'
[0.921s] Level 1:colcon.colcon_core.package_identification:_identify(src/slash_localization) by extensions ['colcon_pkg']
[0.921s] Level 1:colcon.colcon_core.package_identification:_identify(src/slash_localization) by extension 'colcon_pkg'
[0.921s] Level 1:colcon.colcon_core.package_identification:_identify(src/slash_localization) by extensions ['colcon_meta']
[0.921s] Level 1:colcon.colcon_core.package_identification:_identify(src/slash_localization) by extension 'colcon_meta'
[0.921s] Level 1:colcon.colcon_core.package_identification:_identify(src/slash_localization) by extensions ['ros']
[0.921s] Level 1:colcon.colcon_core.package_identification:_identify(src/slash_localization) by extension 'ros'
[0.921s] Level 1:colcon.colcon_core.package_identification:_identify(src/slash_localization) by extensions ['cmake', 'python']
[0.921s] Level 1:colcon.colcon_core.package_identification:_identify(src/slash_localization) by extension 'cmake'
[0.921s] Level 1:colcon.colcon_core.package_identification:_identify(src/slash_localization) by extension 'python'
[0.921s] Level 1:colcon.colcon_core.package_identification:_identify(src/slash_localization) by extensions ['python_setup_py']
[0.921s] Level 1:colcon.colcon_core.package_identification:_identify(src/slash_localization) by extension 'python_setup_py'
[0.922s] Level 1:colcon.colcon_core.package_identification:_identify(src/slash_localization/FAST_LIO) by extensions ['ignore', 'ignore_ament_install']
[0.922s] Level 1:colcon.colcon_core.package_identification:_identify(src/slash_localization/FAST_LIO) by extension 'ignore'
[0.922s] Level 1:colcon.colcon_core.package_identification:_identify(src/slash_localization/FAST_LIO) by extension 'ignore_ament_install'
[0.922s] Level 1:colcon.colcon_core.package_identification:_identify(src/slash_localization/FAST_LIO) by extensions ['colcon_pkg']
[0.922s] Level 1:colcon.colcon_core.package_identification:_identify(src/slash_localization/FAST_LIO) by extension 'colcon_pkg'
[0.922s] Level 1:colcon.colcon_core.package_identification:_identify(src/slash_localization/FAST_LIO) by extensions ['colcon_meta']
[0.922s] Level 1:colcon.colcon_core.package_identification:_identify(src/slash_localization/FAST_LIO) by extension 'colcon_meta'
[0.922s] Level 1:colcon.colcon_core.package_identification:_identify(src/slash_localization/FAST_LIO) by extensions ['ros']
[0.922s] Level 1:colcon.colcon_core.package_identification:_identify(src/slash_localization/FAST_LIO) by extension 'ros'
[0.924s] DEBUG:colcon.colcon_core.package_identification:Package 'src/slash_localization/FAST_LIO' with type 'ros.ament_cmake' and name 'fast_lio'
[0.925s] Level 1:colcon.colcon_core.package_identification:_identify(src/slash_navigation) by extensions ['ignore', 'ignore_ament_install']
[0.925s] Level 1:colcon.colcon_core.package_identification:_identify(src/slash_navigation) by extension 'ignore'
[0.925s] Level 1:colcon.colcon_core.package_identification:_identify(src/slash_navigation) by extension 'ignore_ament_install'
[0.925s] Level 1:colcon.colcon_core.package_identification:_identify(src/slash_navigation) by extensions ['colcon_pkg']
[0.925s] Level 1:colcon.colcon_core.package_identification:_identify(src/slash_navigation) by extension 'colcon_pkg'
[0.925s] Level 1:colcon.colcon_core.package_identification:_identify(src/slash_navigation) by extensions ['colcon_meta']
[0.925s] Level 1:colcon.colcon_core.package_identification:_identify(src/slash_navigation) by extension 'colcon_meta'
[0.925s] Level 1:colcon.colcon_core.package_identification:_identify(src/slash_navigation) by extensions ['ros']
[0.925s] Level 1:colcon.colcon_core.package_identification:_identify(src/slash_navigation) by extension 'ros'
[0.926s] Level 1:colcon.colcon_core.package_identification:_identify(src/slash_navigation) by extensions ['cmake', 'python']
[0.926s] Level 1:colcon.colcon_core.package_identification:_identify(src/slash_navigation) by extension 'cmake'
[0.926s] Level 1:colcon.colcon_core.package_identification:_identify(src/slash_navigation) by extension 'python'
[0.926s] Level 1:colcon.colcon_core.package_identification:_identify(src/slash_navigation) by extensions ['python_setup_py']
[0.926s] Level 1:colcon.colcon_core.package_identification:_identify(src/slash_navigation) by extension 'python_setup_py'
[0.926s] Level 1:colcon.colcon_core.package_identification:_identify(src/slash_navigation/costmap_converter) by extensions ['ignore', 'ignore_ament_install']
[0.926s] Level 1:colcon.colcon_core.package_identification:_identify(src/slash_navigation/costmap_converter) by extension 'ignore'
[0.926s] Level 1:colcon.colcon_core.package_identification:_identify(src/slash_navigation/costmap_converter) by extension 'ignore_ament_install'
[0.926s] Level 1:colcon.colcon_core.package_identification:_identify(src/slash_navigation/costmap_converter) by extensions ['colcon_pkg']
[0.927s] Level 1:colcon.colcon_core.package_identification:_identify(src/slash_navigation/costmap_converter) by extension 'colcon_pkg'
[0.927s] Level 1:colcon.colcon_core.package_identification:_identify(src/slash_navigation/costmap_converter) by extensions ['colcon_meta']
[0.927s] Level 1:colcon.colcon_core.package_identification:_identify(src/slash_navigation/costmap_converter) by extension 'colcon_meta'
[0.927s] Level 1:colcon.colcon_core.package_identification:_identify(src/slash_navigation/costmap_converter) by extensions ['ros']
[0.927s] Level 1:colcon.colcon_core.package_identification:_identify(src/slash_navigation/costmap_converter) by extension 'ros'
[0.927s] Level 1:colcon.colcon_core.package_identification:_identify(src/slash_navigation/costmap_converter) by extensions ['cmake', 'python']
[0.927s] Level 1:colcon.colcon_core.package_identification:_identify(src/slash_navigation/costmap_converter) by extension 'cmake'
[0.927s] Level 1:colcon.colcon_core.package_identification:_identify(src/slash_navigation/costmap_converter) by extension 'python'
[0.927s] Level 1:colcon.colcon_core.package_identification:_identify(src/slash_navigation/costmap_converter) by extensions ['python_setup_py']
[0.927s] Level 1:colcon.colcon_core.package_identification:_identify(src/slash_navigation/costmap_converter) by extension 'python_setup_py'
[0.927s] Level 1:colcon.colcon_core.package_identification:_identify(src/slash_navigation/costmap_converter/costmap_converter) by extensions ['ignore', 'ignore_ament_install']
[0.928s] Level 1:colcon.colcon_core.package_identification:_identify(src/slash_navigation/costmap_converter/costmap_converter) by extension 'ignore'
[0.928s] Level 1:colcon.colcon_core.package_identification:_identify(src/slash_navigation/costmap_converter/costmap_converter) by extension 'ignore_ament_install'
[0.928s] Level 1:colcon.colcon_core.package_identification:_identify(src/slash_navigation/costmap_converter/costmap_converter) by extensions ['colcon_pkg']
[0.928s] Level 1:colcon.colcon_core.package_identification:_identify(src/slash_navigation/costmap_converter/costmap_converter) by extension 'colcon_pkg'
[0.928s] Level 1:colcon.colcon_core.package_identification:_identify(src/slash_navigation/costmap_converter/costmap_converter) by extensions ['colcon_meta']
[0.928s] Level 1:colcon.colcon_core.package_identification:_identify(src/slash_navigation/costmap_converter/costmap_converter) by extension 'colcon_meta'
[0.928s] Level 1:colcon.colcon_core.package_identification:_identify(src/slash_navigation/costmap_converter/costmap_converter) by extensions ['ros']
[0.928s] Level 1:colcon.colcon_core.package_identification:_identify(src/slash_navigation/costmap_converter/costmap_converter) by extension 'ros'
[0.930s] DEBUG:colcon.colcon_core.package_identification:Package 'src/slash_navigation/costmap_converter/costmap_converter' with type 'ros.ament_cmake' and name 'costmap_converter'
[0.930s] Level 1:colcon.colcon_core.package_identification:_identify(src/slash_navigation/costmap_converter/costmap_converter_msgs) by extensions ['ignore', 'ignore_ament_install']
[0.930s] Level 1:colcon.colcon_core.package_identification:_identify(src/slash_navigation/costmap_converter/costmap_converter_msgs) by extension 'ignore'
[0.930s] Level 1:colcon.colcon_core.package_identification:_identify(src/slash_navigation/costmap_converter/costmap_converter_msgs) by extension 'ignore_ament_install'
[0.930s] Level 1:colcon.colcon_core.package_identification:_identify(src/slash_navigation/costmap_converter/costmap_converter_msgs) by extensions ['colcon_pkg']
[0.931s] Level 1:colcon.colcon_core.package_identification:_identify(src/slash_navigation/costmap_converter/costmap_converter_msgs) by extension 'colcon_pkg'
[0.931s] Level 1:colcon.colcon_core.package_identification:_identify(src/slash_navigation/costmap_converter/costmap_converter_msgs) by extensions ['colcon_meta']
[0.931s] Level 1:colcon.colcon_core.package_identification:_identify(src/slash_navigation/costmap_converter/costmap_converter_msgs) by extension 'colcon_meta'
[0.931s] Level 1:colcon.colcon_core.package_identification:_identify(src/slash_navigation/costmap_converter/costmap_converter_msgs) by extensions ['ros']
[0.931s] Level 1:colcon.colcon_core.package_identification:_identify(src/slash_navigation/costmap_converter/costmap_converter_msgs) by extension 'ros'
[0.932s] DEBUG:colcon.colcon_core.package_identification:Package 'src/slash_navigation/costmap_converter/costmap_converter_msgs' with type 'ros.ament_cmake' and name 'costmap_converter_msgs'
[0.932s] Level 1:colcon.colcon_core.package_identification:_identify(src/slash_navigation/creat_line) by extensions ['ignore', 'ignore_ament_install']
[0.932s] Level 1:colcon.colcon_core.package_identification:_identify(src/slash_navigation/creat_line) by extension 'ignore'
[0.932s] Level 1:colcon.colcon_core.package_identification:_identify(src/slash_navigation/creat_line) by extension 'ignore_ament_install'
[0.933s] Level 1:colcon.colcon_core.package_identification:_identify(src/slash_navigation/creat_line) by extensions ['colcon_pkg']
[0.933s] Level 1:colcon.colcon_core.package_identification:_identify(src/slash_navigation/creat_line) by extension 'colcon_pkg'
[0.933s] Level 1:colcon.colcon_core.package_identification:_identify(src/slash_navigation/creat_line) by extensions ['colcon_meta']
[0.933s] Level 1:colcon.colcon_core.package_identification:_identify(src/slash_navigation/creat_line) by extension 'colcon_meta'
[0.933s] Level 1:colcon.colcon_core.package_identification:_identify(src/slash_navigation/creat_line) by extensions ['ros']
[0.933s] Level 1:colcon.colcon_core.package_identification:_identify(src/slash_navigation/creat_line) by extension 'ros'
[0.933s] Level 1:colcon.colcon_core.package_identification:_identify(src/slash_navigation/creat_line) by extensions ['cmake', 'python']
[0.933s] Level 1:colcon.colcon_core.package_identification:_identify(src/slash_navigation/creat_line) by extension 'cmake'
[0.933s] Level 1:colcon.colcon_core.package_identification:_identify(src/slash_navigation/creat_line) by extension 'python'
[0.933s] Level 1:colcon.colcon_core.package_identification:_identify(src/slash_navigation/creat_line) by extensions ['python_setup_py']
[0.933s] Level 1:colcon.colcon_core.package_identification:_identify(src/slash_navigation/creat_line) by extension 'python_setup_py'
[0.934s] Level 1:colcon.colcon_core.package_identification:_identify(src/slash_navigation/roboracer_china_2025) by extensions ['ignore', 'ignore_ament_install']
[0.934s] Level 1:colcon.colcon_core.package_identification:_identify(src/slash_navigation/roboracer_china_2025) by extension 'ignore'
[0.934s] Level 1:colcon.colcon_core.package_identification:_identify(src/slash_navigation/roboracer_china_2025) by extension 'ignore_ament_install'
[0.934s] Level 1:colcon.colcon_core.package_identification:_identify(src/slash_navigation/roboracer_china_2025) by extensions ['colcon_pkg']
[0.934s] Level 1:colcon.colcon_core.package_identification:_identify(src/slash_navigation/roboracer_china_2025) by extension 'colcon_pkg'
[0.934s] Level 1:colcon.colcon_core.package_identification:_identify(src/slash_navigation/roboracer_china_2025) by extensions ['colcon_meta']
[0.934s] Level 1:colcon.colcon_core.package_identification:_identify(src/slash_navigation/roboracer_china_2025) by extension 'colcon_meta'
[0.934s] Level 1:colcon.colcon_core.package_identification:_identify(src/slash_navigation/roboracer_china_2025) by extensions ['ros']
[0.934s] Level 1:colcon.colcon_core.package_identification:_identify(src/slash_navigation/roboracer_china_2025) by extension 'ros'
[0.935s] DEBUG:colcon.colcon_core.package_identification:Package 'src/slash_navigation/roboracer_china_2025' with type 'ros.ament_python' and name 'roboracer_china_2025'
[0.936s] Level 1:colcon.colcon_core.package_identification:_identify(src/slash_navigation/slash_nav2) by extensions ['ignore', 'ignore_ament_install']
[0.936s] Level 1:colcon.colcon_core.package_identification:_identify(src/slash_navigation/slash_nav2) by extension 'ignore'
[0.936s] Level 1:colcon.colcon_core.package_identification:_identify(src/slash_navigation/slash_nav2) by extension 'ignore_ament_install'
[0.936s] Level 1:colcon.colcon_core.package_identification:_identify(src/slash_navigation/slash_nav2) by extensions ['colcon_pkg']
[0.936s] Level 1:colcon.colcon_core.package_identification:_identify(src/slash_navigation/slash_nav2) by extension 'colcon_pkg'
[0.936s] Level 1:colcon.colcon_core.package_identification:_identify(src/slash_navigation/slash_nav2) by extensions ['colcon_meta']
[0.936s] Level 1:colcon.colcon_core.package_identification:_identify(src/slash_navigation/slash_nav2) by extension 'colcon_meta'
[0.936s] Level 1:colcon.colcon_core.package_identification:_identify(src/slash_navigation/slash_nav2) by extensions ['ros']
[0.936s] Level 1:colcon.colcon_core.package_identification:_identify(src/slash_navigation/slash_nav2) by extension 'ros'
[0.937s] DEBUG:colcon.colcon_core.package_identification:Package 'src/slash_navigation/slash_nav2' with type 'ros.ament_cmake' and name 'slash_nav2'
[0.937s] Level 1:colcon.colcon_core.package_identification:_identify(src/slash_navigation/teb_local_planner) by extensions ['ignore', 'ignore_ament_install']
[0.937s] Level 1:colcon.colcon_core.package_identification:_identify(src/slash_navigation/teb_local_planner) by extension 'ignore'
[0.937s] Level 1:colcon.colcon_core.package_identification:_identify(src/slash_navigation/teb_local_planner) by extension 'ignore_ament_install'
[0.938s] Level 1:colcon.colcon_core.package_identification:_identify(src/slash_navigation/teb_local_planner) by extensions ['colcon_pkg']
[0.938s] Level 1:colcon.colcon_core.package_identification:_identify(src/slash_navigation/teb_local_planner) by extension 'colcon_pkg'
[0.938s] Level 1:colcon.colcon_core.package_identification:_identify(src/slash_navigation/teb_local_planner) by extensions ['colcon_meta']
[0.938s] Level 1:colcon.colcon_core.package_identification:_identify(src/slash_navigation/teb_local_planner) by extension 'colcon_meta'
[0.938s] Level 1:colcon.colcon_core.package_identification:_identify(src/slash_navigation/teb_local_planner) by extensions ['ros']
[0.938s] Level 1:colcon.colcon_core.package_identification:_identify(src/slash_navigation/teb_local_planner) by extension 'ros'
[0.938s] Level 1:colcon.colcon_core.package_identification:_identify(src/slash_navigation/teb_local_planner) by extensions ['cmake', 'python']
[0.938s] Level 1:colcon.colcon_core.package_identification:_identify(src/slash_navigation/teb_local_planner) by extension 'cmake'
[0.938s] Level 1:colcon.colcon_core.package_identification:_identify(src/slash_navigation/teb_local_planner) by extension 'python'
[0.938s] Level 1:colcon.colcon_core.package_identification:_identify(src/slash_navigation/teb_local_planner) by extensions ['python_setup_py']
[0.938s] Level 1:colcon.colcon_core.package_identification:_identify(src/slash_navigation/teb_local_planner) by extension 'python_setup_py'
[0.939s] Level 1:colcon.colcon_core.package_identification:_identify(src/slash_navigation/teb_local_planner/teb_local_planner) by extensions ['ignore', 'ignore_ament_install']
[0.939s] Level 1:colcon.colcon_core.package_identification:_identify(src/slash_navigation/teb_local_planner/teb_local_planner) by extension 'ignore'
[0.939s] Level 1:colcon.colcon_core.package_identification:_identify(src/slash_navigation/teb_local_planner/teb_local_planner) by extension 'ignore_ament_install'
[0.939s] Level 1:colcon.colcon_core.package_identification:_identify(src/slash_navigation/teb_local_planner/teb_local_planner) by extensions ['colcon_pkg']
[0.939s] Level 1:colcon.colcon_core.package_identification:_identify(src/slash_navigation/teb_local_planner/teb_local_planner) by extension 'colcon_pkg'
[0.939s] Level 1:colcon.colcon_core.package_identification:_identify(src/slash_navigation/teb_local_planner/teb_local_planner) by extensions ['colcon_meta']
[0.939s] Level 1:colcon.colcon_core.package_identification:_identify(src/slash_navigation/teb_local_planner/teb_local_planner) by extension 'colcon_meta'
[0.939s] Level 1:colcon.colcon_core.package_identification:_identify(src/slash_navigation/teb_local_planner/teb_local_planner) by extensions ['ros']
[0.939s] Level 1:colcon.colcon_core.package_identification:_identify(src/slash_navigation/teb_local_planner/teb_local_planner) by extension 'ros'
[0.942s] DEBUG:colcon.colcon_core.package_identification:Package 'src/slash_navigation/teb_local_planner/teb_local_planner' with type 'ros.ament_cmake' and name 'teb_local_planner'
[0.942s] Level 1:colcon.colcon_core.package_identification:_identify(src/slash_navigation/teb_local_planner/teb_msgs) by extensions ['ignore', 'ignore_ament_install']
[0.942s] Level 1:colcon.colcon_core.package_identification:_identify(src/slash_navigation/teb_local_planner/teb_msgs) by extension 'ignore'
[0.943s] Level 1:colcon.colcon_core.package_identification:_identify(src/slash_navigation/teb_local_planner/teb_msgs) by extension 'ignore_ament_install'
[0.943s] Level 1:colcon.colcon_core.package_identification:_identify(src/slash_navigation/teb_local_planner/teb_msgs) by extensions ['colcon_pkg']
[0.943s] Level 1:colcon.colcon_core.package_identification:_identify(src/slash_navigation/teb_local_planner/teb_msgs) by extension 'colcon_pkg'
[0.943s] Level 1:colcon.colcon_core.package_identification:_identify(src/slash_navigation/teb_local_planner/teb_msgs) by extensions ['colcon_meta']
[0.943s] Level 1:colcon.colcon_core.package_identification:_identify(src/slash_navigation/teb_local_planner/teb_msgs) by extension 'colcon_meta'
[0.943s] Level 1:colcon.colcon_core.package_identification:_identify(src/slash_navigation/teb_local_planner/teb_msgs) by extensions ['ros']
[0.943s] Level 1:colcon.colcon_core.package_identification:_identify(src/slash_navigation/teb_local_planner/teb_msgs) by extension 'ros'
[0.944s] DEBUG:colcon.colcon_core.package_identification:Package 'src/slash_navigation/teb_local_planner/teb_msgs' with type 'ros.ament_cmake' and name 'teb_msgs'
[0.945s] Level 1:colcon.colcon_core.package_identification:_identify(src/slash_perception) by extensions ['ignore', 'ignore_ament_install']
[0.945s] Level 1:colcon.colcon_core.package_identification:_identify(src/slash_perception) by extension 'ignore'
[0.945s] Level 1:colcon.colcon_core.package_identification:_identify(src/slash_perception) by extension 'ignore_ament_install'
[0.945s] Level 1:colcon.colcon_core.package_identification:_identify(src/slash_perception) by extensions ['colcon_pkg']
[0.945s] Level 1:colcon.colcon_core.package_identification:_identify(src/slash_perception) by extension 'colcon_pkg'
[0.945s] Level 1:colcon.colcon_core.package_identification:_identify(src/slash_perception) by extensions ['colcon_meta']
[0.945s] Level 1:colcon.colcon_core.package_identification:_identify(src/slash_perception) by extension 'colcon_meta'
[0.945s] Level 1:colcon.colcon_core.package_identification:_identify(src/slash_perception) by extensions ['ros']
[0.945s] Level 1:colcon.colcon_core.package_identification:_identify(src/slash_perception) by extension 'ros'
[0.946s] Level 1:colcon.colcon_core.package_identification:_identify(src/slash_perception) by extensions ['cmake', 'python']
[0.946s] Level 1:colcon.colcon_core.package_identification:_identify(src/slash_perception) by extension 'cmake'
[0.946s] Level 1:colcon.colcon_core.package_identification:_identify(src/slash_perception) by extension 'python'
[0.946s] Level 1:colcon.colcon_core.package_identification:_identify(src/slash_perception) by extensions ['python_setup_py']
[0.946s] Level 1:colcon.colcon_core.package_identification:_identify(src/slash_perception) by extension 'python_setup_py'
[0.946s] Level 1:colcon.colcon_core.package_identification:_identify(src/slash_perception/linefit_ground_segementation_ros2) by extensions ['ignore', 'ignore_ament_install']
[0.946s] Level 1:colcon.colcon_core.package_identification:_identify(src/slash_perception/linefit_ground_segementation_ros2) by extension 'ignore'
[0.946s] Level 1:colcon.colcon_core.package_identification:_identify(src/slash_perception/linefit_ground_segementation_ros2) by extension 'ignore_ament_install'
[0.946s] Level 1:colcon.colcon_core.package_identification:_identify(src/slash_perception/linefit_ground_segementation_ros2) by extensions ['colcon_pkg']
[0.946s] Level 1:colcon.colcon_core.package_identification:_identify(src/slash_perception/linefit_ground_segementation_ros2) by extension 'colcon_pkg'
[0.947s] Level 1:colcon.colcon_core.package_identification:_identify(src/slash_perception/linefit_ground_segementation_ros2) by extensions ['colcon_meta']
[0.947s] Level 1:colcon.colcon_core.package_identification:_identify(src/slash_perception/linefit_ground_segementation_ros2) by extension 'colcon_meta'
[0.947s] Level 1:colcon.colcon_core.package_identification:_identify(src/slash_perception/linefit_ground_segementation_ros2) by extensions ['ros']
[0.947s] Level 1:colcon.colcon_core.package_identification:_identify(src/slash_perception/linefit_ground_segementation_ros2) by extension 'ros'
[0.947s] Level 1:colcon.colcon_core.package_identification:_identify(src/slash_perception/linefit_ground_segementation_ros2) by extensions ['cmake', 'python']
[0.947s] Level 1:colcon.colcon_core.package_identification:_identify(src/slash_perception/linefit_ground_segementation_ros2) by extension 'cmake'
[0.947s] Level 1:colcon.colcon_core.package_identification:_identify(src/slash_perception/linefit_ground_segementation_ros2) by extension 'python'
[0.947s] Level 1:colcon.colcon_core.package_identification:_identify(src/slash_perception/linefit_ground_segementation_ros2) by extensions ['python_setup_py']
[0.947s] Level 1:colcon.colcon_core.package_identification:_identify(src/slash_perception/linefit_ground_segementation_ros2) by extension 'python_setup_py'
[0.947s] Level 1:colcon.colcon_core.package_identification:_identify(src/slash_perception/linefit_ground_segementation_ros2/doc) by extensions ['ignore', 'ignore_ament_install']
[0.948s] Level 1:colcon.colcon_core.package_identification:_identify(src/slash_perception/linefit_ground_segementation_ros2/doc) by extension 'ignore'
[0.948s] Level 1:colcon.colcon_core.package_identification:_identify(src/slash_perception/linefit_ground_segementation_ros2/doc) by extension 'ignore_ament_install'
[0.948s] Level 1:colcon.colcon_core.package_identification:_identify(src/slash_perception/linefit_ground_segementation_ros2/doc) by extensions ['colcon_pkg']
[0.948s] Level 1:colcon.colcon_core.package_identification:_identify(src/slash_perception/linefit_ground_segementation_ros2/doc) by extension 'colcon_pkg'
[0.948s] Level 1:colcon.colcon_core.package_identification:_identify(src/slash_perception/linefit_ground_segementation_ros2/doc) by extensions ['colcon_meta']
[0.948s] Level 1:colcon.colcon_core.package_identification:_identify(src/slash_perception/linefit_ground_segementation_ros2/doc) by extension 'colcon_meta'
[0.948s] Level 1:colcon.colcon_core.package_identification:_identify(src/slash_perception/linefit_ground_segementation_ros2/doc) by extensions ['ros']
[0.948s] Level 1:colcon.colcon_core.package_identification:_identify(src/slash_perception/linefit_ground_segementation_ros2/doc) by extension 'ros'
[0.948s] Level 1:colcon.colcon_core.package_identification:_identify(src/slash_perception/linefit_ground_segementation_ros2/doc) by extensions ['cmake', 'python']
[0.948s] Level 1:colcon.colcon_core.package_identification:_identify(src/slash_perception/linefit_ground_segementation_ros2/doc) by extension 'cmake'
[0.948s] Level 1:colcon.colcon_core.package_identification:_identify(src/slash_perception/linefit_ground_segementation_ros2/doc) by extension 'python'
[0.948s] Level 1:colcon.colcon_core.package_identification:_identify(src/slash_perception/linefit_ground_segementation_ros2/doc) by extensions ['python_setup_py']
[0.949s] Level 1:colcon.colcon_core.package_identification:_identify(src/slash_perception/linefit_ground_segementation_ros2/doc) by extension 'python_setup_py'
[0.949s] Level 1:colcon.colcon_core.package_identification:_identify(src/slash_perception/linefit_ground_segementation_ros2/linefit_ground_segmentation) by extensions ['ignore', 'ignore_ament_install']
[0.949s] Level 1:colcon.colcon_core.package_identification:_identify(src/slash_perception/linefit_ground_segementation_ros2/linefit_ground_segmentation) by extension 'ignore'
[0.949s] Level 1:colcon.colcon_core.package_identification:_identify(src/slash_perception/linefit_ground_segementation_ros2/linefit_ground_segmentation) by extension 'ignore_ament_install'
[0.949s] Level 1:colcon.colcon_core.package_identification:_identify(src/slash_perception/linefit_ground_segementation_ros2/linefit_ground_segmentation) by extensions ['colcon_pkg']
[0.949s] Level 1:colcon.colcon_core.package_identification:_identify(src/slash_perception/linefit_ground_segementation_ros2/linefit_ground_segmentation) by extension 'colcon_pkg'
[0.949s] Level 1:colcon.colcon_core.package_identification:_identify(src/slash_perception/linefit_ground_segementation_ros2/linefit_ground_segmentation) by extensions ['colcon_meta']
[0.949s] Level 1:colcon.colcon_core.package_identification:_identify(src/slash_perception/linefit_ground_segementation_ros2/linefit_ground_segmentation) by extension 'colcon_meta'
[0.949s] Level 1:colcon.colcon_core.package_identification:_identify(src/slash_perception/linefit_ground_segementation_ros2/linefit_ground_segmentation) by extensions ['ros']
[0.949s] Level 1:colcon.colcon_core.package_identification:_identify(src/slash_perception/linefit_ground_segementation_ros2/linefit_ground_segmentation) by extension 'ros'
[0.951s] DEBUG:colcon.colcon_core.package_identification:Package 'src/slash_perception/linefit_ground_segementation_ros2/linefit_ground_segmentation' with type 'ros.ament_cmake' and name 'linefit_ground_segmentation'
[0.951s] Level 1:colcon.colcon_core.package_identification:_identify(src/slash_perception/linefit_ground_segementation_ros2/linefit_ground_segmentation_ros) by extensions ['ignore', 'ignore_ament_install']
[0.951s] Level 1:colcon.colcon_core.package_identification:_identify(src/slash_perception/linefit_ground_segementation_ros2/linefit_ground_segmentation_ros) by extension 'ignore'
[0.951s] Level 1:colcon.colcon_core.package_identification:_identify(src/slash_perception/linefit_ground_segementation_ros2/linefit_ground_segmentation_ros) by extension 'ignore_ament_install'
[0.951s] Level 1:colcon.colcon_core.package_identification:_identify(src/slash_perception/linefit_ground_segementation_ros2/linefit_ground_segmentation_ros) by extensions ['colcon_pkg']
[0.951s] Level 1:colcon.colcon_core.package_identification:_identify(src/slash_perception/linefit_ground_segementation_ros2/linefit_ground_segmentation_ros) by extension 'colcon_pkg'
[0.952s] Level 1:colcon.colcon_core.package_identification:_identify(src/slash_perception/linefit_ground_segementation_ros2/linefit_ground_segmentation_ros) by extensions ['colcon_meta']
[0.952s] Level 1:colcon.colcon_core.package_identification:_identify(src/slash_perception/linefit_ground_segementation_ros2/linefit_ground_segmentation_ros) by extension 'colcon_meta'
[0.952s] Level 1:colcon.colcon_core.package_identification:_identify(src/slash_perception/linefit_ground_segementation_ros2/linefit_ground_segmentation_ros) by extensions ['ros']
[0.952s] Level 1:colcon.colcon_core.package_identification:_identify(src/slash_perception/linefit_ground_segementation_ros2/linefit_ground_segmentation_ros) by extension 'ros'
[0.953s] DEBUG:colcon.colcon_core.package_identification:Package 'src/slash_perception/linefit_ground_segementation_ros2/linefit_ground_segmentation_ros' with type 'ros.ament_cmake' and name 'linefit_ground_segmentation_ros'
[0.953s] Level 1:colcon.colcon_core.package_identification:_identify(src/slash_perception/pointcloud_to_laserscan) by extensions ['ignore', 'ignore_ament_install']
[0.954s] Level 1:colcon.colcon_core.package_identification:_identify(src/slash_perception/pointcloud_to_laserscan) by extension 'ignore'
[0.954s] Level 1:colcon.colcon_core.package_identification:_identify(src/slash_perception/pointcloud_to_laserscan) by extension 'ignore_ament_install'
[0.954s] Level 1:colcon.colcon_core.package_identification:_identify(src/slash_perception/pointcloud_to_laserscan) by extensions ['colcon_pkg']
[0.954s] Level 1:colcon.colcon_core.package_identification:_identify(src/slash_perception/pointcloud_to_laserscan) by extension 'colcon_pkg'
[0.954s] Level 1:colcon.colcon_core.package_identification:_identify(src/slash_perception/pointcloud_to_laserscan) by extensions ['colcon_meta']
[0.954s] Level 1:colcon.colcon_core.package_identification:_identify(src/slash_perception/pointcloud_to_laserscan) by extension 'colcon_meta'
[0.954s] Level 1:colcon.colcon_core.package_identification:_identify(src/slash_perception/pointcloud_to_laserscan) by extensions ['ros']
[0.954s] Level 1:colcon.colcon_core.package_identification:_identify(src/slash_perception/pointcloud_to_laserscan) by extension 'ros'
[0.956s] DEBUG:colcon.colcon_core.package_identification:Package 'src/slash_perception/pointcloud_to_laserscan' with type 'ros.ament_cmake' and name 'pointcloud_to_laserscan'
[0.956s] Level 1:colcon.colcon_core.package_identification:_identify(src/slash_perception/twist_to_ackermann) by extensions ['ignore', 'ignore_ament_install']
[0.956s] Level 1:colcon.colcon_core.package_identification:_identify(src/slash_perception/twist_to_ackermann) by extension 'ignore'
[0.957s] Level 1:colcon.colcon_core.package_identification:_identify(src/slash_perception/twist_to_ackermann) by extension 'ignore_ament_install'
[0.957s] Level 1:colcon.colcon_core.package_identification:_identify(src/slash_perception/twist_to_ackermann) by extensions ['colcon_pkg']
[0.957s] Level 1:colcon.colcon_core.package_identification:_identify(src/slash_perception/twist_to_ackermann) by extension 'colcon_pkg'
[0.957s] Level 1:colcon.colcon_core.package_identification:_identify(src/slash_perception/twist_to_ackermann) by extensions ['colcon_meta']
[0.957s] Level 1:colcon.colcon_core.package_identification:_identify(src/slash_perception/twist_to_ackermann) by extension 'colcon_meta'
[0.957s] Level 1:colcon.colcon_core.package_identification:_identify(src/slash_perception/twist_to_ackermann) by extensions ['ros']
[0.957s] Level 1:colcon.colcon_core.package_identification:_identify(src/slash_perception/twist_to_ackermann) by extension 'ros'
[0.958s] DEBUG:colcon.colcon_core.package_identification:Package 'src/slash_perception/twist_to_ackermann' with type 'ros.ament_python' and name 'twist_to_ackermann'
[0.958s] Level 1:colcon.colcon_core.package_discovery:discover_packages(recursive) using defaults
[0.959s] Level 1:colcon.colcon_core.package_discovery:discover_packages(ignore) discover
[0.959s] Level 1:colcon.colcon_core.package_discovery:discover_packages(ignore) using defaults
[0.959s] Level 1:colcon.colcon_core.package_discovery:discover_packages(path) discover
[0.959s] Level 1:colcon.colcon_core.package_discovery:discover_packages(path) using defaults
[1.007s] Level 1:colcon.colcon_core.package_discovery:discover_packages(prefix_path) check parameters
[1.007s] Level 1:colcon.colcon_core.package_discovery:discover_packages(prefix_path) discover
[1.014s] DEBUG:colcon.colcon_installed_package_information.package_discovery:Found 24 installed packages in /home/jetson/slash_ws/install
[1.016s] DEBUG:colcon.colcon_installed_package_information.package_discovery:Found 283 installed packages in /opt/ros/foxy
[1.019s] Level 1:colcon.colcon_core.package_discovery:discover_packages(prefix_path) using defaults
[1.110s] Level 5:colcon.colcon_core.verb:set package 'ackermann_mux' build argument 'cmake_args' from command line to 'None'
[1.110s] Level 5:colcon.colcon_core.verb:set package 'ackermann_mux' build argument 'cmake_target' from command line to 'None'
[1.110s] Level 5:colcon.colcon_core.verb:set package 'ackermann_mux' build argument 'cmake_target_skip_unavailable' from command line to 'False'
[1.110s] Level 5:colcon.colcon_core.verb:set package 'ackermann_mux' build argument 'cmake_clean_cache' from command line to 'False'
[1.110s] Level 5:colcon.colcon_core.verb:set package 'ackermann_mux' build argument 'cmake_clean_first' from command line to 'False'
[1.110s] Level 5:colcon.colcon_core.verb:set package 'ackermann_mux' build argument 'cmake_force_configure' from command line to 'False'
[1.110s] Level 5:colcon.colcon_core.verb:set package 'ackermann_mux' build argument 'ament_cmake_args' from command line to 'None'
[1.110s] Level 5:colcon.colcon_core.verb:set package 'ackermann_mux' build argument 'catkin_cmake_args' from command line to 'None'
[1.110s] Level 5:colcon.colcon_core.verb:set package 'ackermann_mux' build argument 'catkin_skip_building_tests' from command line to 'False'
[1.111s] DEBUG:colcon.colcon_core.verb:Building package 'ackermann_mux' with the following arguments: {'ament_cmake_args': None, 'build_base': '/home/jetson/slash_ws/build/ackermann_mux', 'catkin_cmake_args': None, 'catkin_skip_building_tests': False, 'cmake_args': None, 'cmake_clean_cache': False, 'cmake_clean_first': False, 'cmake_force_configure': False, 'cmake_target': None, 'cmake_target_skip_unavailable': False, 'install_base': '/home/jetson/slash_ws/install/ackermann_mux', 'merge_install': False, 'path': '/home/jetson/slash_ws/src/slash_hardware/f1tenth_system/ackermann_mux', 'symlink_install': False, 'test_result_base': None}
[1.111s] Level 5:colcon.colcon_core.verb:set package 'costmap_converter_msgs' build argument 'cmake_args' from command line to 'None'
[1.111s] Level 5:colcon.colcon_core.verb:set package 'costmap_converter_msgs' build argument 'cmake_target' from command line to 'None'
[1.111s] Level 5:colcon.colcon_core.verb:set package 'costmap_converter_msgs' build argument 'cmake_target_skip_unavailable' from command line to 'False'
[1.111s] Level 5:colcon.colcon_core.verb:set package 'costmap_converter_msgs' build argument 'cmake_clean_cache' from command line to 'False'
[1.111s] Level 5:colcon.colcon_core.verb:set package 'costmap_converter_msgs' build argument 'cmake_clean_first' from command line to 'False'
[1.111s] Level 5:colcon.colcon_core.verb:set package 'costmap_converter_msgs' build argument 'cmake_force_configure' from command line to 'False'
[1.111s] Level 5:colcon.colcon_core.verb:set package 'costmap_converter_msgs' build argument 'ament_cmake_args' from command line to 'None'
[1.112s] Level 5:colcon.colcon_core.verb:set package 'costmap_converter_msgs' build argument 'catkin_cmake_args' from command line to 'None'
[1.112s] Level 5:colcon.colcon_core.verb:set package 'costmap_converter_msgs' build argument 'catkin_skip_building_tests' from command line to 'False'
[1.112s] DEBUG:colcon.colcon_core.verb:Building package 'costmap_converter_msgs' with the following arguments: {'ament_cmake_args': None, 'build_base': '/home/jetson/slash_ws/build/costmap_converter_msgs', 'catkin_cmake_args': None, 'catkin_skip_building_tests': False, 'cmake_args': None, 'cmake_clean_cache': False, 'cmake_clean_first': False, 'cmake_force_configure': False, 'cmake_target': None, 'cmake_target_skip_unavailable': False, 'install_base': '/home/jetson/slash_ws/install/costmap_converter_msgs', 'merge_install': False, 'path': '/home/jetson/slash_ws/src/slash_navigation/costmap_converter/costmap_converter_msgs', 'symlink_install': False, 'test_result_base': None}
[1.112s] Level 5:colcon.colcon_core.verb:set package 'key_teleop' build argument 'cmake_args' from command line to 'None'
[1.112s] Level 5:colcon.colcon_core.verb:set package 'key_teleop' build argument 'cmake_target' from command line to 'None'
[1.112s] Level 5:colcon.colcon_core.verb:set package 'key_teleop' build argument 'cmake_target_skip_unavailable' from command line to 'False'
[1.112s] Level 5:colcon.colcon_core.verb:set package 'key_teleop' build argument 'cmake_clean_cache' from command line to 'False'
[1.112s] Level 5:colcon.colcon_core.verb:set package 'key_teleop' build argument 'cmake_clean_first' from command line to 'False'
[1.112s] Level 5:colcon.colcon_core.verb:set package 'key_teleop' build argument 'cmake_force_configure' from command line to 'False'
[1.112s] Level 5:colcon.colcon_core.verb:set package 'key_teleop' build argument 'ament_cmake_args' from command line to 'None'
[1.112s] Level 5:colcon.colcon_core.verb:set package 'key_teleop' build argument 'catkin_cmake_args' from command line to 'None'
[1.113s] Level 5:colcon.colcon_core.verb:set package 'key_teleop' build argument 'catkin_skip_building_tests' from command line to 'False'
[1.113s] DEBUG:colcon.colcon_core.verb:Building package 'key_teleop' with the following arguments: {'ament_cmake_args': None, 'build_base': '/home/jetson/slash_ws/build/key_teleop', 'catkin_cmake_args': None, 'catkin_skip_building_tests': False, 'cmake_args': None, 'cmake_clean_cache': False, 'cmake_clean_first': False, 'cmake_force_configure': False, 'cmake_target': None, 'cmake_target_skip_unavailable': False, 'install_base': '/home/jetson/slash_ws/install/key_teleop', 'merge_install': False, 'path': '/home/jetson/slash_ws/src/slash_hardware/f1tenth_system/teleop_tools/key_teleop', 'symlink_install': False, 'test_result_base': None}
[1.113s] Level 5:colcon.colcon_core.verb:set package 'linefit_ground_segmentation' build argument 'cmake_args' from command line to 'None'
[1.113s] Level 5:colcon.colcon_core.verb:set package 'linefit_ground_segmentation' build argument 'cmake_target' from command line to 'None'
[1.113s] Level 5:colcon.colcon_core.verb:set package 'linefit_ground_segmentation' build argument 'cmake_target_skip_unavailable' from command line to 'False'
[1.113s] Level 5:colcon.colcon_core.verb:set package 'linefit_ground_segmentation' build argument 'cmake_clean_cache' from command line to 'False'
[1.113s] Level 5:colcon.colcon_core.verb:set package 'linefit_ground_segmentation' build argument 'cmake_clean_first' from command line to 'False'
[1.113s] Level 5:colcon.colcon_core.verb:set package 'linefit_ground_segmentation' build argument 'cmake_force_configure' from command line to 'False'
[1.113s] Level 5:colcon.colcon_core.verb:set package 'linefit_ground_segmentation' build argument 'ament_cmake_args' from command line to 'None'
[1.113s] Level 5:colcon.colcon_core.verb:set package 'linefit_ground_segmentation' build argument 'catkin_cmake_args' from command line to 'None'
[1.113s] Level 5:colcon.colcon_core.verb:set package 'linefit_ground_segmentation' build argument 'catkin_skip_building_tests' from command line to 'False'
[1.114s] DEBUG:colcon.colcon_core.verb:Building package 'linefit_ground_segmentation' with the following arguments: {'ament_cmake_args': None, 'build_base': '/home/jetson/slash_ws/build/linefit_ground_segmentation', 'catkin_cmake_args': None, 'catkin_skip_building_tests': False, 'cmake_args': None, 'cmake_clean_cache': False, 'cmake_clean_first': False, 'cmake_force_configure': False, 'cmake_target': None, 'cmake_target_skip_unavailable': False, 'install_base': '/home/jetson/slash_ws/install/linefit_ground_segmentation', 'merge_install': False, 'path': '/home/jetson/slash_ws/src/slash_perception/linefit_ground_segementation_ros2/linefit_ground_segmentation', 'symlink_install': False, 'test_result_base': None}
[1.114s] Level 5:colcon.colcon_core.verb:set package 'livox_ros_driver2' build argument 'cmake_args' from command line to 'None'
[1.114s] Level 5:colcon.colcon_core.verb:set package 'livox_ros_driver2' build argument 'cmake_target' from command line to 'None'
[1.114s] Level 5:colcon.colcon_core.verb:set package 'livox_ros_driver2' build argument 'cmake_target_skip_unavailable' from command line to 'False'
[1.114s] Level 5:colcon.colcon_core.verb:set package 'livox_ros_driver2' build argument 'cmake_clean_cache' from command line to 'False'
[1.114s] Level 5:colcon.colcon_core.verb:set package 'livox_ros_driver2' build argument 'cmake_clean_first' from command line to 'False'
[1.114s] Level 5:colcon.colcon_core.verb:set package 'livox_ros_driver2' build argument 'cmake_force_configure' from command line to 'False'
[1.114s] Level 5:colcon.colcon_core.verb:set package 'livox_ros_driver2' build argument 'ament_cmake_args' from command line to 'None'
[1.114s] Level 5:colcon.colcon_core.verb:set package 'livox_ros_driver2' build argument 'catkin_cmake_args' from command line to 'None'
[1.114s] Level 5:colcon.colcon_core.verb:set package 'livox_ros_driver2' build argument 'catkin_skip_building_tests' from command line to 'False'
[1.115s] DEBUG:colcon.colcon_core.verb:Building package 'livox_ros_driver2' with the following arguments: {'ament_cmake_args': None, 'build_base': '/home/jetson/slash_ws/build/livox_ros_driver2', 'catkin_cmake_args': None, 'catkin_skip_building_tests': False, 'cmake_args': None, 'cmake_clean_cache': False, 'cmake_clean_first': False, 'cmake_force_configure': False, 'cmake_target': None, 'cmake_target_skip_unavailable': False, 'install_base': '/home/jetson/slash_ws/install/livox_ros_driver2', 'merge_install': False, 'path': '/home/jetson/slash_ws/src/slash_hardware/livox_ros_driver2/src', 'symlink_install': False, 'test_result_base': None}
[1.115s] Level 5:colcon.colcon_core.verb:set package 'mouse_teleop' build argument 'cmake_args' from command line to 'None'
[1.115s] Level 5:colcon.colcon_core.verb:set package 'mouse_teleop' build argument 'cmake_target' from command line to 'None'
[1.115s] Level 5:colcon.colcon_core.verb:set package 'mouse_teleop' build argument 'cmake_target_skip_unavailable' from command line to 'False'
[1.115s] Level 5:colcon.colcon_core.verb:set package 'mouse_teleop' build argument 'cmake_clean_cache' from command line to 'False'
[1.115s] Level 5:colcon.colcon_core.verb:set package 'mouse_teleop' build argument 'cmake_clean_first' from command line to 'False'
[1.115s] Level 5:colcon.colcon_core.verb:set package 'mouse_teleop' build argument 'cmake_force_configure' from command line to 'False'
[1.115s] Level 5:colcon.colcon_core.verb:set package 'mouse_teleop' build argument 'ament_cmake_args' from command line to 'None'
[1.115s] Level 5:colcon.colcon_core.verb:set package 'mouse_teleop' build argument 'catkin_cmake_args' from command line to 'None'
[1.115s] Level 5:colcon.colcon_core.verb:set package 'mouse_teleop' build argument 'catkin_skip_building_tests' from command line to 'False'
[1.115s] DEBUG:colcon.colcon_core.verb:Building package 'mouse_teleop' with the following arguments: {'ament_cmake_args': None, 'build_base': '/home/jetson/slash_ws/build/mouse_teleop', 'catkin_cmake_args': None, 'catkin_skip_building_tests': False, 'cmake_args': None, 'cmake_clean_cache': False, 'cmake_clean_first': False, 'cmake_force_configure': False, 'cmake_target': None, 'cmake_target_skip_unavailable': False, 'install_base': '/home/jetson/slash_ws/install/mouse_teleop', 'merge_install': False, 'path': '/home/jetson/slash_ws/src/slash_hardware/f1tenth_system/teleop_tools/mouse_teleop', 'symlink_install': False, 'test_result_base': None}
[1.116s] Level 5:colcon.colcon_core.verb:set package 'pointcloud_to_laserscan' build argument 'cmake_args' from command line to 'None'
[1.116s] Level 5:colcon.colcon_core.verb:set package 'pointcloud_to_laserscan' build argument 'cmake_target' from command line to 'None'
[1.116s] Level 5:colcon.colcon_core.verb:set package 'pointcloud_to_laserscan' build argument 'cmake_target_skip_unavailable' from command line to 'False'
[1.116s] Level 5:colcon.colcon_core.verb:set package 'pointcloud_to_laserscan' build argument 'cmake_clean_cache' from command line to 'False'
[1.116s] Level 5:colcon.colcon_core.verb:set package 'pointcloud_to_laserscan' build argument 'cmake_clean_first' from command line to 'False'
[1.116s] Level 5:colcon.colcon_core.verb:set package 'pointcloud_to_laserscan' build argument 'cmake_force_configure' from command line to 'False'
[1.116s] Level 5:colcon.colcon_core.verb:set package 'pointcloud_to_laserscan' build argument 'ament_cmake_args' from command line to 'None'
[1.116s] Level 5:colcon.colcon_core.verb:set package 'pointcloud_to_laserscan' build argument 'catkin_cmake_args' from command line to 'None'
[1.116s] Level 5:colcon.colcon_core.verb:set package 'pointcloud_to_laserscan' build argument 'catkin_skip_building_tests' from command line to 'False'
[1.116s] DEBUG:colcon.colcon_core.verb:Building package 'pointcloud_to_laserscan' with the following arguments: {'ament_cmake_args': None, 'build_base': '/home/jetson/slash_ws/build/pointcloud_to_laserscan', 'catkin_cmake_args': None, 'catkin_skip_building_tests': False, 'cmake_args': None, 'cmake_clean_cache': False, 'cmake_clean_first': False, 'cmake_force_configure': False, 'cmake_target': None, 'cmake_target_skip_unavailable': False, 'install_base': '/home/jetson/slash_ws/install/pointcloud_to_laserscan', 'merge_install': False, 'path': '/home/jetson/slash_ws/src/slash_perception/pointcloud_to_laserscan', 'symlink_install': False, 'test_result_base': None}
[1.117s] Level 5:colcon.colcon_core.verb:set package 'roboracer_china_2025' build argument 'cmake_args' from command line to 'None'
[1.117s] Level 5:colcon.colcon_core.verb:set package 'roboracer_china_2025' build argument 'cmake_target' from command line to 'None'
[1.117s] Level 5:colcon.colcon_core.verb:set package 'roboracer_china_2025' build argument 'cmake_target_skip_unavailable' from command line to 'False'
[1.117s] Level 5:colcon.colcon_core.verb:set package 'roboracer_china_2025' build argument 'cmake_clean_cache' from command line to 'False'
[1.117s] Level 5:colcon.colcon_core.verb:set package 'roboracer_china_2025' build argument 'cmake_clean_first' from command line to 'False'
[1.117s] Level 5:colcon.colcon_core.verb:set package 'roboracer_china_2025' build argument 'cmake_force_configure' from command line to 'False'
[1.117s] Level 5:colcon.colcon_core.verb:set package 'roboracer_china_2025' build argument 'ament_cmake_args' from command line to 'None'
[1.117s] Level 5:colcon.colcon_core.verb:set package 'roboracer_china_2025' build argument 'catkin_cmake_args' from command line to 'None'
[1.117s] Level 5:colcon.colcon_core.verb:set package 'roboracer_china_2025' build argument 'catkin_skip_building_tests' from command line to 'False'
[1.117s] DEBUG:colcon.colcon_core.verb:Building package 'roboracer_china_2025' with the following arguments: {'ament_cmake_args': None, 'build_base': '/home/jetson/slash_ws/build/roboracer_china_2025', 'catkin_cmake_args': None, 'catkin_skip_building_tests': False, 'cmake_args': None, 'cmake_clean_cache': False, 'cmake_clean_first': False, 'cmake_force_configure': False, 'cmake_target': None, 'cmake_target_skip_unavailable': False, 'install_base': '/home/jetson/slash_ws/install/roboracer_china_2025', 'merge_install': False, 'path': '/home/jetson/slash_ws/src/slash_navigation/roboracer_china_2025', 'symlink_install': False, 'test_result_base': None}
[1.118s] Level 5:colcon.colcon_core.verb:set package 'simple_mpc' build argument 'cmake_args' from command line to 'None'
[1.118s] Level 5:colcon.colcon_core.verb:set package 'simple_mpc' build argument 'cmake_target' from command line to 'None'
[1.118s] Level 5:colcon.colcon_core.verb:set package 'simple_mpc' build argument 'cmake_target_skip_unavailable' from command line to 'False'
[1.118s] Level 5:colcon.colcon_core.verb:set package 'simple_mpc' build argument 'cmake_clean_cache' from command line to 'False'
[1.118s] Level 5:colcon.colcon_core.verb:set package 'simple_mpc' build argument 'cmake_clean_first' from command line to 'False'
[1.118s] Level 5:colcon.colcon_core.verb:set package 'simple_mpc' build argument 'cmake_force_configure' from command line to 'False'
[1.118s] Level 5:colcon.colcon_core.verb:set package 'simple_mpc' build argument 'ament_cmake_args' from command line to 'None'
[1.118s] Level 5:colcon.colcon_core.verb:set package 'simple_mpc' build argument 'catkin_cmake_args' from command line to 'None'
[1.118s] Level 5:colcon.colcon_core.verb:set package 'simple_mpc' build argument 'catkin_skip_building_tests' from command line to 'False'
[1.118s] DEBUG:colcon.colcon_core.verb:Building package 'simple_mpc' with the following arguments: {'ament_cmake_args': None, 'build_base': '/home/jetson/slash_ws/build/simple_mpc', 'catkin_cmake_args': None, 'catkin_skip_building_tests': False, 'cmake_args': None, 'cmake_clean_cache': False, 'cmake_clean_first': False, 'cmake_force_configure': False, 'cmake_target': None, 'cmake_target_skip_unavailable': False, 'install_base': '/home/jetson/slash_ws/install/simple_mpc', 'merge_install': False, 'path': '/home/jetson/slash_ws/src/slash_controller/simple_mpc', 'symlink_install': False, 'test_result_base': None}
[1.119s] Level 5:colcon.colcon_core.verb:set package 'slash_nav2' build argument 'cmake_args' from command line to 'None'
[1.119s] Level 5:colcon.colcon_core.verb:set package 'slash_nav2' build argument 'cmake_target' from command line to 'None'
[1.119s] Level 5:colcon.colcon_core.verb:set package 'slash_nav2' build argument 'cmake_target_skip_unavailable' from command line to 'False'
[1.119s] Level 5:colcon.colcon_core.verb:set package 'slash_nav2' build argument 'cmake_clean_cache' from command line to 'False'
[1.119s] Level 5:colcon.colcon_core.verb:set package 'slash_nav2' build argument 'cmake_clean_first' from command line to 'False'
[1.119s] Level 5:colcon.colcon_core.verb:set package 'slash_nav2' build argument 'cmake_force_configure' from command line to 'False'
[1.119s] Level 5:colcon.colcon_core.verb:set package 'slash_nav2' build argument 'ament_cmake_args' from command line to 'None'
[1.119s] Level 5:colcon.colcon_core.verb:set package 'slash_nav2' build argument 'catkin_cmake_args' from command line to 'None'
[1.119s] Level 5:colcon.colcon_core.verb:set package 'slash_nav2' build argument 'catkin_skip_building_tests' from command line to 'False'
[1.119s] DEBUG:colcon.colcon_core.verb:Building package 'slash_nav2' with the following arguments: {'ament_cmake_args': None, 'build_base': '/home/jetson/slash_ws/build/slash_nav2', 'catkin_cmake_args': None, 'catkin_skip_building_tests': False, 'cmake_args': None, 'cmake_clean_cache': False, 'cmake_clean_first': False, 'cmake_force_configure': False, 'cmake_target': None, 'cmake_target_skip_unavailable': False, 'install_base': '/home/jetson/slash_ws/install/slash_nav2', 'merge_install': False, 'path': '/home/jetson/slash_ws/src/slash_navigation/slash_nav2', 'symlink_install': False, 'test_result_base': None}
[1.120s] Level 5:colcon.colcon_core.verb:set package 'teleop_tools_msgs' build argument 'cmake_args' from command line to 'None'
[1.120s] Level 5:colcon.colcon_core.verb:set package 'teleop_tools_msgs' build argument 'cmake_target' from command line to 'None'
[1.120s] Level 5:colcon.colcon_core.verb:set package 'teleop_tools_msgs' build argument 'cmake_target_skip_unavailable' from command line to 'False'
[1.120s] Level 5:colcon.colcon_core.verb:set package 'teleop_tools_msgs' build argument 'cmake_clean_cache' from command line to 'False'
[1.120s] Level 5:colcon.colcon_core.verb:set package 'teleop_tools_msgs' build argument 'cmake_clean_first' from command line to 'False'
[1.120s] Level 5:colcon.colcon_core.verb:set package 'teleop_tools_msgs' build argument 'cmake_force_configure' from command line to 'False'
[1.120s] Level 5:colcon.colcon_core.verb:set package 'teleop_tools_msgs' build argument 'ament_cmake_args' from command line to 'None'
[1.120s] Level 5:colcon.colcon_core.verb:set package 'teleop_tools_msgs' build argument 'catkin_cmake_args' from command line to 'None'
[1.120s] Level 5:colcon.colcon_core.verb:set package 'teleop_tools_msgs' build argument 'catkin_skip_building_tests' from command line to 'False'
[1.120s] DEBUG:colcon.colcon_core.verb:Building package 'teleop_tools_msgs' with the following arguments: {'ament_cmake_args': None, 'build_base': '/home/jetson/slash_ws/build/teleop_tools_msgs', 'catkin_cmake_args': None, 'catkin_skip_building_tests': False, 'cmake_args': None, 'cmake_clean_cache': False, 'cmake_clean_first': False, 'cmake_force_configure': False, 'cmake_target': None, 'cmake_target_skip_unavailable': False, 'install_base': '/home/jetson/slash_ws/install/teleop_tools_msgs', 'merge_install': False, 'path': '/home/jetson/slash_ws/src/slash_hardware/f1tenth_system/teleop_tools/teleop_tools_msgs', 'symlink_install': False, 'test_result_base': None}
[1.121s] Level 5:colcon.colcon_core.verb:set package 'twist_to_ackermann' build argument 'cmake_args' from command line to 'None'
[1.121s] Level 5:colcon.colcon_core.verb:set package 'twist_to_ackermann' build argument 'cmake_target' from command line to 'None'
[1.121s] Level 5:colcon.colcon_core.verb:set package 'twist_to_ackermann' build argument 'cmake_target_skip_unavailable' from command line to 'False'
[1.121s] Level 5:colcon.colcon_core.verb:set package 'twist_to_ackermann' build argument 'cmake_clean_cache' from command line to 'False'
[1.121s] Level 5:colcon.colcon_core.verb:set package 'twist_to_ackermann' build argument 'cmake_clean_first' from command line to 'False'
[1.121s] Level 5:colcon.colcon_core.verb:set package 'twist_to_ackermann' build argument 'cmake_force_configure' from command line to 'False'
[1.121s] Level 5:colcon.colcon_core.verb:set package 'twist_to_ackermann' build argument 'ament_cmake_args' from command line to 'None'
[1.121s] Level 5:colcon.colcon_core.verb:set package 'twist_to_ackermann' build argument 'catkin_cmake_args' from command line to 'None'
[1.121s] Level 5:colcon.colcon_core.verb:set package 'twist_to_ackermann' build argument 'catkin_skip_building_tests' from command line to 'False'
[1.121s] DEBUG:colcon.colcon_core.verb:Building package 'twist_to_ackermann' with the following arguments: {'ament_cmake_args': None, 'build_base': '/home/jetson/slash_ws/build/twist_to_ackermann', 'catkin_cmake_args': None, 'catkin_skip_building_tests': False, 'cmake_args': None, 'cmake_clean_cache': False, 'cmake_clean_first': False, 'cmake_force_configure': False, 'cmake_target': None, 'cmake_target_skip_unavailable': False, 'install_base': '/home/jetson/slash_ws/install/twist_to_ackermann', 'merge_install': False, 'path': '/home/jetson/slash_ws/src/slash_perception/twist_to_ackermann', 'symlink_install': False, 'test_result_base': None}
[1.122s] Level 5:colcon.colcon_core.verb:set package 'vesc_msgs' build argument 'cmake_args' from command line to 'None'
[1.122s] Level 5:colcon.colcon_core.verb:set package 'vesc_msgs' build argument 'cmake_target' from command line to 'None'
[1.122s] Level 5:colcon.colcon_core.verb:set package 'vesc_msgs' build argument 'cmake_target_skip_unavailable' from command line to 'False'
[1.122s] Level 5:colcon.colcon_core.verb:set package 'vesc_msgs' build argument 'cmake_clean_cache' from command line to 'False'
[1.122s] Level 5:colcon.colcon_core.verb:set package 'vesc_msgs' build argument 'cmake_clean_first' from command line to 'False'
[1.122s] Level 5:colcon.colcon_core.verb:set package 'vesc_msgs' build argument 'cmake_force_configure' from command line to 'False'
[1.122s] Level 5:colcon.colcon_core.verb:set package 'vesc_msgs' build argument 'ament_cmake_args' from command line to 'None'
[1.122s] Level 5:colcon.colcon_core.verb:set package 'vesc_msgs' build argument 'catkin_cmake_args' from command line to 'None'
[1.122s] Level 5:colcon.colcon_core.verb:set package 'vesc_msgs' build argument 'catkin_skip_building_tests' from command line to 'False'
[1.122s] DEBUG:colcon.colcon_core.verb:Building package 'vesc_msgs' with the following arguments: {'ament_cmake_args': None, 'build_base': '/home/jetson/slash_ws/build/vesc_msgs', 'catkin_cmake_args': None, 'catkin_skip_building_tests': False, 'cmake_args': None, 'cmake_clean_cache': False, 'cmake_clean_first': False, 'cmake_force_configure': False, 'cmake_target': None, 'cmake_target_skip_unavailable': False, 'install_base': '/home/jetson/slash_ws/install/vesc_msgs', 'merge_install': False, 'path': '/home/jetson/slash_ws/src/slash_hardware/f1tenth_system/vesc/vesc_msgs', 'symlink_install': False, 'test_result_base': None}
[1.123s] Level 5:colcon.colcon_core.verb:set package 'costmap_converter' build argument 'cmake_args' from command line to 'None'
[1.123s] Level 5:colcon.colcon_core.verb:set package 'costmap_converter' build argument 'cmake_target' from command line to 'None'
[1.123s] Level 5:colcon.colcon_core.verb:set package 'costmap_converter' build argument 'cmake_target_skip_unavailable' from command line to 'False'
[1.123s] Level 5:colcon.colcon_core.verb:set package 'costmap_converter' build argument 'cmake_clean_cache' from command line to 'False'
[1.123s] Level 5:colcon.colcon_core.verb:set package 'costmap_converter' build argument 'cmake_clean_first' from command line to 'False'
[1.123s] Level 5:colcon.colcon_core.verb:set package 'costmap_converter' build argument 'cmake_force_configure' from command line to 'False'
[1.123s] Level 5:colcon.colcon_core.verb:set package 'costmap_converter' build argument 'ament_cmake_args' from command line to 'None'
[1.123s] Level 5:colcon.colcon_core.verb:set package 'costmap_converter' build argument 'catkin_cmake_args' from command line to 'None'
[1.123s] Level 5:colcon.colcon_core.verb:set package 'costmap_converter' build argument 'catkin_skip_building_tests' from command line to 'False'
[1.123s] DEBUG:colcon.colcon_core.verb:Building package 'costmap_converter' with the following arguments: {'ament_cmake_args': None, 'build_base': '/home/jetson/slash_ws/build/costmap_converter', 'catkin_cmake_args': None, 'catkin_skip_building_tests': False, 'cmake_args': None, 'cmake_clean_cache': False, 'cmake_clean_first': False, 'cmake_force_configure': False, 'cmake_target': None, 'cmake_target_skip_unavailable': False, 'install_base': '/home/jetson/slash_ws/install/costmap_converter', 'merge_install': False, 'path': '/home/jetson/slash_ws/src/slash_navigation/costmap_converter/costmap_converter', 'symlink_install': False, 'test_result_base': None}
[1.123s] Level 5:colcon.colcon_core.verb:set package 'fast_lio' build argument 'cmake_args' from command line to 'None'
[1.124s] Level 5:colcon.colcon_core.verb:set package 'fast_lio' build argument 'cmake_target' from command line to 'None'
[1.124s] Level 5:colcon.colcon_core.verb:set package 'fast_lio' build argument 'cmake_target_skip_unavailable' from command line to 'False'
[1.124s] Level 5:colcon.colcon_core.verb:set package 'fast_lio' build argument 'cmake_clean_cache' from command line to 'False'
[1.124s] Level 5:colcon.colcon_core.verb:set package 'fast_lio' build argument 'cmake_clean_first' from command line to 'False'
[1.124s] Level 5:colcon.colcon_core.verb:set package 'fast_lio' build argument 'cmake_force_configure' from command line to 'False'
[1.124s] Level 5:colcon.colcon_core.verb:set package 'fast_lio' build argument 'ament_cmake_args' from command line to 'None'
[1.124s] Level 5:colcon.colcon_core.verb:set package 'fast_lio' build argument 'catkin_cmake_args' from command line to 'None'
[1.124s] Level 5:colcon.colcon_core.verb:set package 'fast_lio' build argument 'catkin_skip_building_tests' from command line to 'False'
[1.124s] DEBUG:colcon.colcon_core.verb:Building package 'fast_lio' with the following arguments: {'ament_cmake_args': None, 'build_base': '/home/jetson/slash_ws/build/fast_lio', 'catkin_cmake_args': None, 'catkin_skip_building_tests': False, 'cmake_args': None, 'cmake_clean_cache': False, 'cmake_clean_first': False, 'cmake_force_configure': False, 'cmake_target': None, 'cmake_target_skip_unavailable': False, 'install_base': '/home/jetson/slash_ws/install/fast_lio', 'merge_install': False, 'path': '/home/jetson/slash_ws/src/slash_localization/FAST_LIO', 'symlink_install': False, 'test_result_base': None}
[1.124s] Level 5:colcon.colcon_core.verb:set package 'joy_teleop' build argument 'cmake_args' from command line to 'None'
[1.124s] Level 5:colcon.colcon_core.verb:set package 'joy_teleop' build argument 'cmake_target' from command line to 'None'
[1.125s] Level 5:colcon.colcon_core.verb:set package 'joy_teleop' build argument 'cmake_target_skip_unavailable' from command line to 'False'
[1.125s] Level 5:colcon.colcon_core.verb:set package 'joy_teleop' build argument 'cmake_clean_cache' from command line to 'False'
[1.125s] Level 5:colcon.colcon_core.verb:set package 'joy_teleop' build argument 'cmake_clean_first' from command line to 'False'
[1.125s] Level 5:colcon.colcon_core.verb:set package 'joy_teleop' build argument 'cmake_force_configure' from command line to 'False'
[1.125s] Level 5:colcon.colcon_core.verb:set package 'joy_teleop' build argument 'ament_cmake_args' from command line to 'None'
[1.125s] Level 5:colcon.colcon_core.verb:set package 'joy_teleop' build argument 'catkin_cmake_args' from command line to 'None'
[1.125s] Level 5:colcon.colcon_core.verb:set package 'joy_teleop' build argument 'catkin_skip_building_tests' from command line to 'False'
[1.125s] DEBUG:colcon.colcon_core.verb:Building package 'joy_teleop' with the following arguments: {'ament_cmake_args': None, 'build_base': '/home/jetson/slash_ws/build/joy_teleop', 'catkin_cmake_args': None, 'catkin_skip_building_tests': False, 'cmake_args': None, 'cmake_clean_cache': False, 'cmake_clean_first': False, 'cmake_force_configure': False, 'cmake_target': None, 'cmake_target_skip_unavailable': False, 'install_base': '/home/jetson/slash_ws/install/joy_teleop', 'merge_install': False, 'path': '/home/jetson/slash_ws/src/slash_hardware/f1tenth_system/teleop_tools/joy_teleop', 'symlink_install': False, 'test_result_base': None}
[1.125s] Level 5:colcon.colcon_core.verb:set package 'linefit_ground_segmentation_ros' build argument 'cmake_args' from command line to 'None'
[1.125s] Level 5:colcon.colcon_core.verb:set package 'linefit_ground_segmentation_ros' build argument 'cmake_target' from command line to 'None'
[1.125s] Level 5:colcon.colcon_core.verb:set package 'linefit_ground_segmentation_ros' build argument 'cmake_target_skip_unavailable' from command line to 'False'
[1.126s] Level 5:colcon.colcon_core.verb:set package 'linefit_ground_segmentation_ros' build argument 'cmake_clean_cache' from command line to 'False'
[1.126s] Level 5:colcon.colcon_core.verb:set package 'linefit_ground_segmentation_ros' build argument 'cmake_clean_first' from command line to 'False'
[1.126s] Level 5:colcon.colcon_core.verb:set package 'linefit_ground_segmentation_ros' build argument 'cmake_force_configure' from command line to 'False'
[1.126s] Level 5:colcon.colcon_core.verb:set package 'linefit_ground_segmentation_ros' build argument 'ament_cmake_args' from command line to 'None'
[1.126s] Level 5:colcon.colcon_core.verb:set package 'linefit_ground_segmentation_ros' build argument 'catkin_cmake_args' from command line to 'None'
[1.126s] Level 5:colcon.colcon_core.verb:set package 'linefit_ground_segmentation_ros' build argument 'catkin_skip_building_tests' from command line to 'False'
[1.126s] DEBUG:colcon.colcon_core.verb:Building package 'linefit_ground_segmentation_ros' with the following arguments: {'ament_cmake_args': None, 'build_base': '/home/jetson/slash_ws/build/linefit_ground_segmentation_ros', 'catkin_cmake_args': None, 'catkin_skip_building_tests': False, 'cmake_args': None, 'cmake_clean_cache': False, 'cmake_clean_first': False, 'cmake_force_configure': False, 'cmake_target': None, 'cmake_target_skip_unavailable': False, 'install_base': '/home/jetson/slash_ws/install/linefit_ground_segmentation_ros', 'merge_install': False, 'path': '/home/jetson/slash_ws/src/slash_perception/linefit_ground_segementation_ros2/linefit_ground_segmentation_ros', 'symlink_install': False, 'test_result_base': None}
[1.126s] Level 5:colcon.colcon_core.verb:set package 'teb_msgs' build argument 'cmake_args' from command line to 'None'
[1.126s] Level 5:colcon.colcon_core.verb:set package 'teb_msgs' build argument 'cmake_target' from command line to 'None'
[1.126s] Level 5:colcon.colcon_core.verb:set package 'teb_msgs' build argument 'cmake_target_skip_unavailable' from command line to 'False'
[1.127s] Level 5:colcon.colcon_core.verb:set package 'teb_msgs' build argument 'cmake_clean_cache' from command line to 'False'
[1.127s] Level 5:colcon.colcon_core.verb:set package 'teb_msgs' build argument 'cmake_clean_first' from command line to 'False'
[1.127s] Level 5:colcon.colcon_core.verb:set package 'teb_msgs' build argument 'cmake_force_configure' from command line to 'False'
[1.127s] Level 5:colcon.colcon_core.verb:set package 'teb_msgs' build argument 'ament_cmake_args' from command line to 'None'
[1.127s] Level 5:colcon.colcon_core.verb:set package 'teb_msgs' build argument 'catkin_cmake_args' from command line to 'None'
[1.127s] Level 5:colcon.colcon_core.verb:set package 'teb_msgs' build argument 'catkin_skip_building_tests' from command line to 'False'
[1.127s] DEBUG:colcon.colcon_core.verb:Building package 'teb_msgs' with the following arguments: {'ament_cmake_args': None, 'build_base': '/home/jetson/slash_ws/build/teb_msgs', 'catkin_cmake_args': None, 'catkin_skip_building_tests': False, 'cmake_args': None, 'cmake_clean_cache': False, 'cmake_clean_first': False, 'cmake_force_configure': False, 'cmake_target': None, 'cmake_target_skip_unavailable': False, 'install_base': '/home/jetson/slash_ws/install/teb_msgs', 'merge_install': False, 'path': '/home/jetson/slash_ws/src/slash_navigation/teb_local_planner/teb_msgs', 'symlink_install': False, 'test_result_base': None}
[1.127s] Level 5:colcon.colcon_core.verb:set package 'vesc_ackermann' build argument 'cmake_args' from command line to 'None'
[1.127s] Level 5:colcon.colcon_core.verb:set package 'vesc_ackermann' build argument 'cmake_target' from command line to 'None'
[1.127s] Level 5:colcon.colcon_core.verb:set package 'vesc_ackermann' build argument 'cmake_target_skip_unavailable' from command line to 'False'
[1.127s] Level 5:colcon.colcon_core.verb:set package 'vesc_ackermann' build argument 'cmake_clean_cache' from command line to 'False'
[1.127s] Level 5:colcon.colcon_core.verb:set package 'vesc_ackermann' build argument 'cmake_clean_first' from command line to 'False'
[1.128s] Level 5:colcon.colcon_core.verb:set package 'vesc_ackermann' build argument 'cmake_force_configure' from command line to 'False'
[1.128s] Level 5:colcon.colcon_core.verb:set package 'vesc_ackermann' build argument 'ament_cmake_args' from command line to 'None'
[1.128s] Level 5:colcon.colcon_core.verb:set package 'vesc_ackermann' build argument 'catkin_cmake_args' from command line to 'None'
[1.128s] Level 5:colcon.colcon_core.verb:set package 'vesc_ackermann' build argument 'catkin_skip_building_tests' from command line to 'False'
[1.128s] DEBUG:colcon.colcon_core.verb:Building package 'vesc_ackermann' with the following arguments: {'ament_cmake_args': None, 'build_base': '/home/jetson/slash_ws/build/vesc_ackermann', 'catkin_cmake_args': None, 'catkin_skip_building_tests': False, 'cmake_args': None, 'cmake_clean_cache': False, 'cmake_clean_first': False, 'cmake_force_configure': False, 'cmake_target': None, 'cmake_target_skip_unavailable': False, 'install_base': '/home/jetson/slash_ws/install/vesc_ackermann', 'merge_install': False, 'path': '/home/jetson/slash_ws/src/slash_hardware/f1tenth_system/vesc/vesc_ackermann', 'symlink_install': False, 'test_result_base': None}
[1.128s] Level 5:colcon.colcon_core.verb:set package 'vesc_driver' build argument 'cmake_args' from command line to 'None'
[1.128s] Level 5:colcon.colcon_core.verb:set package 'vesc_driver' build argument 'cmake_target' from command line to 'None'
[1.128s] Level 5:colcon.colcon_core.verb:set package 'vesc_driver' build argument 'cmake_target_skip_unavailable' from command line to 'False'
[1.128s] Level 5:colcon.colcon_core.verb:set package 'vesc_driver' build argument 'cmake_clean_cache' from command line to 'False'
[1.128s] Level 5:colcon.colcon_core.verb:set package 'vesc_driver' build argument 'cmake_clean_first' from command line to 'False'
[1.128s] Level 5:colcon.colcon_core.verb:set package 'vesc_driver' build argument 'cmake_force_configure' from command line to 'False'
[1.128s] Level 5:colcon.colcon_core.verb:set package 'vesc_driver' build argument 'ament_cmake_args' from command line to 'None'
[1.129s] Level 5:colcon.colcon_core.verb:set package 'vesc_driver' build argument 'catkin_cmake_args' from command line to 'None'
[1.129s] Level 5:colcon.colcon_core.verb:set package 'vesc_driver' build argument 'catkin_skip_building_tests' from command line to 'False'
[1.129s] DEBUG:colcon.colcon_core.verb:Building package 'vesc_driver' with the following arguments: {'ament_cmake_args': None, 'build_base': '/home/jetson/slash_ws/build/vesc_driver', 'catkin_cmake_args': None, 'catkin_skip_building_tests': False, 'cmake_args': None, 'cmake_clean_cache': False, 'cmake_clean_first': False, 'cmake_force_configure': False, 'cmake_target': None, 'cmake_target_skip_unavailable': False, 'install_base': '/home/jetson/slash_ws/install/vesc_driver', 'merge_install': False, 'path': '/home/jetson/slash_ws/src/slash_hardware/f1tenth_system/vesc/vesc_driver', 'symlink_install': False, 'test_result_base': None}
[1.129s] Level 5:colcon.colcon_core.verb:set package 'teb_local_planner' build argument 'cmake_args' from command line to 'None'
[1.129s] Level 5:colcon.colcon_core.verb:set package 'teb_local_planner' build argument 'cmake_target' from command line to 'None'
[1.129s] Level 5:colcon.colcon_core.verb:set package 'teb_local_planner' build argument 'cmake_target_skip_unavailable' from command line to 'False'
[1.129s] Level 5:colcon.colcon_core.verb:set package 'teb_local_planner' build argument 'cmake_clean_cache' from command line to 'False'
[1.129s] Level 5:colcon.colcon_core.verb:set package 'teb_local_planner' build argument 'cmake_clean_first' from command line to 'False'
[1.129s] Level 5:colcon.colcon_core.verb:set package 'teb_local_planner' build argument 'cmake_force_configure' from command line to 'False'
[1.129s] Level 5:colcon.colcon_core.verb:set package 'teb_local_planner' build argument 'ament_cmake_args' from command line to 'None'
[1.129s] Level 5:colcon.colcon_core.verb:set package 'teb_local_planner' build argument 'catkin_cmake_args' from command line to 'None'
[1.130s] Level 5:colcon.colcon_core.verb:set package 'teb_local_planner' build argument 'catkin_skip_building_tests' from command line to 'False'
[1.130s] DEBUG:colcon.colcon_core.verb:Building package 'teb_local_planner' with the following arguments: {'ament_cmake_args': None, 'build_base': '/home/jetson/slash_ws/build/teb_local_planner', 'catkin_cmake_args': None, 'catkin_skip_building_tests': False, 'cmake_args': None, 'cmake_clean_cache': False, 'cmake_clean_first': False, 'cmake_force_configure': False, 'cmake_target': None, 'cmake_target_skip_unavailable': False, 'install_base': '/home/jetson/slash_ws/install/teb_local_planner', 'merge_install': False, 'path': '/home/jetson/slash_ws/src/slash_navigation/teb_local_planner/teb_local_planner', 'symlink_install': False, 'test_result_base': None}
[1.130s] Level 5:colcon.colcon_core.verb:set package 'teleop_tools' build argument 'cmake_args' from command line to 'None'
[1.130s] Level 5:colcon.colcon_core.verb:set package 'teleop_tools' build argument 'cmake_target' from command line to 'None'
[1.130s] Level 5:colcon.colcon_core.verb:set package 'teleop_tools' build argument 'cmake_target_skip_unavailable' from command line to 'False'
[1.130s] Level 5:colcon.colcon_core.verb:set package 'teleop_tools' build argument 'cmake_clean_cache' from command line to 'False'
[1.130s] Level 5:colcon.colcon_core.verb:set package 'teleop_tools' build argument 'cmake_clean_first' from command line to 'False'
[1.130s] Level 5:colcon.colcon_core.verb:set package 'teleop_tools' build argument 'cmake_force_configure' from command line to 'False'
[1.130s] Level 5:colcon.colcon_core.verb:set package 'teleop_tools' build argument 'ament_cmake_args' from command line to 'None'
[1.130s] Level 5:colcon.colcon_core.verb:set package 'teleop_tools' build argument 'catkin_cmake_args' from command line to 'None'
[1.130s] Level 5:colcon.colcon_core.verb:set package 'teleop_tools' build argument 'catkin_skip_building_tests' from command line to 'False'
[1.131s] DEBUG:colcon.colcon_core.verb:Building package 'teleop_tools' with the following arguments: {'ament_cmake_args': None, 'build_base': '/home/jetson/slash_ws/build/teleop_tools', 'catkin_cmake_args': None, 'catkin_skip_building_tests': False, 'cmake_args': None, 'cmake_clean_cache': False, 'cmake_clean_first': False, 'cmake_force_configure': False, 'cmake_target': None, 'cmake_target_skip_unavailable': False, 'install_base': '/home/jetson/slash_ws/install/teleop_tools', 'merge_install': False, 'path': '/home/jetson/slash_ws/src/slash_hardware/f1tenth_system/teleop_tools/teleop_tools', 'symlink_install': False, 'test_result_base': None}
[1.131s] Level 5:colcon.colcon_core.verb:set package 'vesc' build argument 'cmake_args' from command line to 'None'
[1.131s] Level 5:colcon.colcon_core.verb:set package 'vesc' build argument 'cmake_target' from command line to 'None'
[1.131s] Level 5:colcon.colcon_core.verb:set package 'vesc' build argument 'cmake_target_skip_unavailable' from command line to 'False'
[1.131s] Level 5:colcon.colcon_core.verb:set package 'vesc' build argument 'cmake_clean_cache' from command line to 'False'
[1.131s] Level 5:colcon.colcon_core.verb:set package 'vesc' build argument 'cmake_clean_first' from command line to 'False'
[1.131s] Level 5:colcon.colcon_core.verb:set package 'vesc' build argument 'cmake_force_configure' from command line to 'False'
[1.131s] Level 5:colcon.colcon_core.verb:set package 'vesc' build argument 'ament_cmake_args' from command line to 'None'
[1.131s] Level 5:colcon.colcon_core.verb:set package 'vesc' build argument 'catkin_cmake_args' from command line to 'None'
[1.131s] Level 5:colcon.colcon_core.verb:set package 'vesc' build argument 'catkin_skip_building_tests' from command line to 'False'
[1.131s] DEBUG:colcon.colcon_core.verb:Building package 'vesc' with the following arguments: {'ament_cmake_args': None, 'build_base': '/home/jetson/slash_ws/build/vesc', 'catkin_cmake_args': None, 'catkin_skip_building_tests': False, 'cmake_args': None, 'cmake_clean_cache': False, 'cmake_clean_first': False, 'cmake_force_configure': False, 'cmake_target': None, 'cmake_target_skip_unavailable': False, 'install_base': '/home/jetson/slash_ws/install/vesc', 'merge_install': False, 'path': '/home/jetson/slash_ws/src/slash_hardware/f1tenth_system/vesc/vesc', 'symlink_install': False, 'test_result_base': None}
[1.132s] Level 5:colcon.colcon_core.verb:set package 'f1tenth_stack' build argument 'cmake_args' from command line to 'None'
[1.132s] Level 5:colcon.colcon_core.verb:set package 'f1tenth_stack' build argument 'cmake_target' from command line to 'None'
[1.132s] Level 5:colcon.colcon_core.verb:set package 'f1tenth_stack' build argument 'cmake_target_skip_unavailable' from command line to 'False'
[1.132s] Level 5:colcon.colcon_core.verb:set package 'f1tenth_stack' build argument 'cmake_clean_cache' from command line to 'False'
[1.132s] Level 5:colcon.colcon_core.verb:set package 'f1tenth_stack' build argument 'cmake_clean_first' from command line to 'False'
[1.132s] Level 5:colcon.colcon_core.verb:set package 'f1tenth_stack' build argument 'cmake_force_configure' from command line to 'False'
[1.132s] Level 5:colcon.colcon_core.verb:set package 'f1tenth_stack' build argument 'ament_cmake_args' from command line to 'None'
[1.132s] Level 5:colcon.colcon_core.verb:set package 'f1tenth_stack' build argument 'catkin_cmake_args' from command line to 'None'
[1.132s] Level 5:colcon.colcon_core.verb:set package 'f1tenth_stack' build argument 'catkin_skip_building_tests' from command line to 'False'
[1.132s] DEBUG:colcon.colcon_core.verb:Building package 'f1tenth_stack' with the following arguments: {'ament_cmake_args': None, 'build_base': '/home/jetson/slash_ws/build/f1tenth_stack', 'catkin_cmake_args': None, 'catkin_skip_building_tests': False, 'cmake_args': None, 'cmake_clean_cache': False, 'cmake_clean_first': False, 'cmake_force_configure': False, 'cmake_target': None, 'cmake_target_skip_unavailable': False, 'install_base': '/home/jetson/slash_ws/install/f1tenth_stack', 'merge_install': False, 'path': '/home/jetson/slash_ws/src/slash_hardware/f1tenth_system/f1tenth_stack', 'symlink_install': False, 'test_result_base': None}
[1.133s] INFO:colcon.colcon_core.executor:Executing jobs using 'parallel' executor
[1.135s] DEBUG:colcon.colcon_parallel_executor.executor.parallel:run_until_complete
[1.136s] INFO:colcon.colcon_ros.task.ament_cmake.build:Building ROS package in '/home/jetson/slash_ws/src/slash_hardware/f1tenth_system/vesc/vesc_msgs' with build type 'ament_cmake'
[1.136s] INFO:colcon.colcon_cmake.task.cmake.build:Building CMake package in '/home/jetson/slash_ws/src/slash_hardware/f1tenth_system/vesc/vesc_msgs'
[1.143s] INFO:colcon.colcon_core.plugin_system:Skipping extension 'colcon_core.shell.bat': Not used on non-Windows systems
[1.143s] INFO:colcon.colcon_core.shell:Skip shell extension 'powershell' for command environment: Not usable outside of PowerShell
[1.143s] DEBUG:colcon.colcon_core.shell:Skip shell extension 'dsv' for command environment
[1.158s] INFO:colcon.colcon_ros.task.ament_cmake.build:Building ROS package in '/home/jetson/slash_ws/src/slash_navigation/costmap_converter/costmap_converter_msgs' with build type 'ament_cmake'
[1.159s] INFO:colcon.colcon_cmake.task.cmake.build:Building CMake package in '/home/jetson/slash_ws/src/slash_navigation/costmap_converter/costmap_converter_msgs'
[1.160s] INFO:colcon.colcon_core.shell:Skip shell extension 'powershell' for command environment: Not usable outside of PowerShell
[1.160s] DEBUG:colcon.colcon_core.shell:Skip shell extension 'dsv' for command environment
[1.175s] INFO:colcon.colcon_ros.task.ament_cmake.build:Building ROS package in '/home/jetson/slash_ws/src/slash_hardware/f1tenth_system/teleop_tools/teleop_tools_msgs' with build type 'ament_cmake'
[1.176s] INFO:colcon.colcon_cmake.task.cmake.build:Building CMake package in '/home/jetson/slash_ws/src/slash_hardware/f1tenth_system/teleop_tools/teleop_tools_msgs'
[1.177s] INFO:colcon.colcon_core.shell:Skip shell extension 'powershell' for command environment: Not usable outside of PowerShell
[1.178s] DEBUG:colcon.colcon_core.shell:Skip shell extension 'dsv' for command environment
[1.193s] INFO:colcon.colcon_ros.task.ament_cmake.build:Building ROS package in '/home/jetson/slash_ws/src/slash_hardware/f1tenth_system/ackermann_mux' with build type 'ament_cmake'
[1.194s] INFO:colcon.colcon_cmake.task.cmake.build:Building CMake package in '/home/jetson/slash_ws/src/slash_hardware/f1tenth_system/ackermann_mux'
[1.195s] INFO:colcon.colcon_core.shell:Skip shell extension 'powershell' for command environment: Not usable outside of PowerShell
[1.195s] DEBUG:colcon.colcon_core.shell:Skip shell extension 'dsv' for command environment
[1.210s] INFO:colcon.colcon_ros.task.ament_python.build:Building ROS package in '/home/jetson/slash_ws/src/slash_hardware/f1tenth_system/teleop_tools/key_teleop' with build type 'ament_python'
[1.211s] Level 1:colcon.colcon_core.shell:create_environment_hook('key_teleop', 'ament_prefix_path')
[1.212s] INFO:colcon.colcon_core.shell:Creating environment hook '/home/jetson/slash_ws/install/key_teleop/share/key_teleop/hook/ament_prefix_path.ps1'
[1.214s] INFO:colcon.colcon_core.shell:Creating environment descriptor '/home/jetson/slash_ws/install/key_teleop/share/key_teleop/hook/ament_prefix_path.dsv'
[1.215s] INFO:colcon.colcon_core.shell:Creating environment hook '/home/jetson/slash_ws/install/key_teleop/share/key_teleop/hook/ament_prefix_path.sh'
[1.217s] INFO:colcon.colcon_core.shell:Skip shell extension 'powershell' for command environment: Not usable outside of PowerShell
[1.217s] DEBUG:colcon.colcon_core.shell:Skip shell extension 'dsv' for command environment
[1.232s] INFO:colcon.colcon_ros.task.ament_cmake.build:Building ROS package in '/home/jetson/slash_ws/src/slash_perception/linefit_ground_segementation_ros2/linefit_ground_segmentation' with build type 'ament_cmake'
[1.234s] INFO:colcon.colcon_cmake.task.cmake.build:Building CMake package in '/home/jetson/slash_ws/src/slash_perception/linefit_ground_segementation_ros2/linefit_ground_segmentation'
[1.235s] INFO:colcon.colcon_core.shell:Skip shell extension 'powershell' for command environment: Not usable outside of PowerShell
[1.237s] DEBUG:colcon.colcon_core.shell:Skip shell extension 'dsv' for command environment
[1.252s] INFO:colcon.colcon_ros.task.ament_cmake.build:Building ROS package in '/home/jetson/slash_ws/src/slash_hardware/livox_ros_driver2/src' with build type 'ament_cmake'
[1.253s] INFO:colcon.colcon_cmake.task.cmake.build:Building CMake package in '/home/jetson/slash_ws/src/slash_hardware/livox_ros_driver2/src'
[1.254s] INFO:colcon.colcon_core.shell:Skip shell extension 'powershell' for command environment: Not usable outside of PowerShell
[1.254s] DEBUG:colcon.colcon_core.shell:Skip shell extension 'dsv' for command environment
[1.270s] INFO:colcon.colcon_ros.task.ament_python.build:Building ROS package in '/home/jetson/slash_ws/src/slash_hardware/f1tenth_system/teleop_tools/mouse_teleop' with build type 'ament_python'
[1.272s] Level 1:colcon.colcon_core.shell:create_environment_hook('mouse_teleop', 'ament_prefix_path')
[1.273s] INFO:colcon.colcon_core.shell:Creating environment hook '/home/jetson/slash_ws/install/mouse_teleop/share/mouse_teleop/hook/ament_prefix_path.ps1'
[1.275s] INFO:colcon.colcon_core.shell:Creating environment descriptor '/home/jetson/slash_ws/install/mouse_teleop/share/mouse_teleop/hook/ament_prefix_path.dsv'
[1.276s] INFO:colcon.colcon_core.shell:Creating environment hook '/home/jetson/slash_ws/install/mouse_teleop/share/mouse_teleop/hook/ament_prefix_path.sh'
[1.278s] INFO:colcon.colcon_core.shell:Skip shell extension 'powershell' for command environment: Not usable outside of PowerShell
[1.278s] DEBUG:colcon.colcon_core.shell:Skip shell extension 'dsv' for command environment
[1.308s] DEBUG:colcon.colcon_core.event_handler.log_command:Invoking command in '/home/jetson/slash_ws/build/vesc_msgs': CMAKE_PREFIX_PATH=${CMAKE_PREFIX_PATH}:/home/jetson/slash_ws/install/f1tenth_stack:/home/jetson/slash_ws/install/twist_to_ackermann:/home/jetson/slash_ws/install/joy_teleop:/home/jetson/slash_ws/install/roboracer_china_2025:/home/jetson/slash_ws/install/mouse_teleop:/home/jetson/slash_ws/install/key_teleop:/opt/ros/foxy /usr/bin/cmake --build /home/jetson/slash_ws/build/vesc_msgs -- -j8 -l8
[1.331s] DEBUG:colcon.colcon_core.event_handler.log_command:Invoking command in '/home/jetson/slash_ws/build/costmap_converter_msgs': CMAKE_PREFIX_PATH=${CMAKE_PREFIX_PATH}:/home/jetson/slash_ws/install/f1tenth_stack:/home/jetson/slash_ws/install/twist_to_ackermann:/home/jetson/slash_ws/install/joy_teleop:/home/jetson/slash_ws/install/roboracer_china_2025:/home/jetson/slash_ws/install/mouse_teleop:/home/jetson/slash_ws/install/key_teleop:/opt/ros/foxy /usr/bin/cmake --build /home/jetson/slash_ws/build/costmap_converter_msgs -- -j8 -l8
[1.344s] DEBUG:colcon.colcon_core.event_handler.log_command:Invoking command in '/home/jetson/slash_ws/build/teleop_tools_msgs': CMAKE_PREFIX_PATH=${CMAKE_PREFIX_PATH}:/home/jetson/slash_ws/install/f1tenth_stack:/home/jetson/slash_ws/install/twist_to_ackermann:/home/jetson/slash_ws/install/joy_teleop:/home/jetson/slash_ws/install/roboracer_china_2025:/home/jetson/slash_ws/install/mouse_teleop:/home/jetson/slash_ws/install/key_teleop:/opt/ros/foxy /usr/bin/cmake --build /home/jetson/slash_ws/build/teleop_tools_msgs -- -j8 -l8
[1.365s] DEBUG:colcon.colcon_core.event_handler.log_command:Invoking command in '/home/jetson/slash_ws/build/ackermann_mux': CMAKE_PREFIX_PATH=${CMAKE_PREFIX_PATH}:/home/jetson/slash_ws/install/f1tenth_stack:/home/jetson/slash_ws/install/twist_to_ackermann:/home/jetson/slash_ws/install/joy_teleop:/home/jetson/slash_ws/install/roboracer_china_2025:/home/jetson/slash_ws/install/mouse_teleop:/home/jetson/slash_ws/install/key_teleop:/opt/ros/foxy /usr/bin/cmake --build /home/jetson/slash_ws/build/ackermann_mux -- -j8 -l8
[2.155s] INFO:colcon.colcon_core.task.python.build:Building Python package in '/home/jetson/slash_ws/src/slash_hardware/f1tenth_system/teleop_tools/key_teleop'
[2.156s] INFO:colcon.colcon_core.shell:Skip shell extension 'powershell' for command environment: Not usable outside of PowerShell
[2.156s] DEBUG:colcon.colcon_core.shell:Skip shell extension 'dsv' for command environment
[2.182s] DEBUG:colcon.colcon_core.event_handler.log_command:Invoking command in '/home/jetson/slash_ws/build/linefit_ground_segmentation': CMAKE_PREFIX_PATH=${CMAKE_PREFIX_PATH}:/home/jetson/slash_ws/install/f1tenth_stack:/home/jetson/slash_ws/install/twist_to_ackermann:/home/jetson/slash_ws/install/joy_teleop:/home/jetson/slash_ws/install/roboracer_china_2025:/home/jetson/slash_ws/install/mouse_teleop:/home/jetson/slash_ws/install/key_teleop:/opt/ros/foxy /usr/bin/cmake --build /home/jetson/slash_ws/build/linefit_ground_segmentation -- -j8 -l8
[2.194s] DEBUG:colcon.colcon_core.event_handler.log_command:Invoking command in '/home/jetson/slash_ws/build/livox_ros_driver2': CMAKE_PREFIX_PATH=${CMAKE_PREFIX_PATH}:/home/jetson/slash_ws/install/f1tenth_stack:/home/jetson/slash_ws/install/twist_to_ackermann:/home/jetson/slash_ws/install/joy_teleop:/home/jetson/slash_ws/install/roboracer_china_2025:/home/jetson/slash_ws/install/mouse_teleop:/home/jetson/slash_ws/install/key_teleop:/opt/ros/foxy /usr/bin/cmake --build /home/jetson/slash_ws/build/livox_ros_driver2 -- -j8 -l8
[2.905s] INFO:colcon.colcon_core.task.python.build:Building Python package in '/home/jetson/slash_ws/src/slash_hardware/f1tenth_system/teleop_tools/mouse_teleop'
[2.906s] INFO:colcon.colcon_core.shell:Skip shell extension 'powershell' for command environment: Not usable outside of PowerShell
[2.907s] DEBUG:colcon.colcon_core.shell:Skip shell extension 'dsv' for command environment
[2.953s] DEBUG:colcon.colcon_core.event_handler.log_command:Invoked command in '/home/jetson/slash_ws/build/vesc_msgs' returned '0': CMAKE_PREFIX_PATH=${CMAKE_PREFIX_PATH}:/home/jetson/slash_ws/install/f1tenth_stack:/home/jetson/slash_ws/install/twist_to_ackermann:/home/jetson/slash_ws/install/joy_teleop:/home/jetson/slash_ws/install/roboracer_china_2025:/home/jetson/slash_ws/install/mouse_teleop:/home/jetson/slash_ws/install/key_teleop:/opt/ros/foxy /usr/bin/cmake --build /home/jetson/slash_ws/build/vesc_msgs -- -j8 -l8
[2.978s] DEBUG:colcon.colcon_core.event_handler.log_command:Invoking command in '/home/jetson/slash_ws/build/vesc_msgs': CMAKE_PREFIX_PATH=${CMAKE_PREFIX_PATH}:/home/jetson/slash_ws/install/f1tenth_stack:/home/jetson/slash_ws/install/twist_to_ackermann:/home/jetson/slash_ws/install/joy_teleop:/home/jetson/slash_ws/install/roboracer_china_2025:/home/jetson/slash_ws/install/mouse_teleop:/home/jetson/slash_ws/install/key_teleop:/opt/ros/foxy /usr/bin/cmake --install /home/jetson/slash_ws/build/vesc_msgs
[2.984s] DEBUG:colcon.colcon_core.event_handler.log_command:Invoked command in '/home/jetson/slash_ws/build/costmap_converter_msgs' returned '0': CMAKE_PREFIX_PATH=${CMAKE_PREFIX_PATH}:/home/jetson/slash_ws/install/f1tenth_stack:/home/jetson/slash_ws/install/twist_to_ackermann:/home/jetson/slash_ws/install/joy_teleop:/home/jetson/slash_ws/install/roboracer_china_2025:/home/jetson/slash_ws/install/mouse_teleop:/home/jetson/slash_ws/install/key_teleop:/opt/ros/foxy /usr/bin/cmake --build /home/jetson/slash_ws/build/costmap_converter_msgs -- -j8 -l8
[2.992s] DEBUG:colcon.colcon_core.event_handler.log_command:Invoking command in '/home/jetson/slash_ws/build/costmap_converter_msgs': CMAKE_PREFIX_PATH=${CMAKE_PREFIX_PATH}:/home/jetson/slash_ws/install/f1tenth_stack:/home/jetson/slash_ws/install/twist_to_ackermann:/home/jetson/slash_ws/install/joy_teleop:/home/jetson/slash_ws/install/roboracer_china_2025:/home/jetson/slash_ws/install/mouse_teleop:/home/jetson/slash_ws/install/key_teleop:/opt/ros/foxy /usr/bin/cmake --install /home/jetson/slash_ws/build/costmap_converter_msgs
[2.995s] DEBUG:colcon.colcon_core.event_handler.log_command:Invoked command in '/home/jetson/slash_ws/build/teleop_tools_msgs' returned '0': CMAKE_PREFIX_PATH=${CMAKE_PREFIX_PATH}:/home/jetson/slash_ws/install/f1tenth_stack:/home/jetson/slash_ws/install/twist_to_ackermann:/home/jetson/slash_ws/install/joy_teleop:/home/jetson/slash_ws/install/roboracer_china_2025:/home/jetson/slash_ws/install/mouse_teleop:/home/jetson/slash_ws/install/key_teleop:/opt/ros/foxy /usr/bin/cmake --build /home/jetson/slash_ws/build/teleop_tools_msgs -- -j8 -l8
[3.003s] DEBUG:colcon.colcon_core.event_handler.log_command:Invoking command in '/home/jetson/slash_ws/build/teleop_tools_msgs': CMAKE_PREFIX_PATH=${CMAKE_PREFIX_PATH}:/home/jetson/slash_ws/install/f1tenth_stack:/home/jetson/slash_ws/install/twist_to_ackermann:/home/jetson/slash_ws/install/joy_teleop:/home/jetson/slash_ws/install/roboracer_china_2025:/home/jetson/slash_ws/install/mouse_teleop:/home/jetson/slash_ws/install/key_teleop:/opt/ros/foxy /usr/bin/cmake --install /home/jetson/slash_ws/build/teleop_tools_msgs
[3.011s] DEBUG:colcon.colcon_core.event_handler.log_command:Invoked command in '/home/jetson/slash_ws/build/ackermann_mux' returned '0': CMAKE_PREFIX_PATH=${CMAKE_PREFIX_PATH}:/home/jetson/slash_ws/install/f1tenth_stack:/home/jetson/slash_ws/install/twist_to_ackermann:/home/jetson/slash_ws/install/joy_teleop:/home/jetson/slash_ws/install/roboracer_china_2025:/home/jetson/slash_ws/install/mouse_teleop:/home/jetson/slash_ws/install/key_teleop:/opt/ros/foxy /usr/bin/cmake --build /home/jetson/slash_ws/build/ackermann_mux -- -j8 -l8
[3.018s] DEBUG:colcon.colcon_core.event_handler.log_command:Invoking command in '/home/jetson/slash_ws/build/ackermann_mux': CMAKE_PREFIX_PATH=${CMAKE_PREFIX_PATH}:/home/jetson/slash_ws/install/f1tenth_stack:/home/jetson/slash_ws/install/twist_to_ackermann:/home/jetson/slash_ws/install/joy_teleop:/home/jetson/slash_ws/install/roboracer_china_2025:/home/jetson/slash_ws/install/mouse_teleop:/home/jetson/slash_ws/install/key_teleop:/opt/ros/foxy /usr/bin/cmake --install /home/jetson/slash_ws/build/ackermann_mux
[3.029s] DEBUG:colcon.colcon_core.event_handler.log_command:Invoked command in '/home/jetson/slash_ws/build/linefit_ground_segmentation' returned '0': CMAKE_PREFIX_PATH=${CMAKE_PREFIX_PATH}:/home/jetson/slash_ws/install/f1tenth_stack:/home/jetson/slash_ws/install/twist_to_ackermann:/home/jetson/slash_ws/install/joy_teleop:/home/jetson/slash_ws/install/roboracer_china_2025:/home/jetson/slash_ws/install/mouse_teleop:/home/jetson/slash_ws/install/key_teleop:/opt/ros/foxy /usr/bin/cmake --build /home/jetson/slash_ws/build/linefit_ground_segmentation -- -j8 -l8
[3.032s] DEBUG:colcon.colcon_core.event_handler.log_command:Invoking command in '/home/jetson/slash_ws/build/linefit_ground_segmentation': CMAKE_PREFIX_PATH=${CMAKE_PREFIX_PATH}:/home/jetson/slash_ws/install/f1tenth_stack:/home/jetson/slash_ws/install/twist_to_ackermann:/home/jetson/slash_ws/install/joy_teleop:/home/jetson/slash_ws/install/roboracer_china_2025:/home/jetson/slash_ws/install/mouse_teleop:/home/jetson/slash_ws/install/key_teleop:/opt/ros/foxy /usr/bin/cmake --install /home/jetson/slash_ws/build/linefit_ground_segmentation
[3.045s] DEBUG:colcon.colcon_core.event_handler.log_command:Invoked command in '/home/jetson/slash_ws/build/livox_ros_driver2' returned '0': CMAKE_PREFIX_PATH=${CMAKE_PREFIX_PATH}:/home/jetson/slash_ws/install/f1tenth_stack:/home/jetson/slash_ws/install/twist_to_ackermann:/home/jetson/slash_ws/install/joy_teleop:/home/jetson/slash_ws/install/roboracer_china_2025:/home/jetson/slash_ws/install/mouse_teleop:/home/jetson/slash_ws/install/key_teleop:/opt/ros/foxy /usr/bin/cmake --build /home/jetson/slash_ws/build/livox_ros_driver2 -- -j8 -l8
[3.054s] DEBUG:colcon.colcon_core.event_handler.log_command:Invoking command in '/home/jetson/slash_ws/build/livox_ros_driver2': CMAKE_PREFIX_PATH=${CMAKE_PREFIX_PATH}:/home/jetson/slash_ws/install/f1tenth_stack:/home/jetson/slash_ws/install/twist_to_ackermann:/home/jetson/slash_ws/install/joy_teleop:/home/jetson/slash_ws/install/roboracer_china_2025:/home/jetson/slash_ws/install/mouse_teleop:/home/jetson/slash_ws/install/key_teleop:/opt/ros/foxy /usr/bin/cmake --install /home/jetson/slash_ws/build/livox_ros_driver2
[3.159s] Level 1:colcon.colcon_core.environment:create_environment_scripts_only(ackermann_mux)
[3.172s] Level 1:colcon.colcon_core.environment:checking '/home/jetson/slash_ws/install/ackermann_mux' for CMake module files
[3.173s] Level 1:colcon.colcon_core.environment:checking '/home/jetson/slash_ws/install/ackermann_mux' for CMake config files
[3.173s] Level 1:colcon.colcon_core.shell:create_environment_hook('ackermann_mux', 'cmake_prefix_path')
[3.174s] INFO:colcon.colcon_core.shell:Creating environment hook '/home/jetson/slash_ws/install/ackermann_mux/share/ackermann_mux/hook/cmake_prefix_path.ps1'
[3.176s] INFO:colcon.colcon_core.shell:Creating environment descriptor '/home/jetson/slash_ws/install/ackermann_mux/share/ackermann_mux/hook/cmake_prefix_path.dsv'
[3.177s] INFO:colcon.colcon_core.shell:Creating environment hook '/home/jetson/slash_ws/install/ackermann_mux/share/ackermann_mux/hook/cmake_prefix_path.sh'
[3.180s] Level 1:colcon.colcon_core.environment:checking '/home/jetson/slash_ws/install/ackermann_mux/lib'
[3.181s] Level 1:colcon.colcon_core.environment:checking '/home/jetson/slash_ws/install/ackermann_mux/bin'
[3.181s] Level 1:colcon.colcon_core.environment:checking '/home/jetson/slash_ws/install/ackermann_mux/lib/pkgconfig/ackermann_mux.pc'
[3.182s] Level 1:colcon.colcon_core.environment:checking '/home/jetson/slash_ws/install/ackermann_mux/lib/python3.8/site-packages'
[3.182s] Level 1:colcon.colcon_core.environment:checking '/home/jetson/slash_ws/install/ackermann_mux/bin'
[3.183s] INFO:colcon.colcon_core.shell:Creating package script '/home/jetson/slash_ws/install/ackermann_mux/share/ackermann_mux/package.ps1'
[3.187s] INFO:colcon.colcon_core.shell:Creating package descriptor '/home/jetson/slash_ws/install/ackermann_mux/share/ackermann_mux/package.dsv'
[3.189s] INFO:colcon.colcon_core.shell:Creating package script '/home/jetson/slash_ws/install/ackermann_mux/share/ackermann_mux/package.sh'
[3.192s] INFO:colcon.colcon_core.shell:Creating package script '/home/jetson/slash_ws/install/ackermann_mux/share/ackermann_mux/package.bash'
[3.195s] INFO:colcon.colcon_core.shell:Creating package script '/home/jetson/slash_ws/install/ackermann_mux/share/ackermann_mux/package.zsh'
[3.198s] Level 1:colcon.colcon_core.environment:create_file_with_runtime_dependencies(/home/jetson/slash_ws/install/ackermann_mux/share/colcon-core/packages/ackermann_mux)
[3.208s] Level 1:colcon.colcon_core.environment:create_environment_scripts_only(ackermann_mux)
[3.209s] Level 1:colcon.colcon_core.environment:checking '/home/jetson/slash_ws/install/ackermann_mux' for CMake module files
[3.220s] Level 1:colcon.colcon_core.environment:checking '/home/jetson/slash_ws/install/ackermann_mux' for CMake config files
[3.225s] Level 1:colcon.colcon_core.shell:create_environment_hook('ackermann_mux', 'cmake_prefix_path')
[3.226s] INFO:colcon.colcon_core.shell:Creating environment hook '/home/jetson/slash_ws/install/ackermann_mux/share/ackermann_mux/hook/cmake_prefix_path.ps1'
[3.227s] INFO:colcon.colcon_core.shell:Creating environment descriptor '/home/jetson/slash_ws/install/ackermann_mux/share/ackermann_mux/hook/cmake_prefix_path.dsv'
[3.228s] INFO:colcon.colcon_core.shell:Creating environment hook '/home/jetson/slash_ws/install/ackermann_mux/share/ackermann_mux/hook/cmake_prefix_path.sh'
[3.229s] Level 1:colcon.colcon_core.environment:checking '/home/jetson/slash_ws/install/ackermann_mux/lib'
[3.229s] Level 1:colcon.colcon_core.environment:checking '/home/jetson/slash_ws/install/ackermann_mux/bin'
[3.229s] Level 1:colcon.colcon_core.environment:checking '/home/jetson/slash_ws/install/ackermann_mux/lib/pkgconfig/ackermann_mux.pc'
[3.230s] Level 1:colcon.colcon_core.environment:checking '/home/jetson/slash_ws/install/ackermann_mux/lib/python3.8/site-packages'
[3.230s] Level 1:colcon.colcon_core.environment:checking '/home/jetson/slash_ws/install/ackermann_mux/bin'
[3.231s] INFO:colcon.colcon_core.shell:Creating package script '/home/jetson/slash_ws/install/ackermann_mux/share/ackermann_mux/package.ps1'
[3.233s] INFO:colcon.colcon_core.shell:Creating package descriptor '/home/jetson/slash_ws/install/ackermann_mux/share/ackermann_mux/package.dsv'
[3.235s] INFO:colcon.colcon_core.shell:Creating package script '/home/jetson/slash_ws/install/ackermann_mux/share/ackermann_mux/package.sh'
[3.236s] INFO:colcon.colcon_core.shell:Creating package script '/home/jetson/slash_ws/install/ackermann_mux/share/ackermann_mux/package.bash'
[3.237s] INFO:colcon.colcon_core.shell:Creating package script '/home/jetson/slash_ws/install/ackermann_mux/share/ackermann_mux/package.zsh'
[3.239s] Level 1:colcon.colcon_core.environment:create_file_with_runtime_dependencies(/home/jetson/slash_ws/install/ackermann_mux/share/colcon-core/packages/ackermann_mux)
[3.241s] Level 1:colcon.colcon_core.environment:create_environment_scripts_only(linefit_ground_segmentation)
[3.242s] Level 1:colcon.colcon_core.environment:checking '/home/jetson/slash_ws/install/linefit_ground_segmentation' for CMake module files
[3.244s] Level 1:colcon.colcon_core.environment:checking '/home/jetson/slash_ws/install/linefit_ground_segmentation' for CMake config files
[3.246s] Level 1:colcon.colcon_core.shell:create_environment_hook('linefit_ground_segmentation', 'cmake_prefix_path')
[3.247s] INFO:colcon.colcon_core.shell:Creating environment hook '/home/jetson/slash_ws/install/linefit_ground_segmentation/share/linefit_ground_segmentation/hook/cmake_prefix_path.ps1'
[3.248s] INFO:colcon.colcon_core.shell:Creating environment descriptor '/home/jetson/slash_ws/install/linefit_ground_segmentation/share/linefit_ground_segmentation/hook/cmake_prefix_path.dsv'
[3.249s] INFO:colcon.colcon_core.shell:Creating environment hook '/home/jetson/slash_ws/install/linefit_ground_segmentation/share/linefit_ground_segmentation/hook/cmake_prefix_path.sh'
[3.251s] Level 1:colcon.colcon_core.environment:checking '/home/jetson/slash_ws/install/linefit_ground_segmentation/lib'
[3.251s] Level 1:colcon.colcon_core.shell:create_environment_hook('linefit_ground_segmentation', 'ld_library_path_lib')
[3.252s] INFO:colcon.colcon_core.shell:Creating environment hook '/home/jetson/slash_ws/install/linefit_ground_segmentation/share/linefit_ground_segmentation/hook/ld_library_path_lib.ps1'
[3.253s] INFO:colcon.colcon_core.shell:Creating environment descriptor '/home/jetson/slash_ws/install/linefit_ground_segmentation/share/linefit_ground_segmentation/hook/ld_library_path_lib.dsv'
[3.254s] INFO:colcon.colcon_core.shell:Creating environment hook '/home/jetson/slash_ws/install/linefit_ground_segmentation/share/linefit_ground_segmentation/hook/ld_library_path_lib.sh'
[3.256s] Level 1:colcon.colcon_core.environment:checking '/home/jetson/slash_ws/install/linefit_ground_segmentation/bin'
[3.256s] Level 1:colcon.colcon_core.environment:checking '/home/jetson/slash_ws/install/linefit_ground_segmentation/lib/pkgconfig/linefit_ground_segmentation.pc'
[3.256s] Level 1:colcon.colcon_core.environment:checking '/home/jetson/slash_ws/install/linefit_ground_segmentation/lib/python3.8/site-packages'
[3.257s] Level 1:colcon.colcon_core.environment:checking '/home/jetson/slash_ws/install/linefit_ground_segmentation/bin'
[3.258s] INFO:colcon.colcon_core.shell:Creating package script '/home/jetson/slash_ws/install/linefit_ground_segmentation/share/linefit_ground_segmentation/package.ps1'
[3.259s] INFO:colcon.colcon_core.shell:Creating package descriptor '/home/jetson/slash_ws/install/linefit_ground_segmentation/share/linefit_ground_segmentation/package.dsv'
[3.261s] INFO:colcon.colcon_core.shell:Creating package script '/home/jetson/slash_ws/install/linefit_ground_segmentation/share/linefit_ground_segmentation/package.sh'
[3.262s] INFO:colcon.colcon_core.shell:Creating package script '/home/jetson/slash_ws/install/linefit_ground_segmentation/share/linefit_ground_segmentation/package.bash'
[3.263s] INFO:colcon.colcon_core.shell:Creating package script '/home/jetson/slash_ws/install/linefit_ground_segmentation/share/linefit_ground_segmentation/package.zsh'
[3.264s] DEBUG:colcon.colcon_core.event_handler.log_command:Invoked command in '/home/jetson/slash_ws/build/ackermann_mux' returned '0': CMAKE_PREFIX_PATH=${CMAKE_PREFIX_PATH}:/home/jetson/slash_ws/install/f1tenth_stack:/home/jetson/slash_ws/install/twist_to_ackermann:/home/jetson/slash_ws/install/joy_teleop:/home/jetson/slash_ws/install/roboracer_china_2025:/home/jetson/slash_ws/install/mouse_teleop:/home/jetson/slash_ws/install/key_teleop:/opt/ros/foxy /usr/bin/cmake --install /home/jetson/slash_ws/build/ackermann_mux
[3.265s] Level 1:colcon.colcon_core.environment:create_file_with_runtime_dependencies(/home/jetson/slash_ws/install/linefit_ground_segmentation/share/colcon-core/packages/linefit_ground_segmentation)
[3.267s] Level 1:colcon.colcon_core.environment:create_environment_scripts_only(linefit_ground_segmentation)
[3.268s] Level 1:colcon.colcon_core.environment:checking '/home/jetson/slash_ws/install/linefit_ground_segmentation' for CMake module files
[3.270s] Level 1:colcon.colcon_core.environment:checking '/home/jetson/slash_ws/install/linefit_ground_segmentation' for CMake config files
[3.273s] Level 1:colcon.colcon_core.shell:create_environment_hook('linefit_ground_segmentation', 'cmake_prefix_path')
[3.273s] INFO:colcon.colcon_core.shell:Creating environment hook '/home/jetson/slash_ws/install/linefit_ground_segmentation/share/linefit_ground_segmentation/hook/cmake_prefix_path.ps1'
[3.275s] INFO:colcon.colcon_core.shell:Creating environment descriptor '/home/jetson/slash_ws/install/linefit_ground_segmentation/share/linefit_ground_segmentation/hook/cmake_prefix_path.dsv'
[3.276s] INFO:colcon.colcon_core.shell:Creating environment hook '/home/jetson/slash_ws/install/linefit_ground_segmentation/share/linefit_ground_segmentation/hook/cmake_prefix_path.sh'
[3.278s] Level 1:colcon.colcon_core.environment:checking '/home/jetson/slash_ws/install/linefit_ground_segmentation/lib'
[3.278s] Level 1:colcon.colcon_core.shell:create_environment_hook('linefit_ground_segmentation', 'ld_library_path_lib')
[3.279s] INFO:colcon.colcon_core.shell:Creating environment hook '/home/jetson/slash_ws/install/linefit_ground_segmentation/share/linefit_ground_segmentation/hook/ld_library_path_lib.ps1'
[3.280s] INFO:colcon.colcon_core.shell:Creating environment descriptor '/home/jetson/slash_ws/install/linefit_ground_segmentation/share/linefit_ground_segmentation/hook/ld_library_path_lib.dsv'
[3.281s] INFO:colcon.colcon_core.shell:Creating environment hook '/home/jetson/slash_ws/install/linefit_ground_segmentation/share/linefit_ground_segmentation/hook/ld_library_path_lib.sh'
[3.282s] Level 1:colcon.colcon_core.environment:checking '/home/jetson/slash_ws/install/linefit_ground_segmentation/bin'
[3.282s] Level 1:colcon.colcon_core.environment:checking '/home/jetson/slash_ws/install/linefit_ground_segmentation/lib/pkgconfig/linefit_ground_segmentation.pc'
[3.283s] Level 1:colcon.colcon_core.environment:checking '/home/jetson/slash_ws/install/linefit_ground_segmentation/lib/python3.8/site-packages'
[3.283s] Level 1:colcon.colcon_core.environment:checking '/home/jetson/slash_ws/install/linefit_ground_segmentation/bin'
[3.284s] INFO:colcon.colcon_core.shell:Creating package script '/home/jetson/slash_ws/install/linefit_ground_segmentation/share/linefit_ground_segmentation/package.ps1'
[3.286s] DEBUG:colcon.colcon_core.event_handler.log_command:Invoked command in '/home/jetson/slash_ws/build/linefit_ground_segmentation' returned '0': CMAKE_PREFIX_PATH=${CMAKE_PREFIX_PATH}:/home/jetson/slash_ws/install/f1tenth_stack:/home/jetson/slash_ws/install/twist_to_ackermann:/home/jetson/slash_ws/install/joy_teleop:/home/jetson/slash_ws/install/roboracer_china_2025:/home/jetson/slash_ws/install/mouse_teleop:/home/jetson/slash_ws/install/key_teleop:/opt/ros/foxy /usr/bin/cmake --install /home/jetson/slash_ws/build/linefit_ground_segmentation
[3.286s] INFO:colcon.colcon_core.shell:Creating package descriptor '/home/jetson/slash_ws/install/linefit_ground_segmentation/share/linefit_ground_segmentation/package.dsv'
[3.289s] INFO:colcon.colcon_core.shell:Creating package script '/home/jetson/slash_ws/install/linefit_ground_segmentation/share/linefit_ground_segmentation/package.sh'
[3.290s] INFO:colcon.colcon_core.shell:Creating package script '/home/jetson/slash_ws/install/linefit_ground_segmentation/share/linefit_ground_segmentation/package.bash'
[3.291s] INFO:colcon.colcon_core.shell:Creating package script '/home/jetson/slash_ws/install/linefit_ground_segmentation/share/linefit_ground_segmentation/package.zsh'
[3.292s] Level 1:colcon.colcon_core.environment:create_file_with_runtime_dependencies(/home/jetson/slash_ws/install/linefit_ground_segmentation/share/colcon-core/packages/linefit_ground_segmentation)
[3.294s] INFO:colcon.colcon_ros.task.ament_cmake.build:Building ROS package in '/home/jetson/slash_ws/src/slash_perception/pointcloud_to_laserscan' with build type 'ament_cmake'
[3.295s] INFO:colcon.colcon_cmake.task.cmake.build:Building CMake package in '/home/jetson/slash_ws/src/slash_perception/pointcloud_to_laserscan'
[3.295s] INFO:colcon.colcon_core.shell:Skip shell extension 'powershell' for command environment: Not usable outside of PowerShell
[3.296s] DEBUG:colcon.colcon_core.shell:Skip shell extension 'dsv' for command environment
[3.316s] INFO:colcon.colcon_ros.task.ament_python.build:Building ROS package in '/home/jetson/slash_ws/src/slash_navigation/roboracer_china_2025' with build type 'ament_python'
[3.317s] Level 1:colcon.colcon_core.shell:create_environment_hook('roboracer_china_2025', 'ament_prefix_path')
[3.319s] INFO:colcon.colcon_core.shell:Creating environment hook '/home/jetson/slash_ws/install/roboracer_china_2025/share/roboracer_china_2025/hook/ament_prefix_path.ps1'
[3.321s] INFO:colcon.colcon_core.shell:Creating environment descriptor '/home/jetson/slash_ws/install/roboracer_china_2025/share/roboracer_china_2025/hook/ament_prefix_path.dsv'
[3.323s] INFO:colcon.colcon_core.shell:Creating environment hook '/home/jetson/slash_ws/install/roboracer_china_2025/share/roboracer_china_2025/hook/ament_prefix_path.sh'
[3.326s] INFO:colcon.colcon_core.shell:Skip shell extension 'powershell' for command environment: Not usable outside of PowerShell
[3.326s] DEBUG:colcon.colcon_core.shell:Skip shell extension 'dsv' for command environment
[3.352s] Level 1:colcon.colcon_core.environment:create_environment_scripts_only(vesc_msgs)
[3.354s] Level 1:colcon.colcon_core.environment:checking '/home/jetson/slash_ws/install/vesc_msgs' for CMake module files
[3.356s] DEBUG:colcon.colcon_core.event_handler.log_command:Invoked command in '/home/jetson/slash_ws/build/vesc_msgs' returned '0': CMAKE_PREFIX_PATH=${CMAKE_PREFIX_PATH}:/home/jetson/slash_ws/install/f1tenth_stack:/home/jetson/slash_ws/install/twist_to_ackermann:/home/jetson/slash_ws/install/joy_teleop:/home/jetson/slash_ws/install/roboracer_china_2025:/home/jetson/slash_ws/install/mouse_teleop:/home/jetson/slash_ws/install/key_teleop:/opt/ros/foxy /usr/bin/cmake --install /home/jetson/slash_ws/build/vesc_msgs
[3.357s] Level 1:colcon.colcon_core.environment:checking '/home/jetson/slash_ws/install/vesc_msgs' for CMake config files
[3.358s] Level 1:colcon.colcon_core.shell:create_environment_hook('vesc_msgs', 'cmake_prefix_path')
[3.359s] INFO:colcon.colcon_core.shell:Creating environment hook '/home/jetson/slash_ws/install/vesc_msgs/share/vesc_msgs/hook/cmake_prefix_path.ps1'
[3.361s] INFO:colcon.colcon_core.shell:Creating environment descriptor '/home/jetson/slash_ws/install/vesc_msgs/share/vesc_msgs/hook/cmake_prefix_path.dsv'
[3.361s] INFO:colcon.colcon_core.shell:Creating environment hook '/home/jetson/slash_ws/install/vesc_msgs/share/vesc_msgs/hook/cmake_prefix_path.sh'
[3.363s] Level 1:colcon.colcon_core.environment:checking '/home/jetson/slash_ws/install/vesc_msgs/lib'
[3.363s] Level 1:colcon.colcon_core.shell:create_environment_hook('vesc_msgs', 'ld_library_path_lib')
[3.363s] INFO:colcon.colcon_core.shell:Creating environment hook '/home/jetson/slash_ws/install/vesc_msgs/share/vesc_msgs/hook/ld_library_path_lib.ps1'
[3.364s] INFO:colcon.colcon_core.shell:Creating environment descriptor '/home/jetson/slash_ws/install/vesc_msgs/share/vesc_msgs/hook/ld_library_path_lib.dsv'
[3.365s] INFO:colcon.colcon_core.shell:Creating environment hook '/home/jetson/slash_ws/install/vesc_msgs/share/vesc_msgs/hook/ld_library_path_lib.sh'
[3.366s] Level 1:colcon.colcon_core.environment:checking '/home/jetson/slash_ws/install/vesc_msgs/bin'
[3.366s] Level 1:colcon.colcon_core.environment:checking '/home/jetson/slash_ws/install/vesc_msgs/lib/pkgconfig/vesc_msgs.pc'
[3.366s] Level 1:colcon.colcon_core.environment:checking '/home/jetson/slash_ws/install/vesc_msgs/lib/python3.8/site-packages'
[3.366s] Level 1:colcon.colcon_core.shell:create_environment_hook('vesc_msgs', 'pythonpath')
[3.367s] INFO:colcon.colcon_core.shell:Creating environment hook '/home/jetson/slash_ws/install/vesc_msgs/share/vesc_msgs/hook/pythonpath.ps1'
[3.368s] INFO:colcon.colcon_core.shell:Creating environment descriptor '/home/jetson/slash_ws/install/vesc_msgs/share/vesc_msgs/hook/pythonpath.dsv'
[3.368s] INFO:colcon.colcon_core.shell:Creating environment hook '/home/jetson/slash_ws/install/vesc_msgs/share/vesc_msgs/hook/pythonpath.sh'
[3.369s] Level 1:colcon.colcon_core.environment:checking '/home/jetson/slash_ws/install/vesc_msgs/bin'
[3.370s] INFO:colcon.colcon_core.shell:Creating package script '/home/jetson/slash_ws/install/vesc_msgs/share/vesc_msgs/package.ps1'
[3.372s] INFO:colcon.colcon_core.shell:Creating package descriptor '/home/jetson/slash_ws/install/vesc_msgs/share/vesc_msgs/package.dsv'
[3.373s] INFO:colcon.colcon_core.shell:Creating package script '/home/jetson/slash_ws/install/vesc_msgs/share/vesc_msgs/package.sh'
[3.374s] INFO:colcon.colcon_core.shell:Creating package script '/home/jetson/slash_ws/install/vesc_msgs/share/vesc_msgs/package.bash'
[3.375s] INFO:colcon.colcon_core.shell:Creating package script '/home/jetson/slash_ws/install/vesc_msgs/share/vesc_msgs/package.zsh'
[3.375s] Level 1:colcon.colcon_core.environment:create_file_with_runtime_dependencies(/home/jetson/slash_ws/install/vesc_msgs/share/colcon-core/packages/vesc_msgs)
[3.377s] Level 1:colcon.colcon_core.environment:create_environment_scripts_only(vesc_msgs)
[3.377s] Level 1:colcon.colcon_core.environment:checking '/home/jetson/slash_ws/install/vesc_msgs' for CMake module files
[3.378s] Level 1:colcon.colcon_core.environment:checking '/home/jetson/slash_ws/install/vesc_msgs' for CMake config files
[3.379s] Level 1:colcon.colcon_core.shell:create_environment_hook('vesc_msgs', 'cmake_prefix_path')
[3.379s] INFO:colcon.colcon_core.shell:Creating environment hook '/home/jetson/slash_ws/install/vesc_msgs/share/vesc_msgs/hook/cmake_prefix_path.ps1'
[3.380s] INFO:colcon.colcon_core.shell:Creating environment descriptor '/home/jetson/slash_ws/install/vesc_msgs/share/vesc_msgs/hook/cmake_prefix_path.dsv'
[3.381s] INFO:colcon.colcon_core.shell:Creating environment hook '/home/jetson/slash_ws/install/vesc_msgs/share/vesc_msgs/hook/cmake_prefix_path.sh'
[3.382s] Level 1:colcon.colcon_core.environment:checking '/home/jetson/slash_ws/install/vesc_msgs/lib'
[3.382s] Level 1:colcon.colcon_core.shell:create_environment_hook('vesc_msgs', 'ld_library_path_lib')
[3.383s] INFO:colcon.colcon_core.shell:Creating environment hook '/home/jetson/slash_ws/install/vesc_msgs/share/vesc_msgs/hook/ld_library_path_lib.ps1'
[3.383s] INFO:colcon.colcon_core.shell:Creating environment descriptor '/home/jetson/slash_ws/install/vesc_msgs/share/vesc_msgs/hook/ld_library_path_lib.dsv'
[3.384s] INFO:colcon.colcon_core.shell:Creating environment hook '/home/jetson/slash_ws/install/vesc_msgs/share/vesc_msgs/hook/ld_library_path_lib.sh'
[3.385s] Level 1:colcon.colcon_core.environment:checking '/home/jetson/slash_ws/install/vesc_msgs/bin'
[3.385s] Level 1:colcon.colcon_core.environment:checking '/home/jetson/slash_ws/install/vesc_msgs/lib/pkgconfig/vesc_msgs.pc'
[3.385s] Level 1:colcon.colcon_core.environment:checking '/home/jetson/slash_ws/install/vesc_msgs/lib/python3.8/site-packages'
[3.385s] Level 1:colcon.colcon_core.shell:create_environment_hook('vesc_msgs', 'pythonpath')
[3.386s] INFO:colcon.colcon_core.shell:Creating environment hook '/home/jetson/slash_ws/install/vesc_msgs/share/vesc_msgs/hook/pythonpath.ps1'
[3.387s] INFO:colcon.colcon_core.shell:Creating environment descriptor '/home/jetson/slash_ws/install/vesc_msgs/share/vesc_msgs/hook/pythonpath.dsv'
[3.387s] INFO:colcon.colcon_core.shell:Creating environment hook '/home/jetson/slash_ws/install/vesc_msgs/share/vesc_msgs/hook/pythonpath.sh'
[3.391s] Level 1:colcon.colcon_core.environment:checking '/home/jetson/slash_ws/install/vesc_msgs/bin'
[3.392s] INFO:colcon.colcon_core.shell:Creating package script '/home/jetson/slash_ws/install/vesc_msgs/share/vesc_msgs/package.ps1'
[3.393s] INFO:colcon.colcon_core.shell:Creating package descriptor '/home/jetson/slash_ws/install/vesc_msgs/share/vesc_msgs/package.dsv'
[3.394s] INFO:colcon.colcon_core.shell:Creating package script '/home/jetson/slash_ws/install/vesc_msgs/share/vesc_msgs/package.sh'
[3.395s] INFO:colcon.colcon_core.shell:Creating package script '/home/jetson/slash_ws/install/vesc_msgs/share/vesc_msgs/package.bash'
[3.396s] INFO:colcon.colcon_core.shell:Creating package script '/home/jetson/slash_ws/install/vesc_msgs/share/vesc_msgs/package.zsh'
[3.397s] Level 1:colcon.colcon_core.environment:create_file_with_runtime_dependencies(/home/jetson/slash_ws/install/vesc_msgs/share/colcon-core/packages/vesc_msgs)
[3.398s] Level 1:colcon.colcon_core.environment:create_environment_scripts_only(costmap_converter_msgs)
[3.399s] Level 1:colcon.colcon_core.environment:checking '/home/jetson/slash_ws/install/costmap_converter_msgs' for CMake module files
[3.401s] DEBUG:colcon.colcon_core.event_handler.log_command:Invoked command in '/home/jetson/slash_ws/build/costmap_converter_msgs' returned '0': CMAKE_PREFIX_PATH=${CMAKE_PREFIX_PATH}:/home/jetson/slash_ws/install/f1tenth_stack:/home/jetson/slash_ws/install/twist_to_ackermann:/home/jetson/slash_ws/install/joy_teleop:/home/jetson/slash_ws/install/roboracer_china_2025:/home/jetson/slash_ws/install/mouse_teleop:/home/jetson/slash_ws/install/key_teleop:/opt/ros/foxy /usr/bin/cmake --install /home/jetson/slash_ws/build/costmap_converter_msgs
[3.401s] Level 1:colcon.colcon_core.environment:checking '/home/jetson/slash_ws/install/costmap_converter_msgs' for CMake config files
[3.402s] Level 1:colcon.colcon_core.shell:create_environment_hook('costmap_converter_msgs', 'cmake_prefix_path')
[3.403s] INFO:colcon.colcon_core.shell:Creating environment hook '/home/jetson/slash_ws/install/costmap_converter_msgs/share/costmap_converter_msgs/hook/cmake_prefix_path.ps1'
[3.404s] INFO:colcon.colcon_core.shell:Creating environment descriptor '/home/jetson/slash_ws/install/costmap_converter_msgs/share/costmap_converter_msgs/hook/cmake_prefix_path.dsv'
[3.405s] INFO:colcon.colcon_core.shell:Creating environment hook '/home/jetson/slash_ws/install/costmap_converter_msgs/share/costmap_converter_msgs/hook/cmake_prefix_path.sh'
[3.406s] Level 1:colcon.colcon_core.environment:checking '/home/jetson/slash_ws/install/costmap_converter_msgs/lib'
[3.406s] Level 1:colcon.colcon_core.shell:create_environment_hook('costmap_converter_msgs', 'ld_library_path_lib')
[3.406s] INFO:colcon.colcon_core.shell:Creating environment hook '/home/jetson/slash_ws/install/costmap_converter_msgs/share/costmap_converter_msgs/hook/ld_library_path_lib.ps1'
[3.407s] INFO:colcon.colcon_core.shell:Creating environment descriptor '/home/jetson/slash_ws/install/costmap_converter_msgs/share/costmap_converter_msgs/hook/ld_library_path_lib.dsv'
[3.408s] INFO:colcon.colcon_core.shell:Creating environment hook '/home/jetson/slash_ws/install/costmap_converter_msgs/share/costmap_converter_msgs/hook/ld_library_path_lib.sh'
[3.408s] Level 1:colcon.colcon_core.environment:checking '/home/jetson/slash_ws/install/costmap_converter_msgs/bin'
[3.409s] Level 1:colcon.colcon_core.environment:checking '/home/jetson/slash_ws/install/costmap_converter_msgs/lib/pkgconfig/costmap_converter_msgs.pc'
[3.409s] Level 1:colcon.colcon_core.environment:checking '/home/jetson/slash_ws/install/costmap_converter_msgs/lib/python3.8/site-packages'
[3.409s] Level 1:colcon.colcon_core.shell:create_environment_hook('costmap_converter_msgs', 'pythonpath')
[3.409s] INFO:colcon.colcon_core.shell:Creating environment hook '/home/jetson/slash_ws/install/costmap_converter_msgs/share/costmap_converter_msgs/hook/pythonpath.ps1'
[3.410s] INFO:colcon.colcon_core.shell:Creating environment descriptor '/home/jetson/slash_ws/install/costmap_converter_msgs/share/costmap_converter_msgs/hook/pythonpath.dsv'
[3.411s] INFO:colcon.colcon_core.shell:Creating environment hook '/home/jetson/slash_ws/install/costmap_converter_msgs/share/costmap_converter_msgs/hook/pythonpath.sh'
[3.412s] Level 1:colcon.colcon_core.environment:checking '/home/jetson/slash_ws/install/costmap_converter_msgs/bin'
[3.412s] INFO:colcon.colcon_core.shell:Creating package script '/home/jetson/slash_ws/install/costmap_converter_msgs/share/costmap_converter_msgs/package.ps1'
[3.413s] INFO:colcon.colcon_core.shell:Creating package descriptor '/home/jetson/slash_ws/install/costmap_converter_msgs/share/costmap_converter_msgs/package.dsv'
[3.414s] INFO:colcon.colcon_core.shell:Creating package script '/home/jetson/slash_ws/install/costmap_converter_msgs/share/costmap_converter_msgs/package.sh'
[3.415s] INFO:colcon.colcon_core.shell:Creating package script '/home/jetson/slash_ws/install/costmap_converter_msgs/share/costmap_converter_msgs/package.bash'
[3.416s] INFO:colcon.colcon_core.shell:Creating package script '/home/jetson/slash_ws/install/costmap_converter_msgs/share/costmap_converter_msgs/package.zsh'
[3.416s] Level 1:colcon.colcon_core.environment:create_file_with_runtime_dependencies(/home/jetson/slash_ws/install/costmap_converter_msgs/share/colcon-core/packages/costmap_converter_msgs)
[3.418s] Level 1:colcon.colcon_core.environment:create_environment_scripts_only(costmap_converter_msgs)
[3.418s] Level 1:colcon.colcon_core.environment:checking '/home/jetson/slash_ws/install/costmap_converter_msgs' for CMake module files
[3.419s] Level 1:colcon.colcon_core.environment:checking '/home/jetson/slash_ws/install/costmap_converter_msgs' for CMake config files
[3.420s] Level 1:colcon.colcon_core.shell:create_environment_hook('costmap_converter_msgs', 'cmake_prefix_path')
[3.420s] INFO:colcon.colcon_core.shell:Creating environment hook '/home/jetson/slash_ws/install/costmap_converter_msgs/share/costmap_converter_msgs/hook/cmake_prefix_path.ps1'
[3.421s] INFO:colcon.colcon_core.shell:Creating environment descriptor '/home/jetson/slash_ws/install/costmap_converter_msgs/share/costmap_converter_msgs/hook/cmake_prefix_path.dsv'
[3.422s] INFO:colcon.colcon_core.shell:Creating environment hook '/home/jetson/slash_ws/install/costmap_converter_msgs/share/costmap_converter_msgs/hook/cmake_prefix_path.sh'
[3.423s] Level 1:colcon.colcon_core.environment:checking '/home/jetson/slash_ws/install/costmap_converter_msgs/lib'
[3.423s] Level 1:colcon.colcon_core.shell:create_environment_hook('costmap_converter_msgs', 'ld_library_path_lib')
[3.424s] INFO:colcon.colcon_core.shell:Creating environment hook '/home/jetson/slash_ws/install/costmap_converter_msgs/share/costmap_converter_msgs/hook/ld_library_path_lib.ps1'
[3.425s] INFO:colcon.colcon_core.shell:Creating environment descriptor '/home/jetson/slash_ws/install/costmap_converter_msgs/share/costmap_converter_msgs/hook/ld_library_path_lib.dsv'
[3.425s] INFO:colcon.colcon_core.shell:Creating environment hook '/home/jetson/slash_ws/install/costmap_converter_msgs/share/costmap_converter_msgs/hook/ld_library_path_lib.sh'
[3.426s] Level 1:colcon.colcon_core.environment:checking '/home/jetson/slash_ws/install/costmap_converter_msgs/bin'
[3.426s] Level 1:colcon.colcon_core.environment:checking '/home/jetson/slash_ws/install/costmap_converter_msgs/lib/pkgconfig/costmap_converter_msgs.pc'
[3.426s] Level 1:colcon.colcon_core.environment:checking '/home/jetson/slash_ws/install/costmap_converter_msgs/lib/python3.8/site-packages'
[3.427s] Level 1:colcon.colcon_core.shell:create_environment_hook('costmap_converter_msgs', 'pythonpath')
[3.427s] INFO:colcon.colcon_core.shell:Creating environment hook '/home/jetson/slash_ws/install/costmap_converter_msgs/share/costmap_converter_msgs/hook/pythonpath.ps1'
[3.428s] INFO:colcon.colcon_core.shell:Creating environment descriptor '/home/jetson/slash_ws/install/costmap_converter_msgs/share/costmap_converter_msgs/hook/pythonpath.dsv'
[3.429s] INFO:colcon.colcon_core.shell:Creating environment hook '/home/jetson/slash_ws/install/costmap_converter_msgs/share/costmap_converter_msgs/hook/pythonpath.sh'
[3.430s] Level 1:colcon.colcon_core.environment:checking '/home/jetson/slash_ws/install/costmap_converter_msgs/bin'
[3.431s] INFO:colcon.colcon_core.shell:Creating package script '/home/jetson/slash_ws/install/costmap_converter_msgs/share/costmap_converter_msgs/package.ps1'
[3.432s] INFO:colcon.colcon_core.shell:Creating package descriptor '/home/jetson/slash_ws/install/costmap_converter_msgs/share/costmap_converter_msgs/package.dsv'
[3.433s] INFO:colcon.colcon_core.shell:Creating package script '/home/jetson/slash_ws/install/costmap_converter_msgs/share/costmap_converter_msgs/package.sh'
[3.434s] INFO:colcon.colcon_core.shell:Creating package script '/home/jetson/slash_ws/install/costmap_converter_msgs/share/costmap_converter_msgs/package.bash'
[3.435s] INFO:colcon.colcon_core.shell:Creating package script '/home/jetson/slash_ws/install/costmap_converter_msgs/share/costmap_converter_msgs/package.zsh'
[3.435s] Level 1:colcon.colcon_core.environment:create_file_with_runtime_dependencies(/home/jetson/slash_ws/install/costmap_converter_msgs/share/colcon-core/packages/costmap_converter_msgs)
[3.436s] Level 1:colcon.colcon_core.environment:create_environment_scripts_only(teleop_tools_msgs)
[3.437s] Level 1:colcon.colcon_core.environment:checking '/home/jetson/slash_ws/install/teleop_tools_msgs' for CMake module files
[3.439s] DEBUG:colcon.colcon_core.event_handler.log_command:Invoked command in '/home/jetson/slash_ws/build/teleop_tools_msgs' returned '0': CMAKE_PREFIX_PATH=${CMAKE_PREFIX_PATH}:/home/jetson/slash_ws/install/f1tenth_stack:/home/jetson/slash_ws/install/twist_to_ackermann:/home/jetson/slash_ws/install/joy_teleop:/home/jetson/slash_ws/install/roboracer_china_2025:/home/jetson/slash_ws/install/mouse_teleop:/home/jetson/slash_ws/install/key_teleop:/opt/ros/foxy /usr/bin/cmake --install /home/jetson/slash_ws/build/teleop_tools_msgs
[3.439s] Level 1:colcon.colcon_core.environment:checking '/home/jetson/slash_ws/install/teleop_tools_msgs' for CMake config files
[3.440s] Level 1:colcon.colcon_core.shell:create_environment_hook('teleop_tools_msgs', 'cmake_prefix_path')
[3.441s] INFO:colcon.colcon_core.shell:Creating environment hook '/home/jetson/slash_ws/install/teleop_tools_msgs/share/teleop_tools_msgs/hook/cmake_prefix_path.ps1'
[3.442s] INFO:colcon.colcon_core.shell:Creating environment descriptor '/home/jetson/slash_ws/install/teleop_tools_msgs/share/teleop_tools_msgs/hook/cmake_prefix_path.dsv'
[3.442s] INFO:colcon.colcon_core.shell:Creating environment hook '/home/jetson/slash_ws/install/teleop_tools_msgs/share/teleop_tools_msgs/hook/cmake_prefix_path.sh'
[3.443s] Level 1:colcon.colcon_core.environment:checking '/home/jetson/slash_ws/install/teleop_tools_msgs/lib'
[3.444s] Level 1:colcon.colcon_core.shell:create_environment_hook('teleop_tools_msgs', 'ld_library_path_lib')
[3.444s] INFO:colcon.colcon_core.shell:Creating environment hook '/home/jetson/slash_ws/install/teleop_tools_msgs/share/teleop_tools_msgs/hook/ld_library_path_lib.ps1'
[3.445s] INFO:colcon.colcon_core.shell:Creating environment descriptor '/home/jetson/slash_ws/install/teleop_tools_msgs/share/teleop_tools_msgs/hook/ld_library_path_lib.dsv'
[3.445s] INFO:colcon.colcon_core.shell:Creating environment hook '/home/jetson/slash_ws/install/teleop_tools_msgs/share/teleop_tools_msgs/hook/ld_library_path_lib.sh'
[3.446s] Level 1:colcon.colcon_core.environment:checking '/home/jetson/slash_ws/install/teleop_tools_msgs/bin'
[3.446s] Level 1:colcon.colcon_core.environment:checking '/home/jetson/slash_ws/install/teleop_tools_msgs/lib/pkgconfig/teleop_tools_msgs.pc'
[3.447s] Level 1:colcon.colcon_core.environment:checking '/home/jetson/slash_ws/install/teleop_tools_msgs/lib/python3.8/site-packages'
[3.447s] Level 1:colcon.colcon_core.shell:create_environment_hook('teleop_tools_msgs', 'pythonpath')
[3.447s] INFO:colcon.colcon_core.shell:Creating environment hook '/home/jetson/slash_ws/install/teleop_tools_msgs/share/teleop_tools_msgs/hook/pythonpath.ps1'
[3.448s] INFO:colcon.colcon_core.shell:Creating environment descriptor '/home/jetson/slash_ws/install/teleop_tools_msgs/share/teleop_tools_msgs/hook/pythonpath.dsv'
[3.448s] INFO:colcon.colcon_core.shell:Creating environment hook '/home/jetson/slash_ws/install/teleop_tools_msgs/share/teleop_tools_msgs/hook/pythonpath.sh'
[3.449s] Level 1:colcon.colcon_core.environment:checking '/home/jetson/slash_ws/install/teleop_tools_msgs/bin'
[3.450s] INFO:colcon.colcon_core.shell:Creating package script '/home/jetson/slash_ws/install/teleop_tools_msgs/share/teleop_tools_msgs/package.ps1'
[3.451s] INFO:colcon.colcon_core.shell:Creating package descriptor '/home/jetson/slash_ws/install/teleop_tools_msgs/share/teleop_tools_msgs/package.dsv'
[3.452s] INFO:colcon.colcon_core.shell:Creating package script '/home/jetson/slash_ws/install/teleop_tools_msgs/share/teleop_tools_msgs/package.sh'
[3.453s] INFO:colcon.colcon_core.shell:Creating package script '/home/jetson/slash_ws/install/teleop_tools_msgs/share/teleop_tools_msgs/package.bash'
[3.454s] INFO:colcon.colcon_core.shell:Creating package script '/home/jetson/slash_ws/install/teleop_tools_msgs/share/teleop_tools_msgs/package.zsh'
[3.455s] Level 1:colcon.colcon_core.environment:create_file_with_runtime_dependencies(/home/jetson/slash_ws/install/teleop_tools_msgs/share/colcon-core/packages/teleop_tools_msgs)
[3.456s] Level 1:colcon.colcon_core.environment:create_environment_scripts_only(teleop_tools_msgs)
[3.456s] Level 1:colcon.colcon_core.environment:checking '/home/jetson/slash_ws/install/teleop_tools_msgs' for CMake module files
[3.458s] Level 1:colcon.colcon_core.environment:checking '/home/jetson/slash_ws/install/teleop_tools_msgs' for CMake config files
[3.459s] Level 1:colcon.colcon_core.shell:create_environment_hook('teleop_tools_msgs', 'cmake_prefix_path')
[3.459s] INFO:colcon.colcon_core.shell:Creating environment hook '/home/jetson/slash_ws/install/teleop_tools_msgs/share/teleop_tools_msgs/hook/cmake_prefix_path.ps1'
[3.460s] INFO:colcon.colcon_core.shell:Creating environment descriptor '/home/jetson/slash_ws/install/teleop_tools_msgs/share/teleop_tools_msgs/hook/cmake_prefix_path.dsv'
[3.461s] INFO:colcon.colcon_core.shell:Creating environment hook '/home/jetson/slash_ws/install/teleop_tools_msgs/share/teleop_tools_msgs/hook/cmake_prefix_path.sh'
[3.462s] Level 1:colcon.colcon_core.environment:checking '/home/jetson/slash_ws/install/teleop_tools_msgs/lib'
[3.462s] Level 1:colcon.colcon_core.shell:create_environment_hook('teleop_tools_msgs', 'ld_library_path_lib')
[3.462s] INFO:colcon.colcon_core.shell:Creating environment hook '/home/jetson/slash_ws/install/teleop_tools_msgs/share/teleop_tools_msgs/hook/ld_library_path_lib.ps1'
[3.463s] INFO:colcon.colcon_core.shell:Creating environment descriptor '/home/jetson/slash_ws/install/teleop_tools_msgs/share/teleop_tools_msgs/hook/ld_library_path_lib.dsv'
[3.464s] INFO:colcon.colcon_core.shell:Creating environment hook '/home/jetson/slash_ws/install/teleop_tools_msgs/share/teleop_tools_msgs/hook/ld_library_path_lib.sh'
[3.465s] Level 1:colcon.colcon_core.environment:checking '/home/jetson/slash_ws/install/teleop_tools_msgs/bin'
[3.465s] Level 1:colcon.colcon_core.environment:checking '/home/jetson/slash_ws/install/teleop_tools_msgs/lib/pkgconfig/teleop_tools_msgs.pc'
[3.465s] Level 1:colcon.colcon_core.environment:checking '/home/jetson/slash_ws/install/teleop_tools_msgs/lib/python3.8/site-packages'
[3.465s] Level 1:colcon.colcon_core.shell:create_environment_hook('teleop_tools_msgs', 'pythonpath')
[3.466s] INFO:colcon.colcon_core.shell:Creating environment hook '/home/jetson/slash_ws/install/teleop_tools_msgs/share/teleop_tools_msgs/hook/pythonpath.ps1'
[3.466s] INFO:colcon.colcon_core.shell:Creating environment descriptor '/home/jetson/slash_ws/install/teleop_tools_msgs/share/teleop_tools_msgs/hook/pythonpath.dsv'
[3.467s] INFO:colcon.colcon_core.shell:Creating environment hook '/home/jetson/slash_ws/install/teleop_tools_msgs/share/teleop_tools_msgs/hook/pythonpath.sh'
[3.468s] Level 1:colcon.colcon_core.environment:checking '/home/jetson/slash_ws/install/teleop_tools_msgs/bin'
[3.469s] INFO:colcon.colcon_core.shell:Creating package script '/home/jetson/slash_ws/install/teleop_tools_msgs/share/teleop_tools_msgs/package.ps1'
[3.470s] INFO:colcon.colcon_core.shell:Creating package descriptor '/home/jetson/slash_ws/install/teleop_tools_msgs/share/teleop_tools_msgs/package.dsv'
[3.471s] INFO:colcon.colcon_core.shell:Creating package script '/home/jetson/slash_ws/install/teleop_tools_msgs/share/teleop_tools_msgs/package.sh'
[3.472s] INFO:colcon.colcon_core.shell:Creating package script '/home/jetson/slash_ws/install/teleop_tools_msgs/share/teleop_tools_msgs/package.bash'
[3.473s] INFO:colcon.colcon_core.shell:Creating package script '/home/jetson/slash_ws/install/teleop_tools_msgs/share/teleop_tools_msgs/package.zsh'
[3.474s] Level 1:colcon.colcon_core.environment:create_file_with_runtime_dependencies(/home/jetson/slash_ws/install/teleop_tools_msgs/share/colcon-core/packages/teleop_tools_msgs)
[3.476s] INFO:colcon.colcon_ros.task.ament_python.build:Building ROS package in '/home/jetson/slash_ws/src/slash_hardware/f1tenth_system/teleop_tools/joy_teleop' with build type 'ament_python'
[3.477s] Level 1:colcon.colcon_core.shell:create_environment_hook('joy_teleop', 'ament_prefix_path')
[3.477s] INFO:colcon.colcon_core.shell:Creating environment hook '/home/jetson/slash_ws/install/joy_teleop/share/joy_teleop/hook/ament_prefix_path.ps1'
[3.479s] INFO:colcon.colcon_core.shell:Creating environment descriptor '/home/jetson/slash_ws/install/joy_teleop/share/joy_teleop/hook/ament_prefix_path.dsv'
[3.480s] INFO:colcon.colcon_core.shell:Creating environment hook '/home/jetson/slash_ws/install/joy_teleop/share/joy_teleop/hook/ament_prefix_path.sh'
[3.481s] INFO:colcon.colcon_core.shell:Skip shell extension 'powershell' for command environment: Not usable outside of PowerShell
[3.481s] DEBUG:colcon.colcon_core.shell:Skip shell extension 'dsv' for command environment
[3.498s] INFO:colcon.colcon_ros.task.ament_cmake.build:Building ROS package in '/home/jetson/slash_ws/src/slash_hardware/f1tenth_system/vesc/vesc_ackermann' with build type 'ament_cmake'
[3.499s] INFO:colcon.colcon_cmake.task.cmake.build:Building CMake package in '/home/jetson/slash_ws/src/slash_hardware/f1tenth_system/vesc/vesc_ackermann'
[3.500s] INFO:colcon.colcon_core.shell:Skip shell extension 'powershell' for command environment: Not usable outside of PowerShell
[3.500s] DEBUG:colcon.colcon_core.shell:Skip shell extension 'dsv' for command environment
[3.519s] INFO:colcon.colcon_ros.task.ament_cmake.build:Building ROS package in '/home/jetson/slash_ws/src/slash_hardware/f1tenth_system/vesc/vesc_driver' with build type 'ament_cmake'
[3.520s] INFO:colcon.colcon_cmake.task.cmake.build:Building CMake package in '/home/jetson/slash_ws/src/slash_hardware/f1tenth_system/vesc/vesc_driver'
[3.521s] INFO:colcon.colcon_core.shell:Skip shell extension 'powershell' for command environment: Not usable outside of PowerShell
[3.521s] DEBUG:colcon.colcon_core.shell:Skip shell extension 'dsv' for command environment
[3.544s] Level 1:colcon.colcon_core.environment:create_environment_scripts_only(livox_ros_driver2)
[3.547s] Level 1:colcon.colcon_core.environment:checking '/home/jetson/slash_ws/install/livox_ros_driver2' for CMake module files
[3.547s] DEBUG:colcon.colcon_core.event_handler.log_command:Invoked command in '/home/jetson/slash_ws/build/livox_ros_driver2' returned '0': CMAKE_PREFIX_PATH=${CMAKE_PREFIX_PATH}:/home/jetson/slash_ws/install/f1tenth_stack:/home/jetson/slash_ws/install/twist_to_ackermann:/home/jetson/slash_ws/install/joy_teleop:/home/jetson/slash_ws/install/roboracer_china_2025:/home/jetson/slash_ws/install/mouse_teleop:/home/jetson/slash_ws/install/key_teleop:/opt/ros/foxy /usr/bin/cmake --install /home/jetson/slash_ws/build/livox_ros_driver2
[3.548s] Level 1:colcon.colcon_core.environment:checking '/home/jetson/slash_ws/install/livox_ros_driver2' for CMake config files
[3.549s] Level 1:colcon.colcon_core.shell:create_environment_hook('livox_ros_driver2', 'cmake_prefix_path')
[3.550s] INFO:colcon.colcon_core.shell:Creating environment hook '/home/jetson/slash_ws/install/livox_ros_driver2/share/livox_ros_driver2/hook/cmake_prefix_path.ps1'
[3.551s] INFO:colcon.colcon_core.shell:Creating environment descriptor '/home/jetson/slash_ws/install/livox_ros_driver2/share/livox_ros_driver2/hook/cmake_prefix_path.dsv'
[3.552s] INFO:colcon.colcon_core.shell:Creating environment hook '/home/jetson/slash_ws/install/livox_ros_driver2/share/livox_ros_driver2/hook/cmake_prefix_path.sh'
[3.553s] Level 1:colcon.colcon_core.environment:checking '/home/jetson/slash_ws/install/livox_ros_driver2/lib'
[3.554s] Level 1:colcon.colcon_core.shell:create_environment_hook('livox_ros_driver2', 'ld_library_path_lib')
[3.554s] INFO:colcon.colcon_core.shell:Creating environment hook '/home/jetson/slash_ws/install/livox_ros_driver2/share/livox_ros_driver2/hook/ld_library_path_lib.ps1'
[3.555s] INFO:colcon.colcon_core.shell:Creating environment descriptor '/home/jetson/slash_ws/install/livox_ros_driver2/share/livox_ros_driver2/hook/ld_library_path_lib.dsv'
[3.556s] INFO:colcon.colcon_core.shell:Creating environment hook '/home/jetson/slash_ws/install/livox_ros_driver2/share/livox_ros_driver2/hook/ld_library_path_lib.sh'
[3.557s] Level 1:colcon.colcon_core.environment:checking '/home/jetson/slash_ws/install/livox_ros_driver2/bin'
[3.557s] Level 1:colcon.colcon_core.environment:checking '/home/jetson/slash_ws/install/livox_ros_driver2/lib/pkgconfig/livox_ros_driver2.pc'
[3.558s] Level 1:colcon.colcon_core.environment:checking '/home/jetson/slash_ws/install/livox_ros_driver2/lib/python3.8/site-packages'
[3.558s] Level 1:colcon.colcon_core.shell:create_environment_hook('livox_ros_driver2', 'pythonpath')
[3.559s] INFO:colcon.colcon_core.shell:Creating environment hook '/home/jetson/slash_ws/install/livox_ros_driver2/share/livox_ros_driver2/hook/pythonpath.ps1'
[3.563s] INFO:colcon.colcon_core.shell:Creating environment descriptor '/home/jetson/slash_ws/install/livox_ros_driver2/share/livox_ros_driver2/hook/pythonpath.dsv'
[3.564s] INFO:colcon.colcon_core.shell:Creating environment hook '/home/jetson/slash_ws/install/livox_ros_driver2/share/livox_ros_driver2/hook/pythonpath.sh'
[3.566s] Level 1:colcon.colcon_core.environment:checking '/home/jetson/slash_ws/install/livox_ros_driver2/bin'
[3.570s] INFO:colcon.colcon_core.shell:Creating package script '/home/jetson/slash_ws/install/livox_ros_driver2/share/livox_ros_driver2/package.ps1'
[3.572s] INFO:colcon.colcon_core.shell:Creating package descriptor '/home/jetson/slash_ws/install/livox_ros_driver2/share/livox_ros_driver2/package.dsv'
[3.573s] INFO:colcon.colcon_core.shell:Creating package script '/home/jetson/slash_ws/install/livox_ros_driver2/share/livox_ros_driver2/package.sh'
[3.574s] INFO:colcon.colcon_core.shell:Creating package script '/home/jetson/slash_ws/install/livox_ros_driver2/share/livox_ros_driver2/package.bash'
[3.575s] INFO:colcon.colcon_core.shell:Creating package script '/home/jetson/slash_ws/install/livox_ros_driver2/share/livox_ros_driver2/package.zsh'
[3.576s] Level 1:colcon.colcon_core.environment:create_file_with_runtime_dependencies(/home/jetson/slash_ws/install/livox_ros_driver2/share/colcon-core/packages/livox_ros_driver2)
[3.578s] Level 1:colcon.colcon_core.environment:create_environment_scripts_only(livox_ros_driver2)
[3.578s] Level 1:colcon.colcon_core.environment:checking '/home/jetson/slash_ws/install/livox_ros_driver2' for CMake module files
[3.579s] Level 1:colcon.colcon_core.environment:checking '/home/jetson/slash_ws/install/livox_ros_driver2' for CMake config files
[3.580s] Level 1:colcon.colcon_core.shell:create_environment_hook('livox_ros_driver2', 'cmake_prefix_path')
[3.581s] INFO:colcon.colcon_core.shell:Creating environment hook '/home/jetson/slash_ws/install/livox_ros_driver2/share/livox_ros_driver2/hook/cmake_prefix_path.ps1'
[3.582s] INFO:colcon.colcon_core.shell:Creating environment descriptor '/home/jetson/slash_ws/install/livox_ros_driver2/share/livox_ros_driver2/hook/cmake_prefix_path.dsv'
[3.583s] INFO:colcon.colcon_core.shell:Creating environment hook '/home/jetson/slash_ws/install/livox_ros_driver2/share/livox_ros_driver2/hook/cmake_prefix_path.sh'
[3.584s] Level 1:colcon.colcon_core.environment:checking '/home/jetson/slash_ws/install/livox_ros_driver2/lib'
[3.585s] Level 1:colcon.colcon_core.shell:create_environment_hook('livox_ros_driver2', 'ld_library_path_lib')
[3.585s] INFO:colcon.colcon_core.shell:Creating environment hook '/home/jetson/slash_ws/install/livox_ros_driver2/share/livox_ros_driver2/hook/ld_library_path_lib.ps1'
[3.586s] INFO:colcon.colcon_core.shell:Creating environment descriptor '/home/jetson/slash_ws/install/livox_ros_driver2/share/livox_ros_driver2/hook/ld_library_path_lib.dsv'
[3.587s] INFO:colcon.colcon_core.shell:Creating environment hook '/home/jetson/slash_ws/install/livox_ros_driver2/share/livox_ros_driver2/hook/ld_library_path_lib.sh'
[3.587s] Level 1:colcon.colcon_core.environment:checking '/home/jetson/slash_ws/install/livox_ros_driver2/bin'
[3.588s] Level 1:colcon.colcon_core.environment:checking '/home/jetson/slash_ws/install/livox_ros_driver2/lib/pkgconfig/livox_ros_driver2.pc'
[3.588s] Level 1:colcon.colcon_core.environment:checking '/home/jetson/slash_ws/install/livox_ros_driver2/lib/python3.8/site-packages'
[3.588s] Level 1:colcon.colcon_core.shell:create_environment_hook('livox_ros_driver2', 'pythonpath')
[3.589s] INFO:colcon.colcon_core.shell:Creating environment hook '/home/jetson/slash_ws/install/livox_ros_driver2/share/livox_ros_driver2/hook/pythonpath.ps1'
[3.589s] INFO:colcon.colcon_core.shell:Creating environment descriptor '/home/jetson/slash_ws/install/livox_ros_driver2/share/livox_ros_driver2/hook/pythonpath.dsv'
[3.590s] INFO:colcon.colcon_core.shell:Creating environment hook '/home/jetson/slash_ws/install/livox_ros_driver2/share/livox_ros_driver2/hook/pythonpath.sh'
[3.592s] Level 1:colcon.colcon_core.environment:checking '/home/jetson/slash_ws/install/livox_ros_driver2/bin'
[3.592s] INFO:colcon.colcon_core.shell:Creating package script '/home/jetson/slash_ws/install/livox_ros_driver2/share/livox_ros_driver2/package.ps1'
[3.595s] INFO:colcon.colcon_core.shell:Creating package descriptor '/home/jetson/slash_ws/install/livox_ros_driver2/share/livox_ros_driver2/package.dsv'
[3.597s] INFO:colcon.colcon_core.shell:Creating package script '/home/jetson/slash_ws/install/livox_ros_driver2/share/livox_ros_driver2/package.sh'
[3.598s] INFO:colcon.colcon_core.shell:Creating package script '/home/jetson/slash_ws/install/livox_ros_driver2/share/livox_ros_driver2/package.bash'
[3.599s] INFO:colcon.colcon_core.shell:Creating package script '/home/jetson/slash_ws/install/livox_ros_driver2/share/livox_ros_driver2/package.zsh'
[3.600s] Level 1:colcon.colcon_core.environment:create_file_with_runtime_dependencies(/home/jetson/slash_ws/install/livox_ros_driver2/share/colcon-core/packages/livox_ros_driver2)
[3.603s] INFO:colcon.colcon_ros.task.ament_cmake.build:Building ROS package in '/home/jetson/slash_ws/src/slash_navigation/costmap_converter/costmap_converter' with build type 'ament_cmake'
[3.604s] INFO:colcon.colcon_cmake.task.cmake.build:Building CMake package in '/home/jetson/slash_ws/src/slash_navigation/costmap_converter/costmap_converter'
[3.605s] INFO:colcon.colcon_core.shell:Skip shell extension 'powershell' for command environment: Not usable outside of PowerShell
[3.605s] DEBUG:colcon.colcon_core.shell:Skip shell extension 'dsv' for command environment
[3.639s] DEBUG:colcon.colcon_core.event_handler.log_command:Invoking command in '/home/jetson/slash_ws/build/pointcloud_to_laserscan': CMAKE_PREFIX_PATH=${CMAKE_PREFIX_PATH}:/home/jetson/slash_ws/install/f1tenth_stack:/home/jetson/slash_ws/install/twist_to_ackermann:/home/jetson/slash_ws/install/joy_teleop:/home/jetson/slash_ws/install/roboracer_china_2025:/home/jetson/slash_ws/install/mouse_teleop:/home/jetson/slash_ws/install/key_teleop:/opt/ros/foxy /usr/bin/cmake --build /home/jetson/slash_ws/build/pointcloud_to_laserscan -- -j8 -l8
[4.542s] INFO:colcon.colcon_core.task.python.build:Building Python package in '/home/jetson/slash_ws/src/slash_navigation/roboracer_china_2025'
[4.544s] INFO:colcon.colcon_core.shell:Skip shell extension 'powershell' for command environment: Not usable outside of PowerShell
[4.544s] DEBUG:colcon.colcon_core.shell:Skip shell extension 'dsv' for command environment
[5.281s] INFO:colcon.colcon_core.task.python.build:Building Python package in '/home/jetson/slash_ws/src/slash_hardware/f1tenth_system/teleop_tools/joy_teleop'
[5.282s] INFO:colcon.colcon_core.shell:Skip shell extension 'powershell' for command environment: Not usable outside of PowerShell
[5.282s] DEBUG:colcon.colcon_core.shell:Skip shell extension 'dsv' for command environment
[5.314s] DEBUG:colcon.colcon_core.event_handler.log_command:Invoking command in '/home/jetson/slash_ws/build/vesc_ackermann': CMAKE_PREFIX_PATH=/home/jetson/slash_ws/install/vesc_msgs:/home/jetson/slash_ws/install/vesc:/home/jetson/slash_ws/install/vesc_driver:/home/jetson/slash_ws/install/vesc_ackermann:/home/jetson/slash_ws/install/teleop_tools:/home/jetson/slash_ws/install/teleop_tools_msgs:/home/jetson/slash_ws/install/teb_local_planner:/home/jetson/slash_ws/install/teb_msgs:/home/jetson/slash_ws/install/slash_nav2:/home/jetson/slash_ws/install/simple_mpc:/home/jetson/slash_ws/install/pointcloud_to_laserscan:/home/jetson/slash_ws/install/fast_lio:/home/jetson/slash_ws/install/livox_ros_driver2:/home/jetson/slash_ws/install/linefit_ground_segmentation_ros:/home/jetson/slash_ws/install/linefit_ground_segmentation:/home/jetson/slash_ws/install/costmap_converter:/home/jetson/slash_ws/install/costmap_converter_msgs:/home/jetson/slash_ws/install/ackermann_mux:/home/jetson/slash_ws/install/f1tenth_stack:/home/jetson/slash_ws/install/twist_to_ackermann:/home/jetson/slash_ws/install/joy_teleop:/home/jetson/slash_ws/install/roboracer_china_2025:/home/jetson/slash_ws/install/mouse_teleop:/home/jetson/slash_ws/install/key_teleop:/opt/ros/foxy LD_LIBRARY_PATH=/home/jetson/slash_ws/install/vesc_msgs/lib:/usr/local/cuda/lib64:/usr/local/cuda/lib64:/usr/local/cuda/lib64:/usr/local/cuda/lib64:/usr/local/cuda-11.4/lib64:/usr/local/cuda/lib64:/usr/local/cuda/lib64:/usr/local/cuda/lib64:/usr/local/cuda/lib64:/home/jetson/slash_ws/install/vesc_driver/lib:/home/jetson/slash_ws/install/vesc_ackermann/lib:/home/jetson/slash_ws/install/teleop_tools_msgs/lib:/home/jetson/slash_ws/install/teb_local_planner/lib:/home/jetson/slash_ws/install/teb_msgs/lib:/home/jetson/slash_ws/install/pointcloud_to_laserscan/lib:/home/jetson/slash_ws/install/fast_lio/lib:/home/jetson/slash_ws/install/livox_ros_driver2/lib:/home/jetson/slash_ws/install/linefit_ground_segmentation/lib:/home/jetson/slash_ws/install/costmap_converter/lib:/home/jetson/slash_ws/install/costmap_converter_msgs/lib:/usr/lib/aarch64-linux-gnu/gazebo-11/plugins:/opt/ros/foxy/opt/yaml_cpp_vendor/lib:/opt/ros/foxy/opt/rviz_ogre_vendor/lib:/opt/ros/foxy/lib/aarch64-linux-gnu:/opt/ros/foxy/lib:/usr/local/cuda-11.4/lib64 PYTHONPATH=/home/jetson/slash_ws/install/vesc_msgs/lib/python3.8/site-packages:/home/jetson/slash_ws/install/f1tenth_stack/lib/python3.8/site-packages:/home/jetson/slash_ws/install/twist_to_ackermann/lib/python3.8/site-packages:/home/jetson/slash_ws/install/joy_teleop/lib/python3.8/site-packages:/home/jetson/slash_ws/install/teleop_tools_msgs/lib/python3.8/site-packages:/home/jetson/slash_ws/install/teb_msgs/lib/python3.8/site-packages:/home/jetson/slash_ws/install/roboracer_china_2025/lib/python3.8/site-packages:/home/jetson/slash_ws/install/mouse_teleop/lib/python3.8/site-packages:/home/jetson/slash_ws/install/fast_lio/lib/python3.8/site-packages:/home/jetson/slash_ws/install/livox_ros_driver2/lib/python3.8/site-packages:/home/jetson/slash_ws/install/key_teleop/lib/python3.8/site-packages:/home/jetson/slash_ws/install/costmap_converter_msgs/lib/python3.8/site-packages:/opt/ros/foxy/lib/python3.8/site-packages /usr/bin/cmake --build /home/jetson/slash_ws/build/vesc_ackermann -- -j8 -l8
[5.327s] DEBUG:colcon.colcon_core.event_handler.log_command:Invoking command in '/home/jetson/slash_ws/build/vesc_driver': CMAKE_PREFIX_PATH=/home/jetson/slash_ws/install/vesc_msgs:/home/jetson/slash_ws/install/vesc:/home/jetson/slash_ws/install/vesc_driver:/home/jetson/slash_ws/install/vesc_ackermann:/home/jetson/slash_ws/install/teleop_tools:/home/jetson/slash_ws/install/teleop_tools_msgs:/home/jetson/slash_ws/install/teb_local_planner:/home/jetson/slash_ws/install/teb_msgs:/home/jetson/slash_ws/install/slash_nav2:/home/jetson/slash_ws/install/simple_mpc:/home/jetson/slash_ws/install/pointcloud_to_laserscan:/home/jetson/slash_ws/install/fast_lio:/home/jetson/slash_ws/install/livox_ros_driver2:/home/jetson/slash_ws/install/linefit_ground_segmentation_ros:/home/jetson/slash_ws/install/linefit_ground_segmentation:/home/jetson/slash_ws/install/costmap_converter:/home/jetson/slash_ws/install/costmap_converter_msgs:/home/jetson/slash_ws/install/ackermann_mux:/home/jetson/slash_ws/install/f1tenth_stack:/home/jetson/slash_ws/install/twist_to_ackermann:/home/jetson/slash_ws/install/joy_teleop:/home/jetson/slash_ws/install/roboracer_china_2025:/home/jetson/slash_ws/install/mouse_teleop:/home/jetson/slash_ws/install/key_teleop:/opt/ros/foxy LD_LIBRARY_PATH=/home/jetson/slash_ws/install/vesc_msgs/lib:/usr/local/cuda/lib64:/usr/local/cuda/lib64:/usr/local/cuda/lib64:/usr/local/cuda/lib64:/usr/local/cuda-11.4/lib64:/usr/local/cuda/lib64:/usr/local/cuda/lib64:/usr/local/cuda/lib64:/usr/local/cuda/lib64:/home/jetson/slash_ws/install/vesc_driver/lib:/home/jetson/slash_ws/install/vesc_ackermann/lib:/home/jetson/slash_ws/install/teleop_tools_msgs/lib:/home/jetson/slash_ws/install/teb_local_planner/lib:/home/jetson/slash_ws/install/teb_msgs/lib:/home/jetson/slash_ws/install/pointcloud_to_laserscan/lib:/home/jetson/slash_ws/install/fast_lio/lib:/home/jetson/slash_ws/install/livox_ros_driver2/lib:/home/jetson/slash_ws/install/linefit_ground_segmentation/lib:/home/jetson/slash_ws/install/costmap_converter/lib:/home/jetson/slash_ws/install/costmap_converter_msgs/lib:/usr/lib/aarch64-linux-gnu/gazebo-11/plugins:/opt/ros/foxy/opt/yaml_cpp_vendor/lib:/opt/ros/foxy/opt/rviz_ogre_vendor/lib:/opt/ros/foxy/lib/aarch64-linux-gnu:/opt/ros/foxy/lib:/usr/local/cuda-11.4/lib64 PYTHONPATH=/home/jetson/slash_ws/install/vesc_msgs/lib/python3.8/site-packages:/home/jetson/slash_ws/install/f1tenth_stack/lib/python3.8/site-packages:/home/jetson/slash_ws/install/twist_to_ackermann/lib/python3.8/site-packages:/home/jetson/slash_ws/install/joy_teleop/lib/python3.8/site-packages:/home/jetson/slash_ws/install/teleop_tools_msgs/lib/python3.8/site-packages:/home/jetson/slash_ws/install/teb_msgs/lib/python3.8/site-packages:/home/jetson/slash_ws/install/roboracer_china_2025/lib/python3.8/site-packages:/home/jetson/slash_ws/install/mouse_teleop/lib/python3.8/site-packages:/home/jetson/slash_ws/install/fast_lio/lib/python3.8/site-packages:/home/jetson/slash_ws/install/livox_ros_driver2/lib/python3.8/site-packages:/home/jetson/slash_ws/install/key_teleop/lib/python3.8/site-packages:/home/jetson/slash_ws/install/costmap_converter_msgs/lib/python3.8/site-packages:/opt/ros/foxy/lib/python3.8/site-packages /usr/bin/cmake --build /home/jetson/slash_ws/build/vesc_driver -- -j8 -l8
[5.334s] DEBUG:colcon.colcon_core.event_handler.log_command:Invoked command in '/home/jetson/slash_ws/build/pointcloud_to_laserscan' returned '0': CMAKE_PREFIX_PATH=${CMAKE_PREFIX_PATH}:/home/jetson/slash_ws/install/f1tenth_stack:/home/jetson/slash_ws/install/twist_to_ackermann:/home/jetson/slash_ws/install/joy_teleop:/home/jetson/slash_ws/install/roboracer_china_2025:/home/jetson/slash_ws/install/mouse_teleop:/home/jetson/slash_ws/install/key_teleop:/opt/ros/foxy /usr/bin/cmake --build /home/jetson/slash_ws/build/pointcloud_to_laserscan -- -j8 -l8
[5.342s] DEBUG:colcon.colcon_core.event_handler.log_command:Invoking command in '/home/jetson/slash_ws/build/pointcloud_to_laserscan': CMAKE_PREFIX_PATH=${CMAKE_PREFIX_PATH}:/home/jetson/slash_ws/install/f1tenth_stack:/home/jetson/slash_ws/install/twist_to_ackermann:/home/jetson/slash_ws/install/joy_teleop:/home/jetson/slash_ws/install/roboracer_china_2025:/home/jetson/slash_ws/install/mouse_teleop:/home/jetson/slash_ws/install/key_teleop:/opt/ros/foxy /usr/bin/cmake --install /home/jetson/slash_ws/build/pointcloud_to_laserscan
[5.355s] DEBUG:colcon.colcon_core.event_handler.log_command:Invoking command in '/home/jetson/slash_ws/build/costmap_converter': CMAKE_PREFIX_PATH=/home/jetson/slash_ws/install/costmap_converter_msgs:/home/jetson/slash_ws/install/vesc:/home/jetson/slash_ws/install/vesc_driver:/home/jetson/slash_ws/install/vesc_ackermann:/home/jetson/slash_ws/install/vesc_msgs:/home/jetson/slash_ws/install/teleop_tools:/home/jetson/slash_ws/install/teleop_tools_msgs:/home/jetson/slash_ws/install/teb_local_planner:/home/jetson/slash_ws/install/teb_msgs:/home/jetson/slash_ws/install/slash_nav2:/home/jetson/slash_ws/install/simple_mpc:/home/jetson/slash_ws/install/pointcloud_to_laserscan:/home/jetson/slash_ws/install/fast_lio:/home/jetson/slash_ws/install/livox_ros_driver2:/home/jetson/slash_ws/install/linefit_ground_segmentation_ros:/home/jetson/slash_ws/install/linefit_ground_segmentation:/home/jetson/slash_ws/install/costmap_converter:/home/jetson/slash_ws/install/ackermann_mux:/home/jetson/slash_ws/install/f1tenth_stack:/home/jetson/slash_ws/install/twist_to_ackermann:/home/jetson/slash_ws/install/joy_teleop:/home/jetson/slash_ws/install/roboracer_china_2025:/home/jetson/slash_ws/install/mouse_teleop:/home/jetson/slash_ws/install/key_teleop:/opt/ros/foxy LD_LIBRARY_PATH=/home/jetson/slash_ws/install/costmap_converter_msgs/lib:/usr/local/cuda/lib64:/usr/local/cuda/lib64:/usr/local/cuda/lib64:/usr/local/cuda/lib64:/usr/local/cuda-11.4/lib64:/usr/local/cuda/lib64:/usr/local/cuda/lib64:/usr/local/cuda/lib64:/usr/local/cuda/lib64:/home/jetson/slash_ws/install/vesc_driver/lib:/home/jetson/slash_ws/install/vesc_ackermann/lib:/home/jetson/slash_ws/install/vesc_msgs/lib:/home/jetson/slash_ws/install/teleop_tools_msgs/lib:/home/jetson/slash_ws/install/teb_local_planner/lib:/home/jetson/slash_ws/install/teb_msgs/lib:/home/jetson/slash_ws/install/pointcloud_to_laserscan/lib:/home/jetson/slash_ws/install/fast_lio/lib:/home/jetson/slash_ws/install/livox_ros_driver2/lib:/home/jetson/slash_ws/install/linefit_ground_segmentation/lib:/home/jetson/slash_ws/install/costmap_converter/lib:/usr/lib/aarch64-linux-gnu/gazebo-11/plugins:/opt/ros/foxy/opt/yaml_cpp_vendor/lib:/opt/ros/foxy/opt/rviz_ogre_vendor/lib:/opt/ros/foxy/lib/aarch64-linux-gnu:/opt/ros/foxy/lib:/usr/local/cuda-11.4/lib64 PYTHONPATH=/home/jetson/slash_ws/install/costmap_converter_msgs/lib/python3.8/site-packages:/home/jetson/slash_ws/install/f1tenth_stack/lib/python3.8/site-packages:/home/jetson/slash_ws/install/vesc_msgs/lib/python3.8/site-packages:/home/jetson/slash_ws/install/twist_to_ackermann/lib/python3.8/site-packages:/home/jetson/slash_ws/install/joy_teleop/lib/python3.8/site-packages:/home/jetson/slash_ws/install/teleop_tools_msgs/lib/python3.8/site-packages:/home/jetson/slash_ws/install/teb_msgs/lib/python3.8/site-packages:/home/jetson/slash_ws/install/roboracer_china_2025/lib/python3.8/site-packages:/home/jetson/slash_ws/install/mouse_teleop/lib/python3.8/site-packages:/home/jetson/slash_ws/install/fast_lio/lib/python3.8/site-packages:/home/jetson/slash_ws/install/livox_ros_driver2/lib/python3.8/site-packages:/home/jetson/slash_ws/install/key_teleop/lib/python3.8/site-packages:/opt/ros/foxy/lib/python3.8/site-packages /usr/bin/cmake --build /home/jetson/slash_ws/build/costmap_converter -- -j8 -l8
[5.410s] DEBUG:colcon.colcon_core.event_handler.log_command:Invoking command in '/home/jetson/slash_ws/src/slash_hardware/f1tenth_system/teleop_tools/key_teleop': PYTHONPATH=/home/jetson/slash_ws/build/key_teleop/prefix_override:/usr/lib/python3/dist-packages/colcon_core/task/python/colcon_distutils_commands:/home/jetson/slash_ws/install/key_teleop/lib/python3.8/site-packages:${PYTHONPATH} /usr/bin/python3 -W ignore:setup.py install is deprecated -W ignore:easy_install command is deprecated setup.py egg_info --egg-base ../../../../../build/key_teleop build --build-base /home/jetson/slash_ws/build/key_teleop/build install --record /home/jetson/slash_ws/build/key_teleop/install.log --single-version-externally-managed install_data
[5.449s] DEBUG:colcon.colcon_core.event_handler.log_command:Invoking command in '/home/jetson/slash_ws/src/slash_hardware/f1tenth_system/teleop_tools/mouse_teleop': PYTHONPATH=/home/jetson/slash_ws/build/mouse_teleop/prefix_override:/usr/lib/python3/dist-packages/colcon_core/task/python/colcon_distutils_commands:/home/jetson/slash_ws/install/mouse_teleop/lib/python3.8/site-packages:${PYTHONPATH} /usr/bin/python3 -W ignore:setup.py install is deprecated -W ignore:easy_install command is deprecated setup.py egg_info --egg-base ../../../../../build/mouse_teleop build --build-base /home/jetson/slash_ws/build/mouse_teleop/build install --record /home/jetson/slash_ws/build/mouse_teleop/install.log --single-version-externally-managed install_data
[5.492s] Level 1:colcon.colcon_core.environment:create_environment_scripts_only(pointcloud_to_laserscan)
[5.496s] Level 1:colcon.colcon_core.environment:checking '/home/jetson/slash_ws/install/pointcloud_to_laserscan' for CMake module files
[5.504s] Level 1:colcon.colcon_core.environment:checking '/home/jetson/slash_ws/install/pointcloud_to_laserscan' for CMake config files
[5.505s] Level 1:colcon.colcon_core.shell:create_environment_hook('pointcloud_to_laserscan', 'cmake_prefix_path')
[5.506s] INFO:colcon.colcon_core.shell:Creating environment hook '/home/jetson/slash_ws/install/pointcloud_to_laserscan/share/pointcloud_to_laserscan/hook/cmake_prefix_path.ps1'
[5.507s] INFO:colcon.colcon_core.shell:Creating environment descriptor '/home/jetson/slash_ws/install/pointcloud_to_laserscan/share/pointcloud_to_laserscan/hook/cmake_prefix_path.dsv'
[5.498s] DEBUG:colcon.colcon_core.event_handler.log_command:Invoked command in '/home/jetson/slash_ws/build/pointcloud_to_laserscan' returned '0': CMAKE_PREFIX_PATH=${CMAKE_PREFIX_PATH}:/home/jetson/slash_ws/install/f1tenth_stack:/home/jetson/slash_ws/install/twist_to_ackermann:/home/jetson/slash_ws/install/joy_teleop:/home/jetson/slash_ws/install/roboracer_china_2025:/home/jetson/slash_ws/install/mouse_teleop:/home/jetson/slash_ws/install/key_teleop:/opt/ros/foxy /usr/bin/cmake --install /home/jetson/slash_ws/build/pointcloud_to_laserscan
[5.509s] INFO:colcon.colcon_core.shell:Creating environment hook '/home/jetson/slash_ws/install/pointcloud_to_laserscan/share/pointcloud_to_laserscan/hook/cmake_prefix_path.sh'
[5.516s] Level 1:colcon.colcon_core.environment:checking '/home/jetson/slash_ws/install/pointcloud_to_laserscan/lib'
[5.524s] Level 1:colcon.colcon_core.shell:create_environment_hook('pointcloud_to_laserscan', 'ld_library_path_lib')
[5.525s] INFO:colcon.colcon_core.shell:Creating environment hook '/home/jetson/slash_ws/install/pointcloud_to_laserscan/share/pointcloud_to_laserscan/hook/ld_library_path_lib.ps1'
[5.528s] INFO:colcon.colcon_core.shell:Creating environment descriptor '/home/jetson/slash_ws/install/pointcloud_to_laserscan/share/pointcloud_to_laserscan/hook/ld_library_path_lib.dsv'
[5.531s] INFO:colcon.colcon_core.shell:Creating environment hook '/home/jetson/slash_ws/install/pointcloud_to_laserscan/share/pointcloud_to_laserscan/hook/ld_library_path_lib.sh'
[5.533s] Level 1:colcon.colcon_core.environment:checking '/home/jetson/slash_ws/install/pointcloud_to_laserscan/bin'
[5.538s] Level 1:colcon.colcon_core.environment:checking '/home/jetson/slash_ws/install/pointcloud_to_laserscan/lib/pkgconfig/pointcloud_to_laserscan.pc'
[5.540s] Level 1:colcon.colcon_core.environment:checking '/home/jetson/slash_ws/install/pointcloud_to_laserscan/lib/python3.8/site-packages'
[5.541s] Level 1:colcon.colcon_core.environment:checking '/home/jetson/slash_ws/install/pointcloud_to_laserscan/bin'
[5.542s] INFO:colcon.colcon_core.shell:Creating package script '/home/jetson/slash_ws/install/pointcloud_to_laserscan/share/pointcloud_to_laserscan/package.ps1'
[5.546s] INFO:colcon.colcon_core.shell:Creating package descriptor '/home/jetson/slash_ws/install/pointcloud_to_laserscan/share/pointcloud_to_laserscan/package.dsv'
[5.549s] INFO:colcon.colcon_core.shell:Creating package script '/home/jetson/slash_ws/install/pointcloud_to_laserscan/share/pointcloud_to_laserscan/package.sh'
[5.558s] INFO:colcon.colcon_core.shell:Creating package script '/home/jetson/slash_ws/install/pointcloud_to_laserscan/share/pointcloud_to_laserscan/package.bash'
[5.563s] INFO:colcon.colcon_core.shell:Creating package script '/home/jetson/slash_ws/install/pointcloud_to_laserscan/share/pointcloud_to_laserscan/package.zsh'
[5.587s] Level 1:colcon.colcon_core.environment:create_file_with_runtime_dependencies(/home/jetson/slash_ws/install/pointcloud_to_laserscan/share/colcon-core/packages/pointcloud_to_laserscan)
[5.599s] Level 1:colcon.colcon_core.environment:create_environment_scripts_only(pointcloud_to_laserscan)
[5.610s] Level 1:colcon.colcon_core.environment:checking '/home/jetson/slash_ws/install/pointcloud_to_laserscan' for CMake module files
[5.611s] Level 1:colcon.colcon_core.environment:checking '/home/jetson/slash_ws/install/pointcloud_to_laserscan' for CMake config files
[5.612s] Level 1:colcon.colcon_core.shell:create_environment_hook('pointcloud_to_laserscan', 'cmake_prefix_path')
[5.613s] INFO:colcon.colcon_core.shell:Creating environment hook '/home/jetson/slash_ws/install/pointcloud_to_laserscan/share/pointcloud_to_laserscan/hook/cmake_prefix_path.ps1'
[5.615s] INFO:colcon.colcon_core.shell:Creating environment descriptor '/home/jetson/slash_ws/install/pointcloud_to_laserscan/share/pointcloud_to_laserscan/hook/cmake_prefix_path.dsv'
[5.616s] INFO:colcon.colcon_core.shell:Creating environment hook '/home/jetson/slash_ws/install/pointcloud_to_laserscan/share/pointcloud_to_laserscan/hook/cmake_prefix_path.sh'
[5.619s] Level 1:colcon.colcon_core.environment:checking '/home/jetson/slash_ws/install/pointcloud_to_laserscan/lib'
[5.620s] Level 1:colcon.colcon_core.shell:create_environment_hook('pointcloud_to_laserscan', 'ld_library_path_lib')
[5.620s] INFO:colcon.colcon_core.shell:Creating environment hook '/home/jetson/slash_ws/install/pointcloud_to_laserscan/share/pointcloud_to_laserscan/hook/ld_library_path_lib.ps1'
[5.630s] INFO:colcon.colcon_core.shell:Creating environment descriptor '/home/jetson/slash_ws/install/pointcloud_to_laserscan/share/pointcloud_to_laserscan/hook/ld_library_path_lib.dsv'
[5.632s] INFO:colcon.colcon_core.shell:Creating environment hook '/home/jetson/slash_ws/install/pointcloud_to_laserscan/share/pointcloud_to_laserscan/hook/ld_library_path_lib.sh'
[5.633s] Level 1:colcon.colcon_core.environment:checking '/home/jetson/slash_ws/install/pointcloud_to_laserscan/bin'
[5.633s] Level 1:colcon.colcon_core.environment:checking '/home/jetson/slash_ws/install/pointcloud_to_laserscan/lib/pkgconfig/pointcloud_to_laserscan.pc'
[5.633s] Level 1:colcon.colcon_core.environment:checking '/home/jetson/slash_ws/install/pointcloud_to_laserscan/lib/python3.8/site-packages'
[5.634s] Level 1:colcon.colcon_core.environment:checking '/home/jetson/slash_ws/install/pointcloud_to_laserscan/bin'
[5.635s] INFO:colcon.colcon_core.shell:Creating package script '/home/jetson/slash_ws/install/pointcloud_to_laserscan/share/pointcloud_to_laserscan/package.ps1'
[5.636s] INFO:colcon.colcon_core.shell:Creating package descriptor '/home/jetson/slash_ws/install/pointcloud_to_laserscan/share/pointcloud_to_laserscan/package.dsv'
[5.637s] INFO:colcon.colcon_core.shell:Creating package script '/home/jetson/slash_ws/install/pointcloud_to_laserscan/share/pointcloud_to_laserscan/package.sh'
[5.649s] INFO:colcon.colcon_core.shell:Creating package script '/home/jetson/slash_ws/install/pointcloud_to_laserscan/share/pointcloud_to_laserscan/package.bash'
[5.654s] INFO:colcon.colcon_core.shell:Creating package script '/home/jetson/slash_ws/install/pointcloud_to_laserscan/share/pointcloud_to_laserscan/package.zsh'
[5.663s] Level 1:colcon.colcon_core.environment:create_file_with_runtime_dependencies(/home/jetson/slash_ws/install/pointcloud_to_laserscan/share/colcon-core/packages/pointcloud_to_laserscan)
[5.672s] INFO:colcon.colcon_ros.task.ament_cmake.build:Building ROS package in '/home/jetson/slash_ws/src/slash_navigation/teb_local_planner/teb_msgs' with build type 'ament_cmake'
[5.672s] INFO:colcon.colcon_cmake.task.cmake.build:Building CMake package in '/home/jetson/slash_ws/src/slash_navigation/teb_local_planner/teb_msgs'
[5.674s] INFO:colcon.colcon_core.shell:Skip shell extension 'powershell' for command environment: Not usable outside of PowerShell
[5.678s] DEBUG:colcon.colcon_core.shell:Skip shell extension 'dsv' for command environment
[5.736s] DEBUG:colcon.colcon_core.event_handler.log_command:Invoked command in '/home/jetson/slash_ws/build/vesc_ackermann' returned '0': CMAKE_PREFIX_PATH=/home/jetson/slash_ws/install/vesc_msgs:/home/jetson/slash_ws/install/vesc:/home/jetson/slash_ws/install/vesc_driver:/home/jetson/slash_ws/install/vesc_ackermann:/home/jetson/slash_ws/install/teleop_tools:/home/jetson/slash_ws/install/teleop_tools_msgs:/home/jetson/slash_ws/install/teb_local_planner:/home/jetson/slash_ws/install/teb_msgs:/home/jetson/slash_ws/install/slash_nav2:/home/jetson/slash_ws/install/simple_mpc:/home/jetson/slash_ws/install/pointcloud_to_laserscan:/home/jetson/slash_ws/install/fast_lio:/home/jetson/slash_ws/install/livox_ros_driver2:/home/jetson/slash_ws/install/linefit_ground_segmentation_ros:/home/jetson/slash_ws/install/linefit_ground_segmentation:/home/jetson/slash_ws/install/costmap_converter:/home/jetson/slash_ws/install/costmap_converter_msgs:/home/jetson/slash_ws/install/ackermann_mux:/home/jetson/slash_ws/install/f1tenth_stack:/home/jetson/slash_ws/install/twist_to_ackermann:/home/jetson/slash_ws/install/joy_teleop:/home/jetson/slash_ws/install/roboracer_china_2025:/home/jetson/slash_ws/install/mouse_teleop:/home/jetson/slash_ws/install/key_teleop:/opt/ros/foxy LD_LIBRARY_PATH=/home/jetson/slash_ws/install/vesc_msgs/lib:/usr/local/cuda/lib64:/usr/local/cuda/lib64:/usr/local/cuda/lib64:/usr/local/cuda/lib64:/usr/local/cuda-11.4/lib64:/usr/local/cuda/lib64:/usr/local/cuda/lib64:/usr/local/cuda/lib64:/usr/local/cuda/lib64:/home/jetson/slash_ws/install/vesc_driver/lib:/home/jetson/slash_ws/install/vesc_ackermann/lib:/home/jetson/slash_ws/install/teleop_tools_msgs/lib:/home/jetson/slash_ws/install/teb_local_planner/lib:/home/jetson/slash_ws/install/teb_msgs/lib:/home/jetson/slash_ws/install/pointcloud_to_laserscan/lib:/home/jetson/slash_ws/install/fast_lio/lib:/home/jetson/slash_ws/install/livox_ros_driver2/lib:/home/jetson/slash_ws/install/linefit_ground_segmentation/lib:/home/jetson/slash_ws/install/costmap_converter/lib:/home/jetson/slash_ws/install/costmap_converter_msgs/lib:/usr/lib/aarch64-linux-gnu/gazebo-11/plugins:/opt/ros/foxy/opt/yaml_cpp_vendor/lib:/opt/ros/foxy/opt/rviz_ogre_vendor/lib:/opt/ros/foxy/lib/aarch64-linux-gnu:/opt/ros/foxy/lib:/usr/local/cuda-11.4/lib64 PYTHONPATH=/home/jetson/slash_ws/install/vesc_msgs/lib/python3.8/site-packages:/home/jetson/slash_ws/install/f1tenth_stack/lib/python3.8/site-packages:/home/jetson/slash_ws/install/twist_to_ackermann/lib/python3.8/site-packages:/home/jetson/slash_ws/install/joy_teleop/lib/python3.8/site-packages:/home/jetson/slash_ws/install/teleop_tools_msgs/lib/python3.8/site-packages:/home/jetson/slash_ws/install/teb_msgs/lib/python3.8/site-packages:/home/jetson/slash_ws/install/roboracer_china_2025/lib/python3.8/site-packages:/home/jetson/slash_ws/install/mouse_teleop/lib/python3.8/site-packages:/home/jetson/slash_ws/install/fast_lio/lib/python3.8/site-packages:/home/jetson/slash_ws/install/livox_ros_driver2/lib/python3.8/site-packages:/home/jetson/slash_ws/install/key_teleop/lib/python3.8/site-packages:/home/jetson/slash_ws/install/costmap_converter_msgs/lib/python3.8/site-packages:/opt/ros/foxy/lib/python3.8/site-packages /usr/bin/cmake --build /home/jetson/slash_ws/build/vesc_ackermann -- -j8 -l8
[5.749s] DEBUG:colcon.colcon_core.event_handler.log_command:Invoking command in '/home/jetson/slash_ws/build/vesc_ackermann': CMAKE_PREFIX_PATH=/home/jetson/slash_ws/install/vesc_msgs:/home/jetson/slash_ws/install/vesc:/home/jetson/slash_ws/install/vesc_driver:/home/jetson/slash_ws/install/vesc_ackermann:/home/jetson/slash_ws/install/teleop_tools:/home/jetson/slash_ws/install/teleop_tools_msgs:/home/jetson/slash_ws/install/teb_local_planner:/home/jetson/slash_ws/install/teb_msgs:/home/jetson/slash_ws/install/slash_nav2:/home/jetson/slash_ws/install/simple_mpc:/home/jetson/slash_ws/install/pointcloud_to_laserscan:/home/jetson/slash_ws/install/fast_lio:/home/jetson/slash_ws/install/livox_ros_driver2:/home/jetson/slash_ws/install/linefit_ground_segmentation_ros:/home/jetson/slash_ws/install/linefit_ground_segmentation:/home/jetson/slash_ws/install/costmap_converter:/home/jetson/slash_ws/install/costmap_converter_msgs:/home/jetson/slash_ws/install/ackermann_mux:/home/jetson/slash_ws/install/f1tenth_stack:/home/jetson/slash_ws/install/twist_to_ackermann:/home/jetson/slash_ws/install/joy_teleop:/home/jetson/slash_ws/install/roboracer_china_2025:/home/jetson/slash_ws/install/mouse_teleop:/home/jetson/slash_ws/install/key_teleop:/opt/ros/foxy LD_LIBRARY_PATH=/home/jetson/slash_ws/install/vesc_msgs/lib:/usr/local/cuda/lib64:/usr/local/cuda/lib64:/usr/local/cuda/lib64:/usr/local/cuda/lib64:/usr/local/cuda-11.4/lib64:/usr/local/cuda/lib64:/usr/local/cuda/lib64:/usr/local/cuda/lib64:/usr/local/cuda/lib64:/home/jetson/slash_ws/install/vesc_driver/lib:/home/jetson/slash_ws/install/vesc_ackermann/lib:/home/jetson/slash_ws/install/teleop_tools_msgs/lib:/home/jetson/slash_ws/install/teb_local_planner/lib:/home/jetson/slash_ws/install/teb_msgs/lib:/home/jetson/slash_ws/install/pointcloud_to_laserscan/lib:/home/jetson/slash_ws/install/fast_lio/lib:/home/jetson/slash_ws/install/livox_ros_driver2/lib:/home/jetson/slash_ws/install/linefit_ground_segmentation/lib:/home/jetson/slash_ws/install/costmap_converter/lib:/home/jetson/slash_ws/install/costmap_converter_msgs/lib:/usr/lib/aarch64-linux-gnu/gazebo-11/plugins:/opt/ros/foxy/opt/yaml_cpp_vendor/lib:/opt/ros/foxy/opt/rviz_ogre_vendor/lib:/opt/ros/foxy/lib/aarch64-linux-gnu:/opt/ros/foxy/lib:/usr/local/cuda-11.4/lib64 PYTHONPATH=/home/jetson/slash_ws/install/vesc_msgs/lib/python3.8/site-packages:/home/jetson/slash_ws/install/f1tenth_stack/lib/python3.8/site-packages:/home/jetson/slash_ws/install/twist_to_ackermann/lib/python3.8/site-packages:/home/jetson/slash_ws/install/joy_teleop/lib/python3.8/site-packages:/home/jetson/slash_ws/install/teleop_tools_msgs/lib/python3.8/site-packages:/home/jetson/slash_ws/install/teb_msgs/lib/python3.8/site-packages:/home/jetson/slash_ws/install/roboracer_china_2025/lib/python3.8/site-packages:/home/jetson/slash_ws/install/mouse_teleop/lib/python3.8/site-packages:/home/jetson/slash_ws/install/fast_lio/lib/python3.8/site-packages:/home/jetson/slash_ws/install/livox_ros_driver2/lib/python3.8/site-packages:/home/jetson/slash_ws/install/key_teleop/lib/python3.8/site-packages:/home/jetson/slash_ws/install/costmap_converter_msgs/lib/python3.8/site-packages:/opt/ros/foxy/lib/python3.8/site-packages /usr/bin/cmake --install /home/jetson/slash_ws/build/vesc_ackermann
[5.778s] DEBUG:colcon.colcon_core.event_handler.log_command:Invoking command in '/home/jetson/slash_ws/build/teb_msgs': CMAKE_PREFIX_PATH=/home/jetson/slash_ws/install/costmap_converter_msgs:/home/jetson/slash_ws/install/vesc:/home/jetson/slash_ws/install/vesc_driver:/home/jetson/slash_ws/install/vesc_ackermann:/home/jetson/slash_ws/install/vesc_msgs:/home/jetson/slash_ws/install/teleop_tools:/home/jetson/slash_ws/install/teleop_tools_msgs:/home/jetson/slash_ws/install/teb_local_planner:/home/jetson/slash_ws/install/teb_msgs:/home/jetson/slash_ws/install/slash_nav2:/home/jetson/slash_ws/install/simple_mpc:/home/jetson/slash_ws/install/pointcloud_to_laserscan:/home/jetson/slash_ws/install/fast_lio:/home/jetson/slash_ws/install/livox_ros_driver2:/home/jetson/slash_ws/install/linefit_ground_segmentation_ros:/home/jetson/slash_ws/install/linefit_ground_segmentation:/home/jetson/slash_ws/install/costmap_converter:/home/jetson/slash_ws/install/ackermann_mux:/home/jetson/slash_ws/install/f1tenth_stack:/home/jetson/slash_ws/install/twist_to_ackermann:/home/jetson/slash_ws/install/joy_teleop:/home/jetson/slash_ws/install/roboracer_china_2025:/home/jetson/slash_ws/install/mouse_teleop:/home/jetson/slash_ws/install/key_teleop:/opt/ros/foxy LD_LIBRARY_PATH=/home/jetson/slash_ws/install/costmap_converter_msgs/lib:/usr/local/cuda/lib64:/usr/local/cuda/lib64:/usr/local/cuda/lib64:/usr/local/cuda/lib64:/usr/local/cuda-11.4/lib64:/usr/local/cuda/lib64:/usr/local/cuda/lib64:/usr/local/cuda/lib64:/usr/local/cuda/lib64:/home/jetson/slash_ws/install/vesc_driver/lib:/home/jetson/slash_ws/install/vesc_ackermann/lib:/home/jetson/slash_ws/install/vesc_msgs/lib:/home/jetson/slash_ws/install/teleop_tools_msgs/lib:/home/jetson/slash_ws/install/teb_local_planner/lib:/home/jetson/slash_ws/install/teb_msgs/lib:/home/jetson/slash_ws/install/pointcloud_to_laserscan/lib:/home/jetson/slash_ws/install/fast_lio/lib:/home/jetson/slash_ws/install/livox_ros_driver2/lib:/home/jetson/slash_ws/install/linefit_ground_segmentation/lib:/home/jetson/slash_ws/install/costmap_converter/lib:/usr/lib/aarch64-linux-gnu/gazebo-11/plugins:/opt/ros/foxy/opt/yaml_cpp_vendor/lib:/opt/ros/foxy/opt/rviz_ogre_vendor/lib:/opt/ros/foxy/lib/aarch64-linux-gnu:/opt/ros/foxy/lib:/usr/local/cuda-11.4/lib64 PYTHONPATH=/home/jetson/slash_ws/install/costmap_converter_msgs/lib/python3.8/site-packages:/home/jetson/slash_ws/install/f1tenth_stack/lib/python3.8/site-packages:/home/jetson/slash_ws/install/vesc_msgs/lib/python3.8/site-packages:/home/jetson/slash_ws/install/twist_to_ackermann/lib/python3.8/site-packages:/home/jetson/slash_ws/install/joy_teleop/lib/python3.8/site-packages:/home/jetson/slash_ws/install/teleop_tools_msgs/lib/python3.8/site-packages:/home/jetson/slash_ws/install/teb_msgs/lib/python3.8/site-packages:/home/jetson/slash_ws/install/roboracer_china_2025/lib/python3.8/site-packages:/home/jetson/slash_ws/install/mouse_teleop/lib/python3.8/site-packages:/home/jetson/slash_ws/install/fast_lio/lib/python3.8/site-packages:/home/jetson/slash_ws/install/livox_ros_driver2/lib/python3.8/site-packages:/home/jetson/slash_ws/install/key_teleop/lib/python3.8/site-packages:/opt/ros/foxy/lib/python3.8/site-packages /usr/bin/cmake --build /home/jetson/slash_ws/build/teb_msgs -- -j8 -l8
[5.815s] DEBUG:colcon.colcon_core.event_handler.log_command:Invoked command in '/home/jetson/slash_ws/build/vesc_driver' returned '0': CMAKE_PREFIX_PATH=/home/jetson/slash_ws/install/vesc_msgs:/home/jetson/slash_ws/install/vesc:/home/jetson/slash_ws/install/vesc_driver:/home/jetson/slash_ws/install/vesc_ackermann:/home/jetson/slash_ws/install/teleop_tools:/home/jetson/slash_ws/install/teleop_tools_msgs:/home/jetson/slash_ws/install/teb_local_planner:/home/jetson/slash_ws/install/teb_msgs:/home/jetson/slash_ws/install/slash_nav2:/home/jetson/slash_ws/install/simple_mpc:/home/jetson/slash_ws/install/pointcloud_to_laserscan:/home/jetson/slash_ws/install/fast_lio:/home/jetson/slash_ws/install/livox_ros_driver2:/home/jetson/slash_ws/install/linefit_ground_segmentation_ros:/home/jetson/slash_ws/install/linefit_ground_segmentation:/home/jetson/slash_ws/install/costmap_converter:/home/jetson/slash_ws/install/costmap_converter_msgs:/home/jetson/slash_ws/install/ackermann_mux:/home/jetson/slash_ws/install/f1tenth_stack:/home/jetson/slash_ws/install/twist_to_ackermann:/home/jetson/slash_ws/install/joy_teleop:/home/jetson/slash_ws/install/roboracer_china_2025:/home/jetson/slash_ws/install/mouse_teleop:/home/jetson/slash_ws/install/key_teleop:/opt/ros/foxy LD_LIBRARY_PATH=/home/jetson/slash_ws/install/vesc_msgs/lib:/usr/local/cuda/lib64:/usr/local/cuda/lib64:/usr/local/cuda/lib64:/usr/local/cuda/lib64:/usr/local/cuda-11.4/lib64:/usr/local/cuda/lib64:/usr/local/cuda/lib64:/usr/local/cuda/lib64:/usr/local/cuda/lib64:/home/jetson/slash_ws/install/vesc_driver/lib:/home/jetson/slash_ws/install/vesc_ackermann/lib:/home/jetson/slash_ws/install/teleop_tools_msgs/lib:/home/jetson/slash_ws/install/teb_local_planner/lib:/home/jetson/slash_ws/install/teb_msgs/lib:/home/jetson/slash_ws/install/pointcloud_to_laserscan/lib:/home/jetson/slash_ws/install/fast_lio/lib:/home/jetson/slash_ws/install/livox_ros_driver2/lib:/home/jetson/slash_ws/install/linefit_ground_segmentation/lib:/home/jetson/slash_ws/install/costmap_converter/lib:/home/jetson/slash_ws/install/costmap_converter_msgs/lib:/usr/lib/aarch64-linux-gnu/gazebo-11/plugins:/opt/ros/foxy/opt/yaml_cpp_vendor/lib:/opt/ros/foxy/opt/rviz_ogre_vendor/lib:/opt/ros/foxy/lib/aarch64-linux-gnu:/opt/ros/foxy/lib:/usr/local/cuda-11.4/lib64 PYTHONPATH=/home/jetson/slash_ws/install/vesc_msgs/lib/python3.8/site-packages:/home/jetson/slash_ws/install/f1tenth_stack/lib/python3.8/site-packages:/home/jetson/slash_ws/install/twist_to_ackermann/lib/python3.8/site-packages:/home/jetson/slash_ws/install/joy_teleop/lib/python3.8/site-packages:/home/jetson/slash_ws/install/teleop_tools_msgs/lib/python3.8/site-packages:/home/jetson/slash_ws/install/teb_msgs/lib/python3.8/site-packages:/home/jetson/slash_ws/install/roboracer_china_2025/lib/python3.8/site-packages:/home/jetson/slash_ws/install/mouse_teleop/lib/python3.8/site-packages:/home/jetson/slash_ws/install/fast_lio/lib/python3.8/site-packages:/home/jetson/slash_ws/install/livox_ros_driver2/lib/python3.8/site-packages:/home/jetson/slash_ws/install/key_teleop/lib/python3.8/site-packages:/home/jetson/slash_ws/install/costmap_converter_msgs/lib/python3.8/site-packages:/opt/ros/foxy/lib/python3.8/site-packages /usr/bin/cmake --build /home/jetson/slash_ws/build/vesc_driver -- -j8 -l8
[5.834s] DEBUG:colcon.colcon_core.event_handler.log_command:Invoking command in '/home/jetson/slash_ws/build/vesc_driver': CMAKE_PREFIX_PATH=/home/jetson/slash_ws/install/vesc_msgs:/home/jetson/slash_ws/install/vesc:/home/jetson/slash_ws/install/vesc_driver:/home/jetson/slash_ws/install/vesc_ackermann:/home/jetson/slash_ws/install/teleop_tools:/home/jetson/slash_ws/install/teleop_tools_msgs:/home/jetson/slash_ws/install/teb_local_planner:/home/jetson/slash_ws/install/teb_msgs:/home/jetson/slash_ws/install/slash_nav2:/home/jetson/slash_ws/install/simple_mpc:/home/jetson/slash_ws/install/pointcloud_to_laserscan:/home/jetson/slash_ws/install/fast_lio:/home/jetson/slash_ws/install/livox_ros_driver2:/home/jetson/slash_ws/install/linefit_ground_segmentation_ros:/home/jetson/slash_ws/install/linefit_ground_segmentation:/home/jetson/slash_ws/install/costmap_converter:/home/jetson/slash_ws/install/costmap_converter_msgs:/home/jetson/slash_ws/install/ackermann_mux:/home/jetson/slash_ws/install/f1tenth_stack:/home/jetson/slash_ws/install/twist_to_ackermann:/home/jetson/slash_ws/install/joy_teleop:/home/jetson/slash_ws/install/roboracer_china_2025:/home/jetson/slash_ws/install/mouse_teleop:/home/jetson/slash_ws/install/key_teleop:/opt/ros/foxy LD_LIBRARY_PATH=/home/jetson/slash_ws/install/vesc_msgs/lib:/usr/local/cuda/lib64:/usr/local/cuda/lib64:/usr/local/cuda/lib64:/usr/local/cuda/lib64:/usr/local/cuda-11.4/lib64:/usr/local/cuda/lib64:/usr/local/cuda/lib64:/usr/local/cuda/lib64:/usr/local/cuda/lib64:/home/jetson/slash_ws/install/vesc_driver/lib:/home/jetson/slash_ws/install/vesc_ackermann/lib:/home/jetson/slash_ws/install/teleop_tools_msgs/lib:/home/jetson/slash_ws/install/teb_local_planner/lib:/home/jetson/slash_ws/install/teb_msgs/lib:/home/jetson/slash_ws/install/pointcloud_to_laserscan/lib:/home/jetson/slash_ws/install/fast_lio/lib:/home/jetson/slash_ws/install/livox_ros_driver2/lib:/home/jetson/slash_ws/install/linefit_ground_segmentation/lib:/home/jetson/slash_ws/install/costmap_converter/lib:/home/jetson/slash_ws/install/costmap_converter_msgs/lib:/usr/lib/aarch64-linux-gnu/gazebo-11/plugins:/opt/ros/foxy/opt/yaml_cpp_vendor/lib:/opt/ros/foxy/opt/rviz_ogre_vendor/lib:/opt/ros/foxy/lib/aarch64-linux-gnu:/opt/ros/foxy/lib:/usr/local/cuda-11.4/lib64 PYTHONPATH=/home/jetson/slash_ws/install/vesc_msgs/lib/python3.8/site-packages:/home/jetson/slash_ws/install/f1tenth_stack/lib/python3.8/site-packages:/home/jetson/slash_ws/install/twist_to_ackermann/lib/python3.8/site-packages:/home/jetson/slash_ws/install/joy_teleop/lib/python3.8/site-packages:/home/jetson/slash_ws/install/teleop_tools_msgs/lib/python3.8/site-packages:/home/jetson/slash_ws/install/teb_msgs/lib/python3.8/site-packages:/home/jetson/slash_ws/install/roboracer_china_2025/lib/python3.8/site-packages:/home/jetson/slash_ws/install/mouse_teleop/lib/python3.8/site-packages:/home/jetson/slash_ws/install/fast_lio/lib/python3.8/site-packages:/home/jetson/slash_ws/install/livox_ros_driver2/lib/python3.8/site-packages:/home/jetson/slash_ws/install/key_teleop/lib/python3.8/site-packages:/home/jetson/slash_ws/install/costmap_converter_msgs/lib/python3.8/site-packages:/opt/ros/foxy/lib/python3.8/site-packages /usr/bin/cmake --install /home/jetson/slash_ws/build/vesc_driver
[5.858s] Level 1:colcon.colcon_core.environment:create_environment_scripts_only(vesc_ackermann)
[5.859s] Level 1:colcon.colcon_core.environment:checking '/home/jetson/slash_ws/install/vesc_ackermann' for CMake module files
[5.860s] Level 1:colcon.colcon_core.environment:checking '/home/jetson/slash_ws/install/vesc_ackermann' for CMake config files
[5.861s] Level 1:colcon.colcon_core.shell:create_environment_hook('vesc_ackermann', 'cmake_prefix_path')
[5.862s] INFO:colcon.colcon_core.shell:Creating environment hook '/home/jetson/slash_ws/install/vesc_ackermann/share/vesc_ackermann/hook/cmake_prefix_path.ps1'
[5.863s] INFO:colcon.colcon_core.shell:Creating environment descriptor '/home/jetson/slash_ws/install/vesc_ackermann/share/vesc_ackermann/hook/cmake_prefix_path.dsv'
[5.864s] INFO:colcon.colcon_core.shell:Creating environment hook '/home/jetson/slash_ws/install/vesc_ackermann/share/vesc_ackermann/hook/cmake_prefix_path.sh'
[5.865s] Level 1:colcon.colcon_core.environment:checking '/home/jetson/slash_ws/install/vesc_ackermann/lib'
[5.865s] Level 1:colcon.colcon_core.shell:create_environment_hook('vesc_ackermann', 'ld_library_path_lib')
[5.866s] INFO:colcon.colcon_core.shell:Creating environment hook '/home/jetson/slash_ws/install/vesc_ackermann/share/vesc_ackermann/hook/ld_library_path_lib.ps1'
[5.867s] INFO:colcon.colcon_core.shell:Creating environment descriptor '/home/jetson/slash_ws/install/vesc_ackermann/share/vesc_ackermann/hook/ld_library_path_lib.dsv'
[5.868s] INFO:colcon.colcon_core.shell:Creating environment hook '/home/jetson/slash_ws/install/vesc_ackermann/share/vesc_ackermann/hook/ld_library_path_lib.sh'
[5.868s] Level 1:colcon.colcon_core.environment:checking '/home/jetson/slash_ws/install/vesc_ackermann/bin'
[5.869s] Level 1:colcon.colcon_core.environment:checking '/home/jetson/slash_ws/install/vesc_ackermann/lib/pkgconfig/vesc_ackermann.pc'
[5.869s] Level 1:colcon.colcon_core.environment:checking '/home/jetson/slash_ws/install/vesc_ackermann/lib/python3.8/site-packages'
[5.870s] Level 1:colcon.colcon_core.environment:checking '/home/jetson/slash_ws/install/vesc_ackermann/bin'
[5.871s] DEBUG:colcon.colcon_core.event_handler.log_command:Invoked command in '/home/jetson/slash_ws/build/vesc_ackermann' returned '0': CMAKE_PREFIX_PATH=/home/jetson/slash_ws/install/vesc_msgs:/home/jetson/slash_ws/install/vesc:/home/jetson/slash_ws/install/vesc_driver:/home/jetson/slash_ws/install/vesc_ackermann:/home/jetson/slash_ws/install/teleop_tools:/home/jetson/slash_ws/install/teleop_tools_msgs:/home/jetson/slash_ws/install/teb_local_planner:/home/jetson/slash_ws/install/teb_msgs:/home/jetson/slash_ws/install/slash_nav2:/home/jetson/slash_ws/install/simple_mpc:/home/jetson/slash_ws/install/pointcloud_to_laserscan:/home/jetson/slash_ws/install/fast_lio:/home/jetson/slash_ws/install/livox_ros_driver2:/home/jetson/slash_ws/install/linefit_ground_segmentation_ros:/home/jetson/slash_ws/install/linefit_ground_segmentation:/home/jetson/slash_ws/install/costmap_converter:/home/jetson/slash_ws/install/costmap_converter_msgs:/home/jetson/slash_ws/install/ackermann_mux:/home/jetson/slash_ws/install/f1tenth_stack:/home/jetson/slash_ws/install/twist_to_ackermann:/home/jetson/slash_ws/install/joy_teleop:/home/jetson/slash_ws/install/roboracer_china_2025:/home/jetson/slash_ws/install/mouse_teleop:/home/jetson/slash_ws/install/key_teleop:/opt/ros/foxy LD_LIBRARY_PATH=/home/jetson/slash_ws/install/vesc_msgs/lib:/usr/local/cuda/lib64:/usr/local/cuda/lib64:/usr/local/cuda/lib64:/usr/local/cuda/lib64:/usr/local/cuda-11.4/lib64:/usr/local/cuda/lib64:/usr/local/cuda/lib64:/usr/local/cuda/lib64:/usr/local/cuda/lib64:/home/jetson/slash_ws/install/vesc_driver/lib:/home/jetson/slash_ws/install/vesc_ackermann/lib:/home/jetson/slash_ws/install/teleop_tools_msgs/lib:/home/jetson/slash_ws/install/teb_local_planner/lib:/home/jetson/slash_ws/install/teb_msgs/lib:/home/jetson/slash_ws/install/pointcloud_to_laserscan/lib:/home/jetson/slash_ws/install/fast_lio/lib:/home/jetson/slash_ws/install/livox_ros_driver2/lib:/home/jetson/slash_ws/install/linefit_ground_segmentation/lib:/home/jetson/slash_ws/install/costmap_converter/lib:/home/jetson/slash_ws/install/costmap_converter_msgs/lib:/usr/lib/aarch64-linux-gnu/gazebo-11/plugins:/opt/ros/foxy/opt/yaml_cpp_vendor/lib:/opt/ros/foxy/opt/rviz_ogre_vendor/lib:/opt/ros/foxy/lib/aarch64-linux-gnu:/opt/ros/foxy/lib:/usr/local/cuda-11.4/lib64 PYTHONPATH=/home/jetson/slash_ws/install/vesc_msgs/lib/python3.8/site-packages:/home/jetson/slash_ws/install/f1tenth_stack/lib/python3.8/site-packages:/home/jetson/slash_ws/install/twist_to_ackermann/lib/python3.8/site-packages:/home/jetson/slash_ws/install/joy_teleop/lib/python3.8/site-packages:/home/jetson/slash_ws/install/teleop_tools_msgs/lib/python3.8/site-packages:/home/jetson/slash_ws/install/teb_msgs/lib/python3.8/site-packages:/home/jetson/slash_ws/install/roboracer_china_2025/lib/python3.8/site-packages:/home/jetson/slash_ws/install/mouse_teleop/lib/python3.8/site-packages:/home/jetson/slash_ws/install/fast_lio/lib/python3.8/site-packages:/home/jetson/slash_ws/install/livox_ros_driver2/lib/python3.8/site-packages:/home/jetson/slash_ws/install/key_teleop/lib/python3.8/site-packages:/home/jetson/slash_ws/install/costmap_converter_msgs/lib/python3.8/site-packages:/opt/ros/foxy/lib/python3.8/site-packages /usr/bin/cmake --install /home/jetson/slash_ws/build/vesc_ackermann
[5.872s] INFO:colcon.colcon_core.shell:Creating package script '/home/jetson/slash_ws/install/vesc_ackermann/share/vesc_ackermann/package.ps1'
[5.874s] INFO:colcon.colcon_core.shell:Creating package descriptor '/home/jetson/slash_ws/install/vesc_ackermann/share/vesc_ackermann/package.dsv'
[5.875s] INFO:colcon.colcon_core.shell:Creating package script '/home/jetson/slash_ws/install/vesc_ackermann/share/vesc_ackermann/package.sh'
[5.876s] INFO:colcon.colcon_core.shell:Creating package script '/home/jetson/slash_ws/install/vesc_ackermann/share/vesc_ackermann/package.bash'
[5.877s] INFO:colcon.colcon_core.shell:Creating package script '/home/jetson/slash_ws/install/vesc_ackermann/share/vesc_ackermann/package.zsh'
[5.878s] Level 1:colcon.colcon_core.environment:create_file_with_runtime_dependencies(/home/jetson/slash_ws/install/vesc_ackermann/share/colcon-core/packages/vesc_ackermann)
[5.880s] Level 1:colcon.colcon_core.environment:create_environment_scripts_only(vesc_ackermann)
[5.880s] Level 1:colcon.colcon_core.environment:checking '/home/jetson/slash_ws/install/vesc_ackermann' for CMake module files
[5.881s] Level 1:colcon.colcon_core.environment:checking '/home/jetson/slash_ws/install/vesc_ackermann' for CMake config files
[5.882s] Level 1:colcon.colcon_core.shell:create_environment_hook('vesc_ackermann', 'cmake_prefix_path')
[5.882s] INFO:colcon.colcon_core.shell:Creating environment hook '/home/jetson/slash_ws/install/vesc_ackermann/share/vesc_ackermann/hook/cmake_prefix_path.ps1'
[5.883s] INFO:colcon.colcon_core.shell:Creating environment descriptor '/home/jetson/slash_ws/install/vesc_ackermann/share/vesc_ackermann/hook/cmake_prefix_path.dsv'
[5.884s] INFO:colcon.colcon_core.shell:Creating environment hook '/home/jetson/slash_ws/install/vesc_ackermann/share/vesc_ackermann/hook/cmake_prefix_path.sh'
[5.885s] Level 1:colcon.colcon_core.environment:checking '/home/jetson/slash_ws/install/vesc_ackermann/lib'
[5.886s] Level 1:colcon.colcon_core.shell:create_environment_hook('vesc_ackermann', 'ld_library_path_lib')
[5.886s] INFO:colcon.colcon_core.shell:Creating environment hook '/home/jetson/slash_ws/install/vesc_ackermann/share/vesc_ackermann/hook/ld_library_path_lib.ps1'
[5.888s] INFO:colcon.colcon_core.shell:Creating environment descriptor '/home/jetson/slash_ws/install/vesc_ackermann/share/vesc_ackermann/hook/ld_library_path_lib.dsv'
[5.889s] INFO:colcon.colcon_core.shell:Creating environment hook '/home/jetson/slash_ws/install/vesc_ackermann/share/vesc_ackermann/hook/ld_library_path_lib.sh'
[5.890s] Level 1:colcon.colcon_core.environment:checking '/home/jetson/slash_ws/install/vesc_ackermann/bin'
[5.890s] Level 1:colcon.colcon_core.environment:checking '/home/jetson/slash_ws/install/vesc_ackermann/lib/pkgconfig/vesc_ackermann.pc'
[5.890s] Level 1:colcon.colcon_core.environment:checking '/home/jetson/slash_ws/install/vesc_ackermann/lib/python3.8/site-packages'
[5.891s] Level 1:colcon.colcon_core.environment:checking '/home/jetson/slash_ws/install/vesc_ackermann/bin'
[5.891s] INFO:colcon.colcon_core.shell:Creating package script '/home/jetson/slash_ws/install/vesc_ackermann/share/vesc_ackermann/package.ps1'
[5.893s] INFO:colcon.colcon_core.shell:Creating package descriptor '/home/jetson/slash_ws/install/vesc_ackermann/share/vesc_ackermann/package.dsv'
[5.895s] INFO:colcon.colcon_core.shell:Creating package script '/home/jetson/slash_ws/install/vesc_ackermann/share/vesc_ackermann/package.sh'
[5.896s] INFO:colcon.colcon_core.shell:Creating package script '/home/jetson/slash_ws/install/vesc_ackermann/share/vesc_ackermann/package.bash'
[5.899s] INFO:colcon.colcon_core.shell:Creating package script '/home/jetson/slash_ws/install/vesc_ackermann/share/vesc_ackermann/package.zsh'
[5.900s] Level 1:colcon.colcon_core.environment:create_file_with_runtime_dependencies(/home/jetson/slash_ws/install/vesc_ackermann/share/colcon-core/packages/vesc_ackermann)
[5.904s] INFO:colcon.colcon_ros.task.ament_cmake.build:Building ROS package in '/home/jetson/slash_ws/src/slash_controller/simple_mpc' with build type 'ament_cmake'
[5.905s] INFO:colcon.colcon_cmake.task.cmake.build:Building CMake package in '/home/jetson/slash_ws/src/slash_controller/simple_mpc'
[5.905s] INFO:colcon.colcon_core.shell:Skip shell extension 'powershell' for command environment: Not usable outside of PowerShell
[5.906s] DEBUG:colcon.colcon_core.shell:Skip shell extension 'dsv' for command environment
[5.966s] Level 1:colcon.colcon_core.environment:create_environment_scripts_only(vesc_driver)
[5.969s] Level 1:colcon.colcon_core.environment:checking '/home/jetson/slash_ws/install/vesc_driver' for CMake module files
[5.970s] DEBUG:colcon.colcon_core.event_handler.log_command:Invoked command in '/home/jetson/slash_ws/build/vesc_driver' returned '0': CMAKE_PREFIX_PATH=/home/jetson/slash_ws/install/vesc_msgs:/home/jetson/slash_ws/install/vesc:/home/jetson/slash_ws/install/vesc_driver:/home/jetson/slash_ws/install/vesc_ackermann:/home/jetson/slash_ws/install/teleop_tools:/home/jetson/slash_ws/install/teleop_tools_msgs:/home/jetson/slash_ws/install/teb_local_planner:/home/jetson/slash_ws/install/teb_msgs:/home/jetson/slash_ws/install/slash_nav2:/home/jetson/slash_ws/install/simple_mpc:/home/jetson/slash_ws/install/pointcloud_to_laserscan:/home/jetson/slash_ws/install/fast_lio:/home/jetson/slash_ws/install/livox_ros_driver2:/home/jetson/slash_ws/install/linefit_ground_segmentation_ros:/home/jetson/slash_ws/install/linefit_ground_segmentation:/home/jetson/slash_ws/install/costmap_converter:/home/jetson/slash_ws/install/costmap_converter_msgs:/home/jetson/slash_ws/install/ackermann_mux:/home/jetson/slash_ws/install/f1tenth_stack:/home/jetson/slash_ws/install/twist_to_ackermann:/home/jetson/slash_ws/install/joy_teleop:/home/jetson/slash_ws/install/roboracer_china_2025:/home/jetson/slash_ws/install/mouse_teleop:/home/jetson/slash_ws/install/key_teleop:/opt/ros/foxy LD_LIBRARY_PATH=/home/jetson/slash_ws/install/vesc_msgs/lib:/usr/local/cuda/lib64:/usr/local/cuda/lib64:/usr/local/cuda/lib64:/usr/local/cuda/lib64:/usr/local/cuda-11.4/lib64:/usr/local/cuda/lib64:/usr/local/cuda/lib64:/usr/local/cuda/lib64:/usr/local/cuda/lib64:/home/jetson/slash_ws/install/vesc_driver/lib:/home/jetson/slash_ws/install/vesc_ackermann/lib:/home/jetson/slash_ws/install/teleop_tools_msgs/lib:/home/jetson/slash_ws/install/teb_local_planner/lib:/home/jetson/slash_ws/install/teb_msgs/lib:/home/jetson/slash_ws/install/pointcloud_to_laserscan/lib:/home/jetson/slash_ws/install/fast_lio/lib:/home/jetson/slash_ws/install/livox_ros_driver2/lib:/home/jetson/slash_ws/install/linefit_ground_segmentation/lib:/home/jetson/slash_ws/install/costmap_converter/lib:/home/jetson/slash_ws/install/costmap_converter_msgs/lib:/usr/lib/aarch64-linux-gnu/gazebo-11/plugins:/opt/ros/foxy/opt/yaml_cpp_vendor/lib:/opt/ros/foxy/opt/rviz_ogre_vendor/lib:/opt/ros/foxy/lib/aarch64-linux-gnu:/opt/ros/foxy/lib:/usr/local/cuda-11.4/lib64 PYTHONPATH=/home/jetson/slash_ws/install/vesc_msgs/lib/python3.8/site-packages:/home/jetson/slash_ws/install/f1tenth_stack/lib/python3.8/site-packages:/home/jetson/slash_ws/install/twist_to_ackermann/lib/python3.8/site-packages:/home/jetson/slash_ws/install/joy_teleop/lib/python3.8/site-packages:/home/jetson/slash_ws/install/teleop_tools_msgs/lib/python3.8/site-packages:/home/jetson/slash_ws/install/teb_msgs/lib/python3.8/site-packages:/home/jetson/slash_ws/install/roboracer_china_2025/lib/python3.8/site-packages:/home/jetson/slash_ws/install/mouse_teleop/lib/python3.8/site-packages:/home/jetson/slash_ws/install/fast_lio/lib/python3.8/site-packages:/home/jetson/slash_ws/install/livox_ros_driver2/lib/python3.8/site-packages:/home/jetson/slash_ws/install/key_teleop/lib/python3.8/site-packages:/home/jetson/slash_ws/install/costmap_converter_msgs/lib/python3.8/site-packages:/opt/ros/foxy/lib/python3.8/site-packages /usr/bin/cmake --install /home/jetson/slash_ws/build/vesc_driver
[5.971s] Level 1:colcon.colcon_core.environment:checking '/home/jetson/slash_ws/install/vesc_driver' for CMake config files
[5.972s] Level 1:colcon.colcon_core.shell:create_environment_hook('vesc_driver', 'cmake_prefix_path')
[5.973s] INFO:colcon.colcon_core.shell:Creating environment hook '/home/jetson/slash_ws/install/vesc_driver/share/vesc_driver/hook/cmake_prefix_path.ps1'
[5.974s] INFO:colcon.colcon_core.shell:Creating environment descriptor '/home/jetson/slash_ws/install/vesc_driver/share/vesc_driver/hook/cmake_prefix_path.dsv'
[5.975s] INFO:colcon.colcon_core.shell:Creating environment hook '/home/jetson/slash_ws/install/vesc_driver/share/vesc_driver/hook/cmake_prefix_path.sh'
[5.976s] Level 1:colcon.colcon_core.environment:checking '/home/jetson/slash_ws/install/vesc_driver/lib'
[5.976s] Level 1:colcon.colcon_core.shell:create_environment_hook('vesc_driver', 'ld_library_path_lib')
[5.977s] INFO:colcon.colcon_core.shell:Creating environment hook '/home/jetson/slash_ws/install/vesc_driver/share/vesc_driver/hook/ld_library_path_lib.ps1'
[5.978s] INFO:colcon.colcon_core.shell:Creating environment descriptor '/home/jetson/slash_ws/install/vesc_driver/share/vesc_driver/hook/ld_library_path_lib.dsv'
[5.978s] INFO:colcon.colcon_core.shell:Creating environment hook '/home/jetson/slash_ws/install/vesc_driver/share/vesc_driver/hook/ld_library_path_lib.sh'
[5.980s] Level 1:colcon.colcon_core.environment:checking '/home/jetson/slash_ws/install/vesc_driver/bin'
[5.980s] Level 1:colcon.colcon_core.environment:checking '/home/jetson/slash_ws/install/vesc_driver/lib/pkgconfig/vesc_driver.pc'
[5.983s] Level 1:colcon.colcon_core.environment:checking '/home/jetson/slash_ws/install/vesc_driver/lib/python3.8/site-packages'
[5.984s] Level 1:colcon.colcon_core.environment:checking '/home/jetson/slash_ws/install/vesc_driver/bin'
[5.985s] INFO:colcon.colcon_core.shell:Creating package script '/home/jetson/slash_ws/install/vesc_driver/share/vesc_driver/package.ps1'
[5.986s] INFO:colcon.colcon_core.shell:Creating package descriptor '/home/jetson/slash_ws/install/vesc_driver/share/vesc_driver/package.dsv'
[5.987s] INFO:colcon.colcon_core.shell:Creating package script '/home/jetson/slash_ws/install/vesc_driver/share/vesc_driver/package.sh'
[5.988s] INFO:colcon.colcon_core.shell:Creating package script '/home/jetson/slash_ws/install/vesc_driver/share/vesc_driver/package.bash'
[5.989s] INFO:colcon.colcon_core.shell:Creating package script '/home/jetson/slash_ws/install/vesc_driver/share/vesc_driver/package.zsh'
[5.990s] Level 1:colcon.colcon_core.environment:create_file_with_runtime_dependencies(/home/jetson/slash_ws/install/vesc_driver/share/colcon-core/packages/vesc_driver)
[5.991s] Level 1:colcon.colcon_core.environment:create_environment_scripts_only(vesc_driver)
[5.992s] Level 1:colcon.colcon_core.environment:checking '/home/jetson/slash_ws/install/vesc_driver' for CMake module files
[5.992s] Level 1:colcon.colcon_core.environment:checking '/home/jetson/slash_ws/install/vesc_driver' for CMake config files
[5.993s] Level 1:colcon.colcon_core.shell:create_environment_hook('vesc_driver', 'cmake_prefix_path')
[5.996s] INFO:colcon.colcon_core.shell:Creating environment hook '/home/jetson/slash_ws/install/vesc_driver/share/vesc_driver/hook/cmake_prefix_path.ps1'
[5.997s] INFO:colcon.colcon_core.shell:Creating environment descriptor '/home/jetson/slash_ws/install/vesc_driver/share/vesc_driver/hook/cmake_prefix_path.dsv'
[5.998s] INFO:colcon.colcon_core.shell:Creating environment hook '/home/jetson/slash_ws/install/vesc_driver/share/vesc_driver/hook/cmake_prefix_path.sh'
[5.999s] Level 1:colcon.colcon_core.environment:checking '/home/jetson/slash_ws/install/vesc_driver/lib'
[6.000s] Level 1:colcon.colcon_core.shell:create_environment_hook('vesc_driver', 'ld_library_path_lib')
[6.000s] INFO:colcon.colcon_core.shell:Creating environment hook '/home/jetson/slash_ws/install/vesc_driver/share/vesc_driver/hook/ld_library_path_lib.ps1'
[6.002s] INFO:colcon.colcon_core.shell:Creating environment descriptor '/home/jetson/slash_ws/install/vesc_driver/share/vesc_driver/hook/ld_library_path_lib.dsv'
[6.003s] INFO:colcon.colcon_core.shell:Creating environment hook '/home/jetson/slash_ws/install/vesc_driver/share/vesc_driver/hook/ld_library_path_lib.sh'
[6.004s] Level 1:colcon.colcon_core.environment:checking '/home/jetson/slash_ws/install/vesc_driver/bin'
[6.004s] Level 1:colcon.colcon_core.environment:checking '/home/jetson/slash_ws/install/vesc_driver/lib/pkgconfig/vesc_driver.pc'
[6.004s] Level 1:colcon.colcon_core.environment:checking '/home/jetson/slash_ws/install/vesc_driver/lib/python3.8/site-packages'
[6.005s] Level 1:colcon.colcon_core.environment:checking '/home/jetson/slash_ws/install/vesc_driver/bin'
[6.006s] INFO:colcon.colcon_core.shell:Creating package script '/home/jetson/slash_ws/install/vesc_driver/share/vesc_driver/package.ps1'
[6.007s] INFO:colcon.colcon_core.shell:Creating package descriptor '/home/jetson/slash_ws/install/vesc_driver/share/vesc_driver/package.dsv'
[6.009s] INFO:colcon.colcon_core.shell:Creating package script '/home/jetson/slash_ws/install/vesc_driver/share/vesc_driver/package.sh'
[6.011s] INFO:colcon.colcon_core.shell:Creating package script '/home/jetson/slash_ws/install/vesc_driver/share/vesc_driver/package.bash'
[6.012s] INFO:colcon.colcon_core.shell:Creating package script '/home/jetson/slash_ws/install/vesc_driver/share/vesc_driver/package.zsh'
[6.013s] Level 1:colcon.colcon_core.environment:create_file_with_runtime_dependencies(/home/jetson/slash_ws/install/vesc_driver/share/colcon-core/packages/vesc_driver)
[6.016s] INFO:colcon.colcon_ros.task.ament_cmake.build:Building ROS package in '/home/jetson/slash_ws/src/slash_hardware/f1tenth_system/vesc/vesc' with build type 'ament_cmake'
[6.020s] INFO:colcon.colcon_cmake.task.cmake.build:Building CMake package in '/home/jetson/slash_ws/src/slash_hardware/f1tenth_system/vesc/vesc'
[6.021s] INFO:colcon.colcon_core.shell:Skip shell extension 'powershell' for command environment: Not usable outside of PowerShell
[6.022s] DEBUG:colcon.colcon_core.shell:Skip shell extension 'dsv' for command environment
[6.063s] DEBUG:colcon.colcon_core.event_handler.log_command:Invoked command in '/home/jetson/slash_ws/build/costmap_converter' returned '0': CMAKE_PREFIX_PATH=/home/jetson/slash_ws/install/costmap_converter_msgs:/home/jetson/slash_ws/install/vesc:/home/jetson/slash_ws/install/vesc_driver:/home/jetson/slash_ws/install/vesc_ackermann:/home/jetson/slash_ws/install/vesc_msgs:/home/jetson/slash_ws/install/teleop_tools:/home/jetson/slash_ws/install/teleop_tools_msgs:/home/jetson/slash_ws/install/teb_local_planner:/home/jetson/slash_ws/install/teb_msgs:/home/jetson/slash_ws/install/slash_nav2:/home/jetson/slash_ws/install/simple_mpc:/home/jetson/slash_ws/install/pointcloud_to_laserscan:/home/jetson/slash_ws/install/fast_lio:/home/jetson/slash_ws/install/livox_ros_driver2:/home/jetson/slash_ws/install/linefit_ground_segmentation_ros:/home/jetson/slash_ws/install/linefit_ground_segmentation:/home/jetson/slash_ws/install/costmap_converter:/home/jetson/slash_ws/install/ackermann_mux:/home/jetson/slash_ws/install/f1tenth_stack:/home/jetson/slash_ws/install/twist_to_ackermann:/home/jetson/slash_ws/install/joy_teleop:/home/jetson/slash_ws/install/roboracer_china_2025:/home/jetson/slash_ws/install/mouse_teleop:/home/jetson/slash_ws/install/key_teleop:/opt/ros/foxy LD_LIBRARY_PATH=/home/jetson/slash_ws/install/costmap_converter_msgs/lib:/usr/local/cuda/lib64:/usr/local/cuda/lib64:/usr/local/cuda/lib64:/usr/local/cuda/lib64:/usr/local/cuda-11.4/lib64:/usr/local/cuda/lib64:/usr/local/cuda/lib64:/usr/local/cuda/lib64:/usr/local/cuda/lib64:/home/jetson/slash_ws/install/vesc_driver/lib:/home/jetson/slash_ws/install/vesc_ackermann/lib:/home/jetson/slash_ws/install/vesc_msgs/lib:/home/jetson/slash_ws/install/teleop_tools_msgs/lib:/home/jetson/slash_ws/install/teb_local_planner/lib:/home/jetson/slash_ws/install/teb_msgs/lib:/home/jetson/slash_ws/install/pointcloud_to_laserscan/lib:/home/jetson/slash_ws/install/fast_lio/lib:/home/jetson/slash_ws/install/livox_ros_driver2/lib:/home/jetson/slash_ws/install/linefit_ground_segmentation/lib:/home/jetson/slash_ws/install/costmap_converter/lib:/usr/lib/aarch64-linux-gnu/gazebo-11/plugins:/opt/ros/foxy/opt/yaml_cpp_vendor/lib:/opt/ros/foxy/opt/rviz_ogre_vendor/lib:/opt/ros/foxy/lib/aarch64-linux-gnu:/opt/ros/foxy/lib:/usr/local/cuda-11.4/lib64 PYTHONPATH=/home/jetson/slash_ws/install/costmap_converter_msgs/lib/python3.8/site-packages:/home/jetson/slash_ws/install/f1tenth_stack/lib/python3.8/site-packages:/home/jetson/slash_ws/install/vesc_msgs/lib/python3.8/site-packages:/home/jetson/slash_ws/install/twist_to_ackermann/lib/python3.8/site-packages:/home/jetson/slash_ws/install/joy_teleop/lib/python3.8/site-packages:/home/jetson/slash_ws/install/teleop_tools_msgs/lib/python3.8/site-packages:/home/jetson/slash_ws/install/teb_msgs/lib/python3.8/site-packages:/home/jetson/slash_ws/install/roboracer_china_2025/lib/python3.8/site-packages:/home/jetson/slash_ws/install/mouse_teleop/lib/python3.8/site-packages:/home/jetson/slash_ws/install/fast_lio/lib/python3.8/site-packages:/home/jetson/slash_ws/install/livox_ros_driver2/lib/python3.8/site-packages:/home/jetson/slash_ws/install/key_teleop/lib/python3.8/site-packages:/opt/ros/foxy/lib/python3.8/site-packages /usr/bin/cmake --build /home/jetson/slash_ws/build/costmap_converter -- -j8 -l8
[6.067s] DEBUG:colcon.colcon_core.event_handler.log_command:Invoking command in '/home/jetson/slash_ws/build/costmap_converter': CMAKE_PREFIX_PATH=/home/jetson/slash_ws/install/costmap_converter_msgs:/home/jetson/slash_ws/install/vesc:/home/jetson/slash_ws/install/vesc_driver:/home/jetson/slash_ws/install/vesc_ackermann:/home/jetson/slash_ws/install/vesc_msgs:/home/jetson/slash_ws/install/teleop_tools:/home/jetson/slash_ws/install/teleop_tools_msgs:/home/jetson/slash_ws/install/teb_local_planner:/home/jetson/slash_ws/install/teb_msgs:/home/jetson/slash_ws/install/slash_nav2:/home/jetson/slash_ws/install/simple_mpc:/home/jetson/slash_ws/install/pointcloud_to_laserscan:/home/jetson/slash_ws/install/fast_lio:/home/jetson/slash_ws/install/livox_ros_driver2:/home/jetson/slash_ws/install/linefit_ground_segmentation_ros:/home/jetson/slash_ws/install/linefit_ground_segmentation:/home/jetson/slash_ws/install/costmap_converter:/home/jetson/slash_ws/install/ackermann_mux:/home/jetson/slash_ws/install/f1tenth_stack:/home/jetson/slash_ws/install/twist_to_ackermann:/home/jetson/slash_ws/install/joy_teleop:/home/jetson/slash_ws/install/roboracer_china_2025:/home/jetson/slash_ws/install/mouse_teleop:/home/jetson/slash_ws/install/key_teleop:/opt/ros/foxy LD_LIBRARY_PATH=/home/jetson/slash_ws/install/costmap_converter_msgs/lib:/usr/local/cuda/lib64:/usr/local/cuda/lib64:/usr/local/cuda/lib64:/usr/local/cuda/lib64:/usr/local/cuda-11.4/lib64:/usr/local/cuda/lib64:/usr/local/cuda/lib64:/usr/local/cuda/lib64:/usr/local/cuda/lib64:/home/jetson/slash_ws/install/vesc_driver/lib:/home/jetson/slash_ws/install/vesc_ackermann/lib:/home/jetson/slash_ws/install/vesc_msgs/lib:/home/jetson/slash_ws/install/teleop_tools_msgs/lib:/home/jetson/slash_ws/install/teb_local_planner/lib:/home/jetson/slash_ws/install/teb_msgs/lib:/home/jetson/slash_ws/install/pointcloud_to_laserscan/lib:/home/jetson/slash_ws/install/fast_lio/lib:/home/jetson/slash_ws/install/livox_ros_driver2/lib:/home/jetson/slash_ws/install/linefit_ground_segmentation/lib:/home/jetson/slash_ws/install/costmap_converter/lib:/usr/lib/aarch64-linux-gnu/gazebo-11/plugins:/opt/ros/foxy/opt/yaml_cpp_vendor/lib:/opt/ros/foxy/opt/rviz_ogre_vendor/lib:/opt/ros/foxy/lib/aarch64-linux-gnu:/opt/ros/foxy/lib:/usr/local/cuda-11.4/lib64 PYTHONPATH=/home/jetson/slash_ws/install/costmap_converter_msgs/lib/python3.8/site-packages:/home/jetson/slash_ws/install/f1tenth_stack/lib/python3.8/site-packages:/home/jetson/slash_ws/install/vesc_msgs/lib/python3.8/site-packages:/home/jetson/slash_ws/install/twist_to_ackermann/lib/python3.8/site-packages:/home/jetson/slash_ws/install/joy_teleop/lib/python3.8/site-packages:/home/jetson/slash_ws/install/teleop_tools_msgs/lib/python3.8/site-packages:/home/jetson/slash_ws/install/teb_msgs/lib/python3.8/site-packages:/home/jetson/slash_ws/install/roboracer_china_2025/lib/python3.8/site-packages:/home/jetson/slash_ws/install/mouse_teleop/lib/python3.8/site-packages:/home/jetson/slash_ws/install/fast_lio/lib/python3.8/site-packages:/home/jetson/slash_ws/install/livox_ros_driver2/lib/python3.8/site-packages:/home/jetson/slash_ws/install/key_teleop/lib/python3.8/site-packages:/opt/ros/foxy/lib/python3.8/site-packages /usr/bin/cmake --install /home/jetson/slash_ws/build/costmap_converter
[6.101s] DEBUG:colcon.colcon_core.event_handler.log_command:Invoking command in '/home/jetson/slash_ws/build/simple_mpc': CMAKE_PREFIX_PATH=${CMAKE_PREFIX_PATH}:/home/jetson/slash_ws/install/f1tenth_stack:/home/jetson/slash_ws/install/twist_to_ackermann:/home/jetson/slash_ws/install/joy_teleop:/home/jetson/slash_ws/install/roboracer_china_2025:/home/jetson/slash_ws/install/mouse_teleop:/home/jetson/slash_ws/install/key_teleop:/opt/ros/foxy /usr/bin/cmake --build /home/jetson/slash_ws/build/simple_mpc -- -j8 -l8
[6.150s] Level 1:colcon.colcon_core.environment:create_environment_scripts_only(costmap_converter)
[6.151s] Level 1:colcon.colcon_core.environment:checking '/home/jetson/slash_ws/install/costmap_converter' for CMake module files
[6.152s] Level 1:colcon.colcon_core.environment:checking '/home/jetson/slash_ws/install/costmap_converter' for CMake config files
[6.153s] Level 1:colcon.colcon_core.shell:create_environment_hook('costmap_converter', 'cmake_prefix_path')
[6.154s] INFO:colcon.colcon_core.shell:Creating environment hook '/home/jetson/slash_ws/install/costmap_converter/share/costmap_converter/hook/cmake_prefix_path.ps1'
[6.155s] INFO:colcon.colcon_core.shell:Creating environment descriptor '/home/jetson/slash_ws/install/costmap_converter/share/costmap_converter/hook/cmake_prefix_path.dsv'
[6.156s] INFO:colcon.colcon_core.shell:Creating environment hook '/home/jetson/slash_ws/install/costmap_converter/share/costmap_converter/hook/cmake_prefix_path.sh'
[6.162s] DEBUG:colcon.colcon_core.event_handler.log_command:Invoked command in '/home/jetson/slash_ws/build/costmap_converter' returned '0': CMAKE_PREFIX_PATH=/home/jetson/slash_ws/install/costmap_converter_msgs:/home/jetson/slash_ws/install/vesc:/home/jetson/slash_ws/install/vesc_driver:/home/jetson/slash_ws/install/vesc_ackermann:/home/jetson/slash_ws/install/vesc_msgs:/home/jetson/slash_ws/install/teleop_tools:/home/jetson/slash_ws/install/teleop_tools_msgs:/home/jetson/slash_ws/install/teb_local_planner:/home/jetson/slash_ws/install/teb_msgs:/home/jetson/slash_ws/install/slash_nav2:/home/jetson/slash_ws/install/simple_mpc:/home/jetson/slash_ws/install/pointcloud_to_laserscan:/home/jetson/slash_ws/install/fast_lio:/home/jetson/slash_ws/install/livox_ros_driver2:/home/jetson/slash_ws/install/linefit_ground_segmentation_ros:/home/jetson/slash_ws/install/linefit_ground_segmentation:/home/jetson/slash_ws/install/costmap_converter:/home/jetson/slash_ws/install/ackermann_mux:/home/jetson/slash_ws/install/f1tenth_stack:/home/jetson/slash_ws/install/twist_to_ackermann:/home/jetson/slash_ws/install/joy_teleop:/home/jetson/slash_ws/install/roboracer_china_2025:/home/jetson/slash_ws/install/mouse_teleop:/home/jetson/slash_ws/install/key_teleop:/opt/ros/foxy LD_LIBRARY_PATH=/home/jetson/slash_ws/install/costmap_converter_msgs/lib:/usr/local/cuda/lib64:/usr/local/cuda/lib64:/usr/local/cuda/lib64:/usr/local/cuda/lib64:/usr/local/cuda-11.4/lib64:/usr/local/cuda/lib64:/usr/local/cuda/lib64:/usr/local/cuda/lib64:/usr/local/cuda/lib64:/home/jetson/slash_ws/install/vesc_driver/lib:/home/jetson/slash_ws/install/vesc_ackermann/lib:/home/jetson/slash_ws/install/vesc_msgs/lib:/home/jetson/slash_ws/install/teleop_tools_msgs/lib:/home/jetson/slash_ws/install/teb_local_planner/lib:/home/jetson/slash_ws/install/teb_msgs/lib:/home/jetson/slash_ws/install/pointcloud_to_laserscan/lib:/home/jetson/slash_ws/install/fast_lio/lib:/home/jetson/slash_ws/install/livox_ros_driver2/lib:/home/jetson/slash_ws/install/linefit_ground_segmentation/lib:/home/jetson/slash_ws/install/costmap_converter/lib:/usr/lib/aarch64-linux-gnu/gazebo-11/plugins:/opt/ros/foxy/opt/yaml_cpp_vendor/lib:/opt/ros/foxy/opt/rviz_ogre_vendor/lib:/opt/ros/foxy/lib/aarch64-linux-gnu:/opt/ros/foxy/lib:/usr/local/cuda-11.4/lib64 PYTHONPATH=/home/jetson/slash_ws/install/costmap_converter_msgs/lib/python3.8/site-packages:/home/jetson/slash_ws/install/f1tenth_stack/lib/python3.8/site-packages:/home/jetson/slash_ws/install/vesc_msgs/lib/python3.8/site-packages:/home/jetson/slash_ws/install/twist_to_ackermann/lib/python3.8/site-packages:/home/jetson/slash_ws/install/joy_teleop/lib/python3.8/site-packages:/home/jetson/slash_ws/install/teleop_tools_msgs/lib/python3.8/site-packages:/home/jetson/slash_ws/install/teb_msgs/lib/python3.8/site-packages:/home/jetson/slash_ws/install/roboracer_china_2025/lib/python3.8/site-packages:/home/jetson/slash_ws/install/mouse_teleop/lib/python3.8/site-packages:/home/jetson/slash_ws/install/fast_lio/lib/python3.8/site-packages:/home/jetson/slash_ws/install/livox_ros_driver2/lib/python3.8/site-packages:/home/jetson/slash_ws/install/key_teleop/lib/python3.8/site-packages:/opt/ros/foxy/lib/python3.8/site-packages /usr/bin/cmake --install /home/jetson/slash_ws/build/costmap_converter
[6.162s] Level 1:colcon.colcon_core.environment:checking '/home/jetson/slash_ws/install/costmap_converter/lib'
[6.163s] Level 1:colcon.colcon_core.shell:create_environment_hook('costmap_converter', 'ld_library_path_lib')
[6.163s] INFO:colcon.colcon_core.shell:Creating environment hook '/home/jetson/slash_ws/install/costmap_converter/share/costmap_converter/hook/ld_library_path_lib.ps1'
[6.164s] INFO:colcon.colcon_core.shell:Creating environment descriptor '/home/jetson/slash_ws/install/costmap_converter/share/costmap_converter/hook/ld_library_path_lib.dsv'
[6.165s] INFO:colcon.colcon_core.shell:Creating environment hook '/home/jetson/slash_ws/install/costmap_converter/share/costmap_converter/hook/ld_library_path_lib.sh'
[6.166s] Level 1:colcon.colcon_core.environment:checking '/home/jetson/slash_ws/install/costmap_converter/bin'
[6.167s] Level 1:colcon.colcon_core.shell:create_environment_hook('costmap_converter', 'path')
[6.167s] INFO:colcon.colcon_core.shell:Creating environment hook '/home/jetson/slash_ws/install/costmap_converter/share/costmap_converter/hook/path.ps1'
[6.168s] INFO:colcon.colcon_core.shell:Creating environment descriptor '/home/jetson/slash_ws/install/costmap_converter/share/costmap_converter/hook/path.dsv'
[6.169s] INFO:colcon.colcon_core.shell:Creating environment hook '/home/jetson/slash_ws/install/costmap_converter/share/costmap_converter/hook/path.sh'
[6.170s] Level 1:colcon.colcon_core.environment:checking '/home/jetson/slash_ws/install/costmap_converter/lib/pkgconfig/costmap_converter.pc'
[6.170s] Level 1:colcon.colcon_core.environment:checking '/home/jetson/slash_ws/install/costmap_converter/lib/python3.8/site-packages'
[6.171s] Level 1:colcon.colcon_core.environment:checking '/home/jetson/slash_ws/install/costmap_converter/bin'
[6.171s] Level 1:colcon.colcon_core.shell:create_environment_hook('costmap_converter', 'pythonscriptspath')
[6.171s] INFO:colcon.colcon_core.shell:Creating environment hook '/home/jetson/slash_ws/install/costmap_converter/share/costmap_converter/hook/pythonscriptspath.ps1'
[6.172s] INFO:colcon.colcon_core.shell:Creating environment descriptor '/home/jetson/slash_ws/install/costmap_converter/share/costmap_converter/hook/pythonscriptspath.dsv'
[6.173s] INFO:colcon.colcon_core.shell:Creating environment hook '/home/jetson/slash_ws/install/costmap_converter/share/costmap_converter/hook/pythonscriptspath.sh'
[6.175s] INFO:colcon.colcon_core.shell:Creating package script '/home/jetson/slash_ws/install/costmap_converter/share/costmap_converter/package.ps1'
[6.176s] INFO:colcon.colcon_core.shell:Creating package descriptor '/home/jetson/slash_ws/install/costmap_converter/share/costmap_converter/package.dsv'
[6.177s] INFO:colcon.colcon_core.shell:Creating package script '/home/jetson/slash_ws/install/costmap_converter/share/costmap_converter/package.sh'
[6.183s] INFO:colcon.colcon_core.shell:Creating package script '/home/jetson/slash_ws/install/costmap_converter/share/costmap_converter/package.bash'
[6.184s] INFO:colcon.colcon_core.shell:Creating package script '/home/jetson/slash_ws/install/costmap_converter/share/costmap_converter/package.zsh'
[6.185s] Level 1:colcon.colcon_core.environment:create_file_with_runtime_dependencies(/home/jetson/slash_ws/install/costmap_converter/share/colcon-core/packages/costmap_converter)
[6.191s] Level 1:colcon.colcon_core.environment:create_environment_scripts_only(costmap_converter)
[6.192s] Level 1:colcon.colcon_core.environment:checking '/home/jetson/slash_ws/install/costmap_converter' for CMake module files
[6.193s] Level 1:colcon.colcon_core.environment:checking '/home/jetson/slash_ws/install/costmap_converter' for CMake config files
[6.194s] Level 1:colcon.colcon_core.shell:create_environment_hook('costmap_converter', 'cmake_prefix_path')
[6.195s] INFO:colcon.colcon_core.shell:Creating environment hook '/home/jetson/slash_ws/install/costmap_converter/share/costmap_converter/hook/cmake_prefix_path.ps1'
[6.197s] INFO:colcon.colcon_core.shell:Creating environment descriptor '/home/jetson/slash_ws/install/costmap_converter/share/costmap_converter/hook/cmake_prefix_path.dsv'
[6.198s] INFO:colcon.colcon_core.shell:Creating environment hook '/home/jetson/slash_ws/install/costmap_converter/share/costmap_converter/hook/cmake_prefix_path.sh'
[6.202s] Level 1:colcon.colcon_core.environment:checking '/home/jetson/slash_ws/install/costmap_converter/lib'
[6.203s] Level 1:colcon.colcon_core.shell:create_environment_hook('costmap_converter', 'ld_library_path_lib')
[6.204s] INFO:colcon.colcon_core.shell:Creating environment hook '/home/jetson/slash_ws/install/costmap_converter/share/costmap_converter/hook/ld_library_path_lib.ps1'
[6.205s] INFO:colcon.colcon_core.shell:Creating environment descriptor '/home/jetson/slash_ws/install/costmap_converter/share/costmap_converter/hook/ld_library_path_lib.dsv'
[6.207s] INFO:colcon.colcon_core.shell:Creating environment hook '/home/jetson/slash_ws/install/costmap_converter/share/costmap_converter/hook/ld_library_path_lib.sh'
[6.209s] Level 1:colcon.colcon_core.environment:checking '/home/jetson/slash_ws/install/costmap_converter/bin'
[6.209s] Level 1:colcon.colcon_core.shell:create_environment_hook('costmap_converter', 'path')
[6.210s] INFO:colcon.colcon_core.shell:Creating environment hook '/home/jetson/slash_ws/install/costmap_converter/share/costmap_converter/hook/path.ps1'
[6.212s] INFO:colcon.colcon_core.shell:Creating environment descriptor '/home/jetson/slash_ws/install/costmap_converter/share/costmap_converter/hook/path.dsv'
[6.219s] INFO:colcon.colcon_core.shell:Creating environment hook '/home/jetson/slash_ws/install/costmap_converter/share/costmap_converter/hook/path.sh'
[6.221s] Level 1:colcon.colcon_core.environment:checking '/home/jetson/slash_ws/install/costmap_converter/lib/pkgconfig/costmap_converter.pc'
[6.222s] Level 1:colcon.colcon_core.environment:checking '/home/jetson/slash_ws/install/costmap_converter/lib/python3.8/site-packages'
[6.223s] Level 1:colcon.colcon_core.environment:checking '/home/jetson/slash_ws/install/costmap_converter/bin'
[6.223s] Level 1:colcon.colcon_core.shell:create_environment_hook('costmap_converter', 'pythonscriptspath')
[6.224s] INFO:colcon.colcon_core.shell:Creating environment hook '/home/jetson/slash_ws/install/costmap_converter/share/costmap_converter/hook/pythonscriptspath.ps1'
[6.235s] INFO:colcon.colcon_core.shell:Creating environment descriptor '/home/jetson/slash_ws/install/costmap_converter/share/costmap_converter/hook/pythonscriptspath.dsv'
[6.236s] INFO:colcon.colcon_core.shell:Creating environment hook '/home/jetson/slash_ws/install/costmap_converter/share/costmap_converter/hook/pythonscriptspath.sh'
[6.239s] INFO:colcon.colcon_core.shell:Creating package script '/home/jetson/slash_ws/install/costmap_converter/share/costmap_converter/package.ps1'
[6.248s] INFO:colcon.colcon_core.shell:Creating package descriptor '/home/jetson/slash_ws/install/costmap_converter/share/costmap_converter/package.dsv'
[6.251s] INFO:colcon.colcon_core.shell:Creating package script '/home/jetson/slash_ws/install/costmap_converter/share/costmap_converter/package.sh'
[6.253s] INFO:colcon.colcon_core.shell:Creating package script '/home/jetson/slash_ws/install/costmap_converter/share/costmap_converter/package.bash'
[6.255s] INFO:colcon.colcon_core.shell:Creating package script '/home/jetson/slash_ws/install/costmap_converter/share/costmap_converter/package.zsh'
[6.256s] Level 1:colcon.colcon_core.environment:create_file_with_runtime_dependencies(/home/jetson/slash_ws/install/costmap_converter/share/colcon-core/packages/costmap_converter)
[6.264s] INFO:colcon.colcon_ros.task.ament_cmake.build:Building ROS package in '/home/jetson/slash_ws/src/slash_navigation/slash_nav2' with build type 'ament_cmake'
[6.265s] INFO:colcon.colcon_cmake.task.cmake.build:Building CMake package in '/home/jetson/slash_ws/src/slash_navigation/slash_nav2'
[6.266s] INFO:colcon.colcon_core.shell:Skip shell extension 'powershell' for command environment: Not usable outside of PowerShell
[6.267s] DEBUG:colcon.colcon_core.shell:Skip shell extension 'dsv' for command environment
[6.316s] DEBUG:colcon.colcon_core.event_handler.log_command:Invoking command in '/home/jetson/slash_ws/build/vesc': CMAKE_PREFIX_PATH=/home/jetson/slash_ws/install/vesc_driver:/home/jetson/slash_ws/install/vesc_ackermann:/home/jetson/slash_ws/install/vesc_msgs:/home/jetson/slash_ws/install/vesc:/home/jetson/slash_ws/install/teleop_tools:/home/jetson/slash_ws/install/teleop_tools_msgs:/home/jetson/slash_ws/install/teb_local_planner:/home/jetson/slash_ws/install/teb_msgs:/home/jetson/slash_ws/install/slash_nav2:/home/jetson/slash_ws/install/simple_mpc:/home/jetson/slash_ws/install/pointcloud_to_laserscan:/home/jetson/slash_ws/install/fast_lio:/home/jetson/slash_ws/install/livox_ros_driver2:/home/jetson/slash_ws/install/linefit_ground_segmentation_ros:/home/jetson/slash_ws/install/linefit_ground_segmentation:/home/jetson/slash_ws/install/costmap_converter:/home/jetson/slash_ws/install/costmap_converter_msgs:/home/jetson/slash_ws/install/ackermann_mux:/home/jetson/slash_ws/install/f1tenth_stack:/home/jetson/slash_ws/install/twist_to_ackermann:/home/jetson/slash_ws/install/joy_teleop:/home/jetson/slash_ws/install/roboracer_china_2025:/home/jetson/slash_ws/install/mouse_teleop:/home/jetson/slash_ws/install/key_teleop:/opt/ros/foxy LD_LIBRARY_PATH=/home/jetson/slash_ws/install/vesc_driver/lib:/home/jetson/slash_ws/install/vesc_ackermann/lib:/home/jetson/slash_ws/install/vesc_msgs/lib:/usr/local/cuda/lib64:/usr/local/cuda/lib64:/usr/local/cuda/lib64:/usr/local/cuda/lib64:/usr/local/cuda-11.4/lib64:/usr/local/cuda/lib64:/usr/local/cuda/lib64:/usr/local/cuda/lib64:/usr/local/cuda/lib64:/home/jetson/slash_ws/install/teleop_tools_msgs/lib:/home/jetson/slash_ws/install/teb_local_planner/lib:/home/jetson/slash_ws/install/teb_msgs/lib:/home/jetson/slash_ws/install/pointcloud_to_laserscan/lib:/home/jetson/slash_ws/install/fast_lio/lib:/home/jetson/slash_ws/install/livox_ros_driver2/lib:/home/jetson/slash_ws/install/linefit_ground_segmentation/lib:/home/jetson/slash_ws/install/costmap_converter/lib:/home/jetson/slash_ws/install/costmap_converter_msgs/lib:/usr/lib/aarch64-linux-gnu/gazebo-11/plugins:/opt/ros/foxy/opt/yaml_cpp_vendor/lib:/opt/ros/foxy/opt/rviz_ogre_vendor/lib:/opt/ros/foxy/lib/aarch64-linux-gnu:/opt/ros/foxy/lib:/usr/local/cuda-11.4/lib64 PYTHONPATH=/home/jetson/slash_ws/install/vesc_msgs/lib/python3.8/site-packages:/home/jetson/slash_ws/install/f1tenth_stack/lib/python3.8/site-packages:/home/jetson/slash_ws/install/twist_to_ackermann/lib/python3.8/site-packages:/home/jetson/slash_ws/install/joy_teleop/lib/python3.8/site-packages:/home/jetson/slash_ws/install/teleop_tools_msgs/lib/python3.8/site-packages:/home/jetson/slash_ws/install/teb_msgs/lib/python3.8/site-packages:/home/jetson/slash_ws/install/roboracer_china_2025/lib/python3.8/site-packages:/home/jetson/slash_ws/install/mouse_teleop/lib/python3.8/site-packages:/home/jetson/slash_ws/install/fast_lio/lib/python3.8/site-packages:/home/jetson/slash_ws/install/livox_ros_driver2/lib/python3.8/site-packages:/home/jetson/slash_ws/install/key_teleop/lib/python3.8/site-packages:/home/jetson/slash_ws/install/costmap_converter_msgs/lib/python3.8/site-packages:/opt/ros/foxy/lib/python3.8/site-packages /usr/bin/cmake --build /home/jetson/slash_ws/build/vesc -- -j8 -l8
[6.342s] DEBUG:colcon.colcon_core.event_handler.log_command:Invoked command in '/home/jetson/slash_ws/build/simple_mpc' returned '0': CMAKE_PREFIX_PATH=${CMAKE_PREFIX_PATH}:/home/jetson/slash_ws/install/f1tenth_stack:/home/jetson/slash_ws/install/twist_to_ackermann:/home/jetson/slash_ws/install/joy_teleop:/home/jetson/slash_ws/install/roboracer_china_2025:/home/jetson/slash_ws/install/mouse_teleop:/home/jetson/slash_ws/install/key_teleop:/opt/ros/foxy /usr/bin/cmake --build /home/jetson/slash_ws/build/simple_mpc -- -j8 -l8
[6.354s] DEBUG:colcon.colcon_core.event_handler.log_command:Invoking command in '/home/jetson/slash_ws/build/simple_mpc': CMAKE_PREFIX_PATH=${CMAKE_PREFIX_PATH}:/home/jetson/slash_ws/install/f1tenth_stack:/home/jetson/slash_ws/install/twist_to_ackermann:/home/jetson/slash_ws/install/joy_teleop:/home/jetson/slash_ws/install/roboracer_china_2025:/home/jetson/slash_ws/install/mouse_teleop:/home/jetson/slash_ws/install/key_teleop:/opt/ros/foxy /usr/bin/cmake --install /home/jetson/slash_ws/build/simple_mpc
[6.378s] DEBUG:colcon.colcon_core.event_handler.log_command:Invoking command in '/home/jetson/slash_ws/build/slash_nav2': CMAKE_PREFIX_PATH=${CMAKE_PREFIX_PATH}:/home/jetson/slash_ws/install/f1tenth_stack:/home/jetson/slash_ws/install/twist_to_ackermann:/home/jetson/slash_ws/install/joy_teleop:/home/jetson/slash_ws/install/roboracer_china_2025:/home/jetson/slash_ws/install/mouse_teleop:/home/jetson/slash_ws/install/key_teleop:/opt/ros/foxy /usr/bin/cmake --build /home/jetson/slash_ws/build/slash_nav2 -- -j8 -l8
[6.417s] Level 1:colcon.colcon_core.environment:create_environment_scripts_only(simple_mpc)
[6.419s] Level 1:colcon.colcon_core.environment:checking '/home/jetson/slash_ws/install/simple_mpc' for CMake module files
[6.420s] Level 1:colcon.colcon_core.environment:checking '/home/jetson/slash_ws/install/simple_mpc' for CMake config files
[6.420s] Level 1:colcon.colcon_core.shell:create_environment_hook('simple_mpc', 'cmake_prefix_path')
[6.421s] INFO:colcon.colcon_core.shell:Creating environment hook '/home/jetson/slash_ws/install/simple_mpc/share/simple_mpc/hook/cmake_prefix_path.ps1'
[6.425s] INFO:colcon.colcon_core.shell:Creating environment descriptor '/home/jetson/slash_ws/install/simple_mpc/share/simple_mpc/hook/cmake_prefix_path.dsv'
[6.426s] INFO:colcon.colcon_core.shell:Creating environment hook '/home/jetson/slash_ws/install/simple_mpc/share/simple_mpc/hook/cmake_prefix_path.sh'
[6.427s] Level 1:colcon.colcon_core.environment:checking '/home/jetson/slash_ws/install/simple_mpc/lib'
[6.427s] Level 1:colcon.colcon_core.environment:checking '/home/jetson/slash_ws/install/simple_mpc/bin'
[6.428s] Level 1:colcon.colcon_core.environment:checking '/home/jetson/slash_ws/install/simple_mpc/lib/pkgconfig/simple_mpc.pc'
[6.428s] Level 1:colcon.colcon_core.environment:checking '/home/jetson/slash_ws/install/simple_mpc/lib/python3.8/site-packages'
[6.429s] Level 1:colcon.colcon_core.environment:checking '/home/jetson/slash_ws/install/simple_mpc/bin'
[6.429s] INFO:colcon.colcon_core.shell:Creating package script '/home/jetson/slash_ws/install/simple_mpc/share/simple_mpc/package.ps1'
[6.439s] DEBUG:colcon.colcon_core.event_handler.log_command:Invoked command in '/home/jetson/slash_ws/build/simple_mpc' returned '0': CMAKE_PREFIX_PATH=${CMAKE_PREFIX_PATH}:/home/jetson/slash_ws/install/f1tenth_stack:/home/jetson/slash_ws/install/twist_to_ackermann:/home/jetson/slash_ws/install/joy_teleop:/home/jetson/slash_ws/install/roboracer_china_2025:/home/jetson/slash_ws/install/mouse_teleop:/home/jetson/slash_ws/install/key_teleop:/opt/ros/foxy /usr/bin/cmake --install /home/jetson/slash_ws/build/simple_mpc
[6.446s] INFO:colcon.colcon_core.shell:Creating package descriptor '/home/jetson/slash_ws/install/simple_mpc/share/simple_mpc/package.dsv'
[6.448s] INFO:colcon.colcon_core.shell:Creating package script '/home/jetson/slash_ws/install/simple_mpc/share/simple_mpc/package.sh'
[6.450s] INFO:colcon.colcon_core.shell:Creating package script '/home/jetson/slash_ws/install/simple_mpc/share/simple_mpc/package.bash'
[6.453s] INFO:colcon.colcon_core.shell:Creating package script '/home/jetson/slash_ws/install/simple_mpc/share/simple_mpc/package.zsh'
[6.454s] Level 1:colcon.colcon_core.environment:create_file_with_runtime_dependencies(/home/jetson/slash_ws/install/simple_mpc/share/colcon-core/packages/simple_mpc)
[6.456s] Level 1:colcon.colcon_core.environment:create_environment_scripts_only(simple_mpc)
[6.457s] Level 1:colcon.colcon_core.environment:checking '/home/jetson/slash_ws/install/simple_mpc' for CMake module files
[6.458s] Level 1:colcon.colcon_core.environment:checking '/home/jetson/slash_ws/install/simple_mpc' for CMake config files
[6.459s] Level 1:colcon.colcon_core.shell:create_environment_hook('simple_mpc', 'cmake_prefix_path')
[6.460s] INFO:colcon.colcon_core.shell:Creating environment hook '/home/jetson/slash_ws/install/simple_mpc/share/simple_mpc/hook/cmake_prefix_path.ps1'
[6.462s] INFO:colcon.colcon_core.shell:Creating environment descriptor '/home/jetson/slash_ws/install/simple_mpc/share/simple_mpc/hook/cmake_prefix_path.dsv'
[6.463s] INFO:colcon.colcon_core.shell:Creating environment hook '/home/jetson/slash_ws/install/simple_mpc/share/simple_mpc/hook/cmake_prefix_path.sh'
[6.465s] Level 1:colcon.colcon_core.environment:checking '/home/jetson/slash_ws/install/simple_mpc/lib'
[6.466s] Level 1:colcon.colcon_core.environment:checking '/home/jetson/slash_ws/install/simple_mpc/bin'
[6.466s] Level 1:colcon.colcon_core.environment:checking '/home/jetson/slash_ws/install/simple_mpc/lib/pkgconfig/simple_mpc.pc'
[6.466s] Level 1:colcon.colcon_core.environment:checking '/home/jetson/slash_ws/install/simple_mpc/lib/python3.8/site-packages'
[6.467s] Level 1:colcon.colcon_core.environment:checking '/home/jetson/slash_ws/install/simple_mpc/bin'
[6.469s] INFO:colcon.colcon_core.shell:Creating package script '/home/jetson/slash_ws/install/simple_mpc/share/simple_mpc/package.ps1'
[6.471s] INFO:colcon.colcon_core.shell:Creating package descriptor '/home/jetson/slash_ws/install/simple_mpc/share/simple_mpc/package.dsv'
[6.473s] INFO:colcon.colcon_core.shell:Creating package script '/home/jetson/slash_ws/install/simple_mpc/share/simple_mpc/package.sh'
[6.475s] INFO:colcon.colcon_core.shell:Creating package script '/home/jetson/slash_ws/install/simple_mpc/share/simple_mpc/package.bash'
[6.476s] INFO:colcon.colcon_core.shell:Creating package script '/home/jetson/slash_ws/install/simple_mpc/share/simple_mpc/package.zsh'
[6.477s] Level 1:colcon.colcon_core.environment:create_file_with_runtime_dependencies(/home/jetson/slash_ws/install/simple_mpc/share/colcon-core/packages/simple_mpc)
[6.481s] INFO:colcon.colcon_ros.task.ament_python.build:Building ROS package in '/home/jetson/slash_ws/src/slash_perception/twist_to_ackermann' with build type 'ament_python'
[6.482s] Level 1:colcon.colcon_core.shell:create_environment_hook('twist_to_ackermann', 'ament_prefix_path')
[6.483s] INFO:colcon.colcon_core.shell:Creating environment hook '/home/jetson/slash_ws/install/twist_to_ackermann/share/twist_to_ackermann/hook/ament_prefix_path.ps1'
[6.485s] INFO:colcon.colcon_core.shell:Creating environment descriptor '/home/jetson/slash_ws/install/twist_to_ackermann/share/twist_to_ackermann/hook/ament_prefix_path.dsv'
[6.488s] INFO:colcon.colcon_core.shell:Creating environment hook '/home/jetson/slash_ws/install/twist_to_ackermann/share/twist_to_ackermann/hook/ament_prefix_path.sh'
[6.490s] INFO:colcon.colcon_core.shell:Skip shell extension 'powershell' for command environment: Not usable outside of PowerShell
[6.491s] DEBUG:colcon.colcon_core.shell:Skip shell extension 'dsv' for command environment
[7.612s] INFO:colcon.colcon_core.task.python.build:Building Python package in '/home/jetson/slash_ws/src/slash_perception/twist_to_ackermann'
[7.614s] INFO:colcon.colcon_core.shell:Skip shell extension 'powershell' for command environment: Not usable outside of PowerShell
[7.614s] DEBUG:colcon.colcon_core.shell:Skip shell extension 'dsv' for command environment
[7.639s] DEBUG:colcon.colcon_core.event_handler.log_command:Invoked command in '/home/jetson/slash_ws/build/vesc' returned '0': CMAKE_PREFIX_PATH=/home/jetson/slash_ws/install/vesc_driver:/home/jetson/slash_ws/install/vesc_ackermann:/home/jetson/slash_ws/install/vesc_msgs:/home/jetson/slash_ws/install/vesc:/home/jetson/slash_ws/install/teleop_tools:/home/jetson/slash_ws/install/teleop_tools_msgs:/home/jetson/slash_ws/install/teb_local_planner:/home/jetson/slash_ws/install/teb_msgs:/home/jetson/slash_ws/install/slash_nav2:/home/jetson/slash_ws/install/simple_mpc:/home/jetson/slash_ws/install/pointcloud_to_laserscan:/home/jetson/slash_ws/install/fast_lio:/home/jetson/slash_ws/install/livox_ros_driver2:/home/jetson/slash_ws/install/linefit_ground_segmentation_ros:/home/jetson/slash_ws/install/linefit_ground_segmentation:/home/jetson/slash_ws/install/costmap_converter:/home/jetson/slash_ws/install/costmap_converter_msgs:/home/jetson/slash_ws/install/ackermann_mux:/home/jetson/slash_ws/install/f1tenth_stack:/home/jetson/slash_ws/install/twist_to_ackermann:/home/jetson/slash_ws/install/joy_teleop:/home/jetson/slash_ws/install/roboracer_china_2025:/home/jetson/slash_ws/install/mouse_teleop:/home/jetson/slash_ws/install/key_teleop:/opt/ros/foxy LD_LIBRARY_PATH=/home/jetson/slash_ws/install/vesc_driver/lib:/home/jetson/slash_ws/install/vesc_ackermann/lib:/home/jetson/slash_ws/install/vesc_msgs/lib:/usr/local/cuda/lib64:/usr/local/cuda/lib64:/usr/local/cuda/lib64:/usr/local/cuda/lib64:/usr/local/cuda-11.4/lib64:/usr/local/cuda/lib64:/usr/local/cuda/lib64:/usr/local/cuda/lib64:/usr/local/cuda/lib64:/home/jetson/slash_ws/install/teleop_tools_msgs/lib:/home/jetson/slash_ws/install/teb_local_planner/lib:/home/jetson/slash_ws/install/teb_msgs/lib:/home/jetson/slash_ws/install/pointcloud_to_laserscan/lib:/home/jetson/slash_ws/install/fast_lio/lib:/home/jetson/slash_ws/install/livox_ros_driver2/lib:/home/jetson/slash_ws/install/linefit_ground_segmentation/lib:/home/jetson/slash_ws/install/costmap_converter/lib:/home/jetson/slash_ws/install/costmap_converter_msgs/lib:/usr/lib/aarch64-linux-gnu/gazebo-11/plugins:/opt/ros/foxy/opt/yaml_cpp_vendor/lib:/opt/ros/foxy/opt/rviz_ogre_vendor/lib:/opt/ros/foxy/lib/aarch64-linux-gnu:/opt/ros/foxy/lib:/usr/local/cuda-11.4/lib64 PYTHONPATH=/home/jetson/slash_ws/install/vesc_msgs/lib/python3.8/site-packages:/home/jetson/slash_ws/install/f1tenth_stack/lib/python3.8/site-packages:/home/jetson/slash_ws/install/twist_to_ackermann/lib/python3.8/site-packages:/home/jetson/slash_ws/install/joy_teleop/lib/python3.8/site-packages:/home/jetson/slash_ws/install/teleop_tools_msgs/lib/python3.8/site-packages:/home/jetson/slash_ws/install/teb_msgs/lib/python3.8/site-packages:/home/jetson/slash_ws/install/roboracer_china_2025/lib/python3.8/site-packages:/home/jetson/slash_ws/install/mouse_teleop/lib/python3.8/site-packages:/home/jetson/slash_ws/install/fast_lio/lib/python3.8/site-packages:/home/jetson/slash_ws/install/livox_ros_driver2/lib/python3.8/site-packages:/home/jetson/slash_ws/install/key_teleop/lib/python3.8/site-packages:/home/jetson/slash_ws/install/costmap_converter_msgs/lib/python3.8/site-packages:/opt/ros/foxy/lib/python3.8/site-packages /usr/bin/cmake --build /home/jetson/slash_ws/build/vesc -- -j8 -l8
[7.648s] DEBUG:colcon.colcon_core.event_handler.log_command:Invoking command in '/home/jetson/slash_ws/build/vesc': CMAKE_PREFIX_PATH=/home/jetson/slash_ws/install/vesc_driver:/home/jetson/slash_ws/install/vesc_ackermann:/home/jetson/slash_ws/install/vesc_msgs:/home/jetson/slash_ws/install/vesc:/home/jetson/slash_ws/install/teleop_tools:/home/jetson/slash_ws/install/teleop_tools_msgs:/home/jetson/slash_ws/install/teb_local_planner:/home/jetson/slash_ws/install/teb_msgs:/home/jetson/slash_ws/install/slash_nav2:/home/jetson/slash_ws/install/simple_mpc:/home/jetson/slash_ws/install/pointcloud_to_laserscan:/home/jetson/slash_ws/install/fast_lio:/home/jetson/slash_ws/install/livox_ros_driver2:/home/jetson/slash_ws/install/linefit_ground_segmentation_ros:/home/jetson/slash_ws/install/linefit_ground_segmentation:/home/jetson/slash_ws/install/costmap_converter:/home/jetson/slash_ws/install/costmap_converter_msgs:/home/jetson/slash_ws/install/ackermann_mux:/home/jetson/slash_ws/install/f1tenth_stack:/home/jetson/slash_ws/install/twist_to_ackermann:/home/jetson/slash_ws/install/joy_teleop:/home/jetson/slash_ws/install/roboracer_china_2025:/home/jetson/slash_ws/install/mouse_teleop:/home/jetson/slash_ws/install/key_teleop:/opt/ros/foxy LD_LIBRARY_PATH=/home/jetson/slash_ws/install/vesc_driver/lib:/home/jetson/slash_ws/install/vesc_ackermann/lib:/home/jetson/slash_ws/install/vesc_msgs/lib:/usr/local/cuda/lib64:/usr/local/cuda/lib64:/usr/local/cuda/lib64:/usr/local/cuda/lib64:/usr/local/cuda-11.4/lib64:/usr/local/cuda/lib64:/usr/local/cuda/lib64:/usr/local/cuda/lib64:/usr/local/cuda/lib64:/home/jetson/slash_ws/install/teleop_tools_msgs/lib:/home/jetson/slash_ws/install/teb_local_planner/lib:/home/jetson/slash_ws/install/teb_msgs/lib:/home/jetson/slash_ws/install/pointcloud_to_laserscan/lib:/home/jetson/slash_ws/install/fast_lio/lib:/home/jetson/slash_ws/install/livox_ros_driver2/lib:/home/jetson/slash_ws/install/linefit_ground_segmentation/lib:/home/jetson/slash_ws/install/costmap_converter/lib:/home/jetson/slash_ws/install/costmap_converter_msgs/lib:/usr/lib/aarch64-linux-gnu/gazebo-11/plugins:/opt/ros/foxy/opt/yaml_cpp_vendor/lib:/opt/ros/foxy/opt/rviz_ogre_vendor/lib:/opt/ros/foxy/lib/aarch64-linux-gnu:/opt/ros/foxy/lib:/usr/local/cuda-11.4/lib64 PYTHONPATH=/home/jetson/slash_ws/install/vesc_msgs/lib/python3.8/site-packages:/home/jetson/slash_ws/install/f1tenth_stack/lib/python3.8/site-packages:/home/jetson/slash_ws/install/twist_to_ackermann/lib/python3.8/site-packages:/home/jetson/slash_ws/install/joy_teleop/lib/python3.8/site-packages:/home/jetson/slash_ws/install/teleop_tools_msgs/lib/python3.8/site-packages:/home/jetson/slash_ws/install/teb_msgs/lib/python3.8/site-packages:/home/jetson/slash_ws/install/roboracer_china_2025/lib/python3.8/site-packages:/home/jetson/slash_ws/install/mouse_teleop/lib/python3.8/site-packages:/home/jetson/slash_ws/install/fast_lio/lib/python3.8/site-packages:/home/jetson/slash_ws/install/livox_ros_driver2/lib/python3.8/site-packages:/home/jetson/slash_ws/install/key_teleop/lib/python3.8/site-packages:/home/jetson/slash_ws/install/costmap_converter_msgs/lib/python3.8/site-packages:/opt/ros/foxy/lib/python3.8/site-packages /usr/bin/cmake --install /home/jetson/slash_ws/build/vesc
[7.654s] DEBUG:colcon.colcon_core.event_handler.log_command:Invoked command in '/home/jetson/slash_ws/build/slash_nav2' returned '0': CMAKE_PREFIX_PATH=${CMAKE_PREFIX_PATH}:/home/jetson/slash_ws/install/f1tenth_stack:/home/jetson/slash_ws/install/twist_to_ackermann:/home/jetson/slash_ws/install/joy_teleop:/home/jetson/slash_ws/install/roboracer_china_2025:/home/jetson/slash_ws/install/mouse_teleop:/home/jetson/slash_ws/install/key_teleop:/opt/ros/foxy /usr/bin/cmake --build /home/jetson/slash_ws/build/slash_nav2 -- -j8 -l8
[7.660s] DEBUG:colcon.colcon_core.event_handler.log_command:Invoking command in '/home/jetson/slash_ws/build/slash_nav2': CMAKE_PREFIX_PATH=${CMAKE_PREFIX_PATH}:/home/jetson/slash_ws/install/f1tenth_stack:/home/jetson/slash_ws/install/twist_to_ackermann:/home/jetson/slash_ws/install/joy_teleop:/home/jetson/slash_ws/install/roboracer_china_2025:/home/jetson/slash_ws/install/mouse_teleop:/home/jetson/slash_ws/install/key_teleop:/opt/ros/foxy /usr/bin/cmake --install /home/jetson/slash_ws/build/slash_nav2
[7.675s] Level 1:colcon.colcon_core.environment:checking '/home/jetson/slash_ws/install/key_teleop' for CMake module files
[7.677s] Level 1:colcon.colcon_core.environment:checking '/home/jetson/slash_ws/install/key_teleop' for CMake config files
[7.679s] Level 1:colcon.colcon_core.environment:checking '/home/jetson/slash_ws/install/key_teleop/lib'
[7.680s] DEBUG:colcon.colcon_core.event_handler.log_command:Invoked command in '/home/jetson/slash_ws/src/slash_hardware/f1tenth_system/teleop_tools/key_teleop' returned '0': PYTHONPATH=/home/jetson/slash_ws/build/key_teleop/prefix_override:/usr/lib/python3/dist-packages/colcon_core/task/python/colcon_distutils_commands:/home/jetson/slash_ws/install/key_teleop/lib/python3.8/site-packages:${PYTHONPATH} /usr/bin/python3 -W ignore:setup.py install is deprecated -W ignore:easy_install command is deprecated setup.py egg_info --egg-base ../../../../../build/key_teleop build --build-base /home/jetson/slash_ws/build/key_teleop/build install --record /home/jetson/slash_ws/build/key_teleop/install.log --single-version-externally-managed install_data
[7.681s] Level 1:colcon.colcon_core.environment:checking '/home/jetson/slash_ws/install/key_teleop/bin'
[7.682s] Level 1:colcon.colcon_core.environment:checking '/home/jetson/slash_ws/install/key_teleop/lib/pkgconfig/key_teleop.pc'
[7.682s] Level 1:colcon.colcon_core.environment:checking '/home/jetson/slash_ws/install/key_teleop/lib/python3.8/site-packages'
[7.683s] Level 1:colcon.colcon_core.shell:create_environment_hook('key_teleop', 'pythonpath')
[7.683s] INFO:colcon.colcon_core.shell:Creating environment hook '/home/jetson/slash_ws/install/key_teleop/share/key_teleop/hook/pythonpath.ps1'
[7.685s] INFO:colcon.colcon_core.shell:Creating environment descriptor '/home/jetson/slash_ws/install/key_teleop/share/key_teleop/hook/pythonpath.dsv'
[7.686s] INFO:colcon.colcon_core.shell:Creating environment hook '/home/jetson/slash_ws/install/key_teleop/share/key_teleop/hook/pythonpath.sh'
[7.689s] Level 1:colcon.colcon_core.environment:checking '/home/jetson/slash_ws/install/key_teleop/bin'
[7.689s] Level 1:colcon.colcon_core.environment:create_environment_scripts_only(key_teleop)
[7.690s] INFO:colcon.colcon_core.shell:Creating package script '/home/jetson/slash_ws/install/key_teleop/share/key_teleop/package.ps1'
[7.692s] INFO:colcon.colcon_core.shell:Creating package descriptor '/home/jetson/slash_ws/install/key_teleop/share/key_teleop/package.dsv'
[7.692s] INFO:colcon.colcon_core.shell:Creating package script '/home/jetson/slash_ws/install/key_teleop/share/key_teleop/package.sh'
[7.694s] INFO:colcon.colcon_core.shell:Creating package script '/home/jetson/slash_ws/install/key_teleop/share/key_teleop/package.bash'
[7.696s] INFO:colcon.colcon_core.shell:Creating package script '/home/jetson/slash_ws/install/key_teleop/share/key_teleop/package.zsh'
[7.697s] Level 1:colcon.colcon_core.environment:create_file_with_runtime_dependencies(/home/jetson/slash_ws/install/key_teleop/share/colcon-core/packages/key_teleop)
[7.700s] DEBUG:colcon.colcon_core.event_handler.log_command:Invoked command in '/home/jetson/slash_ws/build/teb_msgs' returned '0': CMAKE_PREFIX_PATH=/home/jetson/slash_ws/install/costmap_converter_msgs:/home/jetson/slash_ws/install/vesc:/home/jetson/slash_ws/install/vesc_driver:/home/jetson/slash_ws/install/vesc_ackermann:/home/jetson/slash_ws/install/vesc_msgs:/home/jetson/slash_ws/install/teleop_tools:/home/jetson/slash_ws/install/teleop_tools_msgs:/home/jetson/slash_ws/install/teb_local_planner:/home/jetson/slash_ws/install/teb_msgs:/home/jetson/slash_ws/install/slash_nav2:/home/jetson/slash_ws/install/simple_mpc:/home/jetson/slash_ws/install/pointcloud_to_laserscan:/home/jetson/slash_ws/install/fast_lio:/home/jetson/slash_ws/install/livox_ros_driver2:/home/jetson/slash_ws/install/linefit_ground_segmentation_ros:/home/jetson/slash_ws/install/linefit_ground_segmentation:/home/jetson/slash_ws/install/costmap_converter:/home/jetson/slash_ws/install/ackermann_mux:/home/jetson/slash_ws/install/f1tenth_stack:/home/jetson/slash_ws/install/twist_to_ackermann:/home/jetson/slash_ws/install/joy_teleop:/home/jetson/slash_ws/install/roboracer_china_2025:/home/jetson/slash_ws/install/mouse_teleop:/home/jetson/slash_ws/install/key_teleop:/opt/ros/foxy LD_LIBRARY_PATH=/home/jetson/slash_ws/install/costmap_converter_msgs/lib:/usr/local/cuda/lib64:/usr/local/cuda/lib64:/usr/local/cuda/lib64:/usr/local/cuda/lib64:/usr/local/cuda-11.4/lib64:/usr/local/cuda/lib64:/usr/local/cuda/lib64:/usr/local/cuda/lib64:/usr/local/cuda/lib64:/home/jetson/slash_ws/install/vesc_driver/lib:/home/jetson/slash_ws/install/vesc_ackermann/lib:/home/jetson/slash_ws/install/vesc_msgs/lib:/home/jetson/slash_ws/install/teleop_tools_msgs/lib:/home/jetson/slash_ws/install/teb_local_planner/lib:/home/jetson/slash_ws/install/teb_msgs/lib:/home/jetson/slash_ws/install/pointcloud_to_laserscan/lib:/home/jetson/slash_ws/install/fast_lio/lib:/home/jetson/slash_ws/install/livox_ros_driver2/lib:/home/jetson/slash_ws/install/linefit_ground_segmentation/lib:/home/jetson/slash_ws/install/costmap_converter/lib:/usr/lib/aarch64-linux-gnu/gazebo-11/plugins:/opt/ros/foxy/opt/yaml_cpp_vendor/lib:/opt/ros/foxy/opt/rviz_ogre_vendor/lib:/opt/ros/foxy/lib/aarch64-linux-gnu:/opt/ros/foxy/lib:/usr/local/cuda-11.4/lib64 PYTHONPATH=/home/jetson/slash_ws/install/costmap_converter_msgs/lib/python3.8/site-packages:/home/jetson/slash_ws/install/f1tenth_stack/lib/python3.8/site-packages:/home/jetson/slash_ws/install/vesc_msgs/lib/python3.8/site-packages:/home/jetson/slash_ws/install/twist_to_ackermann/lib/python3.8/site-packages:/home/jetson/slash_ws/install/joy_teleop/lib/python3.8/site-packages:/home/jetson/slash_ws/install/teleop_tools_msgs/lib/python3.8/site-packages:/home/jetson/slash_ws/install/teb_msgs/lib/python3.8/site-packages:/home/jetson/slash_ws/install/roboracer_china_2025/lib/python3.8/site-packages:/home/jetson/slash_ws/install/mouse_teleop/lib/python3.8/site-packages:/home/jetson/slash_ws/install/fast_lio/lib/python3.8/site-packages:/home/jetson/slash_ws/install/livox_ros_driver2/lib/python3.8/site-packages:/home/jetson/slash_ws/install/key_teleop/lib/python3.8/site-packages:/opt/ros/foxy/lib/python3.8/site-packages /usr/bin/cmake --build /home/jetson/slash_ws/build/teb_msgs -- -j8 -l8
[7.708s] DEBUG:colcon.colcon_core.event_handler.log_command:Invoking command in '/home/jetson/slash_ws/build/teb_msgs': CMAKE_PREFIX_PATH=/home/jetson/slash_ws/install/costmap_converter_msgs:/home/jetson/slash_ws/install/vesc:/home/jetson/slash_ws/install/vesc_driver:/home/jetson/slash_ws/install/vesc_ackermann:/home/jetson/slash_ws/install/vesc_msgs:/home/jetson/slash_ws/install/teleop_tools:/home/jetson/slash_ws/install/teleop_tools_msgs:/home/jetson/slash_ws/install/teb_local_planner:/home/jetson/slash_ws/install/teb_msgs:/home/jetson/slash_ws/install/slash_nav2:/home/jetson/slash_ws/install/simple_mpc:/home/jetson/slash_ws/install/pointcloud_to_laserscan:/home/jetson/slash_ws/install/fast_lio:/home/jetson/slash_ws/install/livox_ros_driver2:/home/jetson/slash_ws/install/linefit_ground_segmentation_ros:/home/jetson/slash_ws/install/linefit_ground_segmentation:/home/jetson/slash_ws/install/costmap_converter:/home/jetson/slash_ws/install/ackermann_mux:/home/jetson/slash_ws/install/f1tenth_stack:/home/jetson/slash_ws/install/twist_to_ackermann:/home/jetson/slash_ws/install/joy_teleop:/home/jetson/slash_ws/install/roboracer_china_2025:/home/jetson/slash_ws/install/mouse_teleop:/home/jetson/slash_ws/install/key_teleop:/opt/ros/foxy LD_LIBRARY_PATH=/home/jetson/slash_ws/install/costmap_converter_msgs/lib:/usr/local/cuda/lib64:/usr/local/cuda/lib64:/usr/local/cuda/lib64:/usr/local/cuda/lib64:/usr/local/cuda-11.4/lib64:/usr/local/cuda/lib64:/usr/local/cuda/lib64:/usr/local/cuda/lib64:/usr/local/cuda/lib64:/home/jetson/slash_ws/install/vesc_driver/lib:/home/jetson/slash_ws/install/vesc_ackermann/lib:/home/jetson/slash_ws/install/vesc_msgs/lib:/home/jetson/slash_ws/install/teleop_tools_msgs/lib:/home/jetson/slash_ws/install/teb_local_planner/lib:/home/jetson/slash_ws/install/teb_msgs/lib:/home/jetson/slash_ws/install/pointcloud_to_laserscan/lib:/home/jetson/slash_ws/install/fast_lio/lib:/home/jetson/slash_ws/install/livox_ros_driver2/lib:/home/jetson/slash_ws/install/linefit_ground_segmentation/lib:/home/jetson/slash_ws/install/costmap_converter/lib:/usr/lib/aarch64-linux-gnu/gazebo-11/plugins:/opt/ros/foxy/opt/yaml_cpp_vendor/lib:/opt/ros/foxy/opt/rviz_ogre_vendor/lib:/opt/ros/foxy/lib/aarch64-linux-gnu:/opt/ros/foxy/lib:/usr/local/cuda-11.4/lib64 PYTHONPATH=/home/jetson/slash_ws/install/costmap_converter_msgs/lib/python3.8/site-packages:/home/jetson/slash_ws/install/f1tenth_stack/lib/python3.8/site-packages:/home/jetson/slash_ws/install/vesc_msgs/lib/python3.8/site-packages:/home/jetson/slash_ws/install/twist_to_ackermann/lib/python3.8/site-packages:/home/jetson/slash_ws/install/joy_teleop/lib/python3.8/site-packages:/home/jetson/slash_ws/install/teleop_tools_msgs/lib/python3.8/site-packages:/home/jetson/slash_ws/install/teb_msgs/lib/python3.8/site-packages:/home/jetson/slash_ws/install/roboracer_china_2025/lib/python3.8/site-packages:/home/jetson/slash_ws/install/mouse_teleop/lib/python3.8/site-packages:/home/jetson/slash_ws/install/fast_lio/lib/python3.8/site-packages:/home/jetson/slash_ws/install/livox_ros_driver2/lib/python3.8/site-packages:/home/jetson/slash_ws/install/key_teleop/lib/python3.8/site-packages:/opt/ros/foxy/lib/python3.8/site-packages /usr/bin/cmake --install /home/jetson/slash_ws/build/teb_msgs
[7.715s] Level 1:colcon.colcon_core.environment:checking '/home/jetson/slash_ws/install/mouse_teleop' for CMake module files
[7.716s] DEBUG:colcon.colcon_core.event_handler.log_command:Invoked command in '/home/jetson/slash_ws/src/slash_hardware/f1tenth_system/teleop_tools/mouse_teleop' returned '0': PYTHONPATH=/home/jetson/slash_ws/build/mouse_teleop/prefix_override:/usr/lib/python3/dist-packages/colcon_core/task/python/colcon_distutils_commands:/home/jetson/slash_ws/install/mouse_teleop/lib/python3.8/site-packages:${PYTHONPATH} /usr/bin/python3 -W ignore:setup.py install is deprecated -W ignore:easy_install command is deprecated setup.py egg_info --egg-base ../../../../../build/mouse_teleop build --build-base /home/jetson/slash_ws/build/mouse_teleop/build install --record /home/jetson/slash_ws/build/mouse_teleop/install.log --single-version-externally-managed install_data
[7.716s] Level 1:colcon.colcon_core.environment:checking '/home/jetson/slash_ws/install/mouse_teleop' for CMake config files
[7.718s] Level 1:colcon.colcon_core.environment:checking '/home/jetson/slash_ws/install/mouse_teleop/lib'
[7.718s] Level 1:colcon.colcon_core.environment:checking '/home/jetson/slash_ws/install/mouse_teleop/bin'
[7.718s] Level 1:colcon.colcon_core.environment:checking '/home/jetson/slash_ws/install/mouse_teleop/lib/pkgconfig/mouse_teleop.pc'
[7.719s] Level 1:colcon.colcon_core.environment:checking '/home/jetson/slash_ws/install/mouse_teleop/lib/python3.8/site-packages'
[7.719s] Level 1:colcon.colcon_core.shell:create_environment_hook('mouse_teleop', 'pythonpath')
[7.719s] INFO:colcon.colcon_core.shell:Creating environment hook '/home/jetson/slash_ws/install/mouse_teleop/share/mouse_teleop/hook/pythonpath.ps1'
[7.721s] INFO:colcon.colcon_core.shell:Creating environment descriptor '/home/jetson/slash_ws/install/mouse_teleop/share/mouse_teleop/hook/pythonpath.dsv'
[7.722s] INFO:colcon.colcon_core.shell:Creating environment hook '/home/jetson/slash_ws/install/mouse_teleop/share/mouse_teleop/hook/pythonpath.sh'
[7.723s] Level 1:colcon.colcon_core.environment:checking '/home/jetson/slash_ws/install/mouse_teleop/bin'
[7.724s] Level 1:colcon.colcon_core.environment:create_environment_scripts_only(mouse_teleop)
[7.724s] INFO:colcon.colcon_core.shell:Creating package script '/home/jetson/slash_ws/install/mouse_teleop/share/mouse_teleop/package.ps1'
[7.726s] INFO:colcon.colcon_core.shell:Creating package descriptor '/home/jetson/slash_ws/install/mouse_teleop/share/mouse_teleop/package.dsv'
[7.727s] INFO:colcon.colcon_core.shell:Creating package script '/home/jetson/slash_ws/install/mouse_teleop/share/mouse_teleop/package.sh'
[7.728s] INFO:colcon.colcon_core.shell:Creating package script '/home/jetson/slash_ws/install/mouse_teleop/share/mouse_teleop/package.bash'
[7.729s] INFO:colcon.colcon_core.shell:Creating package script '/home/jetson/slash_ws/install/mouse_teleop/share/mouse_teleop/package.zsh'
[7.730s] Level 1:colcon.colcon_core.environment:create_file_with_runtime_dependencies(/home/jetson/slash_ws/install/mouse_teleop/share/colcon-core/packages/mouse_teleop)
[7.736s] DEBUG:colcon.colcon_core.event_handler.log_command:Invoking command in '/home/jetson/slash_ws/src/slash_hardware/f1tenth_system/teleop_tools/joy_teleop': CMAKE_PREFIX_PATH=/home/jetson/slash_ws/install/teleop_tools_msgs:/home/jetson/slash_ws/install/vesc:/home/jetson/slash_ws/install/vesc_driver:/home/jetson/slash_ws/install/vesc_ackermann:/home/jetson/slash_ws/install/vesc_msgs:/home/jetson/slash_ws/install/teleop_tools:/home/jetson/slash_ws/install/teb_local_planner:/home/jetson/slash_ws/install/teb_msgs:/home/jetson/slash_ws/install/slash_nav2:/home/jetson/slash_ws/install/simple_mpc:/home/jetson/slash_ws/install/pointcloud_to_laserscan:/home/jetson/slash_ws/install/fast_lio:/home/jetson/slash_ws/install/livox_ros_driver2:/home/jetson/slash_ws/install/linefit_ground_segmentation_ros:/home/jetson/slash_ws/install/linefit_ground_segmentation:/home/jetson/slash_ws/install/costmap_converter:/home/jetson/slash_ws/install/costmap_converter_msgs:/home/jetson/slash_ws/install/ackermann_mux LD_LIBRARY_PATH=/home/jetson/slash_ws/install/teleop_tools_msgs/lib:/usr/local/cuda/lib64:/usr/local/cuda/lib64:/usr/local/cuda/lib64:/usr/local/cuda/lib64:/usr/local/cuda-11.4/lib64:/usr/local/cuda/lib64:/usr/local/cuda/lib64:/usr/local/cuda/lib64:/usr/local/cuda/lib64:/home/jetson/slash_ws/install/vesc_driver/lib:/home/jetson/slash_ws/install/vesc_ackermann/lib:/home/jetson/slash_ws/install/vesc_msgs/lib:/home/jetson/slash_ws/install/teb_local_planner/lib:/home/jetson/slash_ws/install/teb_msgs/lib:/home/jetson/slash_ws/install/pointcloud_to_laserscan/lib:/home/jetson/slash_ws/install/fast_lio/lib:/home/jetson/slash_ws/install/livox_ros_driver2/lib:/home/jetson/slash_ws/install/linefit_ground_segmentation/lib:/home/jetson/slash_ws/install/costmap_converter/lib:/home/jetson/slash_ws/install/costmap_converter_msgs/lib:/usr/lib/aarch64-linux-gnu/gazebo-11/plugins:/opt/ros/foxy/opt/yaml_cpp_vendor/lib:/opt/ros/foxy/opt/rviz_ogre_vendor/lib:/opt/ros/foxy/lib/aarch64-linux-gnu:/opt/ros/foxy/lib:/usr/local/cuda-11.4/lib64 PYTHONPATH=/home/jetson/slash_ws/build/joy_teleop/prefix_override:/usr/lib/python3/dist-packages/colcon_core/task/python/colcon_distutils_commands:/home/jetson/slash_ws/install/joy_teleop/lib/python3.8/site-packages:/home/jetson/slash_ws/install/teleop_tools_msgs/lib/python3.8/site-packages:/home/jetson/slash_ws/install/f1tenth_stack/lib/python3.8/site-packages:/home/jetson/slash_ws/install/vesc_msgs/lib/python3.8/site-packages:/home/jetson/slash_ws/install/twist_to_ackermann/lib/python3.8/site-packages:/home/jetson/slash_ws/install/joy_teleop/lib/python3.8/site-packages:/home/jetson/slash_ws/install/teb_msgs/lib/python3.8/site-packages:/home/jetson/slash_ws/install/roboracer_china_2025/lib/python3.8/site-packages:/home/jetson/slash_ws/install/mouse_teleop/lib/python3.8/site-packages:/home/jetson/slash_ws/install/fast_lio/lib/python3.8/site-packages:/home/jetson/slash_ws/install/livox_ros_driver2/lib/python3.8/site-packages:/home/jetson/slash_ws/install/key_teleop/lib/python3.8/site-packages:/home/jetson/slash_ws/install/costmap_converter_msgs/lib/python3.8/site-packages:/opt/ros/foxy/lib/python3.8/site-packages /usr/bin/python3 -W ignore:setup.py install is deprecated -W ignore:easy_install command is deprecated setup.py egg_info --egg-base ../../../../../build/joy_teleop build --build-base /home/jetson/slash_ws/build/joy_teleop/build install --record /home/jetson/slash_ws/build/joy_teleop/install.log --single-version-externally-managed install_data
[7.761s] DEBUG:colcon.colcon_core.event_handler.log_command:Invoking command in '/home/jetson/slash_ws/src/slash_navigation/roboracer_china_2025': PYTHONPATH=/home/jetson/slash_ws/build/roboracer_china_2025/prefix_override:/usr/lib/python3/dist-packages/colcon_core/task/python/colcon_distutils_commands:/home/jetson/slash_ws/install/roboracer_china_2025/lib/python3.8/site-packages:${PYTHONPATH} /usr/bin/python3 -W ignore:setup.py install is deprecated -W ignore:easy_install command is deprecated setup.py egg_info --egg-base ../../../build/roboracer_china_2025 build --build-base /home/jetson/slash_ws/build/roboracer_china_2025/build install --record /home/jetson/slash_ws/build/roboracer_china_2025/install.log --install-scripts $base/lib/roboracer_china_2025 --single-version-externally-managed install_data
[7.787s] INFO:colcon.colcon_ros.task.ament_cmake.build:Building ROS package in '/home/jetson/slash_ws/src/slash_localization/FAST_LIO' with build type 'ament_cmake'
[7.788s] INFO:colcon.colcon_cmake.task.cmake.build:Building CMake package in '/home/jetson/slash_ws/src/slash_localization/FAST_LIO'
[7.798s] INFO:colcon.colcon_core.shell:Skip shell extension 'powershell' for command environment: Not usable outside of PowerShell
[7.799s] DEBUG:colcon.colcon_core.shell:Skip shell extension 'dsv' for command environment
[7.834s] INFO:colcon.colcon_ros.task.ament_cmake.build:Building ROS package in '/home/jetson/slash_ws/src/slash_perception/linefit_ground_segementation_ros2/linefit_ground_segmentation_ros' with build type 'ament_cmake'
[7.835s] INFO:colcon.colcon_cmake.task.cmake.build:Building CMake package in '/home/jetson/slash_ws/src/slash_perception/linefit_ground_segementation_ros2/linefit_ground_segmentation_ros'
[7.836s] INFO:colcon.colcon_core.shell:Skip shell extension 'powershell' for command environment: Not usable outside of PowerShell
[7.836s] DEBUG:colcon.colcon_core.shell:Skip shell extension 'dsv' for command environment
[7.907s] Level 1:colcon.colcon_core.environment:create_environment_scripts_only(slash_nav2)
[7.908s] Level 1:colcon.colcon_core.environment:checking '/home/jetson/slash_ws/install/slash_nav2' for CMake module files
[7.909s] Level 1:colcon.colcon_core.environment:checking '/home/jetson/slash_ws/install/slash_nav2' for CMake config files
[7.914s] Level 1:colcon.colcon_core.shell:create_environment_hook('slash_nav2', 'cmake_prefix_path')
[7.915s] INFO:colcon.colcon_core.shell:Creating environment hook '/home/jetson/slash_ws/install/slash_nav2/share/slash_nav2/hook/cmake_prefix_path.ps1'
[7.916s] INFO:colcon.colcon_core.shell:Creating environment descriptor '/home/jetson/slash_ws/install/slash_nav2/share/slash_nav2/hook/cmake_prefix_path.dsv'
[7.917s] INFO:colcon.colcon_core.shell:Creating environment hook '/home/jetson/slash_ws/install/slash_nav2/share/slash_nav2/hook/cmake_prefix_path.sh'
[7.919s] Level 1:colcon.colcon_core.environment:checking '/home/jetson/slash_ws/install/slash_nav2/bin'
[7.919s] Level 1:colcon.colcon_core.environment:checking '/home/jetson/slash_ws/install/slash_nav2/lib/pkgconfig/slash_nav2.pc'
[7.919s] Level 1:colcon.colcon_core.environment:checking '/home/jetson/slash_ws/install/slash_nav2/lib/python3.8/site-packages'
[7.920s] Level 1:colcon.colcon_core.environment:checking '/home/jetson/slash_ws/install/slash_nav2/bin'
[7.921s] INFO:colcon.colcon_core.shell:Creating package script '/home/jetson/slash_ws/install/slash_nav2/share/slash_nav2/package.ps1'
[7.927s] INFO:colcon.colcon_core.shell:Creating package descriptor '/home/jetson/slash_ws/install/slash_nav2/share/slash_nav2/package.dsv'
[7.928s] INFO:colcon.colcon_core.shell:Creating package script '/home/jetson/slash_ws/install/slash_nav2/share/slash_nav2/package.sh'
[7.929s] INFO:colcon.colcon_core.shell:Creating package script '/home/jetson/slash_ws/install/slash_nav2/share/slash_nav2/package.bash'
[7.934s] DEBUG:colcon.colcon_core.event_handler.log_command:Invoked command in '/home/jetson/slash_ws/build/slash_nav2' returned '0': CMAKE_PREFIX_PATH=${CMAKE_PREFIX_PATH}:/home/jetson/slash_ws/install/f1tenth_stack:/home/jetson/slash_ws/install/twist_to_ackermann:/home/jetson/slash_ws/install/joy_teleop:/home/jetson/slash_ws/install/roboracer_china_2025:/home/jetson/slash_ws/install/mouse_teleop:/home/jetson/slash_ws/install/key_teleop:/opt/ros/foxy /usr/bin/cmake --install /home/jetson/slash_ws/build/slash_nav2
[7.935s] INFO:colcon.colcon_core.shell:Creating package script '/home/jetson/slash_ws/install/slash_nav2/share/slash_nav2/package.zsh'
[7.936s] Level 1:colcon.colcon_core.environment:create_file_with_runtime_dependencies(/home/jetson/slash_ws/install/slash_nav2/share/colcon-core/packages/slash_nav2)
[7.939s] Level 1:colcon.colcon_core.environment:create_environment_scripts_only(slash_nav2)
[7.939s] Level 1:colcon.colcon_core.environment:checking '/home/jetson/slash_ws/install/slash_nav2' for CMake module files
[7.940s] Level 1:colcon.colcon_core.environment:checking '/home/jetson/slash_ws/install/slash_nav2' for CMake config files
[7.940s] Level 1:colcon.colcon_core.shell:create_environment_hook('slash_nav2', 'cmake_prefix_path')
[7.941s] INFO:colcon.colcon_core.shell:Creating environment hook '/home/jetson/slash_ws/install/slash_nav2/share/slash_nav2/hook/cmake_prefix_path.ps1'
[7.942s] INFO:colcon.colcon_core.shell:Creating environment descriptor '/home/jetson/slash_ws/install/slash_nav2/share/slash_nav2/hook/cmake_prefix_path.dsv'
[7.943s] INFO:colcon.colcon_core.shell:Creating environment hook '/home/jetson/slash_ws/install/slash_nav2/share/slash_nav2/hook/cmake_prefix_path.sh'
[7.945s] Level 1:colcon.colcon_core.environment:checking '/home/jetson/slash_ws/install/slash_nav2/bin'
[7.945s] Level 1:colcon.colcon_core.environment:checking '/home/jetson/slash_ws/install/slash_nav2/lib/pkgconfig/slash_nav2.pc'
[7.945s] Level 1:colcon.colcon_core.environment:checking '/home/jetson/slash_ws/install/slash_nav2/lib/python3.8/site-packages'
[7.946s] Level 1:colcon.colcon_core.environment:checking '/home/jetson/slash_ws/install/slash_nav2/bin'
[7.950s] INFO:colcon.colcon_core.shell:Creating package script '/home/jetson/slash_ws/install/slash_nav2/share/slash_nav2/package.ps1'
[7.953s] INFO:colcon.colcon_core.shell:Creating package descriptor '/home/jetson/slash_ws/install/slash_nav2/share/slash_nav2/package.dsv'
[7.955s] INFO:colcon.colcon_core.shell:Creating package script '/home/jetson/slash_ws/install/slash_nav2/share/slash_nav2/package.sh'
[7.957s] INFO:colcon.colcon_core.shell:Creating package script '/home/jetson/slash_ws/install/slash_nav2/share/slash_nav2/package.bash'
[7.958s] INFO:colcon.colcon_core.shell:Creating package script '/home/jetson/slash_ws/install/slash_nav2/share/slash_nav2/package.zsh'
[7.959s] Level 1:colcon.colcon_core.environment:create_file_with_runtime_dependencies(/home/jetson/slash_ws/install/slash_nav2/share/colcon-core/packages/slash_nav2)
[7.960s] Level 1:colcon.colcon_core.environment:create_environment_scripts_only(vesc)
[7.962s] DEBUG:colcon.colcon_core.event_handler.log_command:Invoked command in '/home/jetson/slash_ws/build/vesc' returned '0': CMAKE_PREFIX_PATH=/home/jetson/slash_ws/install/vesc_driver:/home/jetson/slash_ws/install/vesc_ackermann:/home/jetson/slash_ws/install/vesc_msgs:/home/jetson/slash_ws/install/vesc:/home/jetson/slash_ws/install/teleop_tools:/home/jetson/slash_ws/install/teleop_tools_msgs:/home/jetson/slash_ws/install/teb_local_planner:/home/jetson/slash_ws/install/teb_msgs:/home/jetson/slash_ws/install/slash_nav2:/home/jetson/slash_ws/install/simple_mpc:/home/jetson/slash_ws/install/pointcloud_to_laserscan:/home/jetson/slash_ws/install/fast_lio:/home/jetson/slash_ws/install/livox_ros_driver2:/home/jetson/slash_ws/install/linefit_ground_segmentation_ros:/home/jetson/slash_ws/install/linefit_ground_segmentation:/home/jetson/slash_ws/install/costmap_converter:/home/jetson/slash_ws/install/costmap_converter_msgs:/home/jetson/slash_ws/install/ackermann_mux:/home/jetson/slash_ws/install/f1tenth_stack:/home/jetson/slash_ws/install/twist_to_ackermann:/home/jetson/slash_ws/install/joy_teleop:/home/jetson/slash_ws/install/roboracer_china_2025:/home/jetson/slash_ws/install/mouse_teleop:/home/jetson/slash_ws/install/key_teleop:/opt/ros/foxy LD_LIBRARY_PATH=/home/jetson/slash_ws/install/vesc_driver/lib:/home/jetson/slash_ws/install/vesc_ackermann/lib:/home/jetson/slash_ws/install/vesc_msgs/lib:/usr/local/cuda/lib64:/usr/local/cuda/lib64:/usr/local/cuda/lib64:/usr/local/cuda/lib64:/usr/local/cuda-11.4/lib64:/usr/local/cuda/lib64:/usr/local/cuda/lib64:/usr/local/cuda/lib64:/usr/local/cuda/lib64:/home/jetson/slash_ws/install/teleop_tools_msgs/lib:/home/jetson/slash_ws/install/teb_local_planner/lib:/home/jetson/slash_ws/install/teb_msgs/lib:/home/jetson/slash_ws/install/pointcloud_to_laserscan/lib:/home/jetson/slash_ws/install/fast_lio/lib:/home/jetson/slash_ws/install/livox_ros_driver2/lib:/home/jetson/slash_ws/install/linefit_ground_segmentation/lib:/home/jetson/slash_ws/install/costmap_converter/lib:/home/jetson/slash_ws/install/costmap_converter_msgs/lib:/usr/lib/aarch64-linux-gnu/gazebo-11/plugins:/opt/ros/foxy/opt/yaml_cpp_vendor/lib:/opt/ros/foxy/opt/rviz_ogre_vendor/lib:/opt/ros/foxy/lib/aarch64-linux-gnu:/opt/ros/foxy/lib:/usr/local/cuda-11.4/lib64 PYTHONPATH=/home/jetson/slash_ws/install/vesc_msgs/lib/python3.8/site-packages:/home/jetson/slash_ws/install/f1tenth_stack/lib/python3.8/site-packages:/home/jetson/slash_ws/install/twist_to_ackermann/lib/python3.8/site-packages:/home/jetson/slash_ws/install/joy_teleop/lib/python3.8/site-packages:/home/jetson/slash_ws/install/teleop_tools_msgs/lib/python3.8/site-packages:/home/jetson/slash_ws/install/teb_msgs/lib/python3.8/site-packages:/home/jetson/slash_ws/install/roboracer_china_2025/lib/python3.8/site-packages:/home/jetson/slash_ws/install/mouse_teleop/lib/python3.8/site-packages:/home/jetson/slash_ws/install/fast_lio/lib/python3.8/site-packages:/home/jetson/slash_ws/install/livox_ros_driver2/lib/python3.8/site-packages:/home/jetson/slash_ws/install/key_teleop/lib/python3.8/site-packages:/home/jetson/slash_ws/install/costmap_converter_msgs/lib/python3.8/site-packages:/opt/ros/foxy/lib/python3.8/site-packages /usr/bin/cmake --install /home/jetson/slash_ws/build/vesc
[7.962s] Level 1:colcon.colcon_core.environment:checking '/home/jetson/slash_ws/install/vesc' for CMake module files
[7.963s] Level 1:colcon.colcon_core.environment:checking '/home/jetson/slash_ws/install/vesc' for CMake config files
[7.964s] Level 1:colcon.colcon_core.shell:create_environment_hook('vesc', 'cmake_prefix_path')
[7.964s] INFO:colcon.colcon_core.shell:Creating environment hook '/home/jetson/slash_ws/install/vesc/share/vesc/hook/cmake_prefix_path.ps1'
[7.966s] INFO:colcon.colcon_core.shell:Creating environment descriptor '/home/jetson/slash_ws/install/vesc/share/vesc/hook/cmake_prefix_path.dsv'
[7.966s] INFO:colcon.colcon_core.shell:Creating environment hook '/home/jetson/slash_ws/install/vesc/share/vesc/hook/cmake_prefix_path.sh'
[7.968s] Level 1:colcon.colcon_core.environment:checking '/home/jetson/slash_ws/install/vesc/bin'
[7.968s] Level 1:colcon.colcon_core.environment:checking '/home/jetson/slash_ws/install/vesc/lib/pkgconfig/vesc.pc'
[7.968s] Level 1:colcon.colcon_core.environment:checking '/home/jetson/slash_ws/install/vesc/lib/python3.8/site-packages'
[7.969s] Level 1:colcon.colcon_core.environment:checking '/home/jetson/slash_ws/install/vesc/bin'
[7.969s] INFO:colcon.colcon_core.shell:Creating package script '/home/jetson/slash_ws/install/vesc/share/vesc/package.ps1'
[7.971s] INFO:colcon.colcon_core.shell:Creating package descriptor '/home/jetson/slash_ws/install/vesc/share/vesc/package.dsv'
[7.972s] INFO:colcon.colcon_core.shell:Creating package script '/home/jetson/slash_ws/install/vesc/share/vesc/package.sh'
[7.973s] INFO:colcon.colcon_core.shell:Creating package script '/home/jetson/slash_ws/install/vesc/share/vesc/package.bash'
[7.973s] INFO:colcon.colcon_core.shell:Creating package script '/home/jetson/slash_ws/install/vesc/share/vesc/package.zsh'
[7.974s] Level 1:colcon.colcon_core.environment:create_file_with_runtime_dependencies(/home/jetson/slash_ws/install/vesc/share/colcon-core/packages/vesc)
[7.976s] Level 1:colcon.colcon_core.environment:create_environment_scripts_only(vesc)
[7.976s] Level 1:colcon.colcon_core.environment:checking '/home/jetson/slash_ws/install/vesc' for CMake module files
[7.977s] Level 1:colcon.colcon_core.environment:checking '/home/jetson/slash_ws/install/vesc' for CMake config files
[7.977s] Level 1:colcon.colcon_core.shell:create_environment_hook('vesc', 'cmake_prefix_path')
[7.978s] INFO:colcon.colcon_core.shell:Creating environment hook '/home/jetson/slash_ws/install/vesc/share/vesc/hook/cmake_prefix_path.ps1'
[7.979s] INFO:colcon.colcon_core.shell:Creating environment descriptor '/home/jetson/slash_ws/install/vesc/share/vesc/hook/cmake_prefix_path.dsv'
[7.979s] INFO:colcon.colcon_core.shell:Creating environment hook '/home/jetson/slash_ws/install/vesc/share/vesc/hook/cmake_prefix_path.sh'
[7.981s] Level 1:colcon.colcon_core.environment:checking '/home/jetson/slash_ws/install/vesc/bin'
[7.981s] Level 1:colcon.colcon_core.environment:checking '/home/jetson/slash_ws/install/vesc/lib/pkgconfig/vesc.pc'
[7.981s] Level 1:colcon.colcon_core.environment:checking '/home/jetson/slash_ws/install/vesc/lib/python3.8/site-packages'
[7.982s] Level 1:colcon.colcon_core.environment:checking '/home/jetson/slash_ws/install/vesc/bin'
[7.982s] INFO:colcon.colcon_core.shell:Creating package script '/home/jetson/slash_ws/install/vesc/share/vesc/package.ps1'
[7.984s] INFO:colcon.colcon_core.shell:Creating package descriptor '/home/jetson/slash_ws/install/vesc/share/vesc/package.dsv'
[7.985s] INFO:colcon.colcon_core.shell:Creating package script '/home/jetson/slash_ws/install/vesc/share/vesc/package.sh'
[7.986s] INFO:colcon.colcon_core.shell:Creating package script '/home/jetson/slash_ws/install/vesc/share/vesc/package.bash'
[7.987s] INFO:colcon.colcon_core.shell:Creating package script '/home/jetson/slash_ws/install/vesc/share/vesc/package.zsh'
[7.992s] Level 1:colcon.colcon_core.environment:create_file_with_runtime_dependencies(/home/jetson/slash_ws/install/vesc/share/colcon-core/packages/vesc)
[8.004s] Level 1:colcon.colcon_core.environment:create_environment_scripts_only(teb_msgs)
[8.005s] Level 1:colcon.colcon_core.environment:checking '/home/jetson/slash_ws/install/teb_msgs' for CMake module files
[8.006s] DEBUG:colcon.colcon_core.event_handler.log_command:Invoked command in '/home/jetson/slash_ws/build/teb_msgs' returned '0': CMAKE_PREFIX_PATH=/home/jetson/slash_ws/install/costmap_converter_msgs:/home/jetson/slash_ws/install/vesc:/home/jetson/slash_ws/install/vesc_driver:/home/jetson/slash_ws/install/vesc_ackermann:/home/jetson/slash_ws/install/vesc_msgs:/home/jetson/slash_ws/install/teleop_tools:/home/jetson/slash_ws/install/teleop_tools_msgs:/home/jetson/slash_ws/install/teb_local_planner:/home/jetson/slash_ws/install/teb_msgs:/home/jetson/slash_ws/install/slash_nav2:/home/jetson/slash_ws/install/simple_mpc:/home/jetson/slash_ws/install/pointcloud_to_laserscan:/home/jetson/slash_ws/install/fast_lio:/home/jetson/slash_ws/install/livox_ros_driver2:/home/jetson/slash_ws/install/linefit_ground_segmentation_ros:/home/jetson/slash_ws/install/linefit_ground_segmentation:/home/jetson/slash_ws/install/costmap_converter:/home/jetson/slash_ws/install/ackermann_mux:/home/jetson/slash_ws/install/f1tenth_stack:/home/jetson/slash_ws/install/twist_to_ackermann:/home/jetson/slash_ws/install/joy_teleop:/home/jetson/slash_ws/install/roboracer_china_2025:/home/jetson/slash_ws/install/mouse_teleop:/home/jetson/slash_ws/install/key_teleop:/opt/ros/foxy LD_LIBRARY_PATH=/home/jetson/slash_ws/install/costmap_converter_msgs/lib:/usr/local/cuda/lib64:/usr/local/cuda/lib64:/usr/local/cuda/lib64:/usr/local/cuda/lib64:/usr/local/cuda-11.4/lib64:/usr/local/cuda/lib64:/usr/local/cuda/lib64:/usr/local/cuda/lib64:/usr/local/cuda/lib64:/home/jetson/slash_ws/install/vesc_driver/lib:/home/jetson/slash_ws/install/vesc_ackermann/lib:/home/jetson/slash_ws/install/vesc_msgs/lib:/home/jetson/slash_ws/install/teleop_tools_msgs/lib:/home/jetson/slash_ws/install/teb_local_planner/lib:/home/jetson/slash_ws/install/teb_msgs/lib:/home/jetson/slash_ws/install/pointcloud_to_laserscan/lib:/home/jetson/slash_ws/install/fast_lio/lib:/home/jetson/slash_ws/install/livox_ros_driver2/lib:/home/jetson/slash_ws/install/linefit_ground_segmentation/lib:/home/jetson/slash_ws/install/costmap_converter/lib:/usr/lib/aarch64-linux-gnu/gazebo-11/plugins:/opt/ros/foxy/opt/yaml_cpp_vendor/lib:/opt/ros/foxy/opt/rviz_ogre_vendor/lib:/opt/ros/foxy/lib/aarch64-linux-gnu:/opt/ros/foxy/lib:/usr/local/cuda-11.4/lib64 PYTHONPATH=/home/jetson/slash_ws/install/costmap_converter_msgs/lib/python3.8/site-packages:/home/jetson/slash_ws/install/f1tenth_stack/lib/python3.8/site-packages:/home/jetson/slash_ws/install/vesc_msgs/lib/python3.8/site-packages:/home/jetson/slash_ws/install/twist_to_ackermann/lib/python3.8/site-packages:/home/jetson/slash_ws/install/joy_teleop/lib/python3.8/site-packages:/home/jetson/slash_ws/install/teleop_tools_msgs/lib/python3.8/site-packages:/home/jetson/slash_ws/install/teb_msgs/lib/python3.8/site-packages:/home/jetson/slash_ws/install/roboracer_china_2025/lib/python3.8/site-packages:/home/jetson/slash_ws/install/mouse_teleop/lib/python3.8/site-packages:/home/jetson/slash_ws/install/fast_lio/lib/python3.8/site-packages:/home/jetson/slash_ws/install/livox_ros_driver2/lib/python3.8/site-packages:/home/jetson/slash_ws/install/key_teleop/lib/python3.8/site-packages:/opt/ros/foxy/lib/python3.8/site-packages /usr/bin/cmake --install /home/jetson/slash_ws/build/teb_msgs
[8.007s] Level 1:colcon.colcon_core.environment:checking '/home/jetson/slash_ws/install/teb_msgs' for CMake config files
[8.008s] Level 1:colcon.colcon_core.shell:create_environment_hook('teb_msgs', 'cmake_prefix_path')
[8.009s] INFO:colcon.colcon_core.shell:Creating environment hook '/home/jetson/slash_ws/install/teb_msgs/share/teb_msgs/hook/cmake_prefix_path.ps1'
[8.018s] INFO:colcon.colcon_core.shell:Creating environment descriptor '/home/jetson/slash_ws/install/teb_msgs/share/teb_msgs/hook/cmake_prefix_path.dsv'
[8.019s] INFO:colcon.colcon_core.shell:Creating environment hook '/home/jetson/slash_ws/install/teb_msgs/share/teb_msgs/hook/cmake_prefix_path.sh'
[8.021s] Level 1:colcon.colcon_core.environment:checking '/home/jetson/slash_ws/install/teb_msgs/lib'
[8.021s] Level 1:colcon.colcon_core.shell:create_environment_hook('teb_msgs', 'ld_library_path_lib')
[8.022s] INFO:colcon.colcon_core.shell:Creating environment hook '/home/jetson/slash_ws/install/teb_msgs/share/teb_msgs/hook/ld_library_path_lib.ps1'
[8.024s] INFO:colcon.colcon_core.shell:Creating environment descriptor '/home/jetson/slash_ws/install/teb_msgs/share/teb_msgs/hook/ld_library_path_lib.dsv'
[8.025s] INFO:colcon.colcon_core.shell:Creating environment hook '/home/jetson/slash_ws/install/teb_msgs/share/teb_msgs/hook/ld_library_path_lib.sh'
[8.026s] Level 1:colcon.colcon_core.environment:checking '/home/jetson/slash_ws/install/teb_msgs/bin'
[8.026s] Level 1:colcon.colcon_core.environment:checking '/home/jetson/slash_ws/install/teb_msgs/lib/pkgconfig/teb_msgs.pc'
[8.030s] Level 1:colcon.colcon_core.environment:checking '/home/jetson/slash_ws/install/teb_msgs/lib/python3.8/site-packages'
[8.031s] Level 1:colcon.colcon_core.shell:create_environment_hook('teb_msgs', 'pythonpath')
[8.032s] INFO:colcon.colcon_core.shell:Creating environment hook '/home/jetson/slash_ws/install/teb_msgs/share/teb_msgs/hook/pythonpath.ps1'
[8.033s] INFO:colcon.colcon_core.shell:Creating environment descriptor '/home/jetson/slash_ws/install/teb_msgs/share/teb_msgs/hook/pythonpath.dsv'
[8.037s] INFO:colcon.colcon_core.shell:Creating environment hook '/home/jetson/slash_ws/install/teb_msgs/share/teb_msgs/hook/pythonpath.sh'
[8.039s] Level 1:colcon.colcon_core.environment:checking '/home/jetson/slash_ws/install/teb_msgs/bin'
[8.040s] INFO:colcon.colcon_core.shell:Creating package script '/home/jetson/slash_ws/install/teb_msgs/share/teb_msgs/package.ps1'
[8.041s] INFO:colcon.colcon_core.shell:Creating package descriptor '/home/jetson/slash_ws/install/teb_msgs/share/teb_msgs/package.dsv'
[8.042s] INFO:colcon.colcon_core.shell:Creating package script '/home/jetson/slash_ws/install/teb_msgs/share/teb_msgs/package.sh'
[8.044s] INFO:colcon.colcon_core.shell:Creating package script '/home/jetson/slash_ws/install/teb_msgs/share/teb_msgs/package.bash'
[8.045s] INFO:colcon.colcon_core.shell:Creating package script '/home/jetson/slash_ws/install/teb_msgs/share/teb_msgs/package.zsh'
[8.046s] Level 1:colcon.colcon_core.environment:create_file_with_runtime_dependencies(/home/jetson/slash_ws/install/teb_msgs/share/colcon-core/packages/teb_msgs)
[8.048s] Level 1:colcon.colcon_core.environment:create_environment_scripts_only(teb_msgs)
[8.048s] Level 1:colcon.colcon_core.environment:checking '/home/jetson/slash_ws/install/teb_msgs' for CMake module files
[8.049s] Level 1:colcon.colcon_core.environment:checking '/home/jetson/slash_ws/install/teb_msgs' for CMake config files
[8.050s] Level 1:colcon.colcon_core.shell:create_environment_hook('teb_msgs', 'cmake_prefix_path')
[8.050s] INFO:colcon.colcon_core.shell:Creating environment hook '/home/jetson/slash_ws/install/teb_msgs/share/teb_msgs/hook/cmake_prefix_path.ps1'
[8.052s] INFO:colcon.colcon_core.shell:Creating environment descriptor '/home/jetson/slash_ws/install/teb_msgs/share/teb_msgs/hook/cmake_prefix_path.dsv'
[8.052s] INFO:colcon.colcon_core.shell:Creating environment hook '/home/jetson/slash_ws/install/teb_msgs/share/teb_msgs/hook/cmake_prefix_path.sh'
[8.055s] Level 1:colcon.colcon_core.environment:checking '/home/jetson/slash_ws/install/teb_msgs/lib'
[8.056s] Level 1:colcon.colcon_core.shell:create_environment_hook('teb_msgs', 'ld_library_path_lib')
[8.056s] INFO:colcon.colcon_core.shell:Creating environment hook '/home/jetson/slash_ws/install/teb_msgs/share/teb_msgs/hook/ld_library_path_lib.ps1'
[8.058s] INFO:colcon.colcon_core.shell:Creating environment descriptor '/home/jetson/slash_ws/install/teb_msgs/share/teb_msgs/hook/ld_library_path_lib.dsv'
[8.059s] INFO:colcon.colcon_core.shell:Creating environment hook '/home/jetson/slash_ws/install/teb_msgs/share/teb_msgs/hook/ld_library_path_lib.sh'
[8.059s] Level 1:colcon.colcon_core.environment:checking '/home/jetson/slash_ws/install/teb_msgs/bin'
[8.060s] Level 1:colcon.colcon_core.environment:checking '/home/jetson/slash_ws/install/teb_msgs/lib/pkgconfig/teb_msgs.pc'
[8.060s] Level 1:colcon.colcon_core.environment:checking '/home/jetson/slash_ws/install/teb_msgs/lib/python3.8/site-packages'
[8.060s] Level 1:colcon.colcon_core.shell:create_environment_hook('teb_msgs', 'pythonpath')
[8.061s] INFO:colcon.colcon_core.shell:Creating environment hook '/home/jetson/slash_ws/install/teb_msgs/share/teb_msgs/hook/pythonpath.ps1'
[8.061s] INFO:colcon.colcon_core.shell:Creating environment descriptor '/home/jetson/slash_ws/install/teb_msgs/share/teb_msgs/hook/pythonpath.dsv'
[8.062s] INFO:colcon.colcon_core.shell:Creating environment hook '/home/jetson/slash_ws/install/teb_msgs/share/teb_msgs/hook/pythonpath.sh'
[8.063s] Level 1:colcon.colcon_core.environment:checking '/home/jetson/slash_ws/install/teb_msgs/bin'
[8.064s] INFO:colcon.colcon_core.shell:Creating package script '/home/jetson/slash_ws/install/teb_msgs/share/teb_msgs/package.ps1'
[8.066s] INFO:colcon.colcon_core.shell:Creating package descriptor '/home/jetson/slash_ws/install/teb_msgs/share/teb_msgs/package.dsv'
[8.067s] INFO:colcon.colcon_core.shell:Creating package script '/home/jetson/slash_ws/install/teb_msgs/share/teb_msgs/package.sh'
[8.068s] INFO:colcon.colcon_core.shell:Creating package script '/home/jetson/slash_ws/install/teb_msgs/share/teb_msgs/package.bash'
[8.069s] INFO:colcon.colcon_core.shell:Creating package script '/home/jetson/slash_ws/install/teb_msgs/share/teb_msgs/package.zsh'
[8.070s] Level 1:colcon.colcon_core.environment:create_file_with_runtime_dependencies(/home/jetson/slash_ws/install/teb_msgs/share/colcon-core/packages/teb_msgs)
[8.088s] DEBUG:colcon.colcon_core.event_handler.log_command:Invoking command in '/home/jetson/slash_ws/build/fast_lio': CMAKE_PREFIX_PATH=/home/jetson/slash_ws/install/livox_ros_driver2:/home/jetson/slash_ws/install/vesc:/home/jetson/slash_ws/install/vesc_driver:/home/jetson/slash_ws/install/vesc_ackermann:/home/jetson/slash_ws/install/vesc_msgs:/home/jetson/slash_ws/install/teleop_tools:/home/jetson/slash_ws/install/teleop_tools_msgs:/home/jetson/slash_ws/install/teb_local_planner:/home/jetson/slash_ws/install/teb_msgs:/home/jetson/slash_ws/install/slash_nav2:/home/jetson/slash_ws/install/simple_mpc:/home/jetson/slash_ws/install/pointcloud_to_laserscan:/home/jetson/slash_ws/install/fast_lio:/home/jetson/slash_ws/install/linefit_ground_segmentation_ros:/home/jetson/slash_ws/install/linefit_ground_segmentation:/home/jetson/slash_ws/install/costmap_converter:/home/jetson/slash_ws/install/costmap_converter_msgs:/home/jetson/slash_ws/install/ackermann_mux:/home/jetson/slash_ws/install/f1tenth_stack:/home/jetson/slash_ws/install/twist_to_ackermann:/home/jetson/slash_ws/install/joy_teleop:/home/jetson/slash_ws/install/roboracer_china_2025:/home/jetson/slash_ws/install/mouse_teleop:/home/jetson/slash_ws/install/key_teleop:/opt/ros/foxy LD_LIBRARY_PATH=/home/jetson/slash_ws/install/livox_ros_driver2/lib:/usr/local/cuda/lib64:/usr/local/cuda/lib64:/usr/local/cuda/lib64:/usr/local/cuda/lib64:/usr/local/cuda-11.4/lib64:/usr/local/cuda/lib64:/usr/local/cuda/lib64:/usr/local/cuda/lib64:/usr/local/cuda/lib64:/home/jetson/slash_ws/install/vesc_driver/lib:/home/jetson/slash_ws/install/vesc_ackermann/lib:/home/jetson/slash_ws/install/vesc_msgs/lib:/home/jetson/slash_ws/install/teleop_tools_msgs/lib:/home/jetson/slash_ws/install/teb_local_planner/lib:/home/jetson/slash_ws/install/teb_msgs/lib:/home/jetson/slash_ws/install/pointcloud_to_laserscan/lib:/home/jetson/slash_ws/install/fast_lio/lib:/home/jetson/slash_ws/install/linefit_ground_segmentation/lib:/home/jetson/slash_ws/install/costmap_converter/lib:/home/jetson/slash_ws/install/costmap_converter_msgs/lib:/usr/lib/aarch64-linux-gnu/gazebo-11/plugins:/opt/ros/foxy/opt/yaml_cpp_vendor/lib:/opt/ros/foxy/opt/rviz_ogre_vendor/lib:/opt/ros/foxy/lib/aarch64-linux-gnu:/opt/ros/foxy/lib:/usr/local/cuda-11.4/lib64 PYTHONPATH=/home/jetson/slash_ws/install/livox_ros_driver2/lib/python3.8/site-packages:/home/jetson/slash_ws/install/f1tenth_stack/lib/python3.8/site-packages:/home/jetson/slash_ws/install/vesc_msgs/lib/python3.8/site-packages:/home/jetson/slash_ws/install/twist_to_ackermann/lib/python3.8/site-packages:/home/jetson/slash_ws/install/joy_teleop/lib/python3.8/site-packages:/home/jetson/slash_ws/install/teleop_tools_msgs/lib/python3.8/site-packages:/home/jetson/slash_ws/install/teb_msgs/lib/python3.8/site-packages:/home/jetson/slash_ws/install/roboracer_china_2025/lib/python3.8/site-packages:/home/jetson/slash_ws/install/mouse_teleop/lib/python3.8/site-packages:/home/jetson/slash_ws/install/fast_lio/lib/python3.8/site-packages:/home/jetson/slash_ws/install/key_teleop/lib/python3.8/site-packages:/home/jetson/slash_ws/install/costmap_converter_msgs/lib/python3.8/site-packages:/opt/ros/foxy/lib/python3.8/site-packages /usr/bin/cmake --build /home/jetson/slash_ws/build/fast_lio -- -j8 -l8
[8.139s] DEBUG:colcon.colcon_core.event_handler.log_command:Invoking command in '/home/jetson/slash_ws/build/linefit_ground_segmentation_ros': CMAKE_PREFIX_PATH=/home/jetson/slash_ws/install/linefit_ground_segmentation:/home/jetson/slash_ws/install/vesc:/home/jetson/slash_ws/install/vesc_driver:/home/jetson/slash_ws/install/vesc_ackermann:/home/jetson/slash_ws/install/vesc_msgs:/home/jetson/slash_ws/install/teleop_tools:/home/jetson/slash_ws/install/teleop_tools_msgs:/home/jetson/slash_ws/install/teb_local_planner:/home/jetson/slash_ws/install/teb_msgs:/home/jetson/slash_ws/install/slash_nav2:/home/jetson/slash_ws/install/simple_mpc:/home/jetson/slash_ws/install/pointcloud_to_laserscan:/home/jetson/slash_ws/install/fast_lio:/home/jetson/slash_ws/install/livox_ros_driver2:/home/jetson/slash_ws/install/linefit_ground_segmentation_ros:/home/jetson/slash_ws/install/costmap_converter:/home/jetson/slash_ws/install/costmap_converter_msgs:/home/jetson/slash_ws/install/ackermann_mux:/home/jetson/slash_ws/install/f1tenth_stack:/home/jetson/slash_ws/install/twist_to_ackermann:/home/jetson/slash_ws/install/joy_teleop:/home/jetson/slash_ws/install/roboracer_china_2025:/home/jetson/slash_ws/install/mouse_teleop:/home/jetson/slash_ws/install/key_teleop:/opt/ros/foxy LD_LIBRARY_PATH=/home/jetson/slash_ws/install/linefit_ground_segmentation/lib:/usr/local/cuda/lib64:/usr/local/cuda/lib64:/usr/local/cuda/lib64:/usr/local/cuda/lib64:/usr/local/cuda-11.4/lib64:/usr/local/cuda/lib64:/usr/local/cuda/lib64:/usr/local/cuda/lib64:/usr/local/cuda/lib64:/home/jetson/slash_ws/install/vesc_driver/lib:/home/jetson/slash_ws/install/vesc_ackermann/lib:/home/jetson/slash_ws/install/vesc_msgs/lib:/home/jetson/slash_ws/install/teleop_tools_msgs/lib:/home/jetson/slash_ws/install/teb_local_planner/lib:/home/jetson/slash_ws/install/teb_msgs/lib:/home/jetson/slash_ws/install/pointcloud_to_laserscan/lib:/home/jetson/slash_ws/install/fast_lio/lib:/home/jetson/slash_ws/install/livox_ros_driver2/lib:/home/jetson/slash_ws/install/costmap_converter/lib:/home/jetson/slash_ws/install/costmap_converter_msgs/lib:/usr/lib/aarch64-linux-gnu/gazebo-11/plugins:/opt/ros/foxy/opt/yaml_cpp_vendor/lib:/opt/ros/foxy/opt/rviz_ogre_vendor/lib:/opt/ros/foxy/lib/aarch64-linux-gnu:/opt/ros/foxy/lib:/usr/local/cuda-11.4/lib64 /usr/bin/cmake --build /home/jetson/slash_ws/build/linefit_ground_segmentation_ros -- -j8 -l8
[8.161s] INFO:colcon.colcon_ros.task.ament_cmake.build:Building ROS package in '/home/jetson/slash_ws/src/slash_navigation/teb_local_planner/teb_local_planner' with build type 'ament_cmake'
[8.162s] INFO:colcon.colcon_cmake.task.cmake.build:Building CMake package in '/home/jetson/slash_ws/src/slash_navigation/teb_local_planner/teb_local_planner'
[8.163s] INFO:colcon.colcon_core.shell:Skip shell extension 'powershell' for command environment: Not usable outside of PowerShell
[8.163s] DEBUG:colcon.colcon_core.shell:Skip shell extension 'dsv' for command environment
[8.319s] DEBUG:colcon.colcon_core.event_handler.log_command:Invoking command in '/home/jetson/slash_ws/build/teb_local_planner': CMAKE_PREFIX_PATH=/home/jetson/slash_ws/install/teb_msgs:/home/jetson/slash_ws/install/costmap_converter:/home/jetson/slash_ws/install/costmap_converter_msgs:/home/jetson/slash_ws/install/vesc:/home/jetson/slash_ws/install/vesc_driver:/home/jetson/slash_ws/install/vesc_ackermann:/home/jetson/slash_ws/install/vesc_msgs:/home/jetson/slash_ws/install/teleop_tools:/home/jetson/slash_ws/install/teleop_tools_msgs:/home/jetson/slash_ws/install/teb_local_planner:/home/jetson/slash_ws/install/slash_nav2:/home/jetson/slash_ws/install/simple_mpc:/home/jetson/slash_ws/install/pointcloud_to_laserscan:/home/jetson/slash_ws/install/fast_lio:/home/jetson/slash_ws/install/livox_ros_driver2:/home/jetson/slash_ws/install/linefit_ground_segmentation_ros:/home/jetson/slash_ws/install/linefit_ground_segmentation:/home/jetson/slash_ws/install/ackermann_mux:/home/jetson/slash_ws/install/f1tenth_stack:/home/jetson/slash_ws/install/twist_to_ackermann:/home/jetson/slash_ws/install/joy_teleop:/home/jetson/slash_ws/install/roboracer_china_2025:/home/jetson/slash_ws/install/mouse_teleop:/home/jetson/slash_ws/install/key_teleop:/opt/ros/foxy LD_LIBRARY_PATH=/home/jetson/slash_ws/install/teb_msgs/lib:/home/jetson/slash_ws/install/costmap_converter/lib:/home/jetson/slash_ws/install/costmap_converter_msgs/lib:/usr/local/cuda/lib64:/usr/local/cuda/lib64:/usr/local/cuda/lib64:/usr/local/cuda/lib64:/usr/local/cuda-11.4/lib64:/usr/local/cuda/lib64:/usr/local/cuda/lib64:/usr/local/cuda/lib64:/usr/local/cuda/lib64:/home/jetson/slash_ws/install/vesc_driver/lib:/home/jetson/slash_ws/install/vesc_ackermann/lib:/home/jetson/slash_ws/install/vesc_msgs/lib:/home/jetson/slash_ws/install/teleop_tools_msgs/lib:/home/jetson/slash_ws/install/teb_local_planner/lib:/home/jetson/slash_ws/install/pointcloud_to_laserscan/lib:/home/jetson/slash_ws/install/fast_lio/lib:/home/jetson/slash_ws/install/livox_ros_driver2/lib:/home/jetson/slash_ws/install/linefit_ground_segmentation/lib:/usr/lib/aarch64-linux-gnu/gazebo-11/plugins:/opt/ros/foxy/opt/yaml_cpp_vendor/lib:/opt/ros/foxy/opt/rviz_ogre_vendor/lib:/opt/ros/foxy/lib/aarch64-linux-gnu:/opt/ros/foxy/lib:/usr/local/cuda-11.4/lib64 PATH=/home/jetson/slash_ws/install/costmap_converter/bin:/usr/local/cuda/bin:/usr/local/cuda/bin:/usr/local/cuda/bin:/usr/local/cuda/bin:/usr/local/cuda-11.4/bin:/home/jetson/.local/bin:/home/jetson/.nvm/versions/node/v22.22.2/bin:/usr/local/cuda/bin:/usr/local/cuda/bin:/usr/local/cuda/bin:/usr/local/cuda/bin:/opt/ros/foxy/bin:/home/jetson/miniforge3/condabin:/usr/local/cuda-11.4/bin:/home/jetson/.local/bin:/usr/local/sbin:/usr/local/bin:/usr/sbin:/usr/bin:/sbin:/bin:/usr/games:/usr/local/games:/snap/bin:/home/jetson/.vscode/extensions/ms-python.debugpy-2026.6.0-linux-arm64/bundled/scripts/noConfigScripts:/home/jetson/.config/Code/User/globalStorage/github.copilot-chat/debugCommand PYTHONPATH=/home/jetson/slash_ws/install/teb_msgs/lib/python3.8/site-packages:/home/jetson/slash_ws/install/costmap_converter_msgs/lib/python3.8/site-packages:/home/jetson/slash_ws/install/f1tenth_stack/lib/python3.8/site-packages:/home/jetson/slash_ws/install/vesc_msgs/lib/python3.8/site-packages:/home/jetson/slash_ws/install/twist_to_ackermann/lib/python3.8/site-packages:/home/jetson/slash_ws/install/joy_teleop/lib/python3.8/site-packages:/home/jetson/slash_ws/install/teleop_tools_msgs/lib/python3.8/site-packages:/home/jetson/slash_ws/install/roboracer_china_2025/lib/python3.8/site-packages:/home/jetson/slash_ws/install/mouse_teleop/lib/python3.8/site-packages:/home/jetson/slash_ws/install/fast_lio/lib/python3.8/site-packages:/home/jetson/slash_ws/install/livox_ros_driver2/lib/python3.8/site-packages:/home/jetson/slash_ws/install/key_teleop/lib/python3.8/site-packages:/opt/ros/foxy/lib/python3.8/site-packages /usr/bin/cmake --build /home/jetson/slash_ws/build/teb_local_planner -- -j8 -l8
[8.479s] DEBUG:colcon.colcon_core.event_handler.log_command:Invoked command in '/home/jetson/slash_ws/build/linefit_ground_segmentation_ros' returned '0': CMAKE_PREFIX_PATH=/home/jetson/slash_ws/install/linefit_ground_segmentation:/home/jetson/slash_ws/install/vesc:/home/jetson/slash_ws/install/vesc_driver:/home/jetson/slash_ws/install/vesc_ackermann:/home/jetson/slash_ws/install/vesc_msgs:/home/jetson/slash_ws/install/teleop_tools:/home/jetson/slash_ws/install/teleop_tools_msgs:/home/jetson/slash_ws/install/teb_local_planner:/home/jetson/slash_ws/install/teb_msgs:/home/jetson/slash_ws/install/slash_nav2:/home/jetson/slash_ws/install/simple_mpc:/home/jetson/slash_ws/install/pointcloud_to_laserscan:/home/jetson/slash_ws/install/fast_lio:/home/jetson/slash_ws/install/livox_ros_driver2:/home/jetson/slash_ws/install/linefit_ground_segmentation_ros:/home/jetson/slash_ws/install/costmap_converter:/home/jetson/slash_ws/install/costmap_converter_msgs:/home/jetson/slash_ws/install/ackermann_mux:/home/jetson/slash_ws/install/f1tenth_stack:/home/jetson/slash_ws/install/twist_to_ackermann:/home/jetson/slash_ws/install/joy_teleop:/home/jetson/slash_ws/install/roboracer_china_2025:/home/jetson/slash_ws/install/mouse_teleop:/home/jetson/slash_ws/install/key_teleop:/opt/ros/foxy LD_LIBRARY_PATH=/home/jetson/slash_ws/install/linefit_ground_segmentation/lib:/usr/local/cuda/lib64:/usr/local/cuda/lib64:/usr/local/cuda/lib64:/usr/local/cuda/lib64:/usr/local/cuda-11.4/lib64:/usr/local/cuda/lib64:/usr/local/cuda/lib64:/usr/local/cuda/lib64:/usr/local/cuda/lib64:/home/jetson/slash_ws/install/vesc_driver/lib:/home/jetson/slash_ws/install/vesc_ackermann/lib:/home/jetson/slash_ws/install/vesc_msgs/lib:/home/jetson/slash_ws/install/teleop_tools_msgs/lib:/home/jetson/slash_ws/install/teb_local_planner/lib:/home/jetson/slash_ws/install/teb_msgs/lib:/home/jetson/slash_ws/install/pointcloud_to_laserscan/lib:/home/jetson/slash_ws/install/fast_lio/lib:/home/jetson/slash_ws/install/livox_ros_driver2/lib:/home/jetson/slash_ws/install/costmap_converter/lib:/home/jetson/slash_ws/install/costmap_converter_msgs/lib:/usr/lib/aarch64-linux-gnu/gazebo-11/plugins:/opt/ros/foxy/opt/yaml_cpp_vendor/lib:/opt/ros/foxy/opt/rviz_ogre_vendor/lib:/opt/ros/foxy/lib/aarch64-linux-gnu:/opt/ros/foxy/lib:/usr/local/cuda-11.4/lib64 /usr/bin/cmake --build /home/jetson/slash_ws/build/linefit_ground_segmentation_ros -- -j8 -l8
[8.496s] DEBUG:colcon.colcon_core.event_handler.log_command:Invoking command in '/home/jetson/slash_ws/build/linefit_ground_segmentation_ros': CMAKE_PREFIX_PATH=/home/jetson/slash_ws/install/linefit_ground_segmentation:/home/jetson/slash_ws/install/vesc:/home/jetson/slash_ws/install/vesc_driver:/home/jetson/slash_ws/install/vesc_ackermann:/home/jetson/slash_ws/install/vesc_msgs:/home/jetson/slash_ws/install/teleop_tools:/home/jetson/slash_ws/install/teleop_tools_msgs:/home/jetson/slash_ws/install/teb_local_planner:/home/jetson/slash_ws/install/teb_msgs:/home/jetson/slash_ws/install/slash_nav2:/home/jetson/slash_ws/install/simple_mpc:/home/jetson/slash_ws/install/pointcloud_to_laserscan:/home/jetson/slash_ws/install/fast_lio:/home/jetson/slash_ws/install/livox_ros_driver2:/home/jetson/slash_ws/install/linefit_ground_segmentation_ros:/home/jetson/slash_ws/install/costmap_converter:/home/jetson/slash_ws/install/costmap_converter_msgs:/home/jetson/slash_ws/install/ackermann_mux:/home/jetson/slash_ws/install/f1tenth_stack:/home/jetson/slash_ws/install/twist_to_ackermann:/home/jetson/slash_ws/install/joy_teleop:/home/jetson/slash_ws/install/roboracer_china_2025:/home/jetson/slash_ws/install/mouse_teleop:/home/jetson/slash_ws/install/key_teleop:/opt/ros/foxy LD_LIBRARY_PATH=/home/jetson/slash_ws/install/linefit_ground_segmentation/lib:/usr/local/cuda/lib64:/usr/local/cuda/lib64:/usr/local/cuda/lib64:/usr/local/cuda/lib64:/usr/local/cuda-11.4/lib64:/usr/local/cuda/lib64:/usr/local/cuda/lib64:/usr/local/cuda/lib64:/usr/local/cuda/lib64:/home/jetson/slash_ws/install/vesc_driver/lib:/home/jetson/slash_ws/install/vesc_ackermann/lib:/home/jetson/slash_ws/install/vesc_msgs/lib:/home/jetson/slash_ws/install/teleop_tools_msgs/lib:/home/jetson/slash_ws/install/teb_local_planner/lib:/home/jetson/slash_ws/install/teb_msgs/lib:/home/jetson/slash_ws/install/pointcloud_to_laserscan/lib:/home/jetson/slash_ws/install/fast_lio/lib:/home/jetson/slash_ws/install/livox_ros_driver2/lib:/home/jetson/slash_ws/install/costmap_converter/lib:/home/jetson/slash_ws/install/costmap_converter_msgs/lib:/usr/lib/aarch64-linux-gnu/gazebo-11/plugins:/opt/ros/foxy/opt/yaml_cpp_vendor/lib:/opt/ros/foxy/opt/rviz_ogre_vendor/lib:/opt/ros/foxy/lib/aarch64-linux-gnu:/opt/ros/foxy/lib:/usr/local/cuda-11.4/lib64 /usr/bin/cmake --install /home/jetson/slash_ws/build/linefit_ground_segmentation_ros
[8.571s] Level 1:colcon.colcon_core.environment:create_environment_scripts_only(linefit_ground_segmentation_ros)
[8.573s] Level 1:colcon.colcon_core.environment:checking '/home/jetson/slash_ws/install/linefit_ground_segmentation_ros' for CMake module files
[8.574s] Level 1:colcon.colcon_core.environment:checking '/home/jetson/slash_ws/install/linefit_ground_segmentation_ros' for CMake config files
[8.574s] Level 1:colcon.colcon_core.shell:create_environment_hook('linefit_ground_segmentation_ros', 'cmake_prefix_path')
[8.575s] INFO:colcon.colcon_core.shell:Creating environment hook '/home/jetson/slash_ws/install/linefit_ground_segmentation_ros/share/linefit_ground_segmentation_ros/hook/cmake_prefix_path.ps1'
[8.578s] DEBUG:colcon.colcon_core.event_handler.log_command:Invoked command in '/home/jetson/slash_ws/build/linefit_ground_segmentation_ros' returned '0': CMAKE_PREFIX_PATH=/home/jetson/slash_ws/install/linefit_ground_segmentation:/home/jetson/slash_ws/install/vesc:/home/jetson/slash_ws/install/vesc_driver:/home/jetson/slash_ws/install/vesc_ackermann:/home/jetson/slash_ws/install/vesc_msgs:/home/jetson/slash_ws/install/teleop_tools:/home/jetson/slash_ws/install/teleop_tools_msgs:/home/jetson/slash_ws/install/teb_local_planner:/home/jetson/slash_ws/install/teb_msgs:/home/jetson/slash_ws/install/slash_nav2:/home/jetson/slash_ws/install/simple_mpc:/home/jetson/slash_ws/install/pointcloud_to_laserscan:/home/jetson/slash_ws/install/fast_lio:/home/jetson/slash_ws/install/livox_ros_driver2:/home/jetson/slash_ws/install/linefit_ground_segmentation_ros:/home/jetson/slash_ws/install/costmap_converter:/home/jetson/slash_ws/install/costmap_converter_msgs:/home/jetson/slash_ws/install/ackermann_mux:/home/jetson/slash_ws/install/f1tenth_stack:/home/jetson/slash_ws/install/twist_to_ackermann:/home/jetson/slash_ws/install/joy_teleop:/home/jetson/slash_ws/install/roboracer_china_2025:/home/jetson/slash_ws/install/mouse_teleop:/home/jetson/slash_ws/install/key_teleop:/opt/ros/foxy LD_LIBRARY_PATH=/home/jetson/slash_ws/install/linefit_ground_segmentation/lib:/usr/local/cuda/lib64:/usr/local/cuda/lib64:/usr/local/cuda/lib64:/usr/local/cuda/lib64:/usr/local/cuda-11.4/lib64:/usr/local/cuda/lib64:/usr/local/cuda/lib64:/usr/local/cuda/lib64:/usr/local/cuda/lib64:/home/jetson/slash_ws/install/vesc_driver/lib:/home/jetson/slash_ws/install/vesc_ackermann/lib:/home/jetson/slash_ws/install/vesc_msgs/lib:/home/jetson/slash_ws/install/teleop_tools_msgs/lib:/home/jetson/slash_ws/install/teb_local_planner/lib:/home/jetson/slash_ws/install/teb_msgs/lib:/home/jetson/slash_ws/install/pointcloud_to_laserscan/lib:/home/jetson/slash_ws/install/fast_lio/lib:/home/jetson/slash_ws/install/livox_ros_driver2/lib:/home/jetson/slash_ws/install/costmap_converter/lib:/home/jetson/slash_ws/install/costmap_converter_msgs/lib:/usr/lib/aarch64-linux-gnu/gazebo-11/plugins:/opt/ros/foxy/opt/yaml_cpp_vendor/lib:/opt/ros/foxy/opt/rviz_ogre_vendor/lib:/opt/ros/foxy/lib/aarch64-linux-gnu:/opt/ros/foxy/lib:/usr/local/cuda-11.4/lib64 /usr/bin/cmake --install /home/jetson/slash_ws/build/linefit_ground_segmentation_ros
[8.579s] INFO:colcon.colcon_core.shell:Creating environment descriptor '/home/jetson/slash_ws/install/linefit_ground_segmentation_ros/share/linefit_ground_segmentation_ros/hook/cmake_prefix_path.dsv'
[8.581s] INFO:colcon.colcon_core.shell:Creating environment hook '/home/jetson/slash_ws/install/linefit_ground_segmentation_ros/share/linefit_ground_segmentation_ros/hook/cmake_prefix_path.sh'
[8.583s] Level 1:colcon.colcon_core.environment:checking '/home/jetson/slash_ws/install/linefit_ground_segmentation_ros/lib'
[8.583s] Level 1:colcon.colcon_core.environment:checking '/home/jetson/slash_ws/install/linefit_ground_segmentation_ros/bin'
[8.583s] Level 1:colcon.colcon_core.environment:checking '/home/jetson/slash_ws/install/linefit_ground_segmentation_ros/lib/pkgconfig/linefit_ground_segmentation_ros.pc'
[8.584s] Level 1:colcon.colcon_core.environment:checking '/home/jetson/slash_ws/install/linefit_ground_segmentation_ros/lib/python3.8/site-packages'
[8.584s] Level 1:colcon.colcon_core.environment:checking '/home/jetson/slash_ws/install/linefit_ground_segmentation_ros/bin'
[8.585s] INFO:colcon.colcon_core.shell:Creating package script '/home/jetson/slash_ws/install/linefit_ground_segmentation_ros/share/linefit_ground_segmentation_ros/package.ps1'
[8.587s] INFO:colcon.colcon_core.shell:Creating package descriptor '/home/jetson/slash_ws/install/linefit_ground_segmentation_ros/share/linefit_ground_segmentation_ros/package.dsv'
[8.591s] INFO:colcon.colcon_core.shell:Creating package script '/home/jetson/slash_ws/install/linefit_ground_segmentation_ros/share/linefit_ground_segmentation_ros/package.sh'
[8.593s] INFO:colcon.colcon_core.shell:Creating package script '/home/jetson/slash_ws/install/linefit_ground_segmentation_ros/share/linefit_ground_segmentation_ros/package.bash'
[8.599s] INFO:colcon.colcon_core.shell:Creating package script '/home/jetson/slash_ws/install/linefit_ground_segmentation_ros/share/linefit_ground_segmentation_ros/package.zsh'
[8.601s] Level 1:colcon.colcon_core.environment:create_file_with_runtime_dependencies(/home/jetson/slash_ws/install/linefit_ground_segmentation_ros/share/colcon-core/packages/linefit_ground_segmentation_ros)
[8.603s] Level 1:colcon.colcon_core.environment:create_environment_scripts_only(linefit_ground_segmentation_ros)
[8.603s] Level 1:colcon.colcon_core.environment:checking '/home/jetson/slash_ws/install/linefit_ground_segmentation_ros' for CMake module files
[8.605s] Level 1:colcon.colcon_core.environment:checking '/home/jetson/slash_ws/install/linefit_ground_segmentation_ros' for CMake config files
[8.606s] Level 1:colcon.colcon_core.shell:create_environment_hook('linefit_ground_segmentation_ros', 'cmake_prefix_path')
[8.607s] INFO:colcon.colcon_core.shell:Creating environment hook '/home/jetson/slash_ws/install/linefit_ground_segmentation_ros/share/linefit_ground_segmentation_ros/hook/cmake_prefix_path.ps1'
[8.608s] INFO:colcon.colcon_core.shell:Creating environment descriptor '/home/jetson/slash_ws/install/linefit_ground_segmentation_ros/share/linefit_ground_segmentation_ros/hook/cmake_prefix_path.dsv'
[8.609s] INFO:colcon.colcon_core.shell:Creating environment hook '/home/jetson/slash_ws/install/linefit_ground_segmentation_ros/share/linefit_ground_segmentation_ros/hook/cmake_prefix_path.sh'
[8.610s] Level 1:colcon.colcon_core.environment:checking '/home/jetson/slash_ws/install/linefit_ground_segmentation_ros/lib'
[8.611s] Level 1:colcon.colcon_core.environment:checking '/home/jetson/slash_ws/install/linefit_ground_segmentation_ros/bin'
[8.611s] Level 1:colcon.colcon_core.environment:checking '/home/jetson/slash_ws/install/linefit_ground_segmentation_ros/lib/pkgconfig/linefit_ground_segmentation_ros.pc'
[8.612s] Level 1:colcon.colcon_core.environment:checking '/home/jetson/slash_ws/install/linefit_ground_segmentation_ros/lib/python3.8/site-packages'
[8.614s] Level 1:colcon.colcon_core.environment:checking '/home/jetson/slash_ws/install/linefit_ground_segmentation_ros/bin'
[8.618s] INFO:colcon.colcon_core.shell:Creating package script '/home/jetson/slash_ws/install/linefit_ground_segmentation_ros/share/linefit_ground_segmentation_ros/package.ps1'
[8.621s] INFO:colcon.colcon_core.shell:Creating package descriptor '/home/jetson/slash_ws/install/linefit_ground_segmentation_ros/share/linefit_ground_segmentation_ros/package.dsv'
[8.622s] INFO:colcon.colcon_core.shell:Creating package script '/home/jetson/slash_ws/install/linefit_ground_segmentation_ros/share/linefit_ground_segmentation_ros/package.sh'
[8.623s] INFO:colcon.colcon_core.shell:Creating package script '/home/jetson/slash_ws/install/linefit_ground_segmentation_ros/share/linefit_ground_segmentation_ros/package.bash'
[8.624s] INFO:colcon.colcon_core.shell:Creating package script '/home/jetson/slash_ws/install/linefit_ground_segmentation_ros/share/linefit_ground_segmentation_ros/package.zsh'
[8.625s] Level 1:colcon.colcon_core.environment:create_file_with_runtime_dependencies(/home/jetson/slash_ws/install/linefit_ground_segmentation_ros/share/colcon-core/packages/linefit_ground_segmentation_ros)
[8.826s] DEBUG:colcon.colcon_core.event_handler.log_command:Invoked command in '/home/jetson/slash_ws/build/teb_local_planner' returned '0': CMAKE_PREFIX_PATH=/home/jetson/slash_ws/install/teb_msgs:/home/jetson/slash_ws/install/costmap_converter:/home/jetson/slash_ws/install/costmap_converter_msgs:/home/jetson/slash_ws/install/vesc:/home/jetson/slash_ws/install/vesc_driver:/home/jetson/slash_ws/install/vesc_ackermann:/home/jetson/slash_ws/install/vesc_msgs:/home/jetson/slash_ws/install/teleop_tools:/home/jetson/slash_ws/install/teleop_tools_msgs:/home/jetson/slash_ws/install/teb_local_planner:/home/jetson/slash_ws/install/slash_nav2:/home/jetson/slash_ws/install/simple_mpc:/home/jetson/slash_ws/install/pointcloud_to_laserscan:/home/jetson/slash_ws/install/fast_lio:/home/jetson/slash_ws/install/livox_ros_driver2:/home/jetson/slash_ws/install/linefit_ground_segmentation_ros:/home/jetson/slash_ws/install/linefit_ground_segmentation:/home/jetson/slash_ws/install/ackermann_mux:/home/jetson/slash_ws/install/f1tenth_stack:/home/jetson/slash_ws/install/twist_to_ackermann:/home/jetson/slash_ws/install/joy_teleop:/home/jetson/slash_ws/install/roboracer_china_2025:/home/jetson/slash_ws/install/mouse_teleop:/home/jetson/slash_ws/install/key_teleop:/opt/ros/foxy LD_LIBRARY_PATH=/home/jetson/slash_ws/install/teb_msgs/lib:/home/jetson/slash_ws/install/costmap_converter/lib:/home/jetson/slash_ws/install/costmap_converter_msgs/lib:/usr/local/cuda/lib64:/usr/local/cuda/lib64:/usr/local/cuda/lib64:/usr/local/cuda/lib64:/usr/local/cuda-11.4/lib64:/usr/local/cuda/lib64:/usr/local/cuda/lib64:/usr/local/cuda/lib64:/usr/local/cuda/lib64:/home/jetson/slash_ws/install/vesc_driver/lib:/home/jetson/slash_ws/install/vesc_ackermann/lib:/home/jetson/slash_ws/install/vesc_msgs/lib:/home/jetson/slash_ws/install/teleop_tools_msgs/lib:/home/jetson/slash_ws/install/teb_local_planner/lib:/home/jetson/slash_ws/install/pointcloud_to_laserscan/lib:/home/jetson/slash_ws/install/fast_lio/lib:/home/jetson/slash_ws/install/livox_ros_driver2/lib:/home/jetson/slash_ws/install/linefit_ground_segmentation/lib:/usr/lib/aarch64-linux-gnu/gazebo-11/plugins:/opt/ros/foxy/opt/yaml_cpp_vendor/lib:/opt/ros/foxy/opt/rviz_ogre_vendor/lib:/opt/ros/foxy/lib/aarch64-linux-gnu:/opt/ros/foxy/lib:/usr/local/cuda-11.4/lib64 PATH=/home/jetson/slash_ws/install/costmap_converter/bin:/usr/local/cuda/bin:/usr/local/cuda/bin:/usr/local/cuda/bin:/usr/local/cuda/bin:/usr/local/cuda-11.4/bin:/home/jetson/.local/bin:/home/jetson/.nvm/versions/node/v22.22.2/bin:/usr/local/cuda/bin:/usr/local/cuda/bin:/usr/local/cuda/bin:/usr/local/cuda/bin:/opt/ros/foxy/bin:/home/jetson/miniforge3/condabin:/usr/local/cuda-11.4/bin:/home/jetson/.local/bin:/usr/local/sbin:/usr/local/bin:/usr/sbin:/usr/bin:/sbin:/bin:/usr/games:/usr/local/games:/snap/bin:/home/jetson/.vscode/extensions/ms-python.debugpy-2026.6.0-linux-arm64/bundled/scripts/noConfigScripts:/home/jetson/.config/Code/User/globalStorage/github.copilot-chat/debugCommand PYTHONPATH=/home/jetson/slash_ws/install/teb_msgs/lib/python3.8/site-packages:/home/jetson/slash_ws/install/costmap_converter_msgs/lib/python3.8/site-packages:/home/jetson/slash_ws/install/f1tenth_stack/lib/python3.8/site-packages:/home/jetson/slash_ws/install/vesc_msgs/lib/python3.8/site-packages:/home/jetson/slash_ws/install/twist_to_ackermann/lib/python3.8/site-packages:/home/jetson/slash_ws/install/joy_teleop/lib/python3.8/site-packages:/home/jetson/slash_ws/install/teleop_tools_msgs/lib/python3.8/site-packages:/home/jetson/slash_ws/install/roboracer_china_2025/lib/python3.8/site-packages:/home/jetson/slash_ws/install/mouse_teleop/lib/python3.8/site-packages:/home/jetson/slash_ws/install/fast_lio/lib/python3.8/site-packages:/home/jetson/slash_ws/install/livox_ros_driver2/lib/python3.8/site-packages:/home/jetson/slash_ws/install/key_teleop/lib/python3.8/site-packages:/opt/ros/foxy/lib/python3.8/site-packages /usr/bin/cmake --build /home/jetson/slash_ws/build/teb_local_planner -- -j8 -l8
[8.836s] DEBUG:colcon.colcon_core.event_handler.log_command:Invoking command in '/home/jetson/slash_ws/build/teb_local_planner': CMAKE_PREFIX_PATH=/home/jetson/slash_ws/install/teb_msgs:/home/jetson/slash_ws/install/costmap_converter:/home/jetson/slash_ws/install/costmap_converter_msgs:/home/jetson/slash_ws/install/vesc:/home/jetson/slash_ws/install/vesc_driver:/home/jetson/slash_ws/install/vesc_ackermann:/home/jetson/slash_ws/install/vesc_msgs:/home/jetson/slash_ws/install/teleop_tools:/home/jetson/slash_ws/install/teleop_tools_msgs:/home/jetson/slash_ws/install/teb_local_planner:/home/jetson/slash_ws/install/slash_nav2:/home/jetson/slash_ws/install/simple_mpc:/home/jetson/slash_ws/install/pointcloud_to_laserscan:/home/jetson/slash_ws/install/fast_lio:/home/jetson/slash_ws/install/livox_ros_driver2:/home/jetson/slash_ws/install/linefit_ground_segmentation_ros:/home/jetson/slash_ws/install/linefit_ground_segmentation:/home/jetson/slash_ws/install/ackermann_mux:/home/jetson/slash_ws/install/f1tenth_stack:/home/jetson/slash_ws/install/twist_to_ackermann:/home/jetson/slash_ws/install/joy_teleop:/home/jetson/slash_ws/install/roboracer_china_2025:/home/jetson/slash_ws/install/mouse_teleop:/home/jetson/slash_ws/install/key_teleop:/opt/ros/foxy LD_LIBRARY_PATH=/home/jetson/slash_ws/install/teb_msgs/lib:/home/jetson/slash_ws/install/costmap_converter/lib:/home/jetson/slash_ws/install/costmap_converter_msgs/lib:/usr/local/cuda/lib64:/usr/local/cuda/lib64:/usr/local/cuda/lib64:/usr/local/cuda/lib64:/usr/local/cuda-11.4/lib64:/usr/local/cuda/lib64:/usr/local/cuda/lib64:/usr/local/cuda/lib64:/usr/local/cuda/lib64:/home/jetson/slash_ws/install/vesc_driver/lib:/home/jetson/slash_ws/install/vesc_ackermann/lib:/home/jetson/slash_ws/install/vesc_msgs/lib:/home/jetson/slash_ws/install/teleop_tools_msgs/lib:/home/jetson/slash_ws/install/teb_local_planner/lib:/home/jetson/slash_ws/install/pointcloud_to_laserscan/lib:/home/jetson/slash_ws/install/fast_lio/lib:/home/jetson/slash_ws/install/livox_ros_driver2/lib:/home/jetson/slash_ws/install/linefit_ground_segmentation/lib:/usr/lib/aarch64-linux-gnu/gazebo-11/plugins:/opt/ros/foxy/opt/yaml_cpp_vendor/lib:/opt/ros/foxy/opt/rviz_ogre_vendor/lib:/opt/ros/foxy/lib/aarch64-linux-gnu:/opt/ros/foxy/lib:/usr/local/cuda-11.4/lib64 PATH=/home/jetson/slash_ws/install/costmap_converter/bin:/usr/local/cuda/bin:/usr/local/cuda/bin:/usr/local/cuda/bin:/usr/local/cuda/bin:/usr/local/cuda-11.4/bin:/home/jetson/.local/bin:/home/jetson/.nvm/versions/node/v22.22.2/bin:/usr/local/cuda/bin:/usr/local/cuda/bin:/usr/local/cuda/bin:/usr/local/cuda/bin:/opt/ros/foxy/bin:/home/jetson/miniforge3/condabin:/usr/local/cuda-11.4/bin:/home/jetson/.local/bin:/usr/local/sbin:/usr/local/bin:/usr/sbin:/usr/bin:/sbin:/bin:/usr/games:/usr/local/games:/snap/bin:/home/jetson/.vscode/extensions/ms-python.debugpy-2026.6.0-linux-arm64/bundled/scripts/noConfigScripts:/home/jetson/.config/Code/User/globalStorage/github.copilot-chat/debugCommand PYTHONPATH=/home/jetson/slash_ws/install/teb_msgs/lib/python3.8/site-packages:/home/jetson/slash_ws/install/costmap_converter_msgs/lib/python3.8/site-packages:/home/jetson/slash_ws/install/f1tenth_stack/lib/python3.8/site-packages:/home/jetson/slash_ws/install/vesc_msgs/lib/python3.8/site-packages:/home/jetson/slash_ws/install/twist_to_ackermann/lib/python3.8/site-packages:/home/jetson/slash_ws/install/joy_teleop/lib/python3.8/site-packages:/home/jetson/slash_ws/install/teleop_tools_msgs/lib/python3.8/site-packages:/home/jetson/slash_ws/install/roboracer_china_2025/lib/python3.8/site-packages:/home/jetson/slash_ws/install/mouse_teleop/lib/python3.8/site-packages:/home/jetson/slash_ws/install/fast_lio/lib/python3.8/site-packages:/home/jetson/slash_ws/install/livox_ros_driver2/lib/python3.8/site-packages:/home/jetson/slash_ws/install/key_teleop/lib/python3.8/site-packages:/opt/ros/foxy/lib/python3.8/site-packages /usr/bin/cmake --install /home/jetson/slash_ws/build/teb_local_planner
[8.893s] Level 1:colcon.colcon_core.environment:create_environment_scripts_only(teb_local_planner)
[8.895s] Level 1:colcon.colcon_core.environment:checking '/home/jetson/slash_ws/install/teb_local_planner' for CMake module files
[8.896s] Level 1:colcon.colcon_core.environment:checking '/home/jetson/slash_ws/install/teb_local_planner' for CMake config files
[8.897s] Level 1:colcon.colcon_core.shell:create_environment_hook('teb_local_planner', 'cmake_prefix_path')
[8.897s] INFO:colcon.colcon_core.shell:Creating environment hook '/home/jetson/slash_ws/install/teb_local_planner/share/teb_local_planner/hook/cmake_prefix_path.ps1'
[8.902s] INFO:colcon.colcon_core.shell:Creating environment descriptor '/home/jetson/slash_ws/install/teb_local_planner/share/teb_local_planner/hook/cmake_prefix_path.dsv'
[8.903s] INFO:colcon.colcon_core.shell:Creating environment hook '/home/jetson/slash_ws/install/teb_local_planner/share/teb_local_planner/hook/cmake_prefix_path.sh'
[8.904s] Level 1:colcon.colcon_core.environment:checking '/home/jetson/slash_ws/install/teb_local_planner/lib'
[8.905s] Level 1:colcon.colcon_core.shell:create_environment_hook('teb_local_planner', 'ld_library_path_lib')
[8.908s] DEBUG:colcon.colcon_core.event_handler.log_command:Invoked command in '/home/jetson/slash_ws/build/teb_local_planner' returned '0': CMAKE_PREFIX_PATH=/home/jetson/slash_ws/install/teb_msgs:/home/jetson/slash_ws/install/costmap_converter:/home/jetson/slash_ws/install/costmap_converter_msgs:/home/jetson/slash_ws/install/vesc:/home/jetson/slash_ws/install/vesc_driver:/home/jetson/slash_ws/install/vesc_ackermann:/home/jetson/slash_ws/install/vesc_msgs:/home/jetson/slash_ws/install/teleop_tools:/home/jetson/slash_ws/install/teleop_tools_msgs:/home/jetson/slash_ws/install/teb_local_planner:/home/jetson/slash_ws/install/slash_nav2:/home/jetson/slash_ws/install/simple_mpc:/home/jetson/slash_ws/install/pointcloud_to_laserscan:/home/jetson/slash_ws/install/fast_lio:/home/jetson/slash_ws/install/livox_ros_driver2:/home/jetson/slash_ws/install/linefit_ground_segmentation_ros:/home/jetson/slash_ws/install/linefit_ground_segmentation:/home/jetson/slash_ws/install/ackermann_mux:/home/jetson/slash_ws/install/f1tenth_stack:/home/jetson/slash_ws/install/twist_to_ackermann:/home/jetson/slash_ws/install/joy_teleop:/home/jetson/slash_ws/install/roboracer_china_2025:/home/jetson/slash_ws/install/mouse_teleop:/home/jetson/slash_ws/install/key_teleop:/opt/ros/foxy LD_LIBRARY_PATH=/home/jetson/slash_ws/install/teb_msgs/lib:/home/jetson/slash_ws/install/costmap_converter/lib:/home/jetson/slash_ws/install/costmap_converter_msgs/lib:/usr/local/cuda/lib64:/usr/local/cuda/lib64:/usr/local/cuda/lib64:/usr/local/cuda/lib64:/usr/local/cuda-11.4/lib64:/usr/local/cuda/lib64:/usr/local/cuda/lib64:/usr/local/cuda/lib64:/usr/local/cuda/lib64:/home/jetson/slash_ws/install/vesc_driver/lib:/home/jetson/slash_ws/install/vesc_ackermann/lib:/home/jetson/slash_ws/install/vesc_msgs/lib:/home/jetson/slash_ws/install/teleop_tools_msgs/lib:/home/jetson/slash_ws/install/teb_local_planner/lib:/home/jetson/slash_ws/install/pointcloud_to_laserscan/lib:/home/jetson/slash_ws/install/fast_lio/lib:/home/jetson/slash_ws/install/livox_ros_driver2/lib:/home/jetson/slash_ws/install/linefit_ground_segmentation/lib:/usr/lib/aarch64-linux-gnu/gazebo-11/plugins:/opt/ros/foxy/opt/yaml_cpp_vendor/lib:/opt/ros/foxy/opt/rviz_ogre_vendor/lib:/opt/ros/foxy/lib/aarch64-linux-gnu:/opt/ros/foxy/lib:/usr/local/cuda-11.4/lib64 PATH=/home/jetson/slash_ws/install/costmap_converter/bin:/usr/local/cuda/bin:/usr/local/cuda/bin:/usr/local/cuda/bin:/usr/local/cuda/bin:/usr/local/cuda-11.4/bin:/home/jetson/.local/bin:/home/jetson/.nvm/versions/node/v22.22.2/bin:/usr/local/cuda/bin:/usr/local/cuda/bin:/usr/local/cuda/bin:/usr/local/cuda/bin:/opt/ros/foxy/bin:/home/jetson/miniforge3/condabin:/usr/local/cuda-11.4/bin:/home/jetson/.local/bin:/usr/local/sbin:/usr/local/bin:/usr/sbin:/usr/bin:/sbin:/bin:/usr/games:/usr/local/games:/snap/bin:/home/jetson/.vscode/extensions/ms-python.debugpy-2026.6.0-linux-arm64/bundled/scripts/noConfigScripts:/home/jetson/.config/Code/User/globalStorage/github.copilot-chat/debugCommand PYTHONPATH=/home/jetson/slash_ws/install/teb_msgs/lib/python3.8/site-packages:/home/jetson/slash_ws/install/costmap_converter_msgs/lib/python3.8/site-packages:/home/jetson/slash_ws/install/f1tenth_stack/lib/python3.8/site-packages:/home/jetson/slash_ws/install/vesc_msgs/lib/python3.8/site-packages:/home/jetson/slash_ws/install/twist_to_ackermann/lib/python3.8/site-packages:/home/jetson/slash_ws/install/joy_teleop/lib/python3.8/site-packages:/home/jetson/slash_ws/install/teleop_tools_msgs/lib/python3.8/site-packages:/home/jetson/slash_ws/install/roboracer_china_2025/lib/python3.8/site-packages:/home/jetson/slash_ws/install/mouse_teleop/lib/python3.8/site-packages:/home/jetson/slash_ws/install/fast_lio/lib/python3.8/site-packages:/home/jetson/slash_ws/install/livox_ros_driver2/lib/python3.8/site-packages:/home/jetson/slash_ws/install/key_teleop/lib/python3.8/site-packages:/opt/ros/foxy/lib/python3.8/site-packages /usr/bin/cmake --install /home/jetson/slash_ws/build/teb_local_planner
[8.908s] INFO:colcon.colcon_core.shell:Creating environment hook '/home/jetson/slash_ws/install/teb_local_planner/share/teb_local_planner/hook/ld_library_path_lib.ps1'
[8.913s] INFO:colcon.colcon_core.shell:Creating environment descriptor '/home/jetson/slash_ws/install/teb_local_planner/share/teb_local_planner/hook/ld_library_path_lib.dsv'
[8.914s] INFO:colcon.colcon_core.shell:Creating environment hook '/home/jetson/slash_ws/install/teb_local_planner/share/teb_local_planner/hook/ld_library_path_lib.sh'
[8.917s] Level 1:colcon.colcon_core.environment:checking '/home/jetson/slash_ws/install/teb_local_planner/bin'
[8.917s] Level 1:colcon.colcon_core.environment:checking '/home/jetson/slash_ws/install/teb_local_planner/lib/pkgconfig/teb_local_planner.pc'
[8.917s] Level 1:colcon.colcon_core.environment:checking '/home/jetson/slash_ws/install/teb_local_planner/lib/python3.8/site-packages'
[8.918s] Level 1:colcon.colcon_core.environment:checking '/home/jetson/slash_ws/install/teb_local_planner/bin'
[8.919s] INFO:colcon.colcon_core.shell:Creating package script '/home/jetson/slash_ws/install/teb_local_planner/share/teb_local_planner/package.ps1'
[8.930s] INFO:colcon.colcon_core.shell:Creating package descriptor '/home/jetson/slash_ws/install/teb_local_planner/share/teb_local_planner/package.dsv'
[8.932s] INFO:colcon.colcon_core.shell:Creating package script '/home/jetson/slash_ws/install/teb_local_planner/share/teb_local_planner/package.sh'
[8.933s] INFO:colcon.colcon_core.shell:Creating package script '/home/jetson/slash_ws/install/teb_local_planner/share/teb_local_planner/package.bash'
[8.935s] INFO:colcon.colcon_core.shell:Creating package script '/home/jetson/slash_ws/install/teb_local_planner/share/teb_local_planner/package.zsh'
[8.936s] Level 1:colcon.colcon_core.environment:create_file_with_runtime_dependencies(/home/jetson/slash_ws/install/teb_local_planner/share/colcon-core/packages/teb_local_planner)
[8.937s] Level 1:colcon.colcon_core.environment:create_environment_scripts_only(teb_local_planner)
[8.945s] Level 1:colcon.colcon_core.environment:checking '/home/jetson/slash_ws/install/teb_local_planner' for CMake module files
[8.947s] Level 1:colcon.colcon_core.environment:checking '/home/jetson/slash_ws/install/teb_local_planner' for CMake config files
[8.947s] Level 1:colcon.colcon_core.shell:create_environment_hook('teb_local_planner', 'cmake_prefix_path')
[8.948s] INFO:colcon.colcon_core.shell:Creating environment hook '/home/jetson/slash_ws/install/teb_local_planner/share/teb_local_planner/hook/cmake_prefix_path.ps1'
[8.950s] INFO:colcon.colcon_core.shell:Creating environment descriptor '/home/jetson/slash_ws/install/teb_local_planner/share/teb_local_planner/hook/cmake_prefix_path.dsv'
[8.952s] INFO:colcon.colcon_core.shell:Creating environment hook '/home/jetson/slash_ws/install/teb_local_planner/share/teb_local_planner/hook/cmake_prefix_path.sh'
[8.955s] Level 1:colcon.colcon_core.environment:checking '/home/jetson/slash_ws/install/teb_local_planner/lib'
[8.956s] Level 1:colcon.colcon_core.shell:create_environment_hook('teb_local_planner', 'ld_library_path_lib')
[8.956s] INFO:colcon.colcon_core.shell:Creating environment hook '/home/jetson/slash_ws/install/teb_local_planner/share/teb_local_planner/hook/ld_library_path_lib.ps1'
[8.958s] INFO:colcon.colcon_core.shell:Creating environment descriptor '/home/jetson/slash_ws/install/teb_local_planner/share/teb_local_planner/hook/ld_library_path_lib.dsv'
[8.960s] INFO:colcon.colcon_core.shell:Creating environment hook '/home/jetson/slash_ws/install/teb_local_planner/share/teb_local_planner/hook/ld_library_path_lib.sh'
[8.961s] Level 1:colcon.colcon_core.environment:checking '/home/jetson/slash_ws/install/teb_local_planner/bin'
[8.961s] Level 1:colcon.colcon_core.environment:checking '/home/jetson/slash_ws/install/teb_local_planner/lib/pkgconfig/teb_local_planner.pc'
[8.962s] Level 1:colcon.colcon_core.environment:checking '/home/jetson/slash_ws/install/teb_local_planner/lib/python3.8/site-packages'
[8.962s] Level 1:colcon.colcon_core.environment:checking '/home/jetson/slash_ws/install/teb_local_planner/bin'
[8.963s] INFO:colcon.colcon_core.shell:Creating package script '/home/jetson/slash_ws/install/teb_local_planner/share/teb_local_planner/package.ps1'
[8.965s] INFO:colcon.colcon_core.shell:Creating package descriptor '/home/jetson/slash_ws/install/teb_local_planner/share/teb_local_planner/package.dsv'
[8.967s] INFO:colcon.colcon_core.shell:Creating package script '/home/jetson/slash_ws/install/teb_local_planner/share/teb_local_planner/package.sh'
[8.968s] INFO:colcon.colcon_core.shell:Creating package script '/home/jetson/slash_ws/install/teb_local_planner/share/teb_local_planner/package.bash'
[8.969s] INFO:colcon.colcon_core.shell:Creating package script '/home/jetson/slash_ws/install/teb_local_planner/share/teb_local_planner/package.zsh'
[8.971s] Level 1:colcon.colcon_core.environment:create_file_with_runtime_dependencies(/home/jetson/slash_ws/install/teb_local_planner/share/colcon-core/packages/teb_local_planner)
[9.174s] Level 1:colcon.colcon_core.environment:checking '/home/jetson/slash_ws/install/roboracer_china_2025' for CMake module files
[9.176s] Level 1:colcon.colcon_core.environment:checking '/home/jetson/slash_ws/install/roboracer_china_2025' for CMake config files
[9.179s] DEBUG:colcon.colcon_core.event_handler.log_command:Invoked command in '/home/jetson/slash_ws/src/slash_navigation/roboracer_china_2025' returned '0': PYTHONPATH=/home/jetson/slash_ws/build/roboracer_china_2025/prefix_override:/usr/lib/python3/dist-packages/colcon_core/task/python/colcon_distutils_commands:/home/jetson/slash_ws/install/roboracer_china_2025/lib/python3.8/site-packages:${PYTHONPATH} /usr/bin/python3 -W ignore:setup.py install is deprecated -W ignore:easy_install command is deprecated setup.py egg_info --egg-base ../../../build/roboracer_china_2025 build --build-base /home/jetson/slash_ws/build/roboracer_china_2025/build install --record /home/jetson/slash_ws/build/roboracer_china_2025/install.log --install-scripts $base/lib/roboracer_china_2025 --single-version-externally-managed install_data
[9.181s] Level 1:colcon.colcon_core.environment:checking '/home/jetson/slash_ws/install/roboracer_china_2025/lib'
[9.182s] Level 1:colcon.colcon_core.environment:checking '/home/jetson/slash_ws/install/roboracer_china_2025/bin'
[9.182s] Level 1:colcon.colcon_core.environment:checking '/home/jetson/slash_ws/install/roboracer_china_2025/lib/pkgconfig/roboracer_china_2025.pc'
[9.182s] Level 1:colcon.colcon_core.environment:checking '/home/jetson/slash_ws/install/roboracer_china_2025/lib/python3.8/site-packages'
[9.182s] Level 1:colcon.colcon_core.shell:create_environment_hook('roboracer_china_2025', 'pythonpath')
[9.183s] INFO:colcon.colcon_core.shell:Creating environment hook '/home/jetson/slash_ws/install/roboracer_china_2025/share/roboracer_china_2025/hook/pythonpath.ps1'
[9.186s] INFO:colcon.colcon_core.shell:Creating environment descriptor '/home/jetson/slash_ws/install/roboracer_china_2025/share/roboracer_china_2025/hook/pythonpath.dsv'
[9.187s] INFO:colcon.colcon_core.shell:Creating environment hook '/home/jetson/slash_ws/install/roboracer_china_2025/share/roboracer_china_2025/hook/pythonpath.sh'
[9.191s] Level 1:colcon.colcon_core.environment:checking '/home/jetson/slash_ws/install/roboracer_china_2025/bin'
[9.192s] Level 1:colcon.colcon_core.environment:create_environment_scripts_only(roboracer_china_2025)
[9.193s] INFO:colcon.colcon_core.shell:Creating package script '/home/jetson/slash_ws/install/roboracer_china_2025/share/roboracer_china_2025/package.ps1'
[9.195s] INFO:colcon.colcon_core.shell:Creating package descriptor '/home/jetson/slash_ws/install/roboracer_china_2025/share/roboracer_china_2025/package.dsv'
[9.196s] INFO:colcon.colcon_core.shell:Creating package script '/home/jetson/slash_ws/install/roboracer_china_2025/share/roboracer_china_2025/package.sh'
[9.197s] INFO:colcon.colcon_core.shell:Creating package script '/home/jetson/slash_ws/install/roboracer_china_2025/share/roboracer_china_2025/package.bash'
[9.197s] INFO:colcon.colcon_core.shell:Creating package script '/home/jetson/slash_ws/install/roboracer_china_2025/share/roboracer_china_2025/package.zsh'
[9.198s] Level 1:colcon.colcon_core.environment:create_file_with_runtime_dependencies(/home/jetson/slash_ws/install/roboracer_china_2025/share/colcon-core/packages/roboracer_china_2025)
[9.216s] DEBUG:colcon.colcon_core.event_handler.log_command:Invoked command in '/home/jetson/slash_ws/build/fast_lio' returned '0': CMAKE_PREFIX_PATH=/home/jetson/slash_ws/install/livox_ros_driver2:/home/jetson/slash_ws/install/vesc:/home/jetson/slash_ws/install/vesc_driver:/home/jetson/slash_ws/install/vesc_ackermann:/home/jetson/slash_ws/install/vesc_msgs:/home/jetson/slash_ws/install/teleop_tools:/home/jetson/slash_ws/install/teleop_tools_msgs:/home/jetson/slash_ws/install/teb_local_planner:/home/jetson/slash_ws/install/teb_msgs:/home/jetson/slash_ws/install/slash_nav2:/home/jetson/slash_ws/install/simple_mpc:/home/jetson/slash_ws/install/pointcloud_to_laserscan:/home/jetson/slash_ws/install/fast_lio:/home/jetson/slash_ws/install/linefit_ground_segmentation_ros:/home/jetson/slash_ws/install/linefit_ground_segmentation:/home/jetson/slash_ws/install/costmap_converter:/home/jetson/slash_ws/install/costmap_converter_msgs:/home/jetson/slash_ws/install/ackermann_mux:/home/jetson/slash_ws/install/f1tenth_stack:/home/jetson/slash_ws/install/twist_to_ackermann:/home/jetson/slash_ws/install/joy_teleop:/home/jetson/slash_ws/install/roboracer_china_2025:/home/jetson/slash_ws/install/mouse_teleop:/home/jetson/slash_ws/install/key_teleop:/opt/ros/foxy LD_LIBRARY_PATH=/home/jetson/slash_ws/install/livox_ros_driver2/lib:/usr/local/cuda/lib64:/usr/local/cuda/lib64:/usr/local/cuda/lib64:/usr/local/cuda/lib64:/usr/local/cuda-11.4/lib64:/usr/local/cuda/lib64:/usr/local/cuda/lib64:/usr/local/cuda/lib64:/usr/local/cuda/lib64:/home/jetson/slash_ws/install/vesc_driver/lib:/home/jetson/slash_ws/install/vesc_ackermann/lib:/home/jetson/slash_ws/install/vesc_msgs/lib:/home/jetson/slash_ws/install/teleop_tools_msgs/lib:/home/jetson/slash_ws/install/teb_local_planner/lib:/home/jetson/slash_ws/install/teb_msgs/lib:/home/jetson/slash_ws/install/pointcloud_to_laserscan/lib:/home/jetson/slash_ws/install/fast_lio/lib:/home/jetson/slash_ws/install/linefit_ground_segmentation/lib:/home/jetson/slash_ws/install/costmap_converter/lib:/home/jetson/slash_ws/install/costmap_converter_msgs/lib:/usr/lib/aarch64-linux-gnu/gazebo-11/plugins:/opt/ros/foxy/opt/yaml_cpp_vendor/lib:/opt/ros/foxy/opt/rviz_ogre_vendor/lib:/opt/ros/foxy/lib/aarch64-linux-gnu:/opt/ros/foxy/lib:/usr/local/cuda-11.4/lib64 PYTHONPATH=/home/jetson/slash_ws/install/livox_ros_driver2/lib/python3.8/site-packages:/home/jetson/slash_ws/install/f1tenth_stack/lib/python3.8/site-packages:/home/jetson/slash_ws/install/vesc_msgs/lib/python3.8/site-packages:/home/jetson/slash_ws/install/twist_to_ackermann/lib/python3.8/site-packages:/home/jetson/slash_ws/install/joy_teleop/lib/python3.8/site-packages:/home/jetson/slash_ws/install/teleop_tools_msgs/lib/python3.8/site-packages:/home/jetson/slash_ws/install/teb_msgs/lib/python3.8/site-packages:/home/jetson/slash_ws/install/roboracer_china_2025/lib/python3.8/site-packages:/home/jetson/slash_ws/install/mouse_teleop/lib/python3.8/site-packages:/home/jetson/slash_ws/install/fast_lio/lib/python3.8/site-packages:/home/jetson/slash_ws/install/key_teleop/lib/python3.8/site-packages:/home/jetson/slash_ws/install/costmap_converter_msgs/lib/python3.8/site-packages:/opt/ros/foxy/lib/python3.8/site-packages /usr/bin/cmake --build /home/jetson/slash_ws/build/fast_lio -- -j8 -l8
[9.226s] DEBUG:colcon.colcon_core.event_handler.log_command:Invoking command in '/home/jetson/slash_ws/build/fast_lio': CMAKE_PREFIX_PATH=/home/jetson/slash_ws/install/livox_ros_driver2:/home/jetson/slash_ws/install/vesc:/home/jetson/slash_ws/install/vesc_driver:/home/jetson/slash_ws/install/vesc_ackermann:/home/jetson/slash_ws/install/vesc_msgs:/home/jetson/slash_ws/install/teleop_tools:/home/jetson/slash_ws/install/teleop_tools_msgs:/home/jetson/slash_ws/install/teb_local_planner:/home/jetson/slash_ws/install/teb_msgs:/home/jetson/slash_ws/install/slash_nav2:/home/jetson/slash_ws/install/simple_mpc:/home/jetson/slash_ws/install/pointcloud_to_laserscan:/home/jetson/slash_ws/install/fast_lio:/home/jetson/slash_ws/install/linefit_ground_segmentation_ros:/home/jetson/slash_ws/install/linefit_ground_segmentation:/home/jetson/slash_ws/install/costmap_converter:/home/jetson/slash_ws/install/costmap_converter_msgs:/home/jetson/slash_ws/install/ackermann_mux:/home/jetson/slash_ws/install/f1tenth_stack:/home/jetson/slash_ws/install/twist_to_ackermann:/home/jetson/slash_ws/install/joy_teleop:/home/jetson/slash_ws/install/roboracer_china_2025:/home/jetson/slash_ws/install/mouse_teleop:/home/jetson/slash_ws/install/key_teleop:/opt/ros/foxy LD_LIBRARY_PATH=/home/jetson/slash_ws/install/livox_ros_driver2/lib:/usr/local/cuda/lib64:/usr/local/cuda/lib64:/usr/local/cuda/lib64:/usr/local/cuda/lib64:/usr/local/cuda-11.4/lib64:/usr/local/cuda/lib64:/usr/local/cuda/lib64:/usr/local/cuda/lib64:/usr/local/cuda/lib64:/home/jetson/slash_ws/install/vesc_driver/lib:/home/jetson/slash_ws/install/vesc_ackermann/lib:/home/jetson/slash_ws/install/vesc_msgs/lib:/home/jetson/slash_ws/install/teleop_tools_msgs/lib:/home/jetson/slash_ws/install/teb_local_planner/lib:/home/jetson/slash_ws/install/teb_msgs/lib:/home/jetson/slash_ws/install/pointcloud_to_laserscan/lib:/home/jetson/slash_ws/install/fast_lio/lib:/home/jetson/slash_ws/install/linefit_ground_segmentation/lib:/home/jetson/slash_ws/install/costmap_converter/lib:/home/jetson/slash_ws/install/costmap_converter_msgs/lib:/usr/lib/aarch64-linux-gnu/gazebo-11/plugins:/opt/ros/foxy/opt/yaml_cpp_vendor/lib:/opt/ros/foxy/opt/rviz_ogre_vendor/lib:/opt/ros/foxy/lib/aarch64-linux-gnu:/opt/ros/foxy/lib:/usr/local/cuda-11.4/lib64 PYTHONPATH=/home/jetson/slash_ws/install/livox_ros_driver2/lib/python3.8/site-packages:/home/jetson/slash_ws/install/f1tenth_stack/lib/python3.8/site-packages:/home/jetson/slash_ws/install/vesc_msgs/lib/python3.8/site-packages:/home/jetson/slash_ws/install/twist_to_ackermann/lib/python3.8/site-packages:/home/jetson/slash_ws/install/joy_teleop/lib/python3.8/site-packages:/home/jetson/slash_ws/install/teleop_tools_msgs/lib/python3.8/site-packages:/home/jetson/slash_ws/install/teb_msgs/lib/python3.8/site-packages:/home/jetson/slash_ws/install/roboracer_china_2025/lib/python3.8/site-packages:/home/jetson/slash_ws/install/mouse_teleop/lib/python3.8/site-packages:/home/jetson/slash_ws/install/fast_lio/lib/python3.8/site-packages:/home/jetson/slash_ws/install/key_teleop/lib/python3.8/site-packages:/home/jetson/slash_ws/install/costmap_converter_msgs/lib/python3.8/site-packages:/opt/ros/foxy/lib/python3.8/site-packages /usr/bin/cmake --install /home/jetson/slash_ws/build/fast_lio
[9.329s] Level 1:colcon.colcon_core.environment:checking '/home/jetson/slash_ws/install/joy_teleop' for CMake module files
[9.330s] DEBUG:colcon.colcon_core.event_handler.log_command:Invoked command in '/home/jetson/slash_ws/src/slash_hardware/f1tenth_system/teleop_tools/joy_teleop' returned '0': CMAKE_PREFIX_PATH=/home/jetson/slash_ws/install/teleop_tools_msgs:/home/jetson/slash_ws/install/vesc:/home/jetson/slash_ws/install/vesc_driver:/home/jetson/slash_ws/install/vesc_ackermann:/home/jetson/slash_ws/install/vesc_msgs:/home/jetson/slash_ws/install/teleop_tools:/home/jetson/slash_ws/install/teb_local_planner:/home/jetson/slash_ws/install/teb_msgs:/home/jetson/slash_ws/install/slash_nav2:/home/jetson/slash_ws/install/simple_mpc:/home/jetson/slash_ws/install/pointcloud_to_laserscan:/home/jetson/slash_ws/install/fast_lio:/home/jetson/slash_ws/install/livox_ros_driver2:/home/jetson/slash_ws/install/linefit_ground_segmentation_ros:/home/jetson/slash_ws/install/linefit_ground_segmentation:/home/jetson/slash_ws/install/costmap_converter:/home/jetson/slash_ws/install/costmap_converter_msgs:/home/jetson/slash_ws/install/ackermann_mux LD_LIBRARY_PATH=/home/jetson/slash_ws/install/teleop_tools_msgs/lib:/usr/local/cuda/lib64:/usr/local/cuda/lib64:/usr/local/cuda/lib64:/usr/local/cuda/lib64:/usr/local/cuda-11.4/lib64:/usr/local/cuda/lib64:/usr/local/cuda/lib64:/usr/local/cuda/lib64:/usr/local/cuda/lib64:/home/jetson/slash_ws/install/vesc_driver/lib:/home/jetson/slash_ws/install/vesc_ackermann/lib:/home/jetson/slash_ws/install/vesc_msgs/lib:/home/jetson/slash_ws/install/teb_local_planner/lib:/home/jetson/slash_ws/install/teb_msgs/lib:/home/jetson/slash_ws/install/pointcloud_to_laserscan/lib:/home/jetson/slash_ws/install/fast_lio/lib:/home/jetson/slash_ws/install/livox_ros_driver2/lib:/home/jetson/slash_ws/install/linefit_ground_segmentation/lib:/home/jetson/slash_ws/install/costmap_converter/lib:/home/jetson/slash_ws/install/costmap_converter_msgs/lib:/usr/lib/aarch64-linux-gnu/gazebo-11/plugins:/opt/ros/foxy/opt/yaml_cpp_vendor/lib:/opt/ros/foxy/opt/rviz_ogre_vendor/lib:/opt/ros/foxy/lib/aarch64-linux-gnu:/opt/ros/foxy/lib:/usr/local/cuda-11.4/lib64 PYTHONPATH=/home/jetson/slash_ws/build/joy_teleop/prefix_override:/usr/lib/python3/dist-packages/colcon_core/task/python/colcon_distutils_commands:/home/jetson/slash_ws/install/joy_teleop/lib/python3.8/site-packages:/home/jetson/slash_ws/install/teleop_tools_msgs/lib/python3.8/site-packages:/home/jetson/slash_ws/install/f1tenth_stack/lib/python3.8/site-packages:/home/jetson/slash_ws/install/vesc_msgs/lib/python3.8/site-packages:/home/jetson/slash_ws/install/twist_to_ackermann/lib/python3.8/site-packages:/home/jetson/slash_ws/install/joy_teleop/lib/python3.8/site-packages:/home/jetson/slash_ws/install/teb_msgs/lib/python3.8/site-packages:/home/jetson/slash_ws/install/roboracer_china_2025/lib/python3.8/site-packages:/home/jetson/slash_ws/install/mouse_teleop/lib/python3.8/site-packages:/home/jetson/slash_ws/install/fast_lio/lib/python3.8/site-packages:/home/jetson/slash_ws/install/livox_ros_driver2/lib/python3.8/site-packages:/home/jetson/slash_ws/install/key_teleop/lib/python3.8/site-packages:/home/jetson/slash_ws/install/costmap_converter_msgs/lib/python3.8/site-packages:/opt/ros/foxy/lib/python3.8/site-packages /usr/bin/python3 -W ignore:setup.py install is deprecated -W ignore:easy_install command is deprecated setup.py egg_info --egg-base ../../../../../build/joy_teleop build --build-base /home/jetson/slash_ws/build/joy_teleop/build install --record /home/jetson/slash_ws/build/joy_teleop/install.log --single-version-externally-managed install_data
[9.331s] Level 1:colcon.colcon_core.environment:checking '/home/jetson/slash_ws/install/joy_teleop' for CMake config files
[9.333s] Level 1:colcon.colcon_core.environment:checking '/home/jetson/slash_ws/install/joy_teleop/lib'
[9.333s] Level 1:colcon.colcon_core.environment:checking '/home/jetson/slash_ws/install/joy_teleop/bin'
[9.333s] Level 1:colcon.colcon_core.environment:checking '/home/jetson/slash_ws/install/joy_teleop/lib/pkgconfig/joy_teleop.pc'
[9.334s] Level 1:colcon.colcon_core.environment:checking '/home/jetson/slash_ws/install/joy_teleop/lib/python3.8/site-packages'
[9.334s] Level 1:colcon.colcon_core.shell:create_environment_hook('joy_teleop', 'pythonpath')
[9.335s] INFO:colcon.colcon_core.shell:Creating environment hook '/home/jetson/slash_ws/install/joy_teleop/share/joy_teleop/hook/pythonpath.ps1'
[9.337s] INFO:colcon.colcon_core.shell:Creating environment descriptor '/home/jetson/slash_ws/install/joy_teleop/share/joy_teleop/hook/pythonpath.dsv'
[9.341s] INFO:colcon.colcon_core.shell:Creating environment hook '/home/jetson/slash_ws/install/joy_teleop/share/joy_teleop/hook/pythonpath.sh'
[9.346s] Level 1:colcon.colcon_core.environment:checking '/home/jetson/slash_ws/install/joy_teleop/bin'
[9.347s] Level 1:colcon.colcon_core.environment:create_environment_scripts_only(joy_teleop)
[9.347s] INFO:colcon.colcon_core.shell:Creating package script '/home/jetson/slash_ws/install/joy_teleop/share/joy_teleop/package.ps1'
[9.349s] INFO:colcon.colcon_core.shell:Creating package descriptor '/home/jetson/slash_ws/install/joy_teleop/share/joy_teleop/package.dsv'
[9.350s] INFO:colcon.colcon_core.shell:Creating package script '/home/jetson/slash_ws/install/joy_teleop/share/joy_teleop/package.sh'
[9.373s] INFO:colcon.colcon_core.shell:Creating package script '/home/jetson/slash_ws/install/joy_teleop/share/joy_teleop/package.bash'
[9.374s] INFO:colcon.colcon_core.shell:Creating package script '/home/jetson/slash_ws/install/joy_teleop/share/joy_teleop/package.zsh'
[9.377s] Level 1:colcon.colcon_core.environment:create_file_with_runtime_dependencies(/home/jetson/slash_ws/install/joy_teleop/share/colcon-core/packages/joy_teleop)
[9.383s] INFO:colcon.colcon_ros.task.ament_cmake.build:Building ROS package in '/home/jetson/slash_ws/src/slash_hardware/f1tenth_system/teleop_tools/teleop_tools' with build type 'ament_cmake'
[9.384s] INFO:colcon.colcon_cmake.task.cmake.build:Building CMake package in '/home/jetson/slash_ws/src/slash_hardware/f1tenth_system/teleop_tools/teleop_tools'
[9.385s] INFO:colcon.colcon_core.shell:Skip shell extension 'powershell' for command environment: Not usable outside of PowerShell
[9.385s] DEBUG:colcon.colcon_core.shell:Skip shell extension 'dsv' for command environment
[9.419s] INFO:colcon.colcon_ros.task.ament_python.build:Building ROS package in '/home/jetson/slash_ws/src/slash_hardware/f1tenth_system/f1tenth_stack' with build type 'ament_python'
[9.420s] Level 1:colcon.colcon_core.shell:create_environment_hook('f1tenth_stack', 'ament_prefix_path')
[9.421s] INFO:colcon.colcon_core.shell:Creating environment hook '/home/jetson/slash_ws/install/f1tenth_stack/share/f1tenth_stack/hook/ament_prefix_path.ps1'
[9.423s] INFO:colcon.colcon_core.shell:Creating environment descriptor '/home/jetson/slash_ws/install/f1tenth_stack/share/f1tenth_stack/hook/ament_prefix_path.dsv'
[9.424s] INFO:colcon.colcon_core.shell:Creating environment hook '/home/jetson/slash_ws/install/f1tenth_stack/share/f1tenth_stack/hook/ament_prefix_path.sh'
[9.426s] INFO:colcon.colcon_core.shell:Skip shell extension 'powershell' for command environment: Not usable outside of PowerShell
[9.426s] DEBUG:colcon.colcon_core.shell:Skip shell extension 'dsv' for command environment
[9.450s] Level 1:colcon.colcon_core.environment:create_environment_scripts_only(fast_lio)
[9.452s] Level 1:colcon.colcon_core.environment:checking '/home/jetson/slash_ws/install/fast_lio' for CMake module files
[9.453s] DEBUG:colcon.colcon_core.event_handler.log_command:Invoked command in '/home/jetson/slash_ws/build/fast_lio' returned '0': CMAKE_PREFIX_PATH=/home/jetson/slash_ws/install/livox_ros_driver2:/home/jetson/slash_ws/install/vesc:/home/jetson/slash_ws/install/vesc_driver:/home/jetson/slash_ws/install/vesc_ackermann:/home/jetson/slash_ws/install/vesc_msgs:/home/jetson/slash_ws/install/teleop_tools:/home/jetson/slash_ws/install/teleop_tools_msgs:/home/jetson/slash_ws/install/teb_local_planner:/home/jetson/slash_ws/install/teb_msgs:/home/jetson/slash_ws/install/slash_nav2:/home/jetson/slash_ws/install/simple_mpc:/home/jetson/slash_ws/install/pointcloud_to_laserscan:/home/jetson/slash_ws/install/fast_lio:/home/jetson/slash_ws/install/linefit_ground_segmentation_ros:/home/jetson/slash_ws/install/linefit_ground_segmentation:/home/jetson/slash_ws/install/costmap_converter:/home/jetson/slash_ws/install/costmap_converter_msgs:/home/jetson/slash_ws/install/ackermann_mux:/home/jetson/slash_ws/install/f1tenth_stack:/home/jetson/slash_ws/install/twist_to_ackermann:/home/jetson/slash_ws/install/joy_teleop:/home/jetson/slash_ws/install/roboracer_china_2025:/home/jetson/slash_ws/install/mouse_teleop:/home/jetson/slash_ws/install/key_teleop:/opt/ros/foxy LD_LIBRARY_PATH=/home/jetson/slash_ws/install/livox_ros_driver2/lib:/usr/local/cuda/lib64:/usr/local/cuda/lib64:/usr/local/cuda/lib64:/usr/local/cuda/lib64:/usr/local/cuda-11.4/lib64:/usr/local/cuda/lib64:/usr/local/cuda/lib64:/usr/local/cuda/lib64:/usr/local/cuda/lib64:/home/jetson/slash_ws/install/vesc_driver/lib:/home/jetson/slash_ws/install/vesc_ackermann/lib:/home/jetson/slash_ws/install/vesc_msgs/lib:/home/jetson/slash_ws/install/teleop_tools_msgs/lib:/home/jetson/slash_ws/install/teb_local_planner/lib:/home/jetson/slash_ws/install/teb_msgs/lib:/home/jetson/slash_ws/install/pointcloud_to_laserscan/lib:/home/jetson/slash_ws/install/fast_lio/lib:/home/jetson/slash_ws/install/linefit_ground_segmentation/lib:/home/jetson/slash_ws/install/costmap_converter/lib:/home/jetson/slash_ws/install/costmap_converter_msgs/lib:/usr/lib/aarch64-linux-gnu/gazebo-11/plugins:/opt/ros/foxy/opt/yaml_cpp_vendor/lib:/opt/ros/foxy/opt/rviz_ogre_vendor/lib:/opt/ros/foxy/lib/aarch64-linux-gnu:/opt/ros/foxy/lib:/usr/local/cuda-11.4/lib64 PYTHONPATH=/home/jetson/slash_ws/install/livox_ros_driver2/lib/python3.8/site-packages:/home/jetson/slash_ws/install/f1tenth_stack/lib/python3.8/site-packages:/home/jetson/slash_ws/install/vesc_msgs/lib/python3.8/site-packages:/home/jetson/slash_ws/install/twist_to_ackermann/lib/python3.8/site-packages:/home/jetson/slash_ws/install/joy_teleop/lib/python3.8/site-packages:/home/jetson/slash_ws/install/teleop_tools_msgs/lib/python3.8/site-packages:/home/jetson/slash_ws/install/teb_msgs/lib/python3.8/site-packages:/home/jetson/slash_ws/install/roboracer_china_2025/lib/python3.8/site-packages:/home/jetson/slash_ws/install/mouse_teleop/lib/python3.8/site-packages:/home/jetson/slash_ws/install/fast_lio/lib/python3.8/site-packages:/home/jetson/slash_ws/install/key_teleop/lib/python3.8/site-packages:/home/jetson/slash_ws/install/costmap_converter_msgs/lib/python3.8/site-packages:/opt/ros/foxy/lib/python3.8/site-packages /usr/bin/cmake --install /home/jetson/slash_ws/build/fast_lio
[9.454s] Level 1:colcon.colcon_core.environment:checking '/home/jetson/slash_ws/install/fast_lio' for CMake config files
[9.455s] Level 1:colcon.colcon_core.shell:create_environment_hook('fast_lio', 'cmake_prefix_path')
[9.456s] INFO:colcon.colcon_core.shell:Creating environment hook '/home/jetson/slash_ws/install/fast_lio/share/fast_lio/hook/cmake_prefix_path.ps1'
[9.458s] INFO:colcon.colcon_core.shell:Creating environment descriptor '/home/jetson/slash_ws/install/fast_lio/share/fast_lio/hook/cmake_prefix_path.dsv'
[9.459s] INFO:colcon.colcon_core.shell:Creating environment hook '/home/jetson/slash_ws/install/fast_lio/share/fast_lio/hook/cmake_prefix_path.sh'
[9.462s] Level 1:colcon.colcon_core.environment:checking '/home/jetson/slash_ws/install/fast_lio/lib'
[9.462s] Level 1:colcon.colcon_core.shell:create_environment_hook('fast_lio', 'ld_library_path_lib')
[9.463s] INFO:colcon.colcon_core.shell:Creating environment hook '/home/jetson/slash_ws/install/fast_lio/share/fast_lio/hook/ld_library_path_lib.ps1'
[9.466s] INFO:colcon.colcon_core.shell:Creating environment descriptor '/home/jetson/slash_ws/install/fast_lio/share/fast_lio/hook/ld_library_path_lib.dsv'
[9.467s] INFO:colcon.colcon_core.shell:Creating environment hook '/home/jetson/slash_ws/install/fast_lio/share/fast_lio/hook/ld_library_path_lib.sh'
[9.468s] Level 1:colcon.colcon_core.environment:checking '/home/jetson/slash_ws/install/fast_lio/bin'
[9.468s] Level 1:colcon.colcon_core.environment:checking '/home/jetson/slash_ws/install/fast_lio/lib/pkgconfig/fast_lio.pc'
[9.469s] Level 1:colcon.colcon_core.environment:checking '/home/jetson/slash_ws/install/fast_lio/lib/python3.8/site-packages'
[9.469s] Level 1:colcon.colcon_core.shell:create_environment_hook('fast_lio', 'pythonpath')
[9.469s] INFO:colcon.colcon_core.shell:Creating environment hook '/home/jetson/slash_ws/install/fast_lio/share/fast_lio/hook/pythonpath.ps1'
[9.470s] INFO:colcon.colcon_core.shell:Creating environment descriptor '/home/jetson/slash_ws/install/fast_lio/share/fast_lio/hook/pythonpath.dsv'
[9.471s] INFO:colcon.colcon_core.shell:Creating environment hook '/home/jetson/slash_ws/install/fast_lio/share/fast_lio/hook/pythonpath.sh'
[9.472s] Level 1:colcon.colcon_core.environment:checking '/home/jetson/slash_ws/install/fast_lio/bin'
[9.473s] INFO:colcon.colcon_core.shell:Creating package script '/home/jetson/slash_ws/install/fast_lio/share/fast_lio/package.ps1'
[9.475s] INFO:colcon.colcon_core.shell:Creating package descriptor '/home/jetson/slash_ws/install/fast_lio/share/fast_lio/package.dsv'
[9.476s] INFO:colcon.colcon_core.shell:Creating package script '/home/jetson/slash_ws/install/fast_lio/share/fast_lio/package.sh'
[9.478s] INFO:colcon.colcon_core.shell:Creating package script '/home/jetson/slash_ws/install/fast_lio/share/fast_lio/package.bash'
[9.480s] INFO:colcon.colcon_core.shell:Creating package script '/home/jetson/slash_ws/install/fast_lio/share/fast_lio/package.zsh'
[9.481s] Level 1:colcon.colcon_core.environment:create_file_with_runtime_dependencies(/home/jetson/slash_ws/install/fast_lio/share/colcon-core/packages/fast_lio)
[9.483s] Level 1:colcon.colcon_core.environment:create_environment_scripts_only(fast_lio)
[9.484s] Level 1:colcon.colcon_core.environment:checking '/home/jetson/slash_ws/install/fast_lio' for CMake module files
[9.485s] Level 1:colcon.colcon_core.environment:checking '/home/jetson/slash_ws/install/fast_lio' for CMake config files
[9.486s] Level 1:colcon.colcon_core.shell:create_environment_hook('fast_lio', 'cmake_prefix_path')
[9.486s] INFO:colcon.colcon_core.shell:Creating environment hook '/home/jetson/slash_ws/install/fast_lio/share/fast_lio/hook/cmake_prefix_path.ps1'
[9.487s] INFO:colcon.colcon_core.shell:Creating environment descriptor '/home/jetson/slash_ws/install/fast_lio/share/fast_lio/hook/cmake_prefix_path.dsv'
[9.488s] INFO:colcon.colcon_core.shell:Creating environment hook '/home/jetson/slash_ws/install/fast_lio/share/fast_lio/hook/cmake_prefix_path.sh'
[9.490s] Level 1:colcon.colcon_core.environment:checking '/home/jetson/slash_ws/install/fast_lio/lib'
[9.490s] Level 1:colcon.colcon_core.shell:create_environment_hook('fast_lio', 'ld_library_path_lib')
[9.491s] INFO:colcon.colcon_core.shell:Creating environment hook '/home/jetson/slash_ws/install/fast_lio/share/fast_lio/hook/ld_library_path_lib.ps1'
[9.491s] INFO:colcon.colcon_core.shell:Creating environment descriptor '/home/jetson/slash_ws/install/fast_lio/share/fast_lio/hook/ld_library_path_lib.dsv'
[9.492s] INFO:colcon.colcon_core.shell:Creating environment hook '/home/jetson/slash_ws/install/fast_lio/share/fast_lio/hook/ld_library_path_lib.sh'
[9.493s] Level 1:colcon.colcon_core.environment:checking '/home/jetson/slash_ws/install/fast_lio/bin'
[9.493s] Level 1:colcon.colcon_core.environment:checking '/home/jetson/slash_ws/install/fast_lio/lib/pkgconfig/fast_lio.pc'
[9.493s] Level 1:colcon.colcon_core.environment:checking '/home/jetson/slash_ws/install/fast_lio/lib/python3.8/site-packages'
[9.494s] Level 1:colcon.colcon_core.shell:create_environment_hook('fast_lio', 'pythonpath')
[9.494s] INFO:colcon.colcon_core.shell:Creating environment hook '/home/jetson/slash_ws/install/fast_lio/share/fast_lio/hook/pythonpath.ps1'
[9.495s] INFO:colcon.colcon_core.shell:Creating environment descriptor '/home/jetson/slash_ws/install/fast_lio/share/fast_lio/hook/pythonpath.dsv'
[9.496s] INFO:colcon.colcon_core.shell:Creating environment hook '/home/jetson/slash_ws/install/fast_lio/share/fast_lio/hook/pythonpath.sh'
[9.497s] Level 1:colcon.colcon_core.environment:checking '/home/jetson/slash_ws/install/fast_lio/bin'
[9.498s] INFO:colcon.colcon_core.shell:Creating package script '/home/jetson/slash_ws/install/fast_lio/share/fast_lio/package.ps1'
[9.501s] INFO:colcon.colcon_core.shell:Creating package descriptor '/home/jetson/slash_ws/install/fast_lio/share/fast_lio/package.dsv'
[9.502s] INFO:colcon.colcon_core.shell:Creating package script '/home/jetson/slash_ws/install/fast_lio/share/fast_lio/package.sh'
[9.503s] INFO:colcon.colcon_core.shell:Creating package script '/home/jetson/slash_ws/install/fast_lio/share/fast_lio/package.bash'
[9.504s] INFO:colcon.colcon_core.shell:Creating package script '/home/jetson/slash_ws/install/fast_lio/share/fast_lio/package.zsh'
[9.505s] Level 1:colcon.colcon_core.environment:create_file_with_runtime_dependencies(/home/jetson/slash_ws/install/fast_lio/share/colcon-core/packages/fast_lio)
[9.517s] DEBUG:colcon.colcon_core.event_handler.log_command:Invoking command in '/home/jetson/slash_ws/build/teleop_tools': AMENT_PREFIX_PATH=/home/jetson/slash_ws/install/joy_teleop:/home/jetson/slash_ws/install/key_teleop:/home/jetson/slash_ws/install/f1tenth_stack:/home/jetson/slash_ws/install/vesc:/home/jetson/slash_ws/install/vesc_driver:/home/jetson/slash_ws/install/vesc_ackermann:/home/jetson/slash_ws/install/vesc_msgs:/home/jetson/slash_ws/install/twist_to_ackermann:/home/jetson/slash_ws/install/teleop_tools:/home/jetson/slash_ws/install/teleop_tools_msgs:/home/jetson/slash_ws/install/teb_local_planner:/home/jetson/slash_ws/install/teb_msgs:/home/jetson/slash_ws/install/slash_nav2:/home/jetson/slash_ws/install/simple_mpc:/home/jetson/slash_ws/install/roboracer_china_2025:/home/jetson/slash_ws/install/pointcloud_to_laserscan:/home/jetson/slash_ws/install/mouse_teleop:/home/jetson/slash_ws/install/fast_lio:/home/jetson/slash_ws/install/livox_ros_driver2:/home/jetson/slash_ws/install/linefit_ground_segmentation_ros:/home/jetson/slash_ws/install/linefit_ground_segmentation:/home/jetson/slash_ws/install/costmap_converter:/home/jetson/slash_ws/install/costmap_converter_msgs:/home/jetson/slash_ws/install/ackermann_mux:/opt/ros/foxy CMAKE_PREFIX_PATH=/home/jetson/slash_ws/install/teleop_tools_msgs:/home/jetson/slash_ws/install/vesc:/home/jetson/slash_ws/install/vesc_driver:/home/jetson/slash_ws/install/vesc_ackermann:/home/jetson/slash_ws/install/vesc_msgs:/home/jetson/slash_ws/install/teleop_tools:/home/jetson/slash_ws/install/teb_local_planner:/home/jetson/slash_ws/install/teb_msgs:/home/jetson/slash_ws/install/slash_nav2:/home/jetson/slash_ws/install/simple_mpc:/home/jetson/slash_ws/install/pointcloud_to_laserscan:/home/jetson/slash_ws/install/fast_lio:/home/jetson/slash_ws/install/livox_ros_driver2:/home/jetson/slash_ws/install/linefit_ground_segmentation_ros:/home/jetson/slash_ws/install/linefit_ground_segmentation:/home/jetson/slash_ws/install/costmap_converter:/home/jetson/slash_ws/install/costmap_converter_msgs:/home/jetson/slash_ws/install/ackermann_mux:/home/jetson/slash_ws/install/f1tenth_stack:/home/jetson/slash_ws/install/twist_to_ackermann:/home/jetson/slash_ws/install/joy_teleop:/home/jetson/slash_ws/install/roboracer_china_2025:/home/jetson/slash_ws/install/mouse_teleop:/home/jetson/slash_ws/install/key_teleop:/opt/ros/foxy LD_LIBRARY_PATH=/home/jetson/slash_ws/install/teleop_tools_msgs/lib:/usr/local/cuda/lib64:/usr/local/cuda/lib64:/usr/local/cuda/lib64:/usr/local/cuda/lib64:/usr/local/cuda-11.4/lib64:/usr/local/cuda/lib64:/usr/local/cuda/lib64:/usr/local/cuda/lib64:/usr/local/cuda/lib64:/home/jetson/slash_ws/install/vesc_driver/lib:/home/jetson/slash_ws/install/vesc_ackermann/lib:/home/jetson/slash_ws/install/vesc_msgs/lib:/home/jetson/slash_ws/install/teb_local_planner/lib:/home/jetson/slash_ws/install/teb_msgs/lib:/home/jetson/slash_ws/install/pointcloud_to_laserscan/lib:/home/jetson/slash_ws/install/fast_lio/lib:/home/jetson/slash_ws/install/livox_ros_driver2/lib:/home/jetson/slash_ws/install/linefit_ground_segmentation/lib:/home/jetson/slash_ws/install/costmap_converter/lib:/home/jetson/slash_ws/install/costmap_converter_msgs/lib:/usr/lib/aarch64-linux-gnu/gazebo-11/plugins:/opt/ros/foxy/opt/yaml_cpp_vendor/lib:/opt/ros/foxy/opt/rviz_ogre_vendor/lib:/opt/ros/foxy/lib/aarch64-linux-gnu:/opt/ros/foxy/lib:/usr/local/cuda-11.4/lib64 PYTHONPATH=/home/jetson/slash_ws/install/joy_teleop/lib/python3.8/site-packages:/home/jetson/slash_ws/install/teleop_tools_msgs/lib/python3.8/site-packages:/home/jetson/slash_ws/install/key_teleop/lib/python3.8/site-packages:/home/jetson/slash_ws/install/f1tenth_stack/lib/python3.8/site-packages:/home/jetson/slash_ws/install/vesc_msgs/lib/python3.8/site-packages:/home/jetson/slash_ws/install/twist_to_ackermann/lib/python3.8/site-packages:/home/jetson/slash_ws/install/teb_msgs/lib/python3.8/site-packages:/home/jetson/slash_ws/install/roboracer_china_2025/lib/python3.8/site-packages:/home/jetson/slash_ws/install/mouse_teleop/lib/python3.8/site-packages:/home/jetson/slash_ws/install/fast_lio/lib/python3.8/site-packages:/home/jetson/slash_ws/install/livox_ros_driver2/lib/python3.8/site-packages:/home/jetson/slash_ws/install/costmap_converter_msgs/lib/python3.8/site-packages:/opt/ros/foxy/lib/python3.8/site-packages /usr/bin/cmake --build /home/jetson/slash_ws/build/teleop_tools -- -j8 -l8
[10.267s] INFO:colcon.colcon_core.task.python.build:Building Python package in '/home/jetson/slash_ws/src/slash_hardware/f1tenth_system/f1tenth_stack'
[10.269s] INFO:colcon.colcon_core.shell:Skip shell extension 'powershell' for command environment: Not usable outside of PowerShell
[10.269s] DEBUG:colcon.colcon_core.shell:Skip shell extension 'dsv' for command environment
[10.302s] DEBUG:colcon.colcon_core.event_handler.log_command:Invoking command in '/home/jetson/slash_ws/src/slash_perception/twist_to_ackermann': PYTHONPATH=/home/jetson/slash_ws/build/twist_to_ackermann/prefix_override:/usr/lib/python3/dist-packages/colcon_core/task/python/colcon_distutils_commands:/home/jetson/slash_ws/install/twist_to_ackermann/lib/python3.8/site-packages:${PYTHONPATH} /usr/bin/python3 -W ignore:setup.py install is deprecated -W ignore:easy_install command is deprecated setup.py egg_info --egg-base ../../../build/twist_to_ackermann build --build-base /home/jetson/slash_ws/build/twist_to_ackermann/build install --record /home/jetson/slash_ws/build/twist_to_ackermann/install.log --install-scripts $base/lib/twist_to_ackermann --single-version-externally-managed install_data
[10.308s] DEBUG:colcon.colcon_core.event_handler.log_command:Invoked command in '/home/jetson/slash_ws/build/teleop_tools' returned '0': AMENT_PREFIX_PATH=/home/jetson/slash_ws/install/joy_teleop:/home/jetson/slash_ws/install/key_teleop:/home/jetson/slash_ws/install/f1tenth_stack:/home/jetson/slash_ws/install/vesc:/home/jetson/slash_ws/install/vesc_driver:/home/jetson/slash_ws/install/vesc_ackermann:/home/jetson/slash_ws/install/vesc_msgs:/home/jetson/slash_ws/install/twist_to_ackermann:/home/jetson/slash_ws/install/teleop_tools:/home/jetson/slash_ws/install/teleop_tools_msgs:/home/jetson/slash_ws/install/teb_local_planner:/home/jetson/slash_ws/install/teb_msgs:/home/jetson/slash_ws/install/slash_nav2:/home/jetson/slash_ws/install/simple_mpc:/home/jetson/slash_ws/install/roboracer_china_2025:/home/jetson/slash_ws/install/pointcloud_to_laserscan:/home/jetson/slash_ws/install/mouse_teleop:/home/jetson/slash_ws/install/fast_lio:/home/jetson/slash_ws/install/livox_ros_driver2:/home/jetson/slash_ws/install/linefit_ground_segmentation_ros:/home/jetson/slash_ws/install/linefit_ground_segmentation:/home/jetson/slash_ws/install/costmap_converter:/home/jetson/slash_ws/install/costmap_converter_msgs:/home/jetson/slash_ws/install/ackermann_mux:/opt/ros/foxy CMAKE_PREFIX_PATH=/home/jetson/slash_ws/install/teleop_tools_msgs:/home/jetson/slash_ws/install/vesc:/home/jetson/slash_ws/install/vesc_driver:/home/jetson/slash_ws/install/vesc_ackermann:/home/jetson/slash_ws/install/vesc_msgs:/home/jetson/slash_ws/install/teleop_tools:/home/jetson/slash_ws/install/teb_local_planner:/home/jetson/slash_ws/install/teb_msgs:/home/jetson/slash_ws/install/slash_nav2:/home/jetson/slash_ws/install/simple_mpc:/home/jetson/slash_ws/install/pointcloud_to_laserscan:/home/jetson/slash_ws/install/fast_lio:/home/jetson/slash_ws/install/livox_ros_driver2:/home/jetson/slash_ws/install/linefit_ground_segmentation_ros:/home/jetson/slash_ws/install/linefit_ground_segmentation:/home/jetson/slash_ws/install/costmap_converter:/home/jetson/slash_ws/install/costmap_converter_msgs:/home/jetson/slash_ws/install/ackermann_mux:/home/jetson/slash_ws/install/f1tenth_stack:/home/jetson/slash_ws/install/twist_to_ackermann:/home/jetson/slash_ws/install/joy_teleop:/home/jetson/slash_ws/install/roboracer_china_2025:/home/jetson/slash_ws/install/mouse_teleop:/home/jetson/slash_ws/install/key_teleop:/opt/ros/foxy LD_LIBRARY_PATH=/home/jetson/slash_ws/install/teleop_tools_msgs/lib:/usr/local/cuda/lib64:/usr/local/cuda/lib64:/usr/local/cuda/lib64:/usr/local/cuda/lib64:/usr/local/cuda-11.4/lib64:/usr/local/cuda/lib64:/usr/local/cuda/lib64:/usr/local/cuda/lib64:/usr/local/cuda/lib64:/home/jetson/slash_ws/install/vesc_driver/lib:/home/jetson/slash_ws/install/vesc_ackermann/lib:/home/jetson/slash_ws/install/vesc_msgs/lib:/home/jetson/slash_ws/install/teb_local_planner/lib:/home/jetson/slash_ws/install/teb_msgs/lib:/home/jetson/slash_ws/install/pointcloud_to_laserscan/lib:/home/jetson/slash_ws/install/fast_lio/lib:/home/jetson/slash_ws/install/livox_ros_driver2/lib:/home/jetson/slash_ws/install/linefit_ground_segmentation/lib:/home/jetson/slash_ws/install/costmap_converter/lib:/home/jetson/slash_ws/install/costmap_converter_msgs/lib:/usr/lib/aarch64-linux-gnu/gazebo-11/plugins:/opt/ros/foxy/opt/yaml_cpp_vendor/lib:/opt/ros/foxy/opt/rviz_ogre_vendor/lib:/opt/ros/foxy/lib/aarch64-linux-gnu:/opt/ros/foxy/lib:/usr/local/cuda-11.4/lib64 PYTHONPATH=/home/jetson/slash_ws/install/joy_teleop/lib/python3.8/site-packages:/home/jetson/slash_ws/install/teleop_tools_msgs/lib/python3.8/site-packages:/home/jetson/slash_ws/install/key_teleop/lib/python3.8/site-packages:/home/jetson/slash_ws/install/f1tenth_stack/lib/python3.8/site-packages:/home/jetson/slash_ws/install/vesc_msgs/lib/python3.8/site-packages:/home/jetson/slash_ws/install/twist_to_ackermann/lib/python3.8/site-packages:/home/jetson/slash_ws/install/teb_msgs/lib/python3.8/site-packages:/home/jetson/slash_ws/install/roboracer_china_2025/lib/python3.8/site-packages:/home/jetson/slash_ws/install/mouse_teleop/lib/python3.8/site-packages:/home/jetson/slash_ws/install/fast_lio/lib/python3.8/site-packages:/home/jetson/slash_ws/install/livox_ros_driver2/lib/python3.8/site-packages:/home/jetson/slash_ws/install/costmap_converter_msgs/lib/python3.8/site-packages:/opt/ros/foxy/lib/python3.8/site-packages /usr/bin/cmake --build /home/jetson/slash_ws/build/teleop_tools -- -j8 -l8
[10.313s] DEBUG:colcon.colcon_core.event_handler.log_command:Invoking command in '/home/jetson/slash_ws/build/teleop_tools': AMENT_PREFIX_PATH=/home/jetson/slash_ws/install/joy_teleop:/home/jetson/slash_ws/install/key_teleop:/home/jetson/slash_ws/install/f1tenth_stack:/home/jetson/slash_ws/install/vesc:/home/jetson/slash_ws/install/vesc_driver:/home/jetson/slash_ws/install/vesc_ackermann:/home/jetson/slash_ws/install/vesc_msgs:/home/jetson/slash_ws/install/twist_to_ackermann:/home/jetson/slash_ws/install/teleop_tools:/home/jetson/slash_ws/install/teleop_tools_msgs:/home/jetson/slash_ws/install/teb_local_planner:/home/jetson/slash_ws/install/teb_msgs:/home/jetson/slash_ws/install/slash_nav2:/home/jetson/slash_ws/install/simple_mpc:/home/jetson/slash_ws/install/roboracer_china_2025:/home/jetson/slash_ws/install/pointcloud_to_laserscan:/home/jetson/slash_ws/install/mouse_teleop:/home/jetson/slash_ws/install/fast_lio:/home/jetson/slash_ws/install/livox_ros_driver2:/home/jetson/slash_ws/install/linefit_ground_segmentation_ros:/home/jetson/slash_ws/install/linefit_ground_segmentation:/home/jetson/slash_ws/install/costmap_converter:/home/jetson/slash_ws/install/costmap_converter_msgs:/home/jetson/slash_ws/install/ackermann_mux:/opt/ros/foxy CMAKE_PREFIX_PATH=/home/jetson/slash_ws/install/teleop_tools_msgs:/home/jetson/slash_ws/install/vesc:/home/jetson/slash_ws/install/vesc_driver:/home/jetson/slash_ws/install/vesc_ackermann:/home/jetson/slash_ws/install/vesc_msgs:/home/jetson/slash_ws/install/teleop_tools:/home/jetson/slash_ws/install/teb_local_planner:/home/jetson/slash_ws/install/teb_msgs:/home/jetson/slash_ws/install/slash_nav2:/home/jetson/slash_ws/install/simple_mpc:/home/jetson/slash_ws/install/pointcloud_to_laserscan:/home/jetson/slash_ws/install/fast_lio:/home/jetson/slash_ws/install/livox_ros_driver2:/home/jetson/slash_ws/install/linefit_ground_segmentation_ros:/home/jetson/slash_ws/install/linefit_ground_segmentation:/home/jetson/slash_ws/install/costmap_converter:/home/jetson/slash_ws/install/costmap_converter_msgs:/home/jetson/slash_ws/install/ackermann_mux:/home/jetson/slash_ws/install/f1tenth_stack:/home/jetson/slash_ws/install/twist_to_ackermann:/home/jetson/slash_ws/install/joy_teleop:/home/jetson/slash_ws/install/roboracer_china_2025:/home/jetson/slash_ws/install/mouse_teleop:/home/jetson/slash_ws/install/key_teleop:/opt/ros/foxy LD_LIBRARY_PATH=/home/jetson/slash_ws/install/teleop_tools_msgs/lib:/usr/local/cuda/lib64:/usr/local/cuda/lib64:/usr/local/cuda/lib64:/usr/local/cuda/lib64:/usr/local/cuda-11.4/lib64:/usr/local/cuda/lib64:/usr/local/cuda/lib64:/usr/local/cuda/lib64:/usr/local/cuda/lib64:/home/jetson/slash_ws/install/vesc_driver/lib:/home/jetson/slash_ws/install/vesc_ackermann/lib:/home/jetson/slash_ws/install/vesc_msgs/lib:/home/jetson/slash_ws/install/teb_local_planner/lib:/home/jetson/slash_ws/install/teb_msgs/lib:/home/jetson/slash_ws/install/pointcloud_to_laserscan/lib:/home/jetson/slash_ws/install/fast_lio/lib:/home/jetson/slash_ws/install/livox_ros_driver2/lib:/home/jetson/slash_ws/install/linefit_ground_segmentation/lib:/home/jetson/slash_ws/install/costmap_converter/lib:/home/jetson/slash_ws/install/costmap_converter_msgs/lib:/usr/lib/aarch64-linux-gnu/gazebo-11/plugins:/opt/ros/foxy/opt/yaml_cpp_vendor/lib:/opt/ros/foxy/opt/rviz_ogre_vendor/lib:/opt/ros/foxy/lib/aarch64-linux-gnu:/opt/ros/foxy/lib:/usr/local/cuda-11.4/lib64 PYTHONPATH=/home/jetson/slash_ws/install/joy_teleop/lib/python3.8/site-packages:/home/jetson/slash_ws/install/teleop_tools_msgs/lib/python3.8/site-packages:/home/jetson/slash_ws/install/key_teleop/lib/python3.8/site-packages:/home/jetson/slash_ws/install/f1tenth_stack/lib/python3.8/site-packages:/home/jetson/slash_ws/install/vesc_msgs/lib/python3.8/site-packages:/home/jetson/slash_ws/install/twist_to_ackermann/lib/python3.8/site-packages:/home/jetson/slash_ws/install/teb_msgs/lib/python3.8/site-packages:/home/jetson/slash_ws/install/roboracer_china_2025/lib/python3.8/site-packages:/home/jetson/slash_ws/install/mouse_teleop/lib/python3.8/site-packages:/home/jetson/slash_ws/install/fast_lio/lib/python3.8/site-packages:/home/jetson/slash_ws/install/livox_ros_driver2/lib/python3.8/site-packages:/home/jetson/slash_ws/install/costmap_converter_msgs/lib/python3.8/site-packages:/opt/ros/foxy/lib/python3.8/site-packages /usr/bin/cmake --install /home/jetson/slash_ws/build/teleop_tools
[10.353s] Level 1:colcon.colcon_core.environment:create_environment_scripts_only(teleop_tools)
[10.354s] DEBUG:colcon.colcon_core.event_handler.log_command:Invoked command in '/home/jetson/slash_ws/build/teleop_tools' returned '0': AMENT_PREFIX_PATH=/home/jetson/slash_ws/install/joy_teleop:/home/jetson/slash_ws/install/key_teleop:/home/jetson/slash_ws/install/f1tenth_stack:/home/jetson/slash_ws/install/vesc:/home/jetson/slash_ws/install/vesc_driver:/home/jetson/slash_ws/install/vesc_ackermann:/home/jetson/slash_ws/install/vesc_msgs:/home/jetson/slash_ws/install/twist_to_ackermann:/home/jetson/slash_ws/install/teleop_tools:/home/jetson/slash_ws/install/teleop_tools_msgs:/home/jetson/slash_ws/install/teb_local_planner:/home/jetson/slash_ws/install/teb_msgs:/home/jetson/slash_ws/install/slash_nav2:/home/jetson/slash_ws/install/simple_mpc:/home/jetson/slash_ws/install/roboracer_china_2025:/home/jetson/slash_ws/install/pointcloud_to_laserscan:/home/jetson/slash_ws/install/mouse_teleop:/home/jetson/slash_ws/install/fast_lio:/home/jetson/slash_ws/install/livox_ros_driver2:/home/jetson/slash_ws/install/linefit_ground_segmentation_ros:/home/jetson/slash_ws/install/linefit_ground_segmentation:/home/jetson/slash_ws/install/costmap_converter:/home/jetson/slash_ws/install/costmap_converter_msgs:/home/jetson/slash_ws/install/ackermann_mux:/opt/ros/foxy CMAKE_PREFIX_PATH=/home/jetson/slash_ws/install/teleop_tools_msgs:/home/jetson/slash_ws/install/vesc:/home/jetson/slash_ws/install/vesc_driver:/home/jetson/slash_ws/install/vesc_ackermann:/home/jetson/slash_ws/install/vesc_msgs:/home/jetson/slash_ws/install/teleop_tools:/home/jetson/slash_ws/install/teb_local_planner:/home/jetson/slash_ws/install/teb_msgs:/home/jetson/slash_ws/install/slash_nav2:/home/jetson/slash_ws/install/simple_mpc:/home/jetson/slash_ws/install/pointcloud_to_laserscan:/home/jetson/slash_ws/install/fast_lio:/home/jetson/slash_ws/install/livox_ros_driver2:/home/jetson/slash_ws/install/linefit_ground_segmentation_ros:/home/jetson/slash_ws/install/linefit_ground_segmentation:/home/jetson/slash_ws/install/costmap_converter:/home/jetson/slash_ws/install/costmap_converter_msgs:/home/jetson/slash_ws/install/ackermann_mux:/home/jetson/slash_ws/install/f1tenth_stack:/home/jetson/slash_ws/install/twist_to_ackermann:/home/jetson/slash_ws/install/joy_teleop:/home/jetson/slash_ws/install/roboracer_china_2025:/home/jetson/slash_ws/install/mouse_teleop:/home/jetson/slash_ws/install/key_teleop:/opt/ros/foxy LD_LIBRARY_PATH=/home/jetson/slash_ws/install/teleop_tools_msgs/lib:/usr/local/cuda/lib64:/usr/local/cuda/lib64:/usr/local/cuda/lib64:/usr/local/cuda/lib64:/usr/local/cuda-11.4/lib64:/usr/local/cuda/lib64:/usr/local/cuda/lib64:/usr/local/cuda/lib64:/usr/local/cuda/lib64:/home/jetson/slash_ws/install/vesc_driver/lib:/home/jetson/slash_ws/install/vesc_ackermann/lib:/home/jetson/slash_ws/install/vesc_msgs/lib:/home/jetson/slash_ws/install/teb_local_planner/lib:/home/jetson/slash_ws/install/teb_msgs/lib:/home/jetson/slash_ws/install/pointcloud_to_laserscan/lib:/home/jetson/slash_ws/install/fast_lio/lib:/home/jetson/slash_ws/install/livox_ros_driver2/lib:/home/jetson/slash_ws/install/linefit_ground_segmentation/lib:/home/jetson/slash_ws/install/costmap_converter/lib:/home/jetson/slash_ws/install/costmap_converter_msgs/lib:/usr/lib/aarch64-linux-gnu/gazebo-11/plugins:/opt/ros/foxy/opt/yaml_cpp_vendor/lib:/opt/ros/foxy/opt/rviz_ogre_vendor/lib:/opt/ros/foxy/lib/aarch64-linux-gnu:/opt/ros/foxy/lib:/usr/local/cuda-11.4/lib64 PYTHONPATH=/home/jetson/slash_ws/install/joy_teleop/lib/python3.8/site-packages:/home/jetson/slash_ws/install/teleop_tools_msgs/lib/python3.8/site-packages:/home/jetson/slash_ws/install/key_teleop/lib/python3.8/site-packages:/home/jetson/slash_ws/install/f1tenth_stack/lib/python3.8/site-packages:/home/jetson/slash_ws/install/vesc_msgs/lib/python3.8/site-packages:/home/jetson/slash_ws/install/twist_to_ackermann/lib/python3.8/site-packages:/home/jetson/slash_ws/install/teb_msgs/lib/python3.8/site-packages:/home/jetson/slash_ws/install/roboracer_china_2025/lib/python3.8/site-packages:/home/jetson/slash_ws/install/mouse_teleop/lib/python3.8/site-packages:/home/jetson/slash_ws/install/fast_lio/lib/python3.8/site-packages:/home/jetson/slash_ws/install/livox_ros_driver2/lib/python3.8/site-packages:/home/jetson/slash_ws/install/costmap_converter_msgs/lib/python3.8/site-packages:/opt/ros/foxy/lib/python3.8/site-packages /usr/bin/cmake --install /home/jetson/slash_ws/build/teleop_tools
[10.355s] Level 1:colcon.colcon_core.environment:checking '/home/jetson/slash_ws/install/teleop_tools' for CMake module files
[10.357s] Level 1:colcon.colcon_core.environment:checking '/home/jetson/slash_ws/install/teleop_tools' for CMake config files
[10.358s] Level 1:colcon.colcon_core.shell:create_environment_hook('teleop_tools', 'cmake_prefix_path')
[10.358s] INFO:colcon.colcon_core.shell:Creating environment hook '/home/jetson/slash_ws/install/teleop_tools/share/teleop_tools/hook/cmake_prefix_path.ps1'
[10.360s] INFO:colcon.colcon_core.shell:Creating environment descriptor '/home/jetson/slash_ws/install/teleop_tools/share/teleop_tools/hook/cmake_prefix_path.dsv'
[10.361s] INFO:colcon.colcon_core.shell:Creating environment hook '/home/jetson/slash_ws/install/teleop_tools/share/teleop_tools/hook/cmake_prefix_path.sh'
[10.365s] Level 1:colcon.colcon_core.environment:checking '/home/jetson/slash_ws/install/teleop_tools/bin'
[10.365s] Level 1:colcon.colcon_core.environment:checking '/home/jetson/slash_ws/install/teleop_tools/lib/pkgconfig/teleop_tools.pc'
[10.366s] Level 1:colcon.colcon_core.environment:checking '/home/jetson/slash_ws/install/teleop_tools/lib/python3.8/site-packages'
[10.366s] Level 1:colcon.colcon_core.environment:checking '/home/jetson/slash_ws/install/teleop_tools/bin'
[10.367s] INFO:colcon.colcon_core.shell:Creating package script '/home/jetson/slash_ws/install/teleop_tools/share/teleop_tools/package.ps1'
[10.369s] INFO:colcon.colcon_core.shell:Creating package descriptor '/home/jetson/slash_ws/install/teleop_tools/share/teleop_tools/package.dsv'
[10.371s] INFO:colcon.colcon_core.shell:Creating package script '/home/jetson/slash_ws/install/teleop_tools/share/teleop_tools/package.sh'
[10.376s] INFO:colcon.colcon_core.shell:Creating package script '/home/jetson/slash_ws/install/teleop_tools/share/teleop_tools/package.bash'
[10.378s] INFO:colcon.colcon_core.shell:Creating package script '/home/jetson/slash_ws/install/teleop_tools/share/teleop_tools/package.zsh'
[10.379s] Level 1:colcon.colcon_core.environment:create_file_with_runtime_dependencies(/home/jetson/slash_ws/install/teleop_tools/share/colcon-core/packages/teleop_tools)
[10.380s] Level 1:colcon.colcon_core.environment:create_environment_scripts_only(teleop_tools)
[10.380s] Level 1:colcon.colcon_core.environment:checking '/home/jetson/slash_ws/install/teleop_tools' for CMake module files
[10.381s] Level 1:colcon.colcon_core.environment:checking '/home/jetson/slash_ws/install/teleop_tools' for CMake config files
[10.381s] Level 1:colcon.colcon_core.shell:create_environment_hook('teleop_tools', 'cmake_prefix_path')
[10.382s] INFO:colcon.colcon_core.shell:Creating environment hook '/home/jetson/slash_ws/install/teleop_tools/share/teleop_tools/hook/cmake_prefix_path.ps1'
[10.383s] INFO:colcon.colcon_core.shell:Creating environment descriptor '/home/jetson/slash_ws/install/teleop_tools/share/teleop_tools/hook/cmake_prefix_path.dsv'
[10.384s] INFO:colcon.colcon_core.shell:Creating environment hook '/home/jetson/slash_ws/install/teleop_tools/share/teleop_tools/hook/cmake_prefix_path.sh'
[10.385s] Level 1:colcon.colcon_core.environment:checking '/home/jetson/slash_ws/install/teleop_tools/bin'
[10.385s] Level 1:colcon.colcon_core.environment:checking '/home/jetson/slash_ws/install/teleop_tools/lib/pkgconfig/teleop_tools.pc'
[10.385s] Level 1:colcon.colcon_core.environment:checking '/home/jetson/slash_ws/install/teleop_tools/lib/python3.8/site-packages'
[10.386s] Level 1:colcon.colcon_core.environment:checking '/home/jetson/slash_ws/install/teleop_tools/bin'
[10.386s] INFO:colcon.colcon_core.shell:Creating package script '/home/jetson/slash_ws/install/teleop_tools/share/teleop_tools/package.ps1'
[10.388s] INFO:colcon.colcon_core.shell:Creating package descriptor '/home/jetson/slash_ws/install/teleop_tools/share/teleop_tools/package.dsv'
[10.389s] INFO:colcon.colcon_core.shell:Creating package script '/home/jetson/slash_ws/install/teleop_tools/share/teleop_tools/package.sh'
[10.390s] INFO:colcon.colcon_core.shell:Creating package script '/home/jetson/slash_ws/install/teleop_tools/share/teleop_tools/package.bash'
[10.391s] INFO:colcon.colcon_core.shell:Creating package script '/home/jetson/slash_ws/install/teleop_tools/share/teleop_tools/package.zsh'
[10.392s] Level 1:colcon.colcon_core.environment:create_file_with_runtime_dependencies(/home/jetson/slash_ws/install/teleop_tools/share/colcon-core/packages/teleop_tools)
[11.520s] Level 1:colcon.colcon_core.environment:checking '/home/jetson/slash_ws/install/twist_to_ackermann' for CMake module files
[11.522s] DEBUG:colcon.colcon_core.event_handler.log_command:Invoked command in '/home/jetson/slash_ws/src/slash_perception/twist_to_ackermann' returned '0': PYTHONPATH=/home/jetson/slash_ws/build/twist_to_ackermann/prefix_override:/usr/lib/python3/dist-packages/colcon_core/task/python/colcon_distutils_commands:/home/jetson/slash_ws/install/twist_to_ackermann/lib/python3.8/site-packages:${PYTHONPATH} /usr/bin/python3 -W ignore:setup.py install is deprecated -W ignore:easy_install command is deprecated setup.py egg_info --egg-base ../../../build/twist_to_ackermann build --build-base /home/jetson/slash_ws/build/twist_to_ackermann/build install --record /home/jetson/slash_ws/build/twist_to_ackermann/install.log --install-scripts $base/lib/twist_to_ackermann --single-version-externally-managed install_data
[11.522s] Level 1:colcon.colcon_core.environment:checking '/home/jetson/slash_ws/install/twist_to_ackermann' for CMake config files
[11.524s] Level 1:colcon.colcon_core.environment:checking '/home/jetson/slash_ws/install/twist_to_ackermann/lib'
[11.524s] Level 1:colcon.colcon_core.environment:checking '/home/jetson/slash_ws/install/twist_to_ackermann/bin'
[11.524s] Level 1:colcon.colcon_core.environment:checking '/home/jetson/slash_ws/install/twist_to_ackermann/lib/pkgconfig/twist_to_ackermann.pc'
[11.524s] Level 1:colcon.colcon_core.environment:checking '/home/jetson/slash_ws/install/twist_to_ackermann/lib/python3.8/site-packages'
[11.525s] Level 1:colcon.colcon_core.shell:create_environment_hook('twist_to_ackermann', 'pythonpath')
[11.525s] INFO:colcon.colcon_core.shell:Creating environment hook '/home/jetson/slash_ws/install/twist_to_ackermann/share/twist_to_ackermann/hook/pythonpath.ps1'
[11.526s] INFO:colcon.colcon_core.shell:Creating environment descriptor '/home/jetson/slash_ws/install/twist_to_ackermann/share/twist_to_ackermann/hook/pythonpath.dsv'
[11.527s] INFO:colcon.colcon_core.shell:Creating environment hook '/home/jetson/slash_ws/install/twist_to_ackermann/share/twist_to_ackermann/hook/pythonpath.sh'
[11.528s] Level 1:colcon.colcon_core.environment:checking '/home/jetson/slash_ws/install/twist_to_ackermann/bin'
[11.529s] Level 1:colcon.colcon_core.environment:create_environment_scripts_only(twist_to_ackermann)
[11.529s] INFO:colcon.colcon_core.shell:Creating package script '/home/jetson/slash_ws/install/twist_to_ackermann/share/twist_to_ackermann/package.ps1'
[11.531s] INFO:colcon.colcon_core.shell:Creating package descriptor '/home/jetson/slash_ws/install/twist_to_ackermann/share/twist_to_ackermann/package.dsv'
[11.532s] INFO:colcon.colcon_core.shell:Creating package script '/home/jetson/slash_ws/install/twist_to_ackermann/share/twist_to_ackermann/package.sh'
[11.533s] INFO:colcon.colcon_core.shell:Creating package script '/home/jetson/slash_ws/install/twist_to_ackermann/share/twist_to_ackermann/package.bash'
[11.533s] INFO:colcon.colcon_core.shell:Creating package script '/home/jetson/slash_ws/install/twist_to_ackermann/share/twist_to_ackermann/package.zsh'
[11.534s] Level 1:colcon.colcon_core.environment:create_file_with_runtime_dependencies(/home/jetson/slash_ws/install/twist_to_ackermann/share/colcon-core/packages/twist_to_ackermann)
[11.750s] DEBUG:colcon.colcon_core.event_handler.log_command:Invoking command in '/home/jetson/slash_ws/src/slash_hardware/f1tenth_system/f1tenth_stack': AMENT_PREFIX_PATH=/home/jetson/slash_ws/install/joy_teleop:/home/jetson/slash_ws/install/f1tenth_stack:/home/jetson/slash_ws/install/vesc:/home/jetson/slash_ws/install/vesc_driver:/home/jetson/slash_ws/install/vesc_ackermann:/home/jetson/slash_ws/install/vesc_msgs:/home/jetson/slash_ws/install/twist_to_ackermann:/home/jetson/slash_ws/install/teleop_tools:/home/jetson/slash_ws/install/teleop_tools_msgs:/home/jetson/slash_ws/install/teb_local_planner:/home/jetson/slash_ws/install/teb_msgs:/home/jetson/slash_ws/install/slash_nav2:/home/jetson/slash_ws/install/simple_mpc:/home/jetson/slash_ws/install/roboracer_china_2025:/home/jetson/slash_ws/install/pointcloud_to_laserscan:/home/jetson/slash_ws/install/mouse_teleop:/home/jetson/slash_ws/install/fast_lio:/home/jetson/slash_ws/install/livox_ros_driver2:/home/jetson/slash_ws/install/linefit_ground_segmentation_ros:/home/jetson/slash_ws/install/linefit_ground_segmentation:/home/jetson/slash_ws/install/key_teleop:/home/jetson/slash_ws/install/costmap_converter:/home/jetson/slash_ws/install/costmap_converter_msgs:/home/jetson/slash_ws/install/ackermann_mux:/opt/ros/foxy CMAKE_PREFIX_PATH=/home/jetson/slash_ws/install/vesc:/home/jetson/slash_ws/install/vesc_driver:/home/jetson/slash_ws/install/vesc_ackermann:/home/jetson/slash_ws/install/vesc_msgs:/home/jetson/slash_ws/install/teleop_tools_msgs:/home/jetson/slash_ws/install/ackermann_mux:/home/jetson/slash_ws/install/teleop_tools:/home/jetson/slash_ws/install/teb_local_planner:/home/jetson/slash_ws/install/teb_msgs:/home/jetson/slash_ws/install/slash_nav2:/home/jetson/slash_ws/install/simple_mpc:/home/jetson/slash_ws/install/pointcloud_to_laserscan:/home/jetson/slash_ws/install/fast_lio:/home/jetson/slash_ws/install/livox_ros_driver2:/home/jetson/slash_ws/install/linefit_ground_segmentation_ros:/home/jetson/slash_ws/install/linefit_ground_segmentation:/home/jetson/slash_ws/install/costmap_converter:/home/jetson/slash_ws/install/costmap_converter_msgs LD_LIBRARY_PATH=/home/jetson/slash_ws/install/vesc_driver/lib:/home/jetson/slash_ws/install/vesc_ackermann/lib:/home/jetson/slash_ws/install/vesc_msgs/lib:/home/jetson/slash_ws/install/teleop_tools_msgs/lib:/usr/local/cuda/lib64:/usr/local/cuda/lib64:/usr/local/cuda/lib64:/usr/local/cuda/lib64:/usr/local/cuda-11.4/lib64:/usr/local/cuda/lib64:/usr/local/cuda/lib64:/usr/local/cuda/lib64:/usr/local/cuda/lib64:/home/jetson/slash_ws/install/teb_local_planner/lib:/home/jetson/slash_ws/install/teb_msgs/lib:/home/jetson/slash_ws/install/pointcloud_to_laserscan/lib:/home/jetson/slash_ws/install/fast_lio/lib:/home/jetson/slash_ws/install/livox_ros_driver2/lib:/home/jetson/slash_ws/install/linefit_ground_segmentation/lib:/home/jetson/slash_ws/install/costmap_converter/lib:/home/jetson/slash_ws/install/costmap_converter_msgs/lib:/usr/lib/aarch64-linux-gnu/gazebo-11/plugins:/opt/ros/foxy/opt/yaml_cpp_vendor/lib:/opt/ros/foxy/opt/rviz_ogre_vendor/lib:/opt/ros/foxy/lib/aarch64-linux-gnu:/opt/ros/foxy/lib:/usr/local/cuda-11.4/lib64 PYTHONPATH=/home/jetson/slash_ws/build/f1tenth_stack/prefix_override:/usr/lib/python3/dist-packages/colcon_core/task/python/colcon_distutils_commands:/home/jetson/slash_ws/install/f1tenth_stack/lib/python3.8/site-packages:/home/jetson/slash_ws/install/joy_teleop/lib/python3.8/site-packages:/home/jetson/slash_ws/install/vesc_msgs/lib/python3.8/site-packages:/home/jetson/slash_ws/install/teleop_tools_msgs/lib/python3.8/site-packages:/home/jetson/slash_ws/install/f1tenth_stack/lib/python3.8/site-packages:/home/jetson/slash_ws/install/twist_to_ackermann/lib/python3.8/site-packages:/home/jetson/slash_ws/install/teb_msgs/lib/python3.8/site-packages:/home/jetson/slash_ws/install/roboracer_china_2025/lib/python3.8/site-packages:/home/jetson/slash_ws/install/mouse_teleop/lib/python3.8/site-packages:/home/jetson/slash_ws/install/fast_lio/lib/python3.8/site-packages:/home/jetson/slash_ws/install/livox_ros_driver2/lib/python3.8/site-packages:/home/jetson/slash_ws/install/key_teleop/lib/python3.8/site-packages:/home/jetson/slash_ws/install/costmap_converter_msgs/lib/python3.8/site-packages:/opt/ros/foxy/lib/python3.8/site-packages /usr/bin/python3 -W ignore:setup.py install is deprecated -W ignore:easy_install command is deprecated setup.py egg_info --egg-base ../../../../build/f1tenth_stack build --build-base /home/jetson/slash_ws/build/f1tenth_stack/build install --record /home/jetson/slash_ws/build/f1tenth_stack/install.log --single-version-externally-managed install_data
[12.889s] Level 1:colcon.colcon_core.environment:checking '/home/jetson/slash_ws/install/f1tenth_stack' for CMake module files
[12.890s] DEBUG:colcon.colcon_core.event_handler.log_command:Invoked command in '/home/jetson/slash_ws/src/slash_hardware/f1tenth_system/f1tenth_stack' returned '0': AMENT_PREFIX_PATH=/home/jetson/slash_ws/install/joy_teleop:/home/jetson/slash_ws/install/f1tenth_stack:/home/jetson/slash_ws/install/vesc:/home/jetson/slash_ws/install/vesc_driver:/home/jetson/slash_ws/install/vesc_ackermann:/home/jetson/slash_ws/install/vesc_msgs:/home/jetson/slash_ws/install/twist_to_ackermann:/home/jetson/slash_ws/install/teleop_tools:/home/jetson/slash_ws/install/teleop_tools_msgs:/home/jetson/slash_ws/install/teb_local_planner:/home/jetson/slash_ws/install/teb_msgs:/home/jetson/slash_ws/install/slash_nav2:/home/jetson/slash_ws/install/simple_mpc:/home/jetson/slash_ws/install/roboracer_china_2025:/home/jetson/slash_ws/install/pointcloud_to_laserscan:/home/jetson/slash_ws/install/mouse_teleop:/home/jetson/slash_ws/install/fast_lio:/home/jetson/slash_ws/install/livox_ros_driver2:/home/jetson/slash_ws/install/linefit_ground_segmentation_ros:/home/jetson/slash_ws/install/linefit_ground_segmentation:/home/jetson/slash_ws/install/key_teleop:/home/jetson/slash_ws/install/costmap_converter:/home/jetson/slash_ws/install/costmap_converter_msgs:/home/jetson/slash_ws/install/ackermann_mux:/opt/ros/foxy CMAKE_PREFIX_PATH=/home/jetson/slash_ws/install/vesc:/home/jetson/slash_ws/install/vesc_driver:/home/jetson/slash_ws/install/vesc_ackermann:/home/jetson/slash_ws/install/vesc_msgs:/home/jetson/slash_ws/install/teleop_tools_msgs:/home/jetson/slash_ws/install/ackermann_mux:/home/jetson/slash_ws/install/teleop_tools:/home/jetson/slash_ws/install/teb_local_planner:/home/jetson/slash_ws/install/teb_msgs:/home/jetson/slash_ws/install/slash_nav2:/home/jetson/slash_ws/install/simple_mpc:/home/jetson/slash_ws/install/pointcloud_to_laserscan:/home/jetson/slash_ws/install/fast_lio:/home/jetson/slash_ws/install/livox_ros_driver2:/home/jetson/slash_ws/install/linefit_ground_segmentation_ros:/home/jetson/slash_ws/install/linefit_ground_segmentation:/home/jetson/slash_ws/install/costmap_converter:/home/jetson/slash_ws/install/costmap_converter_msgs LD_LIBRARY_PATH=/home/jetson/slash_ws/install/vesc_driver/lib:/home/jetson/slash_ws/install/vesc_ackermann/lib:/home/jetson/slash_ws/install/vesc_msgs/lib:/home/jetson/slash_ws/install/teleop_tools_msgs/lib:/usr/local/cuda/lib64:/usr/local/cuda/lib64:/usr/local/cuda/lib64:/usr/local/cuda/lib64:/usr/local/cuda-11.4/lib64:/usr/local/cuda/lib64:/usr/local/cuda/lib64:/usr/local/cuda/lib64:/usr/local/cuda/lib64:/home/jetson/slash_ws/install/teb_local_planner/lib:/home/jetson/slash_ws/install/teb_msgs/lib:/home/jetson/slash_ws/install/pointcloud_to_laserscan/lib:/home/jetson/slash_ws/install/fast_lio/lib:/home/jetson/slash_ws/install/livox_ros_driver2/lib:/home/jetson/slash_ws/install/linefit_ground_segmentation/lib:/home/jetson/slash_ws/install/costmap_converter/lib:/home/jetson/slash_ws/install/costmap_converter_msgs/lib:/usr/lib/aarch64-linux-gnu/gazebo-11/plugins:/opt/ros/foxy/opt/yaml_cpp_vendor/lib:/opt/ros/foxy/opt/rviz_ogre_vendor/lib:/opt/ros/foxy/lib/aarch64-linux-gnu:/opt/ros/foxy/lib:/usr/local/cuda-11.4/lib64 PYTHONPATH=/home/jetson/slash_ws/build/f1tenth_stack/prefix_override:/usr/lib/python3/dist-packages/colcon_core/task/python/colcon_distutils_commands:/home/jetson/slash_ws/install/f1tenth_stack/lib/python3.8/site-packages:/home/jetson/slash_ws/install/joy_teleop/lib/python3.8/site-packages:/home/jetson/slash_ws/install/vesc_msgs/lib/python3.8/site-packages:/home/jetson/slash_ws/install/teleop_tools_msgs/lib/python3.8/site-packages:/home/jetson/slash_ws/install/f1tenth_stack/lib/python3.8/site-packages:/home/jetson/slash_ws/install/twist_to_ackermann/lib/python3.8/site-packages:/home/jetson/slash_ws/install/teb_msgs/lib/python3.8/site-packages:/home/jetson/slash_ws/install/roboracer_china_2025/lib/python3.8/site-packages:/home/jetson/slash_ws/install/mouse_teleop/lib/python3.8/site-packages:/home/jetson/slash_ws/install/fast_lio/lib/python3.8/site-packages:/home/jetson/slash_ws/install/livox_ros_driver2/lib/python3.8/site-packages:/home/jetson/slash_ws/install/key_teleop/lib/python3.8/site-packages:/home/jetson/slash_ws/install/costmap_converter_msgs/lib/python3.8/site-packages:/opt/ros/foxy/lib/python3.8/site-packages /usr/bin/python3 -W ignore:setup.py install is deprecated -W ignore:easy_install command is deprecated setup.py egg_info --egg-base ../../../../build/f1tenth_stack build --build-base /home/jetson/slash_ws/build/f1tenth_stack/build install --record /home/jetson/slash_ws/build/f1tenth_stack/install.log --single-version-externally-managed install_data
[12.891s] Level 1:colcon.colcon_core.environment:checking '/home/jetson/slash_ws/install/f1tenth_stack' for CMake config files
[12.892s] Level 1:colcon.colcon_core.environment:checking '/home/jetson/slash_ws/install/f1tenth_stack/lib'
[12.892s] Level 1:colcon.colcon_core.environment:checking '/home/jetson/slash_ws/install/f1tenth_stack/bin'
[12.892s] Level 1:colcon.colcon_core.environment:checking '/home/jetson/slash_ws/install/f1tenth_stack/lib/pkgconfig/f1tenth_stack.pc'
[12.893s] Level 1:colcon.colcon_core.environment:checking '/home/jetson/slash_ws/install/f1tenth_stack/lib/python3.8/site-packages'
[12.893s] Level 1:colcon.colcon_core.shell:create_environment_hook('f1tenth_stack', 'pythonpath')
[12.893s] INFO:colcon.colcon_core.shell:Creating environment hook '/home/jetson/slash_ws/install/f1tenth_stack/share/f1tenth_stack/hook/pythonpath.ps1'
[12.895s] INFO:colcon.colcon_core.shell:Creating environment descriptor '/home/jetson/slash_ws/install/f1tenth_stack/share/f1tenth_stack/hook/pythonpath.dsv'
[12.896s] INFO:colcon.colcon_core.shell:Creating environment hook '/home/jetson/slash_ws/install/f1tenth_stack/share/f1tenth_stack/hook/pythonpath.sh'
[12.897s] Level 1:colcon.colcon_core.environment:checking '/home/jetson/slash_ws/install/f1tenth_stack/bin'
[12.897s] Level 1:colcon.colcon_core.environment:create_environment_scripts_only(f1tenth_stack)
[12.898s] INFO:colcon.colcon_core.shell:Creating package script '/home/jetson/slash_ws/install/f1tenth_stack/share/f1tenth_stack/package.ps1'
[12.900s] INFO:colcon.colcon_core.shell:Creating package descriptor '/home/jetson/slash_ws/install/f1tenth_stack/share/f1tenth_stack/package.dsv'
[12.901s] INFO:colcon.colcon_core.shell:Creating package script '/home/jetson/slash_ws/install/f1tenth_stack/share/f1tenth_stack/package.sh'
[12.902s] INFO:colcon.colcon_core.shell:Creating package script '/home/jetson/slash_ws/install/f1tenth_stack/share/f1tenth_stack/package.bash'
[12.903s] INFO:colcon.colcon_core.shell:Creating package script '/home/jetson/slash_ws/install/f1tenth_stack/share/f1tenth_stack/package.zsh'
[12.904s] Level 1:colcon.colcon_core.environment:create_file_with_runtime_dependencies(/home/jetson/slash_ws/install/f1tenth_stack/share/colcon-core/packages/f1tenth_stack)
[12.906s] DEBUG:colcon.colcon_parallel_executor.executor.parallel:closing loop
[12.906s] DEBUG:colcon.colcon_parallel_executor.executor.parallel:loop closed
[12.906s] DEBUG:colcon.colcon_parallel_executor.executor.parallel:run_until_complete finished with '0'
[12.907s] DEBUG:colcon.colcon_core.event_reactor:joining thread
[12.925s] INFO:colcon.colcon_core.plugin_system:Skipping extension 'colcon_notification.desktop_notification.terminal_notifier': Not used on non-Darwin systems
[12.926s] INFO:colcon.colcon_core.plugin_system:Skipping extension 'colcon_notification.desktop_notification.win32': Not used on non-Windows systems
[12.926s] INFO:colcon.colcon_notification.desktop_notification:Sending desktop notification using 'notify2'
[12.968s] DEBUG:colcon.colcon_core.event_reactor:joined thread
[12.969s] INFO:colcon.colcon_core.shell:Creating prefix script '/home/jetson/slash_ws/install/local_setup.ps1'
[12.972s] INFO:colcon.colcon_core.shell:Creating prefix util module '/home/jetson/slash_ws/install/_local_setup_util_ps1.py'
[12.979s] INFO:colcon.colcon_core.shell:Creating prefix chain script '/home/jetson/slash_ws/install/setup.ps1'
[12.985s] INFO:colcon.colcon_core.shell:Creating prefix script '/home/jetson/slash_ws/install/local_setup.sh'
[12.987s] INFO:colcon.colcon_core.shell:Creating prefix util module '/home/jetson/slash_ws/install/_local_setup_util_sh.py'
[12.989s] INFO:colcon.colcon_core.shell:Creating prefix chain script '/home/jetson/slash_ws/install/setup.sh'
[12.994s] INFO:colcon.colcon_core.shell:Creating prefix script '/home/jetson/slash_ws/install/local_setup.bash'
[12.996s] INFO:colcon.colcon_core.shell:Creating prefix chain script '/home/jetson/slash_ws/install/setup.bash'
[13.001s] INFO:colcon.colcon_core.shell:Creating prefix script '/home/jetson/slash_ws/install/local_setup.zsh'
[13.003s] INFO:colcon.colcon_core.shell:Creating prefix chain script '/home/jetson/slash_ws/install/setup.zsh'
