[0.391s] DEBUG:colcon:Command line arguments: ['/usr/bin/colcon', 'build']
[0.391s] DEBUG:colcon:Parsed command line arguments: Namespace(allow_overriding=[], ament_cmake_args=None, base_paths=['.'], build_base='build', catkin_cmake_args=None, catkin_skip_building_tests=False, cmake_args=None, cmake_clean_cache=False, cmake_clean_first=False, cmake_force_configure=False, cmake_target=None, cmake_target_skip_unavailable=False, continue_on_error=False, event_handlers=None, executor='parallel', ignore_user_meta=False, install_base='install', log_base=None, log_level=None, main=<bound method BuildVerb.main of <colcon_core.verb.build.BuildVerb object at 0xffff9332dee0>>, merge_install=False, metas=['./colcon.meta'], packages_above=None, packages_above_and_dependencies=None, packages_above_depth=None, packages_end=None, packages_ignore=None, packages_ignore_regex=None, packages_select=None, packages_select_build_failed=False, packages_select_by_dep=None, packages_select_regex=None, packages_select_test_failures=False, packages_skip=None, packages_skip_build_finished=False, packages_skip_by_dep=None, packages_skip_regex=None, packages_skip_test_passed=False, packages_skip_up_to=None, packages_start=None, packages_up_to=None, packages_up_to_regex=None, parallel_workers=8, paths=None, symlink_install=False, test_result_base=None, verb_extension=<colcon_core.verb.build.BuildVerb object at 0xffff9332dee0>, verb_name='build', verb_parser=<colcon_defaults.argument_parser.defaults.DefaultArgumentsDecorator object at 0xffff9333a700>)
[0.869s] Level 1:colcon.colcon_core.package_discovery:discover_packages(colcon_meta) check parameters
[0.869s] Level 1:colcon.colcon_core.package_discovery:discover_packages(recursive) check parameters
[0.870s] Level 1:colcon.colcon_core.package_discovery:discover_packages(ignore) check parameters
[0.870s] Level 1:colcon.colcon_core.package_discovery:discover_packages(path) check parameters
[0.870s] Level 1:colcon.colcon_core.package_discovery:discover_packages(colcon_meta) discover
[0.870s] Level 1:colcon.colcon_core.package_discovery:discover_packages(recursive) discover
[0.870s] INFO:colcon.colcon_core.package_discovery:Crawling recursively for packages in '/home/jetson/slash_ws'
[0.870s] Level 1:colcon.colcon_core.package_identification:_identify(.) by extensions ['ignore', 'ignore_ament_install']
[0.871s] Level 1:colcon.colcon_core.package_identification:_identify(.) by extension 'ignore'
[0.871s] Level 1:colcon.colcon_core.package_identification:_identify(.) by extension 'ignore_ament_install'
[0.871s] Level 1:colcon.colcon_core.package_identification:_identify(.) by extensions ['colcon_pkg']
[0.871s] Level 1:colcon.colcon_core.package_identification:_identify(.) by extension 'colcon_pkg'
[0.871s] Level 1:colcon.colcon_core.package_identification:_identify(.) by extensions ['colcon_meta']
[0.871s] Level 1:colcon.colcon_core.package_identification:_identify(.) by extension 'colcon_meta'
[0.871s] Level 1:colcon.colcon_core.package_identification:_identify(.) by extensions ['ros']
[0.871s] Level 1:colcon.colcon_core.package_identification:_identify(.) by extension 'ros'
[0.897s] Level 1:colcon.colcon_core.package_identification:_identify(.) by extensions ['cmake', 'python']
[0.898s] Level 1:colcon.colcon_core.package_identification:_identify(.) by extension 'cmake'
[0.898s] Level 1:colcon.colcon_core.package_identification:_identify(.) by extension 'python'
[0.898s] Level 1:colcon.colcon_core.package_identification:_identify(.) by extensions ['python_setup_py']
[0.898s] Level 1:colcon.colcon_core.package_identification:_identify(.) by extension 'python_setup_py'
[0.898s] Level 1:colcon.colcon_core.package_identification:_identify(battle) by extensions ['ignore', 'ignore_ament_install']
[0.899s] Level 1:colcon.colcon_core.package_identification:_identify(battle) by extension 'ignore'
[0.899s] Level 1:colcon.colcon_core.package_identification:_identify(battle) by extension 'ignore_ament_install'
[0.899s] Level 1:colcon.colcon_core.package_identification:_identify(battle) by extensions ['colcon_pkg']
[0.899s] Level 1:colcon.colcon_core.package_identification:_identify(battle) by extension 'colcon_pkg'
[0.899s] Level 1:colcon.colcon_core.package_identification:_identify(battle) by extensions ['colcon_meta']
[0.899s] Level 1:colcon.colcon_core.package_identification:_identify(battle) by extension 'colcon_meta'
[0.899s] Level 1:colcon.colcon_core.package_identification:_identify(battle) by extensions ['ros']
[0.899s] Level 1:colcon.colcon_core.package_identification:_identify(battle) by extension 'ros'
[0.899s] Level 1:colcon.colcon_core.package_identification:_identify(battle) by extensions ['cmake', 'python']
[0.899s] Level 1:colcon.colcon_core.package_identification:_identify(battle) by extension 'cmake'
[0.900s] Level 1:colcon.colcon_core.package_identification:_identify(battle) by extension 'python'
[0.900s] Level 1:colcon.colcon_core.package_identification:_identify(battle) by extensions ['python_setup_py']
[0.900s] Level 1:colcon.colcon_core.package_identification:_identify(battle) by extension 'python_setup_py'
[0.900s] Level 1:colcon.colcon_core.package_identification:_identify(build) by extensions ['ignore', 'ignore_ament_install']
[0.900s] Level 1:colcon.colcon_core.package_identification:_identify(build) by extension 'ignore'
[0.900s] Level 1:colcon.colcon_core.package_identification:_identify(build) ignored
[0.901s] Level 1:colcon.colcon_core.package_identification:_identify(chassis_response_test) by extensions ['ignore', 'ignore_ament_install']
[0.901s] Level 1:colcon.colcon_core.package_identification:_identify(chassis_response_test) by extension 'ignore'
[0.901s] Level 1:colcon.colcon_core.package_identification:_identify(chassis_response_test) by extension 'ignore_ament_install'
[0.901s] Level 1:colcon.colcon_core.package_identification:_identify(chassis_response_test) by extensions ['colcon_pkg']
[0.901s] Level 1:colcon.colcon_core.package_identification:_identify(chassis_response_test) by extension 'colcon_pkg'
[0.901s] Level 1:colcon.colcon_core.package_identification:_identify(chassis_response_test) by extensions ['colcon_meta']
[0.901s] Level 1:colcon.colcon_core.package_identification:_identify(chassis_response_test) by extension 'colcon_meta'
[0.901s] Level 1:colcon.colcon_core.package_identification:_identify(chassis_response_test) by extensions ['ros']
[0.901s] Level 1:colcon.colcon_core.package_identification:_identify(chassis_response_test) by extension 'ros'
[0.901s] Level 1:colcon.colcon_core.package_identification:_identify(chassis_response_test) by extensions ['cmake', 'python']
[0.901s] Level 1:colcon.colcon_core.package_identification:_identify(chassis_response_test) by extension 'cmake'
[0.901s] Level 1:colcon.colcon_core.package_identification:_identify(chassis_response_test) by extension 'python'
[0.902s] Level 1:colcon.colcon_core.package_identification:_identify(chassis_response_test) by extensions ['python_setup_py']
[0.902s] Level 1:colcon.colcon_core.package_identification:_identify(chassis_response_test) by extension 'python_setup_py'
[0.902s] Level 1:colcon.colcon_core.package_identification:_identify(chassis_test) by extensions ['ignore', 'ignore_ament_install']
[0.902s] Level 1:colcon.colcon_core.package_identification:_identify(chassis_test) by extension 'ignore'
[0.902s] Level 1:colcon.colcon_core.package_identification:_identify(chassis_test) by extension 'ignore_ament_install'
[0.902s] Level 1:colcon.colcon_core.package_identification:_identify(chassis_test) by extensions ['colcon_pkg']
[0.902s] Level 1:colcon.colcon_core.package_identification:_identify(chassis_test) by extension 'colcon_pkg'
[0.902s] Level 1:colcon.colcon_core.package_identification:_identify(chassis_test) by extensions ['colcon_meta']
[0.902s] Level 1:colcon.colcon_core.package_identification:_identify(chassis_test) by extension 'colcon_meta'
[0.902s] Level 1:colcon.colcon_core.package_identification:_identify(chassis_test) by extensions ['ros']
[0.902s] Level 1:colcon.colcon_core.package_identification:_identify(chassis_test) by extension 'ros'
[0.903s] Level 1:colcon.colcon_core.package_identification:_identify(chassis_test) by extensions ['cmake', 'python']
[0.903s] Level 1:colcon.colcon_core.package_identification:_identify(chassis_test) by extension 'cmake'
[0.903s] Level 1:colcon.colcon_core.package_identification:_identify(chassis_test) by extension 'python'
[0.903s] Level 1:colcon.colcon_core.package_identification:_identify(chassis_test) by extensions ['python_setup_py']
[0.903s] Level 1:colcon.colcon_core.package_identification:_identify(chassis_test) by extension 'python_setup_py'
[0.903s] Level 1:colcon.colcon_core.package_identification:_identify(install) by extensions ['ignore', 'ignore_ament_install']
[0.903s] Level 1:colcon.colcon_core.package_identification:_identify(install) by extension 'ignore'
[0.903s] Level 1:colcon.colcon_core.package_identification:_identify(install) ignored
[0.904s] Level 1:colcon.colcon_core.package_identification:_identify(log) by extensions ['ignore', 'ignore_ament_install']
[0.904s] Level 1:colcon.colcon_core.package_identification:_identify(log) by extension 'ignore'
[0.904s] Level 1:colcon.colcon_core.package_identification:_identify(log) ignored
[0.904s] Level 1:colcon.colcon_core.package_identification:_identify(rosbag2_2025_09_19-21_39_40) by extensions ['ignore', 'ignore_ament_install']
[0.904s] Level 1:colcon.colcon_core.package_identification:_identify(rosbag2_2025_09_19-21_39_40) by extension 'ignore'
[0.904s] Level 1:colcon.colcon_core.package_identification:_identify(rosbag2_2025_09_19-21_39_40) by extension 'ignore_ament_install'
[0.904s] Level 1:colcon.colcon_core.package_identification:_identify(rosbag2_2025_09_19-21_39_40) by extensions ['colcon_pkg']
[0.904s] Level 1:colcon.colcon_core.package_identification:_identify(rosbag2_2025_09_19-21_39_40) by extension 'colcon_pkg'
[0.905s] Level 1:colcon.colcon_core.package_identification:_identify(rosbag2_2025_09_19-21_39_40) by extensions ['colcon_meta']
[0.905s] Level 1:colcon.colcon_core.package_identification:_identify(rosbag2_2025_09_19-21_39_40) by extension 'colcon_meta'
[0.905s] Level 1:colcon.colcon_core.package_identification:_identify(rosbag2_2025_09_19-21_39_40) by extensions ['ros']
[0.905s] Level 1:colcon.colcon_core.package_identification:_identify(rosbag2_2025_09_19-21_39_40) by extension 'ros'
[0.906s] Level 1:colcon.colcon_core.package_identification:_identify(rosbag2_2025_09_19-21_39_40) by extensions ['cmake', 'python']
[0.906s] Level 1:colcon.colcon_core.package_identification:_identify(rosbag2_2025_09_19-21_39_40) by extension 'cmake'
[0.906s] Level 1:colcon.colcon_core.package_identification:_identify(rosbag2_2025_09_19-21_39_40) by extension 'python'
[0.906s] Level 1:colcon.colcon_core.package_identification:_identify(rosbag2_2025_09_19-21_39_40) by extensions ['python_setup_py']
[0.906s] Level 1:colcon.colcon_core.package_identification:_identify(rosbag2_2025_09_19-21_39_40) by extension 'python_setup_py'
[0.907s] Level 1:colcon.colcon_core.package_identification:_identify(rosbag2_2026_05_05-17_10_20) by extensions ['ignore', 'ignore_ament_install']
[0.907s] Level 1:colcon.colcon_core.package_identification:_identify(rosbag2_2026_05_05-17_10_20) by extension 'ignore'
[0.907s] Level 1:colcon.colcon_core.package_identification:_identify(rosbag2_2026_05_05-17_10_20) by extension 'ignore_ament_install'
[0.907s] Level 1:colcon.colcon_core.package_identification:_identify(rosbag2_2026_05_05-17_10_20) by extensions ['colcon_pkg']
[0.907s] Level 1:colcon.colcon_core.package_identification:_identify(rosbag2_2026_05_05-17_10_20) by extension 'colcon_pkg'
[0.908s] Level 1:colcon.colcon_core.package_identification:_identify(rosbag2_2026_05_05-17_10_20) by extensions ['colcon_meta']
[0.908s] Level 1:colcon.colcon_core.package_identification:_identify(rosbag2_2026_05_05-17_10_20) by extension 'colcon_meta'
[0.908s] Level 1:colcon.colcon_core.package_identification:_identify(rosbag2_2026_05_05-17_10_20) by extensions ['ros']
[0.908s] Level 1:colcon.colcon_core.package_identification:_identify(rosbag2_2026_05_05-17_10_20) by extension 'ros'
[0.909s] Level 1:colcon.colcon_core.package_identification:_identify(rosbag2_2026_05_05-17_10_20) by extensions ['cmake', 'python']
[0.909s] Level 1:colcon.colcon_core.package_identification:_identify(rosbag2_2026_05_05-17_10_20) by extension 'cmake'
[0.909s] Level 1:colcon.colcon_core.package_identification:_identify(rosbag2_2026_05_05-17_10_20) by extension 'python'
[0.909s] Level 1:colcon.colcon_core.package_identification:_identify(rosbag2_2026_05_05-17_10_20) by extensions ['python_setup_py']
[0.909s] Level 1:colcon.colcon_core.package_identification:_identify(rosbag2_2026_05_05-17_10_20) by extension 'python_setup_py'
[0.910s] Level 1:colcon.colcon_core.package_identification:_identify(rosbag2_2026_05_05-17_25_20) by extensions ['ignore', 'ignore_ament_install']
[0.910s] Level 1:colcon.colcon_core.package_identification:_identify(rosbag2_2026_05_05-17_25_20) by extension 'ignore'
[0.910s] Level 1:colcon.colcon_core.package_identification:_identify(rosbag2_2026_05_05-17_25_20) by extension 'ignore_ament_install'
[0.910s] Level 1:colcon.colcon_core.package_identification:_identify(rosbag2_2026_05_05-17_25_20) by extensions ['colcon_pkg']
[0.911s] Level 1:colcon.colcon_core.package_identification:_identify(rosbag2_2026_05_05-17_25_20) by extension 'colcon_pkg'
[0.911s] Level 1:colcon.colcon_core.package_identification:_identify(rosbag2_2026_05_05-17_25_20) by extensions ['colcon_meta']
[0.911s] Level 1:colcon.colcon_core.package_identification:_identify(rosbag2_2026_05_05-17_25_20) by extension 'colcon_meta'
[0.911s] Level 1:colcon.colcon_core.package_identification:_identify(rosbag2_2026_05_05-17_25_20) by extensions ['ros']
[0.911s] Level 1:colcon.colcon_core.package_identification:_identify(rosbag2_2026_05_05-17_25_20) by extension 'ros'
[0.912s] Level 1:colcon.colcon_core.package_identification:_identify(rosbag2_2026_05_05-17_25_20) by extensions ['cmake', 'python']
[0.912s] Level 1:colcon.colcon_core.package_identification:_identify(rosbag2_2026_05_05-17_25_20) by extension 'cmake'
[0.912s] Level 1:colcon.colcon_core.package_identification:_identify(rosbag2_2026_05_05-17_25_20) by extension 'python'
[0.912s] Level 1:colcon.colcon_core.package_identification:_identify(rosbag2_2026_05_05-17_25_20) by extensions ['python_setup_py']
[0.912s] Level 1:colcon.colcon_core.package_identification:_identify(rosbag2_2026_05_05-17_25_20) by extension 'python_setup_py'
[0.912s] Level 1:colcon.colcon_core.package_identification:_identify(rosbag2_2026_05_12-21_10_10) by extensions ['ignore', 'ignore_ament_install']
[0.913s] Level 1:colcon.colcon_core.package_identification:_identify(rosbag2_2026_05_12-21_10_10) by extension 'ignore'
[0.913s] Level 1:colcon.colcon_core.package_identification:_identify(rosbag2_2026_05_12-21_10_10) by extension 'ignore_ament_install'
[0.913s] Level 1:colcon.colcon_core.package_identification:_identify(rosbag2_2026_05_12-21_10_10) by extensions ['colcon_pkg']
[0.913s] Level 1:colcon.colcon_core.package_identification:_identify(rosbag2_2026_05_12-21_10_10) by extension 'colcon_pkg'
[0.913s] Level 1:colcon.colcon_core.package_identification:_identify(rosbag2_2026_05_12-21_10_10) by extensions ['colcon_meta']
[0.913s] Level 1:colcon.colcon_core.package_identification:_identify(rosbag2_2026_05_12-21_10_10) by extension 'colcon_meta'
[0.913s] Level 1:colcon.colcon_core.package_identification:_identify(rosbag2_2026_05_12-21_10_10) by extensions ['ros']
[0.913s] Level 1:colcon.colcon_core.package_identification:_identify(rosbag2_2026_05_12-21_10_10) by extension 'ros'
[0.913s] Level 1:colcon.colcon_core.package_identification:_identify(rosbag2_2026_05_12-21_10_10) by extensions ['cmake', 'python']
[0.913s] Level 1:colcon.colcon_core.package_identification:_identify(rosbag2_2026_05_12-21_10_10) by extension 'cmake'
[0.913s] Level 1:colcon.colcon_core.package_identification:_identify(rosbag2_2026_05_12-21_10_10) by extension 'python'
[0.913s] Level 1:colcon.colcon_core.package_identification:_identify(rosbag2_2026_05_12-21_10_10) by extensions ['python_setup_py']
[0.913s] Level 1:colcon.colcon_core.package_identification:_identify(rosbag2_2026_05_12-21_10_10) by extension 'python_setup_py'
[0.914s] Level 1:colcon.colcon_core.package_identification:_identify(src) by extensions ['ignore', 'ignore_ament_install']
[0.914s] Level 1:colcon.colcon_core.package_identification:_identify(src) by extension 'ignore'
[0.914s] Level 1:colcon.colcon_core.package_identification:_identify(src) by extension 'ignore_ament_install'
[0.914s] Level 1:colcon.colcon_core.package_identification:_identify(src) by extensions ['colcon_pkg']
[0.914s] Level 1:colcon.colcon_core.package_identification:_identify(src) by extension 'colcon_pkg'
[0.914s] Level 1:colcon.colcon_core.package_identification:_identify(src) by extensions ['colcon_meta']
[0.914s] Level 1:colcon.colcon_core.package_identification:_identify(src) by extension 'colcon_meta'
[0.914s] Level 1:colcon.colcon_core.package_identification:_identify(src) by extensions ['ros']
[0.914s] Level 1:colcon.colcon_core.package_identification:_identify(src) by extension 'ros'
[0.915s] Level 1:colcon.colcon_core.package_identification:_identify(src) by extensions ['cmake', 'python']
[0.915s] Level 1:colcon.colcon_core.package_identification:_identify(src) by extension 'cmake'
[0.915s] Level 1:colcon.colcon_core.package_identification:_identify(src) by extension 'python'
[0.915s] Level 1:colcon.colcon_core.package_identification:_identify(src) by extensions ['python_setup_py']
[0.915s] Level 1:colcon.colcon_core.package_identification:_identify(src) by extension 'python_setup_py'
[0.915s] Level 1:colcon.colcon_core.package_identification:_identify(src/slash_controller) by extensions ['ignore', 'ignore_ament_install']
[0.915s] Level 1:colcon.colcon_core.package_identification:_identify(src/slash_controller) by extension 'ignore'
[0.915s] Level 1:colcon.colcon_core.package_identification:_identify(src/slash_controller) by extension 'ignore_ament_install'
[0.915s] Level 1:colcon.colcon_core.package_identification:_identify(src/slash_controller) by extensions ['colcon_pkg']
[0.915s] Level 1:colcon.colcon_core.package_identification:_identify(src/slash_controller) by extension 'colcon_pkg'
[0.915s] Level 1:colcon.colcon_core.package_identification:_identify(src/slash_controller) by extensions ['colcon_meta']
[0.915s] Level 1:colcon.colcon_core.package_identification:_identify(src/slash_controller) by extension 'colcon_meta'
[0.916s] Level 1:colcon.colcon_core.package_identification:_identify(src/slash_controller) by extensions ['ros']
[0.916s] Level 1:colcon.colcon_core.package_identification:_identify(src/slash_controller) by extension 'ros'
[0.916s] Level 1:colcon.colcon_core.package_identification:_identify(src/slash_controller) by extensions ['cmake', 'python']
[0.916s] Level 1:colcon.colcon_core.package_identification:_identify(src/slash_controller) by extension 'cmake'
[0.916s] Level 1:colcon.colcon_core.package_identification:_identify(src/slash_controller) by extension 'python'
[0.916s] Level 1:colcon.colcon_core.package_identification:_identify(src/slash_controller) by extensions ['python_setup_py']
[0.916s] Level 1:colcon.colcon_core.package_identification:_identify(src/slash_controller) by extension 'python_setup_py'
[0.916s] Level 1:colcon.colcon_core.package_identification:_identify(src/slash_controller/simple_mpc) by extensions ['ignore', 'ignore_ament_install']
[0.916s] Level 1:colcon.colcon_core.package_identification:_identify(src/slash_controller/simple_mpc) by extension 'ignore'
[0.916s] Level 1:colcon.colcon_core.package_identification:_identify(src/slash_controller/simple_mpc) by extension 'ignore_ament_install'
[0.917s] Level 1:colcon.colcon_core.package_identification:_identify(src/slash_controller/simple_mpc) by extensions ['colcon_pkg']
[0.917s] Level 1:colcon.colcon_core.package_identification:_identify(src/slash_controller/simple_mpc) by extension 'colcon_pkg'
[0.917s] Level 1:colcon.colcon_core.package_identification:_identify(src/slash_controller/simple_mpc) by extensions ['colcon_meta']
[0.917s] Level 1:colcon.colcon_core.package_identification:_identify(src/slash_controller/simple_mpc) by extension 'colcon_meta'
[0.917s] Level 1:colcon.colcon_core.package_identification:_identify(src/slash_controller/simple_mpc) by extensions ['ros']
[0.917s] Level 1:colcon.colcon_core.package_identification:_identify(src/slash_controller/simple_mpc) by extension 'ros'
[0.922s] DEBUG:colcon.colcon_core.package_identification:Package 'src/slash_controller/simple_mpc' with type 'ros.ament_cmake' and name 'simple_mpc'
[0.922s] Level 1:colcon.colcon_core.package_identification:_identify(src/slash_hardware) by extensions ['ignore', 'ignore_ament_install']
[0.923s] Level 1:colcon.colcon_core.package_identification:_identify(src/slash_hardware) by extension 'ignore'
[0.923s] Level 1:colcon.colcon_core.package_identification:_identify(src/slash_hardware) by extension 'ignore_ament_install'
[0.923s] Level 1:colcon.colcon_core.package_identification:_identify(src/slash_hardware) by extensions ['colcon_pkg']
[0.923s] Level 1:colcon.colcon_core.package_identification:_identify(src/slash_hardware) by extension 'colcon_pkg'
[0.923s] Level 1:colcon.colcon_core.package_identification:_identify(src/slash_hardware) by extensions ['colcon_meta']
[0.923s] Level 1:colcon.colcon_core.package_identification:_identify(src/slash_hardware) by extension 'colcon_meta'
[0.923s] Level 1:colcon.colcon_core.package_identification:_identify(src/slash_hardware) by extensions ['ros']
[0.923s] Level 1:colcon.colcon_core.package_identification:_identify(src/slash_hardware) by extension 'ros'
[0.923s] Level 1:colcon.colcon_core.package_identification:_identify(src/slash_hardware) by extensions ['cmake', 'python']
[0.923s] Level 1:colcon.colcon_core.package_identification:_identify(src/slash_hardware) by extension 'cmake'
[0.924s] Level 1:colcon.colcon_core.package_identification:_identify(src/slash_hardware) by extension 'python'
[0.924s] Level 1:colcon.colcon_core.package_identification:_identify(src/slash_hardware) by extensions ['python_setup_py']
[0.924s] Level 1:colcon.colcon_core.package_identification:_identify(src/slash_hardware) by extension 'python_setup_py'
[0.924s] Level 1:colcon.colcon_core.package_identification:_identify(src/slash_hardware/f1tenth_system) by extensions ['ignore', 'ignore_ament_install']
[0.924s] Level 1:colcon.colcon_core.package_identification:_identify(src/slash_hardware/f1tenth_system) by extension 'ignore'
[0.924s] Level 1:colcon.colcon_core.package_identification:_identify(src/slash_hardware/f1tenth_system) by extension 'ignore_ament_install'
[0.924s] Level 1:colcon.colcon_core.package_identification:_identify(src/slash_hardware/f1tenth_system) by extensions ['colcon_pkg']
[0.924s] Level 1:colcon.colcon_core.package_identification:_identify(src/slash_hardware/f1tenth_system) by extension 'colcon_pkg'
[0.924s] Level 1:colcon.colcon_core.package_identification:_identify(src/slash_hardware/f1tenth_system) by extensions ['colcon_meta']
[0.924s] Level 1:colcon.colcon_core.package_identification:_identify(src/slash_hardware/f1tenth_system) by extension 'colcon_meta'
[0.925s] Level 1:colcon.colcon_core.package_identification:_identify(src/slash_hardware/f1tenth_system) by extensions ['ros']
[0.925s] Level 1:colcon.colcon_core.package_identification:_identify(src/slash_hardware/f1tenth_system) by extension 'ros'
[0.925s] Level 1:colcon.colcon_core.package_identification:_identify(src/slash_hardware/f1tenth_system) by extensions ['cmake', 'python']
[0.925s] Level 1:colcon.colcon_core.package_identification:_identify(src/slash_hardware/f1tenth_system) by extension 'cmake'
[0.925s] Level 1:colcon.colcon_core.package_identification:_identify(src/slash_hardware/f1tenth_system) by extension 'python'
[0.925s] Level 1:colcon.colcon_core.package_identification:_identify(src/slash_hardware/f1tenth_system) by extensions ['python_setup_py']
[0.925s] Level 1:colcon.colcon_core.package_identification:_identify(src/slash_hardware/f1tenth_system) by extension 'python_setup_py'
[0.925s] Level 1:colcon.colcon_core.package_identification:_identify(src/slash_hardware/f1tenth_system/ackermann_mux) by extensions ['ignore', 'ignore_ament_install']
[0.925s] Level 1:colcon.colcon_core.package_identification:_identify(src/slash_hardware/f1tenth_system/ackermann_mux) by extension 'ignore'
[0.926s] Level 1:colcon.colcon_core.package_identification:_identify(src/slash_hardware/f1tenth_system/ackermann_mux) by extension 'ignore_ament_install'
[0.926s] Level 1:colcon.colcon_core.package_identification:_identify(src/slash_hardware/f1tenth_system/ackermann_mux) by extensions ['colcon_pkg']
[0.926s] Level 1:colcon.colcon_core.package_identification:_identify(src/slash_hardware/f1tenth_system/ackermann_mux) by extension 'colcon_pkg'
[0.926s] Level 1:colcon.colcon_core.package_identification:_identify(src/slash_hardware/f1tenth_system/ackermann_mux) by extensions ['colcon_meta']
[0.926s] Level 1:colcon.colcon_core.package_identification:_identify(src/slash_hardware/f1tenth_system/ackermann_mux) by extension 'colcon_meta'
[0.926s] Level 1:colcon.colcon_core.package_identification:_identify(src/slash_hardware/f1tenth_system/ackermann_mux) by extensions ['ros']
[0.926s] Level 1:colcon.colcon_core.package_identification:_identify(src/slash_hardware/f1tenth_system/ackermann_mux) by extension 'ros'
[0.928s] DEBUG:colcon.colcon_core.package_identification:Package 'src/slash_hardware/f1tenth_system/ackermann_mux' with type 'ros.ament_cmake' and name 'ackermann_mux'
[0.928s] Level 1:colcon.colcon_core.package_identification:_identify(src/slash_hardware/f1tenth_system/f1tenth_stack) by extensions ['ignore', 'ignore_ament_install']
[0.928s] Level 1:colcon.colcon_core.package_identification:_identify(src/slash_hardware/f1tenth_system/f1tenth_stack) by extension 'ignore'
[0.929s] Level 1:colcon.colcon_core.package_identification:_identify(src/slash_hardware/f1tenth_system/f1tenth_stack) by extension 'ignore_ament_install'
[0.929s] Level 1:colcon.colcon_core.package_identification:_identify(src/slash_hardware/f1tenth_system/f1tenth_stack) by extensions ['colcon_pkg']
[0.929s] Level 1:colcon.colcon_core.package_identification:_identify(src/slash_hardware/f1tenth_system/f1tenth_stack) by extension 'colcon_pkg'
[0.929s] Level 1:colcon.colcon_core.package_identification:_identify(src/slash_hardware/f1tenth_system/f1tenth_stack) by extensions ['colcon_meta']
[0.929s] Level 1:colcon.colcon_core.package_identification:_identify(src/slash_hardware/f1tenth_system/f1tenth_stack) by extension 'colcon_meta'
[0.929s] Level 1:colcon.colcon_core.package_identification:_identify(src/slash_hardware/f1tenth_system/f1tenth_stack) by extensions ['ros']
[0.929s] Level 1:colcon.colcon_core.package_identification:_identify(src/slash_hardware/f1tenth_system/f1tenth_stack) by extension 'ros'
[0.931s] DEBUG:colcon.colcon_core.package_identification:Package 'src/slash_hardware/f1tenth_system/f1tenth_stack' with type 'ros.ament_python' and name 'f1tenth_stack'
[0.931s] Level 1:colcon.colcon_core.package_identification:_identify(src/slash_hardware/f1tenth_system/scripts) by extensions ['ignore', 'ignore_ament_install']
[0.931s] Level 1:colcon.colcon_core.package_identification:_identify(src/slash_hardware/f1tenth_system/scripts) by extension 'ignore'
[0.932s] Level 1:colcon.colcon_core.package_identification:_identify(src/slash_hardware/f1tenth_system/scripts) by extension 'ignore_ament_install'
[0.932s] Level 1:colcon.colcon_core.package_identification:_identify(src/slash_hardware/f1tenth_system/scripts) by extensions ['colcon_pkg']
[0.932s] Level 1:colcon.colcon_core.package_identification:_identify(src/slash_hardware/f1tenth_system/scripts) by extension 'colcon_pkg'
[0.932s] Level 1:colcon.colcon_core.package_identification:_identify(src/slash_hardware/f1tenth_system/scripts) by extensions ['colcon_meta']
[0.932s] Level 1:colcon.colcon_core.package_identification:_identify(src/slash_hardware/f1tenth_system/scripts) by extension 'colcon_meta'
[0.932s] Level 1:colcon.colcon_core.package_identification:_identify(src/slash_hardware/f1tenth_system/scripts) by extensions ['ros']
[0.932s] Level 1:colcon.colcon_core.package_identification:_identify(src/slash_hardware/f1tenth_system/scripts) by extension 'ros'
[0.932s] Level 1:colcon.colcon_core.package_identification:_identify(src/slash_hardware/f1tenth_system/scripts) by extensions ['cmake', 'python']
[0.932s] Level 1:colcon.colcon_core.package_identification:_identify(src/slash_hardware/f1tenth_system/scripts) by extension 'cmake'
[0.933s] Level 1:colcon.colcon_core.package_identification:_identify(src/slash_hardware/f1tenth_system/scripts) by extension 'python'
[0.933s] Level 1:colcon.colcon_core.package_identification:_identify(src/slash_hardware/f1tenth_system/scripts) by extensions ['python_setup_py']
[0.933s] Level 1:colcon.colcon_core.package_identification:_identify(src/slash_hardware/f1tenth_system/scripts) by extension 'python_setup_py'
[0.933s] Level 1:colcon.colcon_core.package_identification:_identify(src/slash_hardware/f1tenth_system/teleop_tools) by extensions ['ignore', 'ignore_ament_install']
[0.933s] Level 1:colcon.colcon_core.package_identification:_identify(src/slash_hardware/f1tenth_system/teleop_tools) by extension 'ignore'
[0.933s] Level 1:colcon.colcon_core.package_identification:_identify(src/slash_hardware/f1tenth_system/teleop_tools) by extension 'ignore_ament_install'
[0.933s] Level 1:colcon.colcon_core.package_identification:_identify(src/slash_hardware/f1tenth_system/teleop_tools) by extensions ['colcon_pkg']
[0.933s] Level 1:colcon.colcon_core.package_identification:_identify(src/slash_hardware/f1tenth_system/teleop_tools) by extension 'colcon_pkg'
[0.933s] Level 1:colcon.colcon_core.package_identification:_identify(src/slash_hardware/f1tenth_system/teleop_tools) by extensions ['colcon_meta']
[0.933s] Level 1:colcon.colcon_core.package_identification:_identify(src/slash_hardware/f1tenth_system/teleop_tools) by extension 'colcon_meta'
[0.934s] Level 1:colcon.colcon_core.package_identification:_identify(src/slash_hardware/f1tenth_system/teleop_tools) by extensions ['ros']
[0.934s] Level 1:colcon.colcon_core.package_identification:_identify(src/slash_hardware/f1tenth_system/teleop_tools) by extension 'ros'
[0.934s] Level 1:colcon.colcon_core.package_identification:_identify(src/slash_hardware/f1tenth_system/teleop_tools) by extensions ['cmake', 'python']
[0.934s] Level 1:colcon.colcon_core.package_identification:_identify(src/slash_hardware/f1tenth_system/teleop_tools) by extension 'cmake'
[0.934s] Level 1:colcon.colcon_core.package_identification:_identify(src/slash_hardware/f1tenth_system/teleop_tools) by extension 'python'
[0.934s] Level 1:colcon.colcon_core.package_identification:_identify(src/slash_hardware/f1tenth_system/teleop_tools) by extensions ['python_setup_py']
[0.934s] Level 1:colcon.colcon_core.package_identification:_identify(src/slash_hardware/f1tenth_system/teleop_tools) by extension 'python_setup_py'
[0.934s] Level 1:colcon.colcon_core.package_identification:_identify(src/slash_hardware/f1tenth_system/teleop_tools/joy_teleop) by extensions ['ignore', 'ignore_ament_install']
[0.934s] Level 1:colcon.colcon_core.package_identification:_identify(src/slash_hardware/f1tenth_system/teleop_tools/joy_teleop) by extension 'ignore'
[0.934s] Level 1:colcon.colcon_core.package_identification:_identify(src/slash_hardware/f1tenth_system/teleop_tools/joy_teleop) by extension 'ignore_ament_install'
[0.935s] Level 1:colcon.colcon_core.package_identification:_identify(src/slash_hardware/f1tenth_system/teleop_tools/joy_teleop) by extensions ['colcon_pkg']
[0.935s] Level 1:colcon.colcon_core.package_identification:_identify(src/slash_hardware/f1tenth_system/teleop_tools/joy_teleop) by extension 'colcon_pkg'
[0.935s] Level 1:colcon.colcon_core.package_identification:_identify(src/slash_hardware/f1tenth_system/teleop_tools/joy_teleop) by extensions ['colcon_meta']
[0.935s] Level 1:colcon.colcon_core.package_identification:_identify(src/slash_hardware/f1tenth_system/teleop_tools/joy_teleop) by extension 'colcon_meta'
[0.935s] Level 1:colcon.colcon_core.package_identification:_identify(src/slash_hardware/f1tenth_system/teleop_tools/joy_teleop) by extensions ['ros']
[0.935s] Level 1:colcon.colcon_core.package_identification:_identify(src/slash_hardware/f1tenth_system/teleop_tools/joy_teleop) by extension 'ros'
[0.936s] DEBUG:colcon.colcon_core.package_identification:Package 'src/slash_hardware/f1tenth_system/teleop_tools/joy_teleop' with type 'ros.ament_python' and name 'joy_teleop'
[0.937s] Level 1:colcon.colcon_core.package_identification:_identify(src/slash_hardware/f1tenth_system/teleop_tools/key_teleop) by extensions ['ignore', 'ignore_ament_install']
[0.937s] Level 1:colcon.colcon_core.package_identification:_identify(src/slash_hardware/f1tenth_system/teleop_tools/key_teleop) by extension 'ignore'
[0.937s] Level 1:colcon.colcon_core.package_identification:_identify(src/slash_hardware/f1tenth_system/teleop_tools/key_teleop) by extension 'ignore_ament_install'
[0.937s] Level 1:colcon.colcon_core.package_identification:_identify(src/slash_hardware/f1tenth_system/teleop_tools/key_teleop) by extensions ['colcon_pkg']
[0.937s] Level 1:colcon.colcon_core.package_identification:_identify(src/slash_hardware/f1tenth_system/teleop_tools/key_teleop) by extension 'colcon_pkg'
[0.937s] Level 1:colcon.colcon_core.package_identification:_identify(src/slash_hardware/f1tenth_system/teleop_tools/key_teleop) by extensions ['colcon_meta']
[0.937s] Level 1:colcon.colcon_core.package_identification:_identify(src/slash_hardware/f1tenth_system/teleop_tools/key_teleop) by extension 'colcon_meta'
[0.937s] Level 1:colcon.colcon_core.package_identification:_identify(src/slash_hardware/f1tenth_system/teleop_tools/key_teleop) by extensions ['ros']
[0.937s] Level 1:colcon.colcon_core.package_identification:_identify(src/slash_hardware/f1tenth_system/teleop_tools/key_teleop) by extension 'ros'
[0.939s] DEBUG:colcon.colcon_core.package_identification:Package 'src/slash_hardware/f1tenth_system/teleop_tools/key_teleop' with type 'ros.ament_python' and name 'key_teleop'
[0.939s] Level 1:colcon.colcon_core.package_identification:_identify(src/slash_hardware/f1tenth_system/teleop_tools/mouse_teleop) by extensions ['ignore', 'ignore_ament_install']
[0.939s] Level 1:colcon.colcon_core.package_identification:_identify(src/slash_hardware/f1tenth_system/teleop_tools/mouse_teleop) by extension 'ignore'
[0.939s] Level 1:colcon.colcon_core.package_identification:_identify(src/slash_hardware/f1tenth_system/teleop_tools/mouse_teleop) by extension 'ignore_ament_install'
[0.939s] Level 1:colcon.colcon_core.package_identification:_identify(src/slash_hardware/f1tenth_system/teleop_tools/mouse_teleop) by extensions ['colcon_pkg']
[0.939s] Level 1:colcon.colcon_core.package_identification:_identify(src/slash_hardware/f1tenth_system/teleop_tools/mouse_teleop) by extension 'colcon_pkg'
[0.939s] Level 1:colcon.colcon_core.package_identification:_identify(src/slash_hardware/f1tenth_system/teleop_tools/mouse_teleop) by extensions ['colcon_meta']
[0.939s] Level 1:colcon.colcon_core.package_identification:_identify(src/slash_hardware/f1tenth_system/teleop_tools/mouse_teleop) by extension 'colcon_meta'
[0.939s] Level 1:colcon.colcon_core.package_identification:_identify(src/slash_hardware/f1tenth_system/teleop_tools/mouse_teleop) by extensions ['ros']
[0.940s] Level 1:colcon.colcon_core.package_identification:_identify(src/slash_hardware/f1tenth_system/teleop_tools/mouse_teleop) by extension 'ros'
[0.941s] DEBUG:colcon.colcon_core.package_identification:Package 'src/slash_hardware/f1tenth_system/teleop_tools/mouse_teleop' with type 'ros.ament_python' and name 'mouse_teleop'
[0.941s] Level 1:colcon.colcon_core.package_identification:_identify(src/slash_hardware/f1tenth_system/teleop_tools/teleop_tools) by extensions ['ignore', 'ignore_ament_install']
[0.941s] Level 1:colcon.colcon_core.package_identification:_identify(src/slash_hardware/f1tenth_system/teleop_tools/teleop_tools) by extension 'ignore'
[0.941s] Level 1:colcon.colcon_core.package_identification:_identify(src/slash_hardware/f1tenth_system/teleop_tools/teleop_tools) by extension 'ignore_ament_install'
[0.941s] Level 1:colcon.colcon_core.package_identification:_identify(src/slash_hardware/f1tenth_system/teleop_tools/teleop_tools) by extensions ['colcon_pkg']
[0.941s] Level 1:colcon.colcon_core.package_identification:_identify(src/slash_hardware/f1tenth_system/teleop_tools/teleop_tools) by extension 'colcon_pkg'
[0.941s] Level 1:colcon.colcon_core.package_identification:_identify(src/slash_hardware/f1tenth_system/teleop_tools/teleop_tools) by extensions ['colcon_meta']
[0.941s] Level 1:colcon.colcon_core.package_identification:_identify(src/slash_hardware/f1tenth_system/teleop_tools/teleop_tools) by extension 'colcon_meta'
[0.942s] Level 1:colcon.colcon_core.package_identification:_identify(src/slash_hardware/f1tenth_system/teleop_tools/teleop_tools) by extensions ['ros']
[0.942s] Level 1:colcon.colcon_core.package_identification:_identify(src/slash_hardware/f1tenth_system/teleop_tools/teleop_tools) by extension 'ros'
[0.943s] DEBUG:colcon.colcon_core.package_identification:Package 'src/slash_hardware/f1tenth_system/teleop_tools/teleop_tools' with type 'ros.ament_cmake' and name 'teleop_tools'
[0.943s] Level 1:colcon.colcon_core.package_identification:_identify(src/slash_hardware/f1tenth_system/teleop_tools/teleop_tools_msgs) by extensions ['ignore', 'ignore_ament_install']
[0.943s] Level 1:colcon.colcon_core.package_identification:_identify(src/slash_hardware/f1tenth_system/teleop_tools/teleop_tools_msgs) by extension 'ignore'
[0.943s] Level 1:colcon.colcon_core.package_identification:_identify(src/slash_hardware/f1tenth_system/teleop_tools/teleop_tools_msgs) by extension 'ignore_ament_install'
[0.944s] Level 1:colcon.colcon_core.package_identification:_identify(src/slash_hardware/f1tenth_system/teleop_tools/teleop_tools_msgs) by extensions ['colcon_pkg']
[0.944s] Level 1:colcon.colcon_core.package_identification:_identify(src/slash_hardware/f1tenth_system/teleop_tools/teleop_tools_msgs) by extension 'colcon_pkg'
[0.944s] Level 1:colcon.colcon_core.package_identification:_identify(src/slash_hardware/f1tenth_system/teleop_tools/teleop_tools_msgs) by extensions ['colcon_meta']
[0.944s] Level 1:colcon.colcon_core.package_identification:_identify(src/slash_hardware/f1tenth_system/teleop_tools/teleop_tools_msgs) by extension 'colcon_meta'
[0.944s] Level 1:colcon.colcon_core.package_identification:_identify(src/slash_hardware/f1tenth_system/teleop_tools/teleop_tools_msgs) by extensions ['ros']
[0.944s] Level 1:colcon.colcon_core.package_identification:_identify(src/slash_hardware/f1tenth_system/teleop_tools/teleop_tools_msgs) by extension 'ros'
[0.945s] DEBUG:colcon.colcon_core.package_identification:Package 'src/slash_hardware/f1tenth_system/teleop_tools/teleop_tools_msgs' with type 'ros.ament_cmake' and name 'teleop_tools_msgs'
[0.945s] Level 1:colcon.colcon_core.package_identification:_identify(src/slash_hardware/f1tenth_system/vesc) by extensions ['ignore', 'ignore_ament_install']
[0.946s] Level 1:colcon.colcon_core.package_identification:_identify(src/slash_hardware/f1tenth_system/vesc) by extension 'ignore'
[0.946s] Level 1:colcon.colcon_core.package_identification:_identify(src/slash_hardware/f1tenth_system/vesc) by extension 'ignore_ament_install'
[0.946s] Level 1:colcon.colcon_core.package_identification:_identify(src/slash_hardware/f1tenth_system/vesc) by extensions ['colcon_pkg']
[0.946s] Level 1:colcon.colcon_core.package_identification:_identify(src/slash_hardware/f1tenth_system/vesc) by extension 'colcon_pkg'
[0.946s] Level 1:colcon.colcon_core.package_identification:_identify(src/slash_hardware/f1tenth_system/vesc) by extensions ['colcon_meta']
[0.946s] Level 1:colcon.colcon_core.package_identification:_identify(src/slash_hardware/f1tenth_system/vesc) by extension 'colcon_meta'
[0.946s] Level 1:colcon.colcon_core.package_identification:_identify(src/slash_hardware/f1tenth_system/vesc) by extensions ['ros']
[0.946s] Level 1:colcon.colcon_core.package_identification:_identify(src/slash_hardware/f1tenth_system/vesc) by extension 'ros'
[0.946s] Level 1:colcon.colcon_core.package_identification:_identify(src/slash_hardware/f1tenth_system/vesc) by extensions ['cmake', 'python']
[0.946s] Level 1:colcon.colcon_core.package_identification:_identify(src/slash_hardware/f1tenth_system/vesc) by extension 'cmake'
[0.946s] Level 1:colcon.colcon_core.package_identification:_identify(src/slash_hardware/f1tenth_system/vesc) by extension 'python'
[0.947s] Level 1:colcon.colcon_core.package_identification:_identify(src/slash_hardware/f1tenth_system/vesc) by extensions ['python_setup_py']
[0.947s] Level 1:colcon.colcon_core.package_identification:_identify(src/slash_hardware/f1tenth_system/vesc) by extension 'python_setup_py'
[0.947s] Level 1:colcon.colcon_core.package_identification:_identify(src/slash_hardware/f1tenth_system/vesc/vesc) by extensions ['ignore', 'ignore_ament_install']
[0.947s] Level 1:colcon.colcon_core.package_identification:_identify(src/slash_hardware/f1tenth_system/vesc/vesc) by extension 'ignore'
[0.947s] Level 1:colcon.colcon_core.package_identification:_identify(src/slash_hardware/f1tenth_system/vesc/vesc) by extension 'ignore_ament_install'
[0.947s] Level 1:colcon.colcon_core.package_identification:_identify(src/slash_hardware/f1tenth_system/vesc/vesc) by extensions ['colcon_pkg']
[0.947s] Level 1:colcon.colcon_core.package_identification:_identify(src/slash_hardware/f1tenth_system/vesc/vesc) by extension 'colcon_pkg'
[0.948s] Level 1:colcon.colcon_core.package_identification:_identify(src/slash_hardware/f1tenth_system/vesc/vesc) by extensions ['colcon_meta']
[0.948s] Level 1:colcon.colcon_core.package_identification:_identify(src/slash_hardware/f1tenth_system/vesc/vesc) by extension 'colcon_meta'
[0.948s] Level 1:colcon.colcon_core.package_identification:_identify(src/slash_hardware/f1tenth_system/vesc/vesc) by extensions ['ros']
[0.948s] Level 1:colcon.colcon_core.package_identification:_identify(src/slash_hardware/f1tenth_system/vesc/vesc) by extension 'ros'
[0.949s] DEBUG:colcon.colcon_core.package_identification:Package 'src/slash_hardware/f1tenth_system/vesc/vesc' with type 'ros.ament_cmake' and name 'vesc'
[0.949s] Level 1:colcon.colcon_core.package_identification:_identify(src/slash_hardware/f1tenth_system/vesc/vesc_ackermann) by extensions ['ignore', 'ignore_ament_install']
[0.949s] Level 1:colcon.colcon_core.package_identification:_identify(src/slash_hardware/f1tenth_system/vesc/vesc_ackermann) by extension 'ignore'
[0.949s] Level 1:colcon.colcon_core.package_identification:_identify(src/slash_hardware/f1tenth_system/vesc/vesc_ackermann) by extension 'ignore_ament_install'
[0.949s] Level 1:colcon.colcon_core.package_identification:_identify(src/slash_hardware/f1tenth_system/vesc/vesc_ackermann) by extensions ['colcon_pkg']
[0.950s] Level 1:colcon.colcon_core.package_identification:_identify(src/slash_hardware/f1tenth_system/vesc/vesc_ackermann) by extension 'colcon_pkg'
[0.950s] Level 1:colcon.colcon_core.package_identification:_identify(src/slash_hardware/f1tenth_system/vesc/vesc_ackermann) by extensions ['colcon_meta']
[0.950s] Level 1:colcon.colcon_core.package_identification:_identify(src/slash_hardware/f1tenth_system/vesc/vesc_ackermann) by extension 'colcon_meta'
[0.950s] Level 1:colcon.colcon_core.package_identification:_identify(src/slash_hardware/f1tenth_system/vesc/vesc_ackermann) by extensions ['ros']
[0.950s] Level 1:colcon.colcon_core.package_identification:_identify(src/slash_hardware/f1tenth_system/vesc/vesc_ackermann) by extension 'ros'
[0.952s] DEBUG:colcon.colcon_core.package_identification:Package 'src/slash_hardware/f1tenth_system/vesc/vesc_ackermann' with type 'ros.ament_cmake' and name 'vesc_ackermann'
[0.952s] Level 1:colcon.colcon_core.package_identification:_identify(src/slash_hardware/f1tenth_system/vesc/vesc_driver) by extensions ['ignore', 'ignore_ament_install']
[0.952s] Level 1:colcon.colcon_core.package_identification:_identify(src/slash_hardware/f1tenth_system/vesc/vesc_driver) by extension 'ignore'
[0.952s] Level 1:colcon.colcon_core.package_identification:_identify(src/slash_hardware/f1tenth_system/vesc/vesc_driver) by extension 'ignore_ament_install'
[0.952s] Level 1:colcon.colcon_core.package_identification:_identify(src/slash_hardware/f1tenth_system/vesc/vesc_driver) by extensions ['colcon_pkg']
[0.952s] Level 1:colcon.colcon_core.package_identification:_identify(src/slash_hardware/f1tenth_system/vesc/vesc_driver) by extension 'colcon_pkg'
[0.952s] Level 1:colcon.colcon_core.package_identification:_identify(src/slash_hardware/f1tenth_system/vesc/vesc_driver) by extensions ['colcon_meta']
[0.952s] Level 1:colcon.colcon_core.package_identification:_identify(src/slash_hardware/f1tenth_system/vesc/vesc_driver) by extension 'colcon_meta'
[0.953s] Level 1:colcon.colcon_core.package_identification:_identify(src/slash_hardware/f1tenth_system/vesc/vesc_driver) by extensions ['ros']
[0.953s] Level 1:colcon.colcon_core.package_identification:_identify(src/slash_hardware/f1tenth_system/vesc/vesc_driver) by extension 'ros'
[0.954s] DEBUG:colcon.colcon_core.package_identification:Package 'src/slash_hardware/f1tenth_system/vesc/vesc_driver' with type 'ros.ament_cmake' and name 'vesc_driver'
[0.955s] Level 1:colcon.colcon_core.package_identification:_identify(src/slash_hardware/f1tenth_system/vesc/vesc_msgs) by extensions ['ignore', 'ignore_ament_install']
[0.955s] Level 1:colcon.colcon_core.package_identification:_identify(src/slash_hardware/f1tenth_system/vesc/vesc_msgs) by extension 'ignore'
[0.955s] Level 1:colcon.colcon_core.package_identification:_identify(src/slash_hardware/f1tenth_system/vesc/vesc_msgs) by extension 'ignore_ament_install'
[0.955s] Level 1:colcon.colcon_core.package_identification:_identify(src/slash_hardware/f1tenth_system/vesc/vesc_msgs) by extensions ['colcon_pkg']
[0.955s] Level 1:colcon.colcon_core.package_identification:_identify(src/slash_hardware/f1tenth_system/vesc/vesc_msgs) by extension 'colcon_pkg'
[0.955s] Level 1:colcon.colcon_core.package_identification:_identify(src/slash_hardware/f1tenth_system/vesc/vesc_msgs) by extensions ['colcon_meta']
[0.955s] Level 1:colcon.colcon_core.package_identification:_identify(src/slash_hardware/f1tenth_system/vesc/vesc_msgs) by extension 'colcon_meta'
[0.955s] Level 1:colcon.colcon_core.package_identification:_identify(src/slash_hardware/f1tenth_system/vesc/vesc_msgs) by extensions ['ros']
[0.955s] Level 1:colcon.colcon_core.package_identification:_identify(src/slash_hardware/f1tenth_system/vesc/vesc_msgs) by extension 'ros'
[0.957s] DEBUG:colcon.colcon_core.package_identification:Package 'src/slash_hardware/f1tenth_system/vesc/vesc_msgs' with type 'ros.ament_cmake' and name 'vesc_msgs'
[0.957s] Level 1:colcon.colcon_core.package_identification:_identify(src/slash_hardware/livox_ros_driver2) by extensions ['ignore', 'ignore_ament_install']
[0.958s] Level 1:colcon.colcon_core.package_identification:_identify(src/slash_hardware/livox_ros_driver2) by extension 'ignore'
[0.958s] Level 1:colcon.colcon_core.package_identification:_identify(src/slash_hardware/livox_ros_driver2) by extension 'ignore_ament_install'
[0.958s] Level 1:colcon.colcon_core.package_identification:_identify(src/slash_hardware/livox_ros_driver2) by extensions ['colcon_pkg']
[0.958s] Level 1:colcon.colcon_core.package_identification:_identify(src/slash_hardware/livox_ros_driver2) by extension 'colcon_pkg'
[0.958s] Level 1:colcon.colcon_core.package_identification:_identify(src/slash_hardware/livox_ros_driver2) by extensions ['colcon_meta']
[0.958s] Level 1:colcon.colcon_core.package_identification:_identify(src/slash_hardware/livox_ros_driver2) by extension 'colcon_meta'
[0.958s] Level 1:colcon.colcon_core.package_identification:_identify(src/slash_hardware/livox_ros_driver2) by extensions ['ros']
[0.958s] Level 1:colcon.colcon_core.package_identification:_identify(src/slash_hardware/livox_ros_driver2) by extension 'ros'
[0.958s] Level 1:colcon.colcon_core.package_identification:_identify(src/slash_hardware/livox_ros_driver2) by extensions ['cmake', 'python']
[0.958s] Level 1:colcon.colcon_core.package_identification:_identify(src/slash_hardware/livox_ros_driver2) by extension 'cmake'
[0.958s] Level 1:colcon.colcon_core.package_identification:_identify(src/slash_hardware/livox_ros_driver2) by extension 'python'
[0.959s] Level 1:colcon.colcon_core.package_identification:_identify(src/slash_hardware/livox_ros_driver2) by extensions ['python_setup_py']
[0.959s] Level 1:colcon.colcon_core.package_identification:_identify(src/slash_hardware/livox_ros_driver2) by extension 'python_setup_py'
[0.959s] Level 1:colcon.colcon_core.package_identification:_identify(src/slash_hardware/livox_ros_driver2/src) by extensions ['ignore', 'ignore_ament_install']
[0.959s] Level 1:colcon.colcon_core.package_identification:_identify(src/slash_hardware/livox_ros_driver2/src) by extension 'ignore'
[0.959s] Level 1:colcon.colcon_core.package_identification:_identify(src/slash_hardware/livox_ros_driver2/src) by extension 'ignore_ament_install'
[0.959s] Level 1:colcon.colcon_core.package_identification:_identify(src/slash_hardware/livox_ros_driver2/src) by extensions ['colcon_pkg']
[0.959s] Level 1:colcon.colcon_core.package_identification:_identify(src/slash_hardware/livox_ros_driver2/src) by extension 'colcon_pkg'
[0.959s] Level 1:colcon.colcon_core.package_identification:_identify(src/slash_hardware/livox_ros_driver2/src) by extensions ['colcon_meta']
[0.959s] Level 1:colcon.colcon_core.package_identification:_identify(src/slash_hardware/livox_ros_driver2/src) by extension 'colcon_meta'
[0.959s] Level 1:colcon.colcon_core.package_identification:_identify(src/slash_hardware/livox_ros_driver2/src) by extensions ['ros']
[0.960s] Level 1:colcon.colcon_core.package_identification:_identify(src/slash_hardware/livox_ros_driver2/src) by extension 'ros'
[0.962s] DEBUG:colcon.colcon_core.package_identification:Package 'src/slash_hardware/livox_ros_driver2/src' with type 'ros.ament_cmake' and name 'livox_ros_driver2'
[0.962s] Level 1:colcon.colcon_core.package_identification:_identify(src/slash_localization) by extensions ['ignore', 'ignore_ament_install']
[0.962s] Level 1:colcon.colcon_core.package_identification:_identify(src/slash_localization) by extension 'ignore'
[0.962s] Level 1:colcon.colcon_core.package_identification:_identify(src/slash_localization) by extension 'ignore_ament_install'
[0.962s] Level 1:colcon.colcon_core.package_identification:_identify(src/slash_localization) by extensions ['colcon_pkg']
[0.962s] Level 1:colcon.colcon_core.package_identification:_identify(src/slash_localization) by extension 'colcon_pkg'
[0.962s] Level 1:colcon.colcon_core.package_identification:_identify(src/slash_localization) by extensions ['colcon_meta']
[0.962s] Level 1:colcon.colcon_core.package_identification:_identify(src/slash_localization) by extension 'colcon_meta'
[0.963s] Level 1:colcon.colcon_core.package_identification:_identify(src/slash_localization) by extensions ['ros']
[0.963s] Level 1:colcon.colcon_core.package_identification:_identify(src/slash_localization) by extension 'ros'
[0.963s] Level 1:colcon.colcon_core.package_identification:_identify(src/slash_localization) by extensions ['cmake', 'python']
[0.963s] Level 1:colcon.colcon_core.package_identification:_identify(src/slash_localization) by extension 'cmake'
[0.963s] Level 1:colcon.colcon_core.package_identification:_identify(src/slash_localization) by extension 'python'
[0.963s] Level 1:colcon.colcon_core.package_identification:_identify(src/slash_localization) by extensions ['python_setup_py']
[0.963s] Level 1:colcon.colcon_core.package_identification:_identify(src/slash_localization) by extension 'python_setup_py'
[0.963s] Level 1:colcon.colcon_core.package_identification:_identify(src/slash_localization/FAST_LIO) by extensions ['ignore', 'ignore_ament_install']
[0.963s] Level 1:colcon.colcon_core.package_identification:_identify(src/slash_localization/FAST_LIO) by extension 'ignore'
[0.964s] Level 1:colcon.colcon_core.package_identification:_identify(src/slash_localization/FAST_LIO) by extension 'ignore_ament_install'
[0.964s] Level 1:colcon.colcon_core.package_identification:_identify(src/slash_localization/FAST_LIO) by extensions ['colcon_pkg']
[0.964s] Level 1:colcon.colcon_core.package_identification:_identify(src/slash_localization/FAST_LIO) by extension 'colcon_pkg'
[0.964s] Level 1:colcon.colcon_core.package_identification:_identify(src/slash_localization/FAST_LIO) by extensions ['colcon_meta']
[0.964s] Level 1:colcon.colcon_core.package_identification:_identify(src/slash_localization/FAST_LIO) by extension 'colcon_meta'
[0.964s] Level 1:colcon.colcon_core.package_identification:_identify(src/slash_localization/FAST_LIO) by extensions ['ros']
[0.964s] Level 1:colcon.colcon_core.package_identification:_identify(src/slash_localization/FAST_LIO) by extension 'ros'
[0.966s] DEBUG:colcon.colcon_core.package_identification:Package 'src/slash_localization/FAST_LIO' with type 'ros.ament_cmake' and name 'fast_lio'
[0.966s] Level 1:colcon.colcon_core.package_identification:_identify(src/slash_navigation) by extensions ['ignore', 'ignore_ament_install']
[0.966s] Level 1:colcon.colcon_core.package_identification:_identify(src/slash_navigation) by extension 'ignore'
[0.967s] Level 1:colcon.colcon_core.package_identification:_identify(src/slash_navigation) by extension 'ignore_ament_install'
[0.967s] Level 1:colcon.colcon_core.package_identification:_identify(src/slash_navigation) by extensions ['colcon_pkg']
[0.967s] Level 1:colcon.colcon_core.package_identification:_identify(src/slash_navigation) by extension 'colcon_pkg'
[0.967s] Level 1:colcon.colcon_core.package_identification:_identify(src/slash_navigation) by extensions ['colcon_meta']
[0.967s] Level 1:colcon.colcon_core.package_identification:_identify(src/slash_navigation) by extension 'colcon_meta'
[0.967s] Level 1:colcon.colcon_core.package_identification:_identify(src/slash_navigation) by extensions ['ros']
[0.967s] Level 1:colcon.colcon_core.package_identification:_identify(src/slash_navigation) by extension 'ros'
[0.967s] Level 1:colcon.colcon_core.package_identification:_identify(src/slash_navigation) by extensions ['cmake', 'python']
[0.967s] Level 1:colcon.colcon_core.package_identification:_identify(src/slash_navigation) by extension 'cmake'
[0.967s] Level 1:colcon.colcon_core.package_identification:_identify(src/slash_navigation) by extension 'python'
[0.967s] Level 1:colcon.colcon_core.package_identification:_identify(src/slash_navigation) by extensions ['python_setup_py']
[0.967s] Level 1:colcon.colcon_core.package_identification:_identify(src/slash_navigation) by extension 'python_setup_py'
[0.968s] Level 1:colcon.colcon_core.package_identification:_identify(src/slash_navigation/costmap_converter) by extensions ['ignore', 'ignore_ament_install']
[0.968s] Level 1:colcon.colcon_core.package_identification:_identify(src/slash_navigation/costmap_converter) by extension 'ignore'
[0.968s] Level 1:colcon.colcon_core.package_identification:_identify(src/slash_navigation/costmap_converter) by extension 'ignore_ament_install'
[0.968s] Level 1:colcon.colcon_core.package_identification:_identify(src/slash_navigation/costmap_converter) by extensions ['colcon_pkg']
[0.968s] Level 1:colcon.colcon_core.package_identification:_identify(src/slash_navigation/costmap_converter) by extension 'colcon_pkg'
[0.968s] Level 1:colcon.colcon_core.package_identification:_identify(src/slash_navigation/costmap_converter) by extensions ['colcon_meta']
[0.968s] Level 1:colcon.colcon_core.package_identification:_identify(src/slash_navigation/costmap_converter) by extension 'colcon_meta'
[0.968s] Level 1:colcon.colcon_core.package_identification:_identify(src/slash_navigation/costmap_converter) by extensions ['ros']
[0.968s] Level 1:colcon.colcon_core.package_identification:_identify(src/slash_navigation/costmap_converter) by extension 'ros'
[0.969s] Level 1:colcon.colcon_core.package_identification:_identify(src/slash_navigation/costmap_converter) by extensions ['cmake', 'python']
[0.969s] Level 1:colcon.colcon_core.package_identification:_identify(src/slash_navigation/costmap_converter) by extension 'cmake'
[0.969s] Level 1:colcon.colcon_core.package_identification:_identify(src/slash_navigation/costmap_converter) by extension 'python'
[0.969s] Level 1:colcon.colcon_core.package_identification:_identify(src/slash_navigation/costmap_converter) by extensions ['python_setup_py']
[0.969s] Level 1:colcon.colcon_core.package_identification:_identify(src/slash_navigation/costmap_converter) by extension 'python_setup_py'
[0.969s] Level 1:colcon.colcon_core.package_identification:_identify(src/slash_navigation/costmap_converter/costmap_converter) by extensions ['ignore', 'ignore_ament_install']
[0.969s] Level 1:colcon.colcon_core.package_identification:_identify(src/slash_navigation/costmap_converter/costmap_converter) by extension 'ignore'
[0.969s] Level 1:colcon.colcon_core.package_identification:_identify(src/slash_navigation/costmap_converter/costmap_converter) by extension 'ignore_ament_install'
[0.969s] Level 1:colcon.colcon_core.package_identification:_identify(src/slash_navigation/costmap_converter/costmap_converter) by extensions ['colcon_pkg']
[0.969s] Level 1:colcon.colcon_core.package_identification:_identify(src/slash_navigation/costmap_converter/costmap_converter) by extension 'colcon_pkg'
[0.970s] Level 1:colcon.colcon_core.package_identification:_identify(src/slash_navigation/costmap_converter/costmap_converter) by extensions ['colcon_meta']
[0.970s] Level 1:colcon.colcon_core.package_identification:_identify(src/slash_navigation/costmap_converter/costmap_converter) by extension 'colcon_meta'
[0.970s] Level 1:colcon.colcon_core.package_identification:_identify(src/slash_navigation/costmap_converter/costmap_converter) by extensions ['ros']
[0.970s] Level 1:colcon.colcon_core.package_identification:_identify(src/slash_navigation/costmap_converter/costmap_converter) by extension 'ros'
[0.972s] DEBUG:colcon.colcon_core.package_identification:Package 'src/slash_navigation/costmap_converter/costmap_converter' with type 'ros.ament_cmake' and name 'costmap_converter'
[0.972s] Level 1:colcon.colcon_core.package_identification:_identify(src/slash_navigation/costmap_converter/costmap_converter_msgs) by extensions ['ignore', 'ignore_ament_install']
[0.972s] Level 1:colcon.colcon_core.package_identification:_identify(src/slash_navigation/costmap_converter/costmap_converter_msgs) by extension 'ignore'
[0.972s] Level 1:colcon.colcon_core.package_identification:_identify(src/slash_navigation/costmap_converter/costmap_converter_msgs) by extension 'ignore_ament_install'
[0.972s] Level 1:colcon.colcon_core.package_identification:_identify(src/slash_navigation/costmap_converter/costmap_converter_msgs) by extensions ['colcon_pkg']
[0.972s] Level 1:colcon.colcon_core.package_identification:_identify(src/slash_navigation/costmap_converter/costmap_converter_msgs) by extension 'colcon_pkg'
[0.973s] Level 1:colcon.colcon_core.package_identification:_identify(src/slash_navigation/costmap_converter/costmap_converter_msgs) by extensions ['colcon_meta']
[0.973s] Level 1:colcon.colcon_core.package_identification:_identify(src/slash_navigation/costmap_converter/costmap_converter_msgs) by extension 'colcon_meta'
[0.973s] Level 1:colcon.colcon_core.package_identification:_identify(src/slash_navigation/costmap_converter/costmap_converter_msgs) by extensions ['ros']
[0.973s] Level 1:colcon.colcon_core.package_identification:_identify(src/slash_navigation/costmap_converter/costmap_converter_msgs) by extension 'ros'
[0.974s] DEBUG:colcon.colcon_core.package_identification:Package 'src/slash_navigation/costmap_converter/costmap_converter_msgs' with type 'ros.ament_cmake' and name 'costmap_converter_msgs'
[0.974s] Level 1:colcon.colcon_core.package_identification:_identify(src/slash_navigation/creat_line) by extensions ['ignore', 'ignore_ament_install']
[0.975s] Level 1:colcon.colcon_core.package_identification:_identify(src/slash_navigation/creat_line) by extension 'ignore'
[0.975s] Level 1:colcon.colcon_core.package_identification:_identify(src/slash_navigation/creat_line) by extension 'ignore_ament_install'
[0.975s] Level 1:colcon.colcon_core.package_identification:_identify(src/slash_navigation/creat_line) by extensions ['colcon_pkg']
[0.975s] Level 1:colcon.colcon_core.package_identification:_identify(src/slash_navigation/creat_line) by extension 'colcon_pkg'
[0.975s] Level 1:colcon.colcon_core.package_identification:_identify(src/slash_navigation/creat_line) by extensions ['colcon_meta']
[0.975s] Level 1:colcon.colcon_core.package_identification:_identify(src/slash_navigation/creat_line) by extension 'colcon_meta'
[0.975s] Level 1:colcon.colcon_core.package_identification:_identify(src/slash_navigation/creat_line) by extensions ['ros']
[0.975s] Level 1:colcon.colcon_core.package_identification:_identify(src/slash_navigation/creat_line) by extension 'ros'
[0.975s] Level 1:colcon.colcon_core.package_identification:_identify(src/slash_navigation/creat_line) by extensions ['cmake', 'python']
[0.975s] Level 1:colcon.colcon_core.package_identification:_identify(src/slash_navigation/creat_line) by extension 'cmake'
[0.976s] Level 1:colcon.colcon_core.package_identification:_identify(src/slash_navigation/creat_line) by extension 'python'
[0.976s] Level 1:colcon.colcon_core.package_identification:_identify(src/slash_navigation/creat_line) by extensions ['python_setup_py']
[0.976s] Level 1:colcon.colcon_core.package_identification:_identify(src/slash_navigation/creat_line) by extension 'python_setup_py'
[0.976s] Level 1:colcon.colcon_core.package_identification:_identify(src/slash_navigation/roboracer_china_2025) by extensions ['ignore', 'ignore_ament_install']
[0.976s] Level 1:colcon.colcon_core.package_identification:_identify(src/slash_navigation/roboracer_china_2025) by extension 'ignore'
[0.976s] Level 1:colcon.colcon_core.package_identification:_identify(src/slash_navigation/roboracer_china_2025) by extension 'ignore_ament_install'
[0.976s] Level 1:colcon.colcon_core.package_identification:_identify(src/slash_navigation/roboracer_china_2025) by extensions ['colcon_pkg']
[0.976s] Level 1:colcon.colcon_core.package_identification:_identify(src/slash_navigation/roboracer_china_2025) by extension 'colcon_pkg'
[0.976s] Level 1:colcon.colcon_core.package_identification:_identify(src/slash_navigation/roboracer_china_2025) by extensions ['colcon_meta']
[0.976s] Level 1:colcon.colcon_core.package_identification:_identify(src/slash_navigation/roboracer_china_2025) by extension 'colcon_meta'
[0.977s] Level 1:colcon.colcon_core.package_identification:_identify(src/slash_navigation/roboracer_china_2025) by extensions ['ros']
[0.977s] Level 1:colcon.colcon_core.package_identification:_identify(src/slash_navigation/roboracer_china_2025) by extension 'ros'
[0.978s] DEBUG:colcon.colcon_core.package_identification:Package 'src/slash_navigation/roboracer_china_2025' with type 'ros.ament_python' and name 'roboracer_china_2025'
[0.978s] Level 1:colcon.colcon_core.package_identification:_identify(src/slash_navigation/slash_nav2) by extensions ['ignore', 'ignore_ament_install']
[0.978s] Level 1:colcon.colcon_core.package_identification:_identify(src/slash_navigation/slash_nav2) by extension 'ignore'
[0.978s] Level 1:colcon.colcon_core.package_identification:_identify(src/slash_navigation/slash_nav2) by extension 'ignore_ament_install'
[0.978s] Level 1:colcon.colcon_core.package_identification:_identify(src/slash_navigation/slash_nav2) by extensions ['colcon_pkg']
[0.979s] Level 1:colcon.colcon_core.package_identification:_identify(src/slash_navigation/slash_nav2) by extension 'colcon_pkg'
[0.979s] Level 1:colcon.colcon_core.package_identification:_identify(src/slash_navigation/slash_nav2) by extensions ['colcon_meta']
[0.979s] Level 1:colcon.colcon_core.package_identification:_identify(src/slash_navigation/slash_nav2) by extension 'colcon_meta'
[0.979s] Level 1:colcon.colcon_core.package_identification:_identify(src/slash_navigation/slash_nav2) by extensions ['ros']
[0.979s] Level 1:colcon.colcon_core.package_identification:_identify(src/slash_navigation/slash_nav2) by extension 'ros'
[0.980s] DEBUG:colcon.colcon_core.package_identification:Package 'src/slash_navigation/slash_nav2' with type 'ros.ament_cmake' and name 'slash_nav2'
[0.980s] Level 1:colcon.colcon_core.package_identification:_identify(src/slash_navigation/teb_local_planner) by extensions ['ignore', 'ignore_ament_install']
[0.980s] Level 1:colcon.colcon_core.package_identification:_identify(src/slash_navigation/teb_local_planner) by extension 'ignore'
[0.980s] Level 1:colcon.colcon_core.package_identification:_identify(src/slash_navigation/teb_local_planner) by extension 'ignore_ament_install'
[0.981s] Level 1:colcon.colcon_core.package_identification:_identify(src/slash_navigation/teb_local_planner) by extensions ['colcon_pkg']
[0.981s] Level 1:colcon.colcon_core.package_identification:_identify(src/slash_navigation/teb_local_planner) by extension 'colcon_pkg'
[0.981s] Level 1:colcon.colcon_core.package_identification:_identify(src/slash_navigation/teb_local_planner) by extensions ['colcon_meta']
[0.981s] Level 1:colcon.colcon_core.package_identification:_identify(src/slash_navigation/teb_local_planner) by extension 'colcon_meta'
[0.981s] Level 1:colcon.colcon_core.package_identification:_identify(src/slash_navigation/teb_local_planner) by extensions ['ros']
[0.981s] Level 1:colcon.colcon_core.package_identification:_identify(src/slash_navigation/teb_local_planner) by extension 'ros'
[0.981s] Level 1:colcon.colcon_core.package_identification:_identify(src/slash_navigation/teb_local_planner) by extensions ['cmake', 'python']
[0.981s] Level 1:colcon.colcon_core.package_identification:_identify(src/slash_navigation/teb_local_planner) by extension 'cmake'
[0.981s] Level 1:colcon.colcon_core.package_identification:_identify(src/slash_navigation/teb_local_planner) by extension 'python'
[0.981s] Level 1:colcon.colcon_core.package_identification:_identify(src/slash_navigation/teb_local_planner) by extensions ['python_setup_py']
[0.981s] Level 1:colcon.colcon_core.package_identification:_identify(src/slash_navigation/teb_local_planner) by extension 'python_setup_py'
[0.982s] Level 1:colcon.colcon_core.package_identification:_identify(src/slash_navigation/teb_local_planner/teb_local_planner) by extensions ['ignore', 'ignore_ament_install']
[0.982s] Level 1:colcon.colcon_core.package_identification:_identify(src/slash_navigation/teb_local_planner/teb_local_planner) by extension 'ignore'
[0.982s] Level 1:colcon.colcon_core.package_identification:_identify(src/slash_navigation/teb_local_planner/teb_local_planner) by extension 'ignore_ament_install'
[0.982s] Level 1:colcon.colcon_core.package_identification:_identify(src/slash_navigation/teb_local_planner/teb_local_planner) by extensions ['colcon_pkg']
[0.982s] Level 1:colcon.colcon_core.package_identification:_identify(src/slash_navigation/teb_local_planner/teb_local_planner) by extension 'colcon_pkg'
[0.982s] Level 1:colcon.colcon_core.package_identification:_identify(src/slash_navigation/teb_local_planner/teb_local_planner) by extensions ['colcon_meta']
[0.982s] Level 1:colcon.colcon_core.package_identification:_identify(src/slash_navigation/teb_local_planner/teb_local_planner) by extension 'colcon_meta'
[0.982s] Level 1:colcon.colcon_core.package_identification:_identify(src/slash_navigation/teb_local_planner/teb_local_planner) by extensions ['ros']
[0.982s] Level 1:colcon.colcon_core.package_identification:_identify(src/slash_navigation/teb_local_planner/teb_local_planner) by extension 'ros'
[0.985s] DEBUG:colcon.colcon_core.package_identification:Package 'src/slash_navigation/teb_local_planner/teb_local_planner' with type 'ros.ament_cmake' and name 'teb_local_planner'
[0.986s] Level 1:colcon.colcon_core.package_identification:_identify(src/slash_navigation/teb_local_planner/teb_msgs) by extensions ['ignore', 'ignore_ament_install']
[0.986s] Level 1:colcon.colcon_core.package_identification:_identify(src/slash_navigation/teb_local_planner/teb_msgs) by extension 'ignore'
[0.986s] Level 1:colcon.colcon_core.package_identification:_identify(src/slash_navigation/teb_local_planner/teb_msgs) by extension 'ignore_ament_install'
[0.986s] Level 1:colcon.colcon_core.package_identification:_identify(src/slash_navigation/teb_local_planner/teb_msgs) by extensions ['colcon_pkg']
[0.986s] Level 1:colcon.colcon_core.package_identification:_identify(src/slash_navigation/teb_local_planner/teb_msgs) by extension 'colcon_pkg'
[0.986s] Level 1:colcon.colcon_core.package_identification:_identify(src/slash_navigation/teb_local_planner/teb_msgs) by extensions ['colcon_meta']
[0.986s] Level 1:colcon.colcon_core.package_identification:_identify(src/slash_navigation/teb_local_planner/teb_msgs) by extension 'colcon_meta'
[0.986s] Level 1:colcon.colcon_core.package_identification:_identify(src/slash_navigation/teb_local_planner/teb_msgs) by extensions ['ros']
[0.986s] Level 1:colcon.colcon_core.package_identification:_identify(src/slash_navigation/teb_local_planner/teb_msgs) by extension 'ros'
[0.988s] DEBUG:colcon.colcon_core.package_identification:Package 'src/slash_navigation/teb_local_planner/teb_msgs' with type 'ros.ament_cmake' and name 'teb_msgs'
[0.988s] Level 1:colcon.colcon_core.package_identification:_identify(src/slash_perception) by extensions ['ignore', 'ignore_ament_install']
[0.988s] Level 1:colcon.colcon_core.package_identification:_identify(src/slash_perception) by extension 'ignore'
[0.989s] Level 1:colcon.colcon_core.package_identification:_identify(src/slash_perception) by extension 'ignore_ament_install'
[0.989s] Level 1:colcon.colcon_core.package_identification:_identify(src/slash_perception) by extensions ['colcon_pkg']
[0.989s] Level 1:colcon.colcon_core.package_identification:_identify(src/slash_perception) by extension 'colcon_pkg'
[0.989s] Level 1:colcon.colcon_core.package_identification:_identify(src/slash_perception) by extensions ['colcon_meta']
[0.989s] Level 1:colcon.colcon_core.package_identification:_identify(src/slash_perception) by extension 'colcon_meta'
[0.989s] Level 1:colcon.colcon_core.package_identification:_identify(src/slash_perception) by extensions ['ros']
[0.989s] Level 1:colcon.colcon_core.package_identification:_identify(src/slash_perception) by extension 'ros'
[0.989s] Level 1:colcon.colcon_core.package_identification:_identify(src/slash_perception) by extensions ['cmake', 'python']
[0.989s] Level 1:colcon.colcon_core.package_identification:_identify(src/slash_perception) by extension 'cmake'
[0.989s] Level 1:colcon.colcon_core.package_identification:_identify(src/slash_perception) by extension 'python'
[0.989s] Level 1:colcon.colcon_core.package_identification:_identify(src/slash_perception) by extensions ['python_setup_py']
[0.989s] Level 1:colcon.colcon_core.package_identification:_identify(src/slash_perception) by extension 'python_setup_py'
[0.990s] Level 1:colcon.colcon_core.package_identification:_identify(src/slash_perception/linefit_ground_segementation_ros2) by extensions ['ignore', 'ignore_ament_install']
[0.990s] Level 1:colcon.colcon_core.package_identification:_identify(src/slash_perception/linefit_ground_segementation_ros2) by extension 'ignore'
[0.990s] Level 1:colcon.colcon_core.package_identification:_identify(src/slash_perception/linefit_ground_segementation_ros2) by extension 'ignore_ament_install'
[0.990s] Level 1:colcon.colcon_core.package_identification:_identify(src/slash_perception/linefit_ground_segementation_ros2) by extensions ['colcon_pkg']
[0.990s] Level 1:colcon.colcon_core.package_identification:_identify(src/slash_perception/linefit_ground_segementation_ros2) by extension 'colcon_pkg'
[0.990s] Level 1:colcon.colcon_core.package_identification:_identify(src/slash_perception/linefit_ground_segementation_ros2) by extensions ['colcon_meta']
[0.990s] Level 1:colcon.colcon_core.package_identification:_identify(src/slash_perception/linefit_ground_segementation_ros2) by extension 'colcon_meta'
[0.990s] Level 1:colcon.colcon_core.package_identification:_identify(src/slash_perception/linefit_ground_segementation_ros2) by extensions ['ros']
[0.990s] Level 1:colcon.colcon_core.package_identification:_identify(src/slash_perception/linefit_ground_segementation_ros2) by extension 'ros'
[0.991s] Level 1:colcon.colcon_core.package_identification:_identify(src/slash_perception/linefit_ground_segementation_ros2) by extensions ['cmake', 'python']
[0.991s] Level 1:colcon.colcon_core.package_identification:_identify(src/slash_perception/linefit_ground_segementation_ros2) by extension 'cmake'
[0.991s] Level 1:colcon.colcon_core.package_identification:_identify(src/slash_perception/linefit_ground_segementation_ros2) by extension 'python'
[0.991s] Level 1:colcon.colcon_core.package_identification:_identify(src/slash_perception/linefit_ground_segementation_ros2) by extensions ['python_setup_py']
[0.991s] Level 1:colcon.colcon_core.package_identification:_identify(src/slash_perception/linefit_ground_segementation_ros2) by extension 'python_setup_py'
[0.991s] Level 1:colcon.colcon_core.package_identification:_identify(src/slash_perception/linefit_ground_segementation_ros2/doc) by extensions ['ignore', 'ignore_ament_install']
[0.991s] Level 1:colcon.colcon_core.package_identification:_identify(src/slash_perception/linefit_ground_segementation_ros2/doc) by extension 'ignore'
[0.991s] Level 1:colcon.colcon_core.package_identification:_identify(src/slash_perception/linefit_ground_segementation_ros2/doc) by extension 'ignore_ament_install'
[0.991s] Level 1:colcon.colcon_core.package_identification:_identify(src/slash_perception/linefit_ground_segementation_ros2/doc) by extensions ['colcon_pkg']
[0.991s] Level 1:colcon.colcon_core.package_identification:_identify(src/slash_perception/linefit_ground_segementation_ros2/doc) by extension 'colcon_pkg'
[0.992s] Level 1:colcon.colcon_core.package_identification:_identify(src/slash_perception/linefit_ground_segementation_ros2/doc) by extensions ['colcon_meta']
[0.992s] Level 1:colcon.colcon_core.package_identification:_identify(src/slash_perception/linefit_ground_segementation_ros2/doc) by extension 'colcon_meta'
[0.992s] Level 1:colcon.colcon_core.package_identification:_identify(src/slash_perception/linefit_ground_segementation_ros2/doc) by extensions ['ros']
[0.992s] Level 1:colcon.colcon_core.package_identification:_identify(src/slash_perception/linefit_ground_segementation_ros2/doc) by extension 'ros'
[0.992s] Level 1:colcon.colcon_core.package_identification:_identify(src/slash_perception/linefit_ground_segementation_ros2/doc) by extensions ['cmake', 'python']
[0.992s] Level 1:colcon.colcon_core.package_identification:_identify(src/slash_perception/linefit_ground_segementation_ros2/doc) by extension 'cmake'
[0.992s] Level 1:colcon.colcon_core.package_identification:_identify(src/slash_perception/linefit_ground_segementation_ros2/doc) by extension 'python'
[0.992s] Level 1:colcon.colcon_core.package_identification:_identify(src/slash_perception/linefit_ground_segementation_ros2/doc) by extensions ['python_setup_py']
[0.992s] Level 1:colcon.colcon_core.package_identification:_identify(src/slash_perception/linefit_ground_segementation_ros2/doc) by extension 'python_setup_py'
[0.992s] Level 1:colcon.colcon_core.package_identification:_identify(src/slash_perception/linefit_ground_segementation_ros2/linefit_ground_segmentation) by extensions ['ignore', 'ignore_ament_install']
[0.993s] Level 1:colcon.colcon_core.package_identification:_identify(src/slash_perception/linefit_ground_segementation_ros2/linefit_ground_segmentation) by extension 'ignore'
[0.993s] Level 1:colcon.colcon_core.package_identification:_identify(src/slash_perception/linefit_ground_segementation_ros2/linefit_ground_segmentation) by extension 'ignore_ament_install'
[0.993s] Level 1:colcon.colcon_core.package_identification:_identify(src/slash_perception/linefit_ground_segementation_ros2/linefit_ground_segmentation) by extensions ['colcon_pkg']
[0.993s] Level 1:colcon.colcon_core.package_identification:_identify(src/slash_perception/linefit_ground_segementation_ros2/linefit_ground_segmentation) by extension 'colcon_pkg'
[0.993s] Level 1:colcon.colcon_core.package_identification:_identify(src/slash_perception/linefit_ground_segementation_ros2/linefit_ground_segmentation) by extensions ['colcon_meta']
[0.993s] Level 1:colcon.colcon_core.package_identification:_identify(src/slash_perception/linefit_ground_segementation_ros2/linefit_ground_segmentation) by extension 'colcon_meta'
[0.993s] Level 1:colcon.colcon_core.package_identification:_identify(src/slash_perception/linefit_ground_segementation_ros2/linefit_ground_segmentation) by extensions ['ros']
[0.993s] Level 1:colcon.colcon_core.package_identification:_identify(src/slash_perception/linefit_ground_segementation_ros2/linefit_ground_segmentation) by extension 'ros'
[0.994s] DEBUG:colcon.colcon_core.package_identification:Package 'src/slash_perception/linefit_ground_segementation_ros2/linefit_ground_segmentation' with type 'ros.ament_cmake' and name 'linefit_ground_segmentation'
[0.995s] Level 1:colcon.colcon_core.package_identification:_identify(src/slash_perception/linefit_ground_segementation_ros2/linefit_ground_segmentation_ros) by extensions ['ignore', 'ignore_ament_install']
[0.995s] Level 1:colcon.colcon_core.package_identification:_identify(src/slash_perception/linefit_ground_segementation_ros2/linefit_ground_segmentation_ros) by extension 'ignore'
[0.995s] Level 1:colcon.colcon_core.package_identification:_identify(src/slash_perception/linefit_ground_segementation_ros2/linefit_ground_segmentation_ros) by extension 'ignore_ament_install'
[0.995s] Level 1:colcon.colcon_core.package_identification:_identify(src/slash_perception/linefit_ground_segementation_ros2/linefit_ground_segmentation_ros) by extensions ['colcon_pkg']
[0.995s] Level 1:colcon.colcon_core.package_identification:_identify(src/slash_perception/linefit_ground_segementation_ros2/linefit_ground_segmentation_ros) by extension 'colcon_pkg'
[0.995s] Level 1:colcon.colcon_core.package_identification:_identify(src/slash_perception/linefit_ground_segementation_ros2/linefit_ground_segmentation_ros) by extensions ['colcon_meta']
[0.995s] Level 1:colcon.colcon_core.package_identification:_identify(src/slash_perception/linefit_ground_segementation_ros2/linefit_ground_segmentation_ros) by extension 'colcon_meta'
[0.996s] Level 1:colcon.colcon_core.package_identification:_identify(src/slash_perception/linefit_ground_segementation_ros2/linefit_ground_segmentation_ros) by extensions ['ros']
[0.996s] Level 1:colcon.colcon_core.package_identification:_identify(src/slash_perception/linefit_ground_segementation_ros2/linefit_ground_segmentation_ros) by extension 'ros'
[0.997s] DEBUG:colcon.colcon_core.package_identification:Package 'src/slash_perception/linefit_ground_segementation_ros2/linefit_ground_segmentation_ros' with type 'ros.ament_cmake' and name 'linefit_ground_segmentation_ros'
[0.998s] Level 1:colcon.colcon_core.package_identification:_identify(src/slash_perception/pointcloud_to_laserscan) by extensions ['ignore', 'ignore_ament_install']
[0.998s] Level 1:colcon.colcon_core.package_identification:_identify(src/slash_perception/pointcloud_to_laserscan) by extension 'ignore'
[0.998s] Level 1:colcon.colcon_core.package_identification:_identify(src/slash_perception/pointcloud_to_laserscan) by extension 'ignore_ament_install'
[0.998s] Level 1:colcon.colcon_core.package_identification:_identify(src/slash_perception/pointcloud_to_laserscan) by extensions ['colcon_pkg']
[0.998s] Level 1:colcon.colcon_core.package_identification:_identify(src/slash_perception/pointcloud_to_laserscan) by extension 'colcon_pkg'
[0.998s] Level 1:colcon.colcon_core.package_identification:_identify(src/slash_perception/pointcloud_to_laserscan) by extensions ['colcon_meta']
[0.998s] Level 1:colcon.colcon_core.package_identification:_identify(src/slash_perception/pointcloud_to_laserscan) by extension 'colcon_meta'
[0.998s] Level 1:colcon.colcon_core.package_identification:_identify(src/slash_perception/pointcloud_to_laserscan) by extensions ['ros']
[0.998s] Level 1:colcon.colcon_core.package_identification:_identify(src/slash_perception/pointcloud_to_laserscan) by extension 'ros'
[1.000s] DEBUG:colcon.colcon_core.package_identification:Package 'src/slash_perception/pointcloud_to_laserscan' with type 'ros.ament_cmake' and name 'pointcloud_to_laserscan'
[1.001s] Level 1:colcon.colcon_core.package_identification:_identify(src/slash_perception/twist_to_ackermann) by extensions ['ignore', 'ignore_ament_install']
[1.001s] Level 1:colcon.colcon_core.package_identification:_identify(src/slash_perception/twist_to_ackermann) by extension 'ignore'
[1.001s] Level 1:colcon.colcon_core.package_identification:_identify(src/slash_perception/twist_to_ackermann) by extension 'ignore_ament_install'
[1.001s] Level 1:colcon.colcon_core.package_identification:_identify(src/slash_perception/twist_to_ackermann) by extensions ['colcon_pkg']
[1.001s] Level 1:colcon.colcon_core.package_identification:_identify(src/slash_perception/twist_to_ackermann) by extension 'colcon_pkg'
[1.001s] Level 1:colcon.colcon_core.package_identification:_identify(src/slash_perception/twist_to_ackermann) by extensions ['colcon_meta']
[1.001s] Level 1:colcon.colcon_core.package_identification:_identify(src/slash_perception/twist_to_ackermann) by extension 'colcon_meta'
[1.002s] Level 1:colcon.colcon_core.package_identification:_identify(src/slash_perception/twist_to_ackermann) by extensions ['ros']
[1.002s] Level 1:colcon.colcon_core.package_identification:_identify(src/slash_perception/twist_to_ackermann) by extension 'ros'
[1.003s] DEBUG:colcon.colcon_core.package_identification:Package 'src/slash_perception/twist_to_ackermann' with type 'ros.ament_python' and name 'twist_to_ackermann'
[1.003s] Level 1:colcon.colcon_core.package_discovery:discover_packages(recursive) using defaults
[1.003s] Level 1:colcon.colcon_core.package_discovery:discover_packages(ignore) discover
[1.003s] Level 1:colcon.colcon_core.package_discovery:discover_packages(ignore) using defaults
[1.003s] Level 1:colcon.colcon_core.package_discovery:discover_packages(path) discover
[1.003s] Level 1:colcon.colcon_core.package_discovery:discover_packages(path) using defaults
[1.052s] Level 1:colcon.colcon_core.package_discovery:discover_packages(prefix_path) check parameters
[1.052s] Level 1:colcon.colcon_core.package_discovery:discover_packages(prefix_path) discover
[1.059s] DEBUG:colcon.colcon_installed_package_information.package_discovery:Found 24 installed packages in /home/jetson/slash_ws/install
[1.061s] DEBUG:colcon.colcon_installed_package_information.package_discovery:Found 283 installed packages in /opt/ros/foxy
[1.064s] Level 1:colcon.colcon_core.package_discovery:discover_packages(prefix_path) using defaults
[1.149s] Level 5:colcon.colcon_core.verb:set package 'ackermann_mux' build argument 'cmake_args' from command line to 'None'
[1.149s] Level 5:colcon.colcon_core.verb:set package 'ackermann_mux' build argument 'cmake_target' from command line to 'None'
[1.149s] Level 5:colcon.colcon_core.verb:set package 'ackermann_mux' build argument 'cmake_target_skip_unavailable' from command line to 'False'
[1.149s] Level 5:colcon.colcon_core.verb:set package 'ackermann_mux' build argument 'cmake_clean_cache' from command line to 'False'
[1.149s] Level 5:colcon.colcon_core.verb:set package 'ackermann_mux' build argument 'cmake_clean_first' from command line to 'False'
[1.149s] Level 5:colcon.colcon_core.verb:set package 'ackermann_mux' build argument 'cmake_force_configure' from command line to 'False'
[1.149s] Level 5:colcon.colcon_core.verb:set package 'ackermann_mux' build argument 'ament_cmake_args' from command line to 'None'
[1.150s] Level 5:colcon.colcon_core.verb:set package 'ackermann_mux' build argument 'catkin_cmake_args' from command line to 'None'
[1.150s] Level 5:colcon.colcon_core.verb:set package 'ackermann_mux' build argument 'catkin_skip_building_tests' from command line to 'False'
[1.150s] DEBUG:colcon.colcon_core.verb:Building package 'ackermann_mux' with the following arguments: {'ament_cmake_args': None, 'build_base': '/home/jetson/slash_ws/build/ackermann_mux', 'catkin_cmake_args': None, 'catkin_skip_building_tests': False, 'cmake_args': None, 'cmake_clean_cache': False, 'cmake_clean_first': False, 'cmake_force_configure': False, 'cmake_target': None, 'cmake_target_skip_unavailable': False, 'install_base': '/home/jetson/slash_ws/install/ackermann_mux', 'merge_install': False, 'path': '/home/jetson/slash_ws/src/slash_hardware/f1tenth_system/ackermann_mux', 'symlink_install': False, 'test_result_base': None}
[1.150s] Level 5:colcon.colcon_core.verb:set package 'costmap_converter_msgs' build argument 'cmake_args' from command line to 'None'
[1.151s] Level 5:colcon.colcon_core.verb:set package 'costmap_converter_msgs' build argument 'cmake_target' from command line to 'None'
[1.151s] Level 5:colcon.colcon_core.verb:set package 'costmap_converter_msgs' build argument 'cmake_target_skip_unavailable' from command line to 'False'
[1.151s] Level 5:colcon.colcon_core.verb:set package 'costmap_converter_msgs' build argument 'cmake_clean_cache' from command line to 'False'
[1.151s] Level 5:colcon.colcon_core.verb:set package 'costmap_converter_msgs' build argument 'cmake_clean_first' from command line to 'False'
[1.151s] Level 5:colcon.colcon_core.verb:set package 'costmap_converter_msgs' build argument 'cmake_force_configure' from command line to 'False'
[1.151s] Level 5:colcon.colcon_core.verb:set package 'costmap_converter_msgs' build argument 'ament_cmake_args' from command line to 'None'
[1.151s] Level 5:colcon.colcon_core.verb:set package 'costmap_converter_msgs' build argument 'catkin_cmake_args' from command line to 'None'
[1.151s] Level 5:colcon.colcon_core.verb:set package 'costmap_converter_msgs' build argument 'catkin_skip_building_tests' from command line to 'False'
[1.151s] DEBUG:colcon.colcon_core.verb:Building package 'costmap_converter_msgs' with the following arguments: {'ament_cmake_args': None, 'build_base': '/home/jetson/slash_ws/build/costmap_converter_msgs', 'catkin_cmake_args': None, 'catkin_skip_building_tests': False, 'cmake_args': None, 'cmake_clean_cache': False, 'cmake_clean_first': False, 'cmake_force_configure': False, 'cmake_target': None, 'cmake_target_skip_unavailable': False, 'install_base': '/home/jetson/slash_ws/install/costmap_converter_msgs', 'merge_install': False, 'path': '/home/jetson/slash_ws/src/slash_navigation/costmap_converter/costmap_converter_msgs', 'symlink_install': False, 'test_result_base': None}
[1.152s] Level 5:colcon.colcon_core.verb:set package 'key_teleop' build argument 'cmake_args' from command line to 'None'
[1.152s] Level 5:colcon.colcon_core.verb:set package 'key_teleop' build argument 'cmake_target' from command line to 'None'
[1.152s] Level 5:colcon.colcon_core.verb:set package 'key_teleop' build argument 'cmake_target_skip_unavailable' from command line to 'False'
[1.152s] Level 5:colcon.colcon_core.verb:set package 'key_teleop' build argument 'cmake_clean_cache' from command line to 'False'
[1.152s] Level 5:colcon.colcon_core.verb:set package 'key_teleop' build argument 'cmake_clean_first' from command line to 'False'
[1.152s] Level 5:colcon.colcon_core.verb:set package 'key_teleop' build argument 'cmake_force_configure' from command line to 'False'
[1.152s] Level 5:colcon.colcon_core.verb:set package 'key_teleop' build argument 'ament_cmake_args' from command line to 'None'
[1.152s] Level 5:colcon.colcon_core.verb:set package 'key_teleop' build argument 'catkin_cmake_args' from command line to 'None'
[1.152s] Level 5:colcon.colcon_core.verb:set package 'key_teleop' build argument 'catkin_skip_building_tests' from command line to 'False'
[1.152s] DEBUG:colcon.colcon_core.verb:Building package 'key_teleop' with the following arguments: {'ament_cmake_args': None, 'build_base': '/home/jetson/slash_ws/build/key_teleop', 'catkin_cmake_args': None, 'catkin_skip_building_tests': False, 'cmake_args': None, 'cmake_clean_cache': False, 'cmake_clean_first': False, 'cmake_force_configure': False, 'cmake_target': None, 'cmake_target_skip_unavailable': False, 'install_base': '/home/jetson/slash_ws/install/key_teleop', 'merge_install': False, 'path': '/home/jetson/slash_ws/src/slash_hardware/f1tenth_system/teleop_tools/key_teleop', 'symlink_install': False, 'test_result_base': None}
[1.153s] Level 5:colcon.colcon_core.verb:set package 'linefit_ground_segmentation' build argument 'cmake_args' from command line to 'None'
[1.153s] Level 5:colcon.colcon_core.verb:set package 'linefit_ground_segmentation' build argument 'cmake_target' from command line to 'None'
[1.153s] Level 5:colcon.colcon_core.verb:set package 'linefit_ground_segmentation' build argument 'cmake_target_skip_unavailable' from command line to 'False'
[1.153s] Level 5:colcon.colcon_core.verb:set package 'linefit_ground_segmentation' build argument 'cmake_clean_cache' from command line to 'False'
[1.153s] Level 5:colcon.colcon_core.verb:set package 'linefit_ground_segmentation' build argument 'cmake_clean_first' from command line to 'False'
[1.153s] Level 5:colcon.colcon_core.verb:set package 'linefit_ground_segmentation' build argument 'cmake_force_configure' from command line to 'False'
[1.153s] Level 5:colcon.colcon_core.verb:set package 'linefit_ground_segmentation' build argument 'ament_cmake_args' from command line to 'None'
[1.153s] Level 5:colcon.colcon_core.verb:set package 'linefit_ground_segmentation' build argument 'catkin_cmake_args' from command line to 'None'
[1.153s] Level 5:colcon.colcon_core.verb:set package 'linefit_ground_segmentation' build argument 'catkin_skip_building_tests' from command line to 'False'
[1.153s] DEBUG:colcon.colcon_core.verb:Building package 'linefit_ground_segmentation' with the following arguments: {'ament_cmake_args': None, 'build_base': '/home/jetson/slash_ws/build/linefit_ground_segmentation', 'catkin_cmake_args': None, 'catkin_skip_building_tests': False, 'cmake_args': None, 'cmake_clean_cache': False, 'cmake_clean_first': False, 'cmake_force_configure': False, 'cmake_target': None, 'cmake_target_skip_unavailable': False, 'install_base': '/home/jetson/slash_ws/install/linefit_ground_segmentation', 'merge_install': False, 'path': '/home/jetson/slash_ws/src/slash_perception/linefit_ground_segementation_ros2/linefit_ground_segmentation', 'symlink_install': False, 'test_result_base': None}
[1.154s] Level 5:colcon.colcon_core.verb:set package 'livox_ros_driver2' build argument 'cmake_args' from command line to 'None'
[1.154s] Level 5:colcon.colcon_core.verb:set package 'livox_ros_driver2' build argument 'cmake_target' from command line to 'None'
[1.154s] Level 5:colcon.colcon_core.verb:set package 'livox_ros_driver2' build argument 'cmake_target_skip_unavailable' from command line to 'False'
[1.154s] Level 5:colcon.colcon_core.verb:set package 'livox_ros_driver2' build argument 'cmake_clean_cache' from command line to 'False'
[1.154s] Level 5:colcon.colcon_core.verb:set package 'livox_ros_driver2' build argument 'cmake_clean_first' from command line to 'False'
[1.154s] Level 5:colcon.colcon_core.verb:set package 'livox_ros_driver2' build argument 'cmake_force_configure' from command line to 'False'
[1.154s] Level 5:colcon.colcon_core.verb:set package 'livox_ros_driver2' build argument 'ament_cmake_args' from command line to 'None'
[1.154s] Level 5:colcon.colcon_core.verb:set package 'livox_ros_driver2' build argument 'catkin_cmake_args' from command line to 'None'
[1.154s] Level 5:colcon.colcon_core.verb:set package 'livox_ros_driver2' build argument 'catkin_skip_building_tests' from command line to 'False'
[1.154s] DEBUG:colcon.colcon_core.verb:Building package 'livox_ros_driver2' with the following arguments: {'ament_cmake_args': None, 'build_base': '/home/jetson/slash_ws/build/livox_ros_driver2', 'catkin_cmake_args': None, 'catkin_skip_building_tests': False, 'cmake_args': None, 'cmake_clean_cache': False, 'cmake_clean_first': False, 'cmake_force_configure': False, 'cmake_target': None, 'cmake_target_skip_unavailable': False, 'install_base': '/home/jetson/slash_ws/install/livox_ros_driver2', 'merge_install': False, 'path': '/home/jetson/slash_ws/src/slash_hardware/livox_ros_driver2/src', 'symlink_install': False, 'test_result_base': None}
[1.155s] Level 5:colcon.colcon_core.verb:set package 'mouse_teleop' build argument 'cmake_args' from command line to 'None'
[1.155s] Level 5:colcon.colcon_core.verb:set package 'mouse_teleop' build argument 'cmake_target' from command line to 'None'
[1.155s] Level 5:colcon.colcon_core.verb:set package 'mouse_teleop' build argument 'cmake_target_skip_unavailable' from command line to 'False'
[1.155s] Level 5:colcon.colcon_core.verb:set package 'mouse_teleop' build argument 'cmake_clean_cache' from command line to 'False'
[1.155s] Level 5:colcon.colcon_core.verb:set package 'mouse_teleop' build argument 'cmake_clean_first' from command line to 'False'
[1.155s] Level 5:colcon.colcon_core.verb:set package 'mouse_teleop' build argument 'cmake_force_configure' from command line to 'False'
[1.155s] Level 5:colcon.colcon_core.verb:set package 'mouse_teleop' build argument 'ament_cmake_args' from command line to 'None'
[1.155s] Level 5:colcon.colcon_core.verb:set package 'mouse_teleop' build argument 'catkin_cmake_args' from command line to 'None'
[1.155s] Level 5:colcon.colcon_core.verb:set package 'mouse_teleop' build argument 'catkin_skip_building_tests' from command line to 'False'
[1.155s] DEBUG:colcon.colcon_core.verb:Building package 'mouse_teleop' with the following arguments: {'ament_cmake_args': None, 'build_base': '/home/jetson/slash_ws/build/mouse_teleop', 'catkin_cmake_args': None, 'catkin_skip_building_tests': False, 'cmake_args': None, 'cmake_clean_cache': False, 'cmake_clean_first': False, 'cmake_force_configure': False, 'cmake_target': None, 'cmake_target_skip_unavailable': False, 'install_base': '/home/jetson/slash_ws/install/mouse_teleop', 'merge_install': False, 'path': '/home/jetson/slash_ws/src/slash_hardware/f1tenth_system/teleop_tools/mouse_teleop', 'symlink_install': False, 'test_result_base': None}
[1.156s] Level 5:colcon.colcon_core.verb:set package 'pointcloud_to_laserscan' build argument 'cmake_args' from command line to 'None'
[1.156s] Level 5:colcon.colcon_core.verb:set package 'pointcloud_to_laserscan' build argument 'cmake_target' from command line to 'None'
[1.156s] Level 5:colcon.colcon_core.verb:set package 'pointcloud_to_laserscan' build argument 'cmake_target_skip_unavailable' from command line to 'False'
[1.156s] Level 5:colcon.colcon_core.verb:set package 'pointcloud_to_laserscan' build argument 'cmake_clean_cache' from command line to 'False'
[1.156s] Level 5:colcon.colcon_core.verb:set package 'pointcloud_to_laserscan' build argument 'cmake_clean_first' from command line to 'False'
[1.156s] Level 5:colcon.colcon_core.verb:set package 'pointcloud_to_laserscan' build argument 'cmake_force_configure' from command line to 'False'
[1.156s] Level 5:colcon.colcon_core.verb:set package 'pointcloud_to_laserscan' build argument 'ament_cmake_args' from command line to 'None'
[1.156s] Level 5:colcon.colcon_core.verb:set package 'pointcloud_to_laserscan' build argument 'catkin_cmake_args' from command line to 'None'
[1.156s] Level 5:colcon.colcon_core.verb:set package 'pointcloud_to_laserscan' build argument 'catkin_skip_building_tests' from command line to 'False'
[1.156s] DEBUG:colcon.colcon_core.verb:Building package 'pointcloud_to_laserscan' with the following arguments: {'ament_cmake_args': None, 'build_base': '/home/jetson/slash_ws/build/pointcloud_to_laserscan', 'catkin_cmake_args': None, 'catkin_skip_building_tests': False, 'cmake_args': None, 'cmake_clean_cache': False, 'cmake_clean_first': False, 'cmake_force_configure': False, 'cmake_target': None, 'cmake_target_skip_unavailable': False, 'install_base': '/home/jetson/slash_ws/install/pointcloud_to_laserscan', 'merge_install': False, 'path': '/home/jetson/slash_ws/src/slash_perception/pointcloud_to_laserscan', 'symlink_install': False, 'test_result_base': None}
[1.157s] Level 5:colcon.colcon_core.verb:set package 'roboracer_china_2025' build argument 'cmake_args' from command line to 'None'
[1.157s] Level 5:colcon.colcon_core.verb:set package 'roboracer_china_2025' build argument 'cmake_target' from command line to 'None'
[1.157s] Level 5:colcon.colcon_core.verb:set package 'roboracer_china_2025' build argument 'cmake_target_skip_unavailable' from command line to 'False'
[1.157s] Level 5:colcon.colcon_core.verb:set package 'roboracer_china_2025' build argument 'cmake_clean_cache' from command line to 'False'
[1.157s] Level 5:colcon.colcon_core.verb:set package 'roboracer_china_2025' build argument 'cmake_clean_first' from command line to 'False'
[1.157s] Level 5:colcon.colcon_core.verb:set package 'roboracer_china_2025' build argument 'cmake_force_configure' from command line to 'False'
[1.157s] Level 5:colcon.colcon_core.verb:set package 'roboracer_china_2025' build argument 'ament_cmake_args' from command line to 'None'
[1.157s] Level 5:colcon.colcon_core.verb:set package 'roboracer_china_2025' build argument 'catkin_cmake_args' from command line to 'None'
[1.157s] Level 5:colcon.colcon_core.verb:set package 'roboracer_china_2025' build argument 'catkin_skip_building_tests' from command line to 'False'
[1.157s] DEBUG:colcon.colcon_core.verb:Building package 'roboracer_china_2025' with the following arguments: {'ament_cmake_args': None, 'build_base': '/home/jetson/slash_ws/build/roboracer_china_2025', 'catkin_cmake_args': None, 'catkin_skip_building_tests': False, 'cmake_args': None, 'cmake_clean_cache': False, 'cmake_clean_first': False, 'cmake_force_configure': False, 'cmake_target': None, 'cmake_target_skip_unavailable': False, 'install_base': '/home/jetson/slash_ws/install/roboracer_china_2025', 'merge_install': False, 'path': '/home/jetson/slash_ws/src/slash_navigation/roboracer_china_2025', 'symlink_install': False, 'test_result_base': None}
[1.158s] Level 5:colcon.colcon_core.verb:set package 'simple_mpc' build argument 'cmake_args' from command line to 'None'
[1.158s] Level 5:colcon.colcon_core.verb:set package 'simple_mpc' build argument 'cmake_target' from command line to 'None'
[1.158s] Level 5:colcon.colcon_core.verb:set package 'simple_mpc' build argument 'cmake_target_skip_unavailable' from command line to 'False'
[1.158s] Level 5:colcon.colcon_core.verb:set package 'simple_mpc' build argument 'cmake_clean_cache' from command line to 'False'
[1.158s] Level 5:colcon.colcon_core.verb:set package 'simple_mpc' build argument 'cmake_clean_first' from command line to 'False'
[1.158s] Level 5:colcon.colcon_core.verb:set package 'simple_mpc' build argument 'cmake_force_configure' from command line to 'False'
[1.158s] Level 5:colcon.colcon_core.verb:set package 'simple_mpc' build argument 'ament_cmake_args' from command line to 'None'
[1.158s] Level 5:colcon.colcon_core.verb:set package 'simple_mpc' build argument 'catkin_cmake_args' from command line to 'None'
[1.158s] Level 5:colcon.colcon_core.verb:set package 'simple_mpc' build argument 'catkin_skip_building_tests' from command line to 'False'
[1.159s] DEBUG:colcon.colcon_core.verb:Building package 'simple_mpc' with the following arguments: {'ament_cmake_args': None, 'build_base': '/home/jetson/slash_ws/build/simple_mpc', 'catkin_cmake_args': None, 'catkin_skip_building_tests': False, 'cmake_args': None, 'cmake_clean_cache': False, 'cmake_clean_first': False, 'cmake_force_configure': False, 'cmake_target': None, 'cmake_target_skip_unavailable': False, 'install_base': '/home/jetson/slash_ws/install/simple_mpc', 'merge_install': False, 'path': '/home/jetson/slash_ws/src/slash_controller/simple_mpc', 'symlink_install': False, 'test_result_base': None}
[1.159s] Level 5:colcon.colcon_core.verb:set package 'slash_nav2' build argument 'cmake_args' from command line to 'None'
[1.159s] Level 5:colcon.colcon_core.verb:set package 'slash_nav2' build argument 'cmake_target' from command line to 'None'
[1.159s] Level 5:colcon.colcon_core.verb:set package 'slash_nav2' build argument 'cmake_target_skip_unavailable' from command line to 'False'
[1.159s] Level 5:colcon.colcon_core.verb:set package 'slash_nav2' build argument 'cmake_clean_cache' from command line to 'False'
[1.159s] Level 5:colcon.colcon_core.verb:set package 'slash_nav2' build argument 'cmake_clean_first' from command line to 'False'
[1.159s] Level 5:colcon.colcon_core.verb:set package 'slash_nav2' build argument 'cmake_force_configure' from command line to 'False'
[1.159s] Level 5:colcon.colcon_core.verb:set package 'slash_nav2' build argument 'ament_cmake_args' from command line to 'None'
[1.159s] Level 5:colcon.colcon_core.verb:set package 'slash_nav2' build argument 'catkin_cmake_args' from command line to 'None'
[1.159s] Level 5:colcon.colcon_core.verb:set package 'slash_nav2' build argument 'catkin_skip_building_tests' from command line to 'False'
[1.160s] DEBUG:colcon.colcon_core.verb:Building package 'slash_nav2' with the following arguments: {'ament_cmake_args': None, 'build_base': '/home/jetson/slash_ws/build/slash_nav2', 'catkin_cmake_args': None, 'catkin_skip_building_tests': False, 'cmake_args': None, 'cmake_clean_cache': False, 'cmake_clean_first': False, 'cmake_force_configure': False, 'cmake_target': None, 'cmake_target_skip_unavailable': False, 'install_base': '/home/jetson/slash_ws/install/slash_nav2', 'merge_install': False, 'path': '/home/jetson/slash_ws/src/slash_navigation/slash_nav2', 'symlink_install': False, 'test_result_base': None}
[1.160s] Level 5:colcon.colcon_core.verb:set package 'teleop_tools_msgs' build argument 'cmake_args' from command line to 'None'
[1.160s] Level 5:colcon.colcon_core.verb:set package 'teleop_tools_msgs' build argument 'cmake_target' from command line to 'None'
[1.160s] Level 5:colcon.colcon_core.verb:set package 'teleop_tools_msgs' build argument 'cmake_target_skip_unavailable' from command line to 'False'
[1.160s] Level 5:colcon.colcon_core.verb:set package 'teleop_tools_msgs' build argument 'cmake_clean_cache' from command line to 'False'
[1.160s] Level 5:colcon.colcon_core.verb:set package 'teleop_tools_msgs' build argument 'cmake_clean_first' from command line to 'False'
[1.160s] Level 5:colcon.colcon_core.verb:set package 'teleop_tools_msgs' build argument 'cmake_force_configure' from command line to 'False'
[1.160s] Level 5:colcon.colcon_core.verb:set package 'teleop_tools_msgs' build argument 'ament_cmake_args' from command line to 'None'
[1.161s] Level 5:colcon.colcon_core.verb:set package 'teleop_tools_msgs' build argument 'catkin_cmake_args' from command line to 'None'
[1.161s] Level 5:colcon.colcon_core.verb:set package 'teleop_tools_msgs' build argument 'catkin_skip_building_tests' from command line to 'False'
[1.161s] DEBUG:colcon.colcon_core.verb:Building package 'teleop_tools_msgs' with the following arguments: {'ament_cmake_args': None, 'build_base': '/home/jetson/slash_ws/build/teleop_tools_msgs', 'catkin_cmake_args': None, 'catkin_skip_building_tests': False, 'cmake_args': None, 'cmake_clean_cache': False, 'cmake_clean_first': False, 'cmake_force_configure': False, 'cmake_target': None, 'cmake_target_skip_unavailable': False, 'install_base': '/home/jetson/slash_ws/install/teleop_tools_msgs', 'merge_install': False, 'path': '/home/jetson/slash_ws/src/slash_hardware/f1tenth_system/teleop_tools/teleop_tools_msgs', 'symlink_install': False, 'test_result_base': None}
[1.161s] Level 5:colcon.colcon_core.verb:set package 'twist_to_ackermann' build argument 'cmake_args' from command line to 'None'
[1.161s] Level 5:colcon.colcon_core.verb:set package 'twist_to_ackermann' build argument 'cmake_target' from command line to 'None'
[1.161s] Level 5:colcon.colcon_core.verb:set package 'twist_to_ackermann' build argument 'cmake_target_skip_unavailable' from command line to 'False'
[1.161s] Level 5:colcon.colcon_core.verb:set package 'twist_to_ackermann' build argument 'cmake_clean_cache' from command line to 'False'
[1.161s] Level 5:colcon.colcon_core.verb:set package 'twist_to_ackermann' build argument 'cmake_clean_first' from command line to 'False'
[1.161s] Level 5:colcon.colcon_core.verb:set package 'twist_to_ackermann' build argument 'cmake_force_configure' from command line to 'False'
[1.161s] Level 5:colcon.colcon_core.verb:set package 'twist_to_ackermann' build argument 'ament_cmake_args' from command line to 'None'
[1.162s] Level 5:colcon.colcon_core.verb:set package 'twist_to_ackermann' build argument 'catkin_cmake_args' from command line to 'None'
[1.162s] Level 5:colcon.colcon_core.verb:set package 'twist_to_ackermann' build argument 'catkin_skip_building_tests' from command line to 'False'
[1.162s] DEBUG:colcon.colcon_core.verb:Building package 'twist_to_ackermann' with the following arguments: {'ament_cmake_args': None, 'build_base': '/home/jetson/slash_ws/build/twist_to_ackermann', 'catkin_cmake_args': None, 'catkin_skip_building_tests': False, 'cmake_args': None, 'cmake_clean_cache': False, 'cmake_clean_first': False, 'cmake_force_configure': False, 'cmake_target': None, 'cmake_target_skip_unavailable': False, 'install_base': '/home/jetson/slash_ws/install/twist_to_ackermann', 'merge_install': False, 'path': '/home/jetson/slash_ws/src/slash_perception/twist_to_ackermann', 'symlink_install': False, 'test_result_base': None}
[1.162s] Level 5:colcon.colcon_core.verb:set package 'vesc_msgs' build argument 'cmake_args' from command line to 'None'
[1.162s] Level 5:colcon.colcon_core.verb:set package 'vesc_msgs' build argument 'cmake_target' from command line to 'None'
[1.162s] Level 5:colcon.colcon_core.verb:set package 'vesc_msgs' build argument 'cmake_target_skip_unavailable' from command line to 'False'
[1.162s] Level 5:colcon.colcon_core.verb:set package 'vesc_msgs' build argument 'cmake_clean_cache' from command line to 'False'
[1.162s] Level 5:colcon.colcon_core.verb:set package 'vesc_msgs' build argument 'cmake_clean_first' from command line to 'False'
[1.162s] Level 5:colcon.colcon_core.verb:set package 'vesc_msgs' build argument 'cmake_force_configure' from command line to 'False'
[1.162s] Level 5:colcon.colcon_core.verb:set package 'vesc_msgs' build argument 'ament_cmake_args' from command line to 'None'
[1.163s] Level 5:colcon.colcon_core.verb:set package 'vesc_msgs' build argument 'catkin_cmake_args' from command line to 'None'
[1.163s] Level 5:colcon.colcon_core.verb:set package 'vesc_msgs' build argument 'catkin_skip_building_tests' from command line to 'False'
[1.163s] DEBUG:colcon.colcon_core.verb:Building package 'vesc_msgs' with the following arguments: {'ament_cmake_args': None, 'build_base': '/home/jetson/slash_ws/build/vesc_msgs', 'catkin_cmake_args': None, 'catkin_skip_building_tests': False, 'cmake_args': None, 'cmake_clean_cache': False, 'cmake_clean_first': False, 'cmake_force_configure': False, 'cmake_target': None, 'cmake_target_skip_unavailable': False, 'install_base': '/home/jetson/slash_ws/install/vesc_msgs', 'merge_install': False, 'path': '/home/jetson/slash_ws/src/slash_hardware/f1tenth_system/vesc/vesc_msgs', 'symlink_install': False, 'test_result_base': None}
[1.163s] Level 5:colcon.colcon_core.verb:set package 'costmap_converter' build argument 'cmake_args' from command line to 'None'
[1.163s] Level 5:colcon.colcon_core.verb:set package 'costmap_converter' build argument 'cmake_target' from command line to 'None'
[1.163s] Level 5:colcon.colcon_core.verb:set package 'costmap_converter' build argument 'cmake_target_skip_unavailable' from command line to 'False'
[1.163s] Level 5:colcon.colcon_core.verb:set package 'costmap_converter' build argument 'cmake_clean_cache' from command line to 'False'
[1.163s] Level 5:colcon.colcon_core.verb:set package 'costmap_converter' build argument 'cmake_clean_first' from command line to 'False'
[1.163s] Level 5:colcon.colcon_core.verb:set package 'costmap_converter' build argument 'cmake_force_configure' from command line to 'False'
[1.163s] Level 5:colcon.colcon_core.verb:set package 'costmap_converter' build argument 'ament_cmake_args' from command line to 'None'
[1.163s] Level 5:colcon.colcon_core.verb:set package 'costmap_converter' build argument 'catkin_cmake_args' from command line to 'None'
[1.164s] Level 5:colcon.colcon_core.verb:set package 'costmap_converter' build argument 'catkin_skip_building_tests' from command line to 'False'
[1.164s] DEBUG:colcon.colcon_core.verb:Building package 'costmap_converter' with the following arguments: {'ament_cmake_args': None, 'build_base': '/home/jetson/slash_ws/build/costmap_converter', 'catkin_cmake_args': None, 'catkin_skip_building_tests': False, 'cmake_args': None, 'cmake_clean_cache': False, 'cmake_clean_first': False, 'cmake_force_configure': False, 'cmake_target': None, 'cmake_target_skip_unavailable': False, 'install_base': '/home/jetson/slash_ws/install/costmap_converter', 'merge_install': False, 'path': '/home/jetson/slash_ws/src/slash_navigation/costmap_converter/costmap_converter', 'symlink_install': False, 'test_result_base': None}
[1.164s] Level 5:colcon.colcon_core.verb:set package 'fast_lio' build argument 'cmake_args' from command line to 'None'
[1.164s] Level 5:colcon.colcon_core.verb:set package 'fast_lio' build argument 'cmake_target' from command line to 'None'
[1.164s] Level 5:colcon.colcon_core.verb:set package 'fast_lio' build argument 'cmake_target_skip_unavailable' from command line to 'False'
[1.164s] Level 5:colcon.colcon_core.verb:set package 'fast_lio' build argument 'cmake_clean_cache' from command line to 'False'
[1.165s] Level 5:colcon.colcon_core.verb:set package 'fast_lio' build argument 'cmake_clean_first' from command line to 'False'
[1.165s] Level 5:colcon.colcon_core.verb:set package 'fast_lio' build argument 'cmake_force_configure' from command line to 'False'
[1.165s] Level 5:colcon.colcon_core.verb:set package 'fast_lio' build argument 'ament_cmake_args' from command line to 'None'
[1.165s] Level 5:colcon.colcon_core.verb:set package 'fast_lio' build argument 'catkin_cmake_args' from command line to 'None'
[1.165s] Level 5:colcon.colcon_core.verb:set package 'fast_lio' build argument 'catkin_skip_building_tests' from command line to 'False'
[1.165s] DEBUG:colcon.colcon_core.verb:Building package 'fast_lio' with the following arguments: {'ament_cmake_args': None, 'build_base': '/home/jetson/slash_ws/build/fast_lio', 'catkin_cmake_args': None, 'catkin_skip_building_tests': False, 'cmake_args': None, 'cmake_clean_cache': False, 'cmake_clean_first': False, 'cmake_force_configure': False, 'cmake_target': None, 'cmake_target_skip_unavailable': False, 'install_base': '/home/jetson/slash_ws/install/fast_lio', 'merge_install': False, 'path': '/home/jetson/slash_ws/src/slash_localization/FAST_LIO', 'symlink_install': False, 'test_result_base': None}
[1.165s] Level 5:colcon.colcon_core.verb:set package 'joy_teleop' build argument 'cmake_args' from command line to 'None'
[1.165s] Level 5:colcon.colcon_core.verb:set package 'joy_teleop' build argument 'cmake_target' from command line to 'None'
[1.165s] Level 5:colcon.colcon_core.verb:set package 'joy_teleop' build argument 'cmake_target_skip_unavailable' from command line to 'False'
[1.165s] Level 5:colcon.colcon_core.verb:set package 'joy_teleop' build argument 'cmake_clean_cache' from command line to 'False'
[1.165s] Level 5:colcon.colcon_core.verb:set package 'joy_teleop' build argument 'cmake_clean_first' from command line to 'False'
[1.166s] Level 5:colcon.colcon_core.verb:set package 'joy_teleop' build argument 'cmake_force_configure' from command line to 'False'
[1.166s] Level 5:colcon.colcon_core.verb:set package 'joy_teleop' build argument 'ament_cmake_args' from command line to 'None'
[1.166s] Level 5:colcon.colcon_core.verb:set package 'joy_teleop' build argument 'catkin_cmake_args' from command line to 'None'
[1.166s] Level 5:colcon.colcon_core.verb:set package 'joy_teleop' build argument 'catkin_skip_building_tests' from command line to 'False'
[1.166s] DEBUG:colcon.colcon_core.verb:Building package 'joy_teleop' with the following arguments: {'ament_cmake_args': None, 'build_base': '/home/jetson/slash_ws/build/joy_teleop', 'catkin_cmake_args': None, 'catkin_skip_building_tests': False, 'cmake_args': None, 'cmake_clean_cache': False, 'cmake_clean_first': False, 'cmake_force_configure': False, 'cmake_target': None, 'cmake_target_skip_unavailable': False, 'install_base': '/home/jetson/slash_ws/install/joy_teleop', 'merge_install': False, 'path': '/home/jetson/slash_ws/src/slash_hardware/f1tenth_system/teleop_tools/joy_teleop', 'symlink_install': False, 'test_result_base': None}
[1.166s] Level 5:colcon.colcon_core.verb:set package 'linefit_ground_segmentation_ros' build argument 'cmake_args' from command line to 'None'
[1.166s] Level 5:colcon.colcon_core.verb:set package 'linefit_ground_segmentation_ros' build argument 'cmake_target' from command line to 'None'
[1.166s] Level 5:colcon.colcon_core.verb:set package 'linefit_ground_segmentation_ros' build argument 'cmake_target_skip_unavailable' from command line to 'False'
[1.166s] Level 5:colcon.colcon_core.verb:set package 'linefit_ground_segmentation_ros' build argument 'cmake_clean_cache' from command line to 'False'
[1.166s] Level 5:colcon.colcon_core.verb:set package 'linefit_ground_segmentation_ros' build argument 'cmake_clean_first' from command line to 'False'
[1.166s] Level 5:colcon.colcon_core.verb:set package 'linefit_ground_segmentation_ros' build argument 'cmake_force_configure' from command line to 'False'
[1.167s] Level 5:colcon.colcon_core.verb:set package 'linefit_ground_segmentation_ros' build argument 'ament_cmake_args' from command line to 'None'
[1.167s] Level 5:colcon.colcon_core.verb:set package 'linefit_ground_segmentation_ros' build argument 'catkin_cmake_args' from command line to 'None'
[1.167s] Level 5:colcon.colcon_core.verb:set package 'linefit_ground_segmentation_ros' build argument 'catkin_skip_building_tests' from command line to 'False'
[1.167s] DEBUG:colcon.colcon_core.verb:Building package 'linefit_ground_segmentation_ros' with the following arguments: {'ament_cmake_args': None, 'build_base': '/home/jetson/slash_ws/build/linefit_ground_segmentation_ros', 'catkin_cmake_args': None, 'catkin_skip_building_tests': False, 'cmake_args': None, 'cmake_clean_cache': False, 'cmake_clean_first': False, 'cmake_force_configure': False, 'cmake_target': None, 'cmake_target_skip_unavailable': False, 'install_base': '/home/jetson/slash_ws/install/linefit_ground_segmentation_ros', 'merge_install': False, 'path': '/home/jetson/slash_ws/src/slash_perception/linefit_ground_segementation_ros2/linefit_ground_segmentation_ros', 'symlink_install': False, 'test_result_base': None}
[1.167s] Level 5:colcon.colcon_core.verb:set package 'teb_msgs' build argument 'cmake_args' from command line to 'None'
[1.167s] Level 5:colcon.colcon_core.verb:set package 'teb_msgs' build argument 'cmake_target' from command line to 'None'
[1.167s] Level 5:colcon.colcon_core.verb:set package 'teb_msgs' build argument 'cmake_target_skip_unavailable' from command line to 'False'
[1.167s] Level 5:colcon.colcon_core.verb:set package 'teb_msgs' build argument 'cmake_clean_cache' from command line to 'False'
[1.167s] Level 5:colcon.colcon_core.verb:set package 'teb_msgs' build argument 'cmake_clean_first' from command line to 'False'
[1.167s] Level 5:colcon.colcon_core.verb:set package 'teb_msgs' build argument 'cmake_force_configure' from command line to 'False'
[1.167s] Level 5:colcon.colcon_core.verb:set package 'teb_msgs' build argument 'ament_cmake_args' from command line to 'None'
[1.167s] Level 5:colcon.colcon_core.verb:set package 'teb_msgs' build argument 'catkin_cmake_args' from command line to 'None'
[1.168s] Level 5:colcon.colcon_core.verb:set package 'teb_msgs' build argument 'catkin_skip_building_tests' from command line to 'False'
[1.168s] DEBUG:colcon.colcon_core.verb:Building package 'teb_msgs' with the following arguments: {'ament_cmake_args': None, 'build_base': '/home/jetson/slash_ws/build/teb_msgs', 'catkin_cmake_args': None, 'catkin_skip_building_tests': False, 'cmake_args': None, 'cmake_clean_cache': False, 'cmake_clean_first': False, 'cmake_force_configure': False, 'cmake_target': None, 'cmake_target_skip_unavailable': False, 'install_base': '/home/jetson/slash_ws/install/teb_msgs', 'merge_install': False, 'path': '/home/jetson/slash_ws/src/slash_navigation/teb_local_planner/teb_msgs', 'symlink_install': False, 'test_result_base': None}
[1.168s] Level 5:colcon.colcon_core.verb:set package 'vesc_ackermann' build argument 'cmake_args' from command line to 'None'
[1.168s] Level 5:colcon.colcon_core.verb:set package 'vesc_ackermann' build argument 'cmake_target' from command line to 'None'
[1.168s] Level 5:colcon.colcon_core.verb:set package 'vesc_ackermann' build argument 'cmake_target_skip_unavailable' from command line to 'False'
[1.168s] Level 5:colcon.colcon_core.verb:set package 'vesc_ackermann' build argument 'cmake_clean_cache' from command line to 'False'
[1.168s] Level 5:colcon.colcon_core.verb:set package 'vesc_ackermann' build argument 'cmake_clean_first' from command line to 'False'
[1.168s] Level 5:colcon.colcon_core.verb:set package 'vesc_ackermann' build argument 'cmake_force_configure' from command line to 'False'
[1.168s] Level 5:colcon.colcon_core.verb:set package 'vesc_ackermann' build argument 'ament_cmake_args' from command line to 'None'
[1.168s] Level 5:colcon.colcon_core.verb:set package 'vesc_ackermann' build argument 'catkin_cmake_args' from command line to 'None'
[1.168s] Level 5:colcon.colcon_core.verb:set package 'vesc_ackermann' build argument 'catkin_skip_building_tests' from command line to 'False'
[1.169s] DEBUG:colcon.colcon_core.verb:Building package 'vesc_ackermann' with the following arguments: {'ament_cmake_args': None, 'build_base': '/home/jetson/slash_ws/build/vesc_ackermann', 'catkin_cmake_args': None, 'catkin_skip_building_tests': False, 'cmake_args': None, 'cmake_clean_cache': False, 'cmake_clean_first': False, 'cmake_force_configure': False, 'cmake_target': None, 'cmake_target_skip_unavailable': False, 'install_base': '/home/jetson/slash_ws/install/vesc_ackermann', 'merge_install': False, 'path': '/home/jetson/slash_ws/src/slash_hardware/f1tenth_system/vesc/vesc_ackermann', 'symlink_install': False, 'test_result_base': None}
[1.169s] Level 5:colcon.colcon_core.verb:set package 'vesc_driver' build argument 'cmake_args' from command line to 'None'
[1.169s] Level 5:colcon.colcon_core.verb:set package 'vesc_driver' build argument 'cmake_target' from command line to 'None'
[1.169s] Level 5:colcon.colcon_core.verb:set package 'vesc_driver' build argument 'cmake_target_skip_unavailable' from command line to 'False'
[1.169s] Level 5:colcon.colcon_core.verb:set package 'vesc_driver' build argument 'cmake_clean_cache' from command line to 'False'
[1.169s] Level 5:colcon.colcon_core.verb:set package 'vesc_driver' build argument 'cmake_clean_first' from command line to 'False'
[1.169s] Level 5:colcon.colcon_core.verb:set package 'vesc_driver' build argument 'cmake_force_configure' from command line to 'False'
[1.169s] Level 5:colcon.colcon_core.verb:set package 'vesc_driver' build argument 'ament_cmake_args' from command line to 'None'
[1.169s] Level 5:colcon.colcon_core.verb:set package 'vesc_driver' build argument 'catkin_cmake_args' from command line to 'None'
[1.169s] Level 5:colcon.colcon_core.verb:set package 'vesc_driver' build argument 'catkin_skip_building_tests' from command line to 'False'
[1.169s] DEBUG:colcon.colcon_core.verb:Building package 'vesc_driver' with the following arguments: {'ament_cmake_args': None, 'build_base': '/home/jetson/slash_ws/build/vesc_driver', 'catkin_cmake_args': None, 'catkin_skip_building_tests': False, 'cmake_args': None, 'cmake_clean_cache': False, 'cmake_clean_first': False, 'cmake_force_configure': False, 'cmake_target': None, 'cmake_target_skip_unavailable': False, 'install_base': '/home/jetson/slash_ws/install/vesc_driver', 'merge_install': False, 'path': '/home/jetson/slash_ws/src/slash_hardware/f1tenth_system/vesc/vesc_driver', 'symlink_install': False, 'test_result_base': None}
[1.170s] Level 5:colcon.colcon_core.verb:set package 'teb_local_planner' build argument 'cmake_args' from command line to 'None'
[1.170s] Level 5:colcon.colcon_core.verb:set package 'teb_local_planner' build argument 'cmake_target' from command line to 'None'
[1.170s] Level 5:colcon.colcon_core.verb:set package 'teb_local_planner' build argument 'cmake_target_skip_unavailable' from command line to 'False'
[1.170s] Level 5:colcon.colcon_core.verb:set package 'teb_local_planner' build argument 'cmake_clean_cache' from command line to 'False'
[1.170s] Level 5:colcon.colcon_core.verb:set package 'teb_local_planner' build argument 'cmake_clean_first' from command line to 'False'
[1.170s] Level 5:colcon.colcon_core.verb:set package 'teb_local_planner' build argument 'cmake_force_configure' from command line to 'False'
[1.170s] Level 5:colcon.colcon_core.verb:set package 'teb_local_planner' build argument 'ament_cmake_args' from command line to 'None'
[1.170s] Level 5:colcon.colcon_core.verb:set package 'teb_local_planner' build argument 'catkin_cmake_args' from command line to 'None'
[1.170s] Level 5:colcon.colcon_core.verb:set package 'teb_local_planner' build argument 'catkin_skip_building_tests' from command line to 'False'
[1.170s] DEBUG:colcon.colcon_core.verb:Building package 'teb_local_planner' with the following arguments: {'ament_cmake_args': None, 'build_base': '/home/jetson/slash_ws/build/teb_local_planner', 'catkin_cmake_args': None, 'catkin_skip_building_tests': False, 'cmake_args': None, 'cmake_clean_cache': False, 'cmake_clean_first': False, 'cmake_force_configure': False, 'cmake_target': None, 'cmake_target_skip_unavailable': False, 'install_base': '/home/jetson/slash_ws/install/teb_local_planner', 'merge_install': False, 'path': '/home/jetson/slash_ws/src/slash_navigation/teb_local_planner/teb_local_planner', 'symlink_install': False, 'test_result_base': None}
[1.171s] Level 5:colcon.colcon_core.verb:set package 'teleop_tools' build argument 'cmake_args' from command line to 'None'
[1.171s] Level 5:colcon.colcon_core.verb:set package 'teleop_tools' build argument 'cmake_target' from command line to 'None'
[1.171s] Level 5:colcon.colcon_core.verb:set package 'teleop_tools' build argument 'cmake_target_skip_unavailable' from command line to 'False'
[1.171s] Level 5:colcon.colcon_core.verb:set package 'teleop_tools' build argument 'cmake_clean_cache' from command line to 'False'
[1.171s] Level 5:colcon.colcon_core.verb:set package 'teleop_tools' build argument 'cmake_clean_first' from command line to 'False'
[1.171s] Level 5:colcon.colcon_core.verb:set package 'teleop_tools' build argument 'cmake_force_configure' from command line to 'False'
[1.171s] Level 5:colcon.colcon_core.verb:set package 'teleop_tools' build argument 'ament_cmake_args' from command line to 'None'
[1.171s] Level 5:colcon.colcon_core.verb:set package 'teleop_tools' build argument 'catkin_cmake_args' from command line to 'None'
[1.171s] Level 5:colcon.colcon_core.verb:set package 'teleop_tools' build argument 'catkin_skip_building_tests' from command line to 'False'
[1.171s] DEBUG:colcon.colcon_core.verb:Building package 'teleop_tools' with the following arguments: {'ament_cmake_args': None, 'build_base': '/home/jetson/slash_ws/build/teleop_tools', 'catkin_cmake_args': None, 'catkin_skip_building_tests': False, 'cmake_args': None, 'cmake_clean_cache': False, 'cmake_clean_first': False, 'cmake_force_configure': False, 'cmake_target': None, 'cmake_target_skip_unavailable': False, 'install_base': '/home/jetson/slash_ws/install/teleop_tools', 'merge_install': False, 'path': '/home/jetson/slash_ws/src/slash_hardware/f1tenth_system/teleop_tools/teleop_tools', 'symlink_install': False, 'test_result_base': None}
[1.172s] Level 5:colcon.colcon_core.verb:set package 'vesc' build argument 'cmake_args' from command line to 'None'
[1.172s] Level 5:colcon.colcon_core.verb:set package 'vesc' build argument 'cmake_target' from command line to 'None'
[1.172s] Level 5:colcon.colcon_core.verb:set package 'vesc' build argument 'cmake_target_skip_unavailable' from command line to 'False'
[1.172s] Level 5:colcon.colcon_core.verb:set package 'vesc' build argument 'cmake_clean_cache' from command line to 'False'
[1.172s] Level 5:colcon.colcon_core.verb:set package 'vesc' build argument 'cmake_clean_first' from command line to 'False'
[1.172s] Level 5:colcon.colcon_core.verb:set package 'vesc' build argument 'cmake_force_configure' from command line to 'False'
[1.172s] Level 5:colcon.colcon_core.verb:set package 'vesc' build argument 'ament_cmake_args' from command line to 'None'
[1.172s] Level 5:colcon.colcon_core.verb:set package 'vesc' build argument 'catkin_cmake_args' from command line to 'None'
[1.172s] Level 5:colcon.colcon_core.verb:set package 'vesc' build argument 'catkin_skip_building_tests' from command line to 'False'
[1.172s] DEBUG:colcon.colcon_core.verb:Building package 'vesc' with the following arguments: {'ament_cmake_args': None, 'build_base': '/home/jetson/slash_ws/build/vesc', 'catkin_cmake_args': None, 'catkin_skip_building_tests': False, 'cmake_args': None, 'cmake_clean_cache': False, 'cmake_clean_first': False, 'cmake_force_configure': False, 'cmake_target': None, 'cmake_target_skip_unavailable': False, 'install_base': '/home/jetson/slash_ws/install/vesc', 'merge_install': False, 'path': '/home/jetson/slash_ws/src/slash_hardware/f1tenth_system/vesc/vesc', 'symlink_install': False, 'test_result_base': None}
[1.173s] Level 5:colcon.colcon_core.verb:set package 'f1tenth_stack' build argument 'cmake_args' from command line to 'None'
[1.173s] Level 5:colcon.colcon_core.verb:set package 'f1tenth_stack' build argument 'cmake_target' from command line to 'None'
[1.173s] Level 5:colcon.colcon_core.verb:set package 'f1tenth_stack' build argument 'cmake_target_skip_unavailable' from command line to 'False'
[1.173s] Level 5:colcon.colcon_core.verb:set package 'f1tenth_stack' build argument 'cmake_clean_cache' from command line to 'False'
[1.173s] Level 5:colcon.colcon_core.verb:set package 'f1tenth_stack' build argument 'cmake_clean_first' from command line to 'False'
[1.173s] Level 5:colcon.colcon_core.verb:set package 'f1tenth_stack' build argument 'cmake_force_configure' from command line to 'False'
[1.173s] Level 5:colcon.colcon_core.verb:set package 'f1tenth_stack' build argument 'ament_cmake_args' from command line to 'None'
[1.173s] Level 5:colcon.colcon_core.verb:set package 'f1tenth_stack' build argument 'catkin_cmake_args' from command line to 'None'
[1.173s] Level 5:colcon.colcon_core.verb:set package 'f1tenth_stack' build argument 'catkin_skip_building_tests' from command line to 'False'
[1.173s] DEBUG:colcon.colcon_core.verb:Building package 'f1tenth_stack' with the following arguments: {'ament_cmake_args': None, 'build_base': '/home/jetson/slash_ws/build/f1tenth_stack', 'catkin_cmake_args': None, 'catkin_skip_building_tests': False, 'cmake_args': None, 'cmake_clean_cache': False, 'cmake_clean_first': False, 'cmake_force_configure': False, 'cmake_target': None, 'cmake_target_skip_unavailable': False, 'install_base': '/home/jetson/slash_ws/install/f1tenth_stack', 'merge_install': False, 'path': '/home/jetson/slash_ws/src/slash_hardware/f1tenth_system/f1tenth_stack', 'symlink_install': False, 'test_result_base': None}
[1.173s] INFO:colcon.colcon_core.executor:Executing jobs using 'parallel' executor
[1.176s] DEBUG:colcon.colcon_parallel_executor.executor.parallel:run_until_complete
[1.177s] INFO:colcon.colcon_ros.task.ament_cmake.build:Building ROS package in '/home/jetson/slash_ws/src/slash_hardware/f1tenth_system/vesc/vesc_msgs' with build type 'ament_cmake'
[1.177s] INFO:colcon.colcon_cmake.task.cmake.build:Building CMake package in '/home/jetson/slash_ws/src/slash_hardware/f1tenth_system/vesc/vesc_msgs'
[1.184s] INFO:colcon.colcon_core.plugin_system:Skipping extension 'colcon_core.shell.bat': Not used on non-Windows systems
[1.185s] INFO:colcon.colcon_core.shell:Skip shell extension 'powershell' for command environment: Not usable outside of PowerShell
[1.185s] DEBUG:colcon.colcon_core.shell:Skip shell extension 'dsv' for command environment
[1.201s] INFO:colcon.colcon_ros.task.ament_cmake.build:Building ROS package in '/home/jetson/slash_ws/src/slash_navigation/costmap_converter/costmap_converter_msgs' with build type 'ament_cmake'
[1.202s] INFO:colcon.colcon_cmake.task.cmake.build:Building CMake package in '/home/jetson/slash_ws/src/slash_navigation/costmap_converter/costmap_converter_msgs'
[1.203s] INFO:colcon.colcon_core.shell:Skip shell extension 'powershell' for command environment: Not usable outside of PowerShell
[1.203s] DEBUG:colcon.colcon_core.shell:Skip shell extension 'dsv' for command environment
[1.221s] INFO:colcon.colcon_ros.task.ament_cmake.build:Building ROS package in '/home/jetson/slash_ws/src/slash_hardware/f1tenth_system/teleop_tools/teleop_tools_msgs' with build type 'ament_cmake'
[1.222s] INFO:colcon.colcon_cmake.task.cmake.build:Building CMake package in '/home/jetson/slash_ws/src/slash_hardware/f1tenth_system/teleop_tools/teleop_tools_msgs'
[1.223s] INFO:colcon.colcon_core.shell:Skip shell extension 'powershell' for command environment: Not usable outside of PowerShell
[1.224s] DEBUG:colcon.colcon_core.shell:Skip shell extension 'dsv' for command environment
[1.240s] INFO:colcon.colcon_ros.task.ament_cmake.build:Building ROS package in '/home/jetson/slash_ws/src/slash_hardware/f1tenth_system/ackermann_mux' with build type 'ament_cmake'
[1.241s] INFO:colcon.colcon_cmake.task.cmake.build:Building CMake package in '/home/jetson/slash_ws/src/slash_hardware/f1tenth_system/ackermann_mux'
[1.242s] INFO:colcon.colcon_core.shell:Skip shell extension 'powershell' for command environment: Not usable outside of PowerShell
[1.242s] DEBUG:colcon.colcon_core.shell:Skip shell extension 'dsv' for command environment
[1.260s] INFO:colcon.colcon_ros.task.ament_python.build:Building ROS package in '/home/jetson/slash_ws/src/slash_hardware/f1tenth_system/teleop_tools/key_teleop' with build type 'ament_python'
[1.261s] Level 1:colcon.colcon_core.shell:create_environment_hook('key_teleop', 'ament_prefix_path')
[1.262s] INFO:colcon.colcon_core.shell:Creating environment hook '/home/jetson/slash_ws/install/key_teleop/share/key_teleop/hook/ament_prefix_path.ps1'
[1.265s] INFO:colcon.colcon_core.shell:Creating environment descriptor '/home/jetson/slash_ws/install/key_teleop/share/key_teleop/hook/ament_prefix_path.dsv'
[1.266s] INFO:colcon.colcon_core.shell:Creating environment hook '/home/jetson/slash_ws/install/key_teleop/share/key_teleop/hook/ament_prefix_path.sh'
[1.267s] INFO:colcon.colcon_core.shell:Skip shell extension 'powershell' for command environment: Not usable outside of PowerShell
[1.267s] DEBUG:colcon.colcon_core.shell:Skip shell extension 'dsv' for command environment
[1.283s] INFO:colcon.colcon_ros.task.ament_cmake.build:Building ROS package in '/home/jetson/slash_ws/src/slash_perception/linefit_ground_segementation_ros2/linefit_ground_segmentation' with build type 'ament_cmake'
[1.285s] INFO:colcon.colcon_cmake.task.cmake.build:Building CMake package in '/home/jetson/slash_ws/src/slash_perception/linefit_ground_segementation_ros2/linefit_ground_segmentation'
[1.286s] INFO:colcon.colcon_core.shell:Skip shell extension 'powershell' for command environment: Not usable outside of PowerShell
[1.286s] DEBUG:colcon.colcon_core.shell:Skip shell extension 'dsv' for command environment
[1.302s] INFO:colcon.colcon_ros.task.ament_cmake.build:Building ROS package in '/home/jetson/slash_ws/src/slash_hardware/livox_ros_driver2/src' with build type 'ament_cmake'
[1.304s] INFO:colcon.colcon_cmake.task.cmake.build:Building CMake package in '/home/jetson/slash_ws/src/slash_hardware/livox_ros_driver2/src'
[1.305s] INFO:colcon.colcon_core.shell:Skip shell extension 'powershell' for command environment: Not usable outside of PowerShell
[1.305s] DEBUG:colcon.colcon_core.shell:Skip shell extension 'dsv' for command environment
[1.326s] INFO:colcon.colcon_ros.task.ament_python.build:Building ROS package in '/home/jetson/slash_ws/src/slash_hardware/f1tenth_system/teleop_tools/mouse_teleop' with build type 'ament_python'
[1.327s] Level 1:colcon.colcon_core.shell:create_environment_hook('mouse_teleop', 'ament_prefix_path')
[1.328s] INFO:colcon.colcon_core.shell:Creating environment hook '/home/jetson/slash_ws/install/mouse_teleop/share/mouse_teleop/hook/ament_prefix_path.ps1'
[1.331s] INFO:colcon.colcon_core.shell:Creating environment descriptor '/home/jetson/slash_ws/install/mouse_teleop/share/mouse_teleop/hook/ament_prefix_path.dsv'
[1.332s] INFO:colcon.colcon_core.shell:Creating environment hook '/home/jetson/slash_ws/install/mouse_teleop/share/mouse_teleop/hook/ament_prefix_path.sh'
[1.333s] INFO:colcon.colcon_core.shell:Skip shell extension 'powershell' for command environment: Not usable outside of PowerShell
[1.333s] DEBUG:colcon.colcon_core.shell:Skip shell extension 'dsv' for command environment
[1.360s] DEBUG:colcon.colcon_core.event_handler.log_command:Invoking command in '/home/jetson/slash_ws/build/vesc_msgs': CMAKE_PREFIX_PATH=${CMAKE_PREFIX_PATH}:/home/jetson/slash_ws/install/f1tenth_stack:/home/jetson/slash_ws/install/twist_to_ackermann:/home/jetson/slash_ws/install/joy_teleop:/home/jetson/slash_ws/install/roboracer_china_2025:/home/jetson/slash_ws/install/mouse_teleop:/home/jetson/slash_ws/install/key_teleop:/opt/ros/foxy /usr/bin/cmake --build /home/jetson/slash_ws/build/vesc_msgs -- -j8 -l8
[1.385s] DEBUG:colcon.colcon_core.event_handler.log_command:Invoking command in '/home/jetson/slash_ws/build/costmap_converter_msgs': CMAKE_PREFIX_PATH=${CMAKE_PREFIX_PATH}:/home/jetson/slash_ws/install/f1tenth_stack:/home/jetson/slash_ws/install/twist_to_ackermann:/home/jetson/slash_ws/install/joy_teleop:/home/jetson/slash_ws/install/roboracer_china_2025:/home/jetson/slash_ws/install/mouse_teleop:/home/jetson/slash_ws/install/key_teleop:/opt/ros/foxy /usr/bin/cmake --build /home/jetson/slash_ws/build/costmap_converter_msgs -- -j8 -l8
[1.394s] DEBUG:colcon.colcon_core.event_handler.log_command:Invoking command in '/home/jetson/slash_ws/build/teleop_tools_msgs': CMAKE_PREFIX_PATH=${CMAKE_PREFIX_PATH}:/home/jetson/slash_ws/install/f1tenth_stack:/home/jetson/slash_ws/install/twist_to_ackermann:/home/jetson/slash_ws/install/joy_teleop:/home/jetson/slash_ws/install/roboracer_china_2025:/home/jetson/slash_ws/install/mouse_teleop:/home/jetson/slash_ws/install/key_teleop:/opt/ros/foxy /usr/bin/cmake --build /home/jetson/slash_ws/build/teleop_tools_msgs -- -j8 -l8
[1.419s] DEBUG:colcon.colcon_core.event_handler.log_command:Invoking command in '/home/jetson/slash_ws/build/ackermann_mux': CMAKE_PREFIX_PATH=${CMAKE_PREFIX_PATH}:/home/jetson/slash_ws/install/f1tenth_stack:/home/jetson/slash_ws/install/twist_to_ackermann:/home/jetson/slash_ws/install/joy_teleop:/home/jetson/slash_ws/install/roboracer_china_2025:/home/jetson/slash_ws/install/mouse_teleop:/home/jetson/slash_ws/install/key_teleop:/opt/ros/foxy /usr/bin/cmake --build /home/jetson/slash_ws/build/ackermann_mux -- -j8 -l8
[2.355s] INFO:colcon.colcon_core.task.python.build:Building Python package in '/home/jetson/slash_ws/src/slash_hardware/f1tenth_system/teleop_tools/key_teleop'
[2.357s] INFO:colcon.colcon_core.shell:Skip shell extension 'powershell' for command environment: Not usable outside of PowerShell
[2.357s] DEBUG:colcon.colcon_core.shell:Skip shell extension 'dsv' for command environment
[2.390s] DEBUG:colcon.colcon_core.event_handler.log_command:Invoking command in '/home/jetson/slash_ws/build/linefit_ground_segmentation': CMAKE_PREFIX_PATH=${CMAKE_PREFIX_PATH}:/home/jetson/slash_ws/install/f1tenth_stack:/home/jetson/slash_ws/install/twist_to_ackermann:/home/jetson/slash_ws/install/joy_teleop:/home/jetson/slash_ws/install/roboracer_china_2025:/home/jetson/slash_ws/install/mouse_teleop:/home/jetson/slash_ws/install/key_teleop:/opt/ros/foxy /usr/bin/cmake --build /home/jetson/slash_ws/build/linefit_ground_segmentation -- -j8 -l8
[2.411s] DEBUG:colcon.colcon_core.event_handler.log_command:Invoking command in '/home/jetson/slash_ws/build/livox_ros_driver2': CMAKE_PREFIX_PATH=${CMAKE_PREFIX_PATH}:/home/jetson/slash_ws/install/f1tenth_stack:/home/jetson/slash_ws/install/twist_to_ackermann:/home/jetson/slash_ws/install/joy_teleop:/home/jetson/slash_ws/install/roboracer_china_2025:/home/jetson/slash_ws/install/mouse_teleop:/home/jetson/slash_ws/install/key_teleop:/opt/ros/foxy /usr/bin/cmake --build /home/jetson/slash_ws/build/livox_ros_driver2 -- -j8 -l8
[3.313s] INFO:colcon.colcon_core.task.python.build:Building Python package in '/home/jetson/slash_ws/src/slash_hardware/f1tenth_system/teleop_tools/mouse_teleop'
[3.314s] INFO:colcon.colcon_core.shell:Skip shell extension 'powershell' for command environment: Not usable outside of PowerShell
[3.314s] DEBUG:colcon.colcon_core.shell:Skip shell extension 'dsv' for command environment
[3.345s] DEBUG:colcon.colcon_core.event_handler.log_command:Invoked command in '/home/jetson/slash_ws/build/vesc_msgs' returned '0': CMAKE_PREFIX_PATH=${CMAKE_PREFIX_PATH}:/home/jetson/slash_ws/install/f1tenth_stack:/home/jetson/slash_ws/install/twist_to_ackermann:/home/jetson/slash_ws/install/joy_teleop:/home/jetson/slash_ws/install/roboracer_china_2025:/home/jetson/slash_ws/install/mouse_teleop:/home/jetson/slash_ws/install/key_teleop:/opt/ros/foxy /usr/bin/cmake --build /home/jetson/slash_ws/build/vesc_msgs -- -j8 -l8
[3.381s] DEBUG:colcon.colcon_core.event_handler.log_command:Invoking command in '/home/jetson/slash_ws/build/vesc_msgs': CMAKE_PREFIX_PATH=${CMAKE_PREFIX_PATH}:/home/jetson/slash_ws/install/f1tenth_stack:/home/jetson/slash_ws/install/twist_to_ackermann:/home/jetson/slash_ws/install/joy_teleop:/home/jetson/slash_ws/install/roboracer_china_2025:/home/jetson/slash_ws/install/mouse_teleop:/home/jetson/slash_ws/install/key_teleop:/opt/ros/foxy /usr/bin/cmake --install /home/jetson/slash_ws/build/vesc_msgs
[3.387s] DEBUG:colcon.colcon_core.event_handler.log_command:Invoked command in '/home/jetson/slash_ws/build/costmap_converter_msgs' returned '0': CMAKE_PREFIX_PATH=${CMAKE_PREFIX_PATH}:/home/jetson/slash_ws/install/f1tenth_stack:/home/jetson/slash_ws/install/twist_to_ackermann:/home/jetson/slash_ws/install/joy_teleop:/home/jetson/slash_ws/install/roboracer_china_2025:/home/jetson/slash_ws/install/mouse_teleop:/home/jetson/slash_ws/install/key_teleop:/opt/ros/foxy /usr/bin/cmake --build /home/jetson/slash_ws/build/costmap_converter_msgs -- -j8 -l8
[3.412s] DEBUG:colcon.colcon_core.event_handler.log_command:Invoking command in '/home/jetson/slash_ws/build/costmap_converter_msgs': CMAKE_PREFIX_PATH=${CMAKE_PREFIX_PATH}:/home/jetson/slash_ws/install/f1tenth_stack:/home/jetson/slash_ws/install/twist_to_ackermann:/home/jetson/slash_ws/install/joy_teleop:/home/jetson/slash_ws/install/roboracer_china_2025:/home/jetson/slash_ws/install/mouse_teleop:/home/jetson/slash_ws/install/key_teleop:/opt/ros/foxy /usr/bin/cmake --install /home/jetson/slash_ws/build/costmap_converter_msgs
[3.444s] DEBUG:colcon.colcon_core.event_handler.log_command:Invoked command in '/home/jetson/slash_ws/build/ackermann_mux' returned '0': CMAKE_PREFIX_PATH=${CMAKE_PREFIX_PATH}:/home/jetson/slash_ws/install/f1tenth_stack:/home/jetson/slash_ws/install/twist_to_ackermann:/home/jetson/slash_ws/install/joy_teleop:/home/jetson/slash_ws/install/roboracer_china_2025:/home/jetson/slash_ws/install/mouse_teleop:/home/jetson/slash_ws/install/key_teleop:/opt/ros/foxy /usr/bin/cmake --build /home/jetson/slash_ws/build/ackermann_mux -- -j8 -l8
[3.446s] DEBUG:colcon.colcon_core.event_handler.log_command:Invoking command in '/home/jetson/slash_ws/build/ackermann_mux': CMAKE_PREFIX_PATH=${CMAKE_PREFIX_PATH}:/home/jetson/slash_ws/install/f1tenth_stack:/home/jetson/slash_ws/install/twist_to_ackermann:/home/jetson/slash_ws/install/joy_teleop:/home/jetson/slash_ws/install/roboracer_china_2025:/home/jetson/slash_ws/install/mouse_teleop:/home/jetson/slash_ws/install/key_teleop:/opt/ros/foxy /usr/bin/cmake --install /home/jetson/slash_ws/build/ackermann_mux
[3.486s] DEBUG:colcon.colcon_core.event_handler.log_command:Invoked command in '/home/jetson/slash_ws/build/teleop_tools_msgs' returned '0': CMAKE_PREFIX_PATH=${CMAKE_PREFIX_PATH}:/home/jetson/slash_ws/install/f1tenth_stack:/home/jetson/slash_ws/install/twist_to_ackermann:/home/jetson/slash_ws/install/joy_teleop:/home/jetson/slash_ws/install/roboracer_china_2025:/home/jetson/slash_ws/install/mouse_teleop:/home/jetson/slash_ws/install/key_teleop:/opt/ros/foxy /usr/bin/cmake --build /home/jetson/slash_ws/build/teleop_tools_msgs -- -j8 -l8
[3.564s] DEBUG:colcon.colcon_core.event_handler.log_command:Invoking command in '/home/jetson/slash_ws/build/teleop_tools_msgs': CMAKE_PREFIX_PATH=${CMAKE_PREFIX_PATH}:/home/jetson/slash_ws/install/f1tenth_stack:/home/jetson/slash_ws/install/twist_to_ackermann:/home/jetson/slash_ws/install/joy_teleop:/home/jetson/slash_ws/install/roboracer_china_2025:/home/jetson/slash_ws/install/mouse_teleop:/home/jetson/slash_ws/install/key_teleop:/opt/ros/foxy /usr/bin/cmake --install /home/jetson/slash_ws/build/teleop_tools_msgs
[3.569s] DEBUG:colcon.colcon_core.event_handler.log_command:Invoked command in '/home/jetson/slash_ws/build/livox_ros_driver2' returned '0': CMAKE_PREFIX_PATH=${CMAKE_PREFIX_PATH}:/home/jetson/slash_ws/install/f1tenth_stack:/home/jetson/slash_ws/install/twist_to_ackermann:/home/jetson/slash_ws/install/joy_teleop:/home/jetson/slash_ws/install/roboracer_china_2025:/home/jetson/slash_ws/install/mouse_teleop:/home/jetson/slash_ws/install/key_teleop:/opt/ros/foxy /usr/bin/cmake --build /home/jetson/slash_ws/build/livox_ros_driver2 -- -j8 -l8
[3.579s] DEBUG:colcon.colcon_core.event_handler.log_command:Invoking command in '/home/jetson/slash_ws/build/livox_ros_driver2': CMAKE_PREFIX_PATH=${CMAKE_PREFIX_PATH}:/home/jetson/slash_ws/install/f1tenth_stack:/home/jetson/slash_ws/install/twist_to_ackermann:/home/jetson/slash_ws/install/joy_teleop:/home/jetson/slash_ws/install/roboracer_china_2025:/home/jetson/slash_ws/install/mouse_teleop:/home/jetson/slash_ws/install/key_teleop:/opt/ros/foxy /usr/bin/cmake --install /home/jetson/slash_ws/build/livox_ros_driver2
[3.597s] DEBUG:colcon.colcon_core.event_handler.log_command:Invoked command in '/home/jetson/slash_ws/build/linefit_ground_segmentation' returned '0': CMAKE_PREFIX_PATH=${CMAKE_PREFIX_PATH}:/home/jetson/slash_ws/install/f1tenth_stack:/home/jetson/slash_ws/install/twist_to_ackermann:/home/jetson/slash_ws/install/joy_teleop:/home/jetson/slash_ws/install/roboracer_china_2025:/home/jetson/slash_ws/install/mouse_teleop:/home/jetson/slash_ws/install/key_teleop:/opt/ros/foxy /usr/bin/cmake --build /home/jetson/slash_ws/build/linefit_ground_segmentation -- -j8 -l8
[3.598s] DEBUG:colcon.colcon_core.event_handler.log_command:Invoking command in '/home/jetson/slash_ws/build/linefit_ground_segmentation': CMAKE_PREFIX_PATH=${CMAKE_PREFIX_PATH}:/home/jetson/slash_ws/install/f1tenth_stack:/home/jetson/slash_ws/install/twist_to_ackermann:/home/jetson/slash_ws/install/joy_teleop:/home/jetson/slash_ws/install/roboracer_china_2025:/home/jetson/slash_ws/install/mouse_teleop:/home/jetson/slash_ws/install/key_teleop:/opt/ros/foxy /usr/bin/cmake --install /home/jetson/slash_ws/build/linefit_ground_segmentation
[3.754s] Level 1:colcon.colcon_core.environment:create_environment_scripts_only(ackermann_mux)
[3.783s] Level 1:colcon.colcon_core.environment:checking '/home/jetson/slash_ws/install/ackermann_mux' for CMake module files
[3.784s] Level 1:colcon.colcon_core.environment:checking '/home/jetson/slash_ws/install/ackermann_mux' for CMake config files
[3.785s] Level 1:colcon.colcon_core.shell:create_environment_hook('ackermann_mux', 'cmake_prefix_path')
[3.785s] INFO:colcon.colcon_core.shell:Creating environment hook '/home/jetson/slash_ws/install/ackermann_mux/share/ackermann_mux/hook/cmake_prefix_path.ps1'
[3.788s] INFO:colcon.colcon_core.shell:Creating environment descriptor '/home/jetson/slash_ws/install/ackermann_mux/share/ackermann_mux/hook/cmake_prefix_path.dsv'
[3.790s] INFO:colcon.colcon_core.shell:Creating environment hook '/home/jetson/slash_ws/install/ackermann_mux/share/ackermann_mux/hook/cmake_prefix_path.sh'
[3.793s] Level 1:colcon.colcon_core.environment:checking '/home/jetson/slash_ws/install/ackermann_mux/lib'
[3.793s] Level 1:colcon.colcon_core.environment:checking '/home/jetson/slash_ws/install/ackermann_mux/bin'
[3.794s] Level 1:colcon.colcon_core.environment:checking '/home/jetson/slash_ws/install/ackermann_mux/lib/pkgconfig/ackermann_mux.pc'
[3.794s] Level 1:colcon.colcon_core.environment:checking '/home/jetson/slash_ws/install/ackermann_mux/lib/python3.8/site-packages'
[3.795s] Level 1:colcon.colcon_core.environment:checking '/home/jetson/slash_ws/install/ackermann_mux/bin'
[3.796s] INFO:colcon.colcon_core.shell:Creating package script '/home/jetson/slash_ws/install/ackermann_mux/share/ackermann_mux/package.ps1'
[3.801s] INFO:colcon.colcon_core.shell:Creating package descriptor '/home/jetson/slash_ws/install/ackermann_mux/share/ackermann_mux/package.dsv'
[3.808s] INFO:colcon.colcon_core.shell:Creating package script '/home/jetson/slash_ws/install/ackermann_mux/share/ackermann_mux/package.sh'
[3.813s] INFO:colcon.colcon_core.shell:Creating package script '/home/jetson/slash_ws/install/ackermann_mux/share/ackermann_mux/package.bash'
[3.817s] INFO:colcon.colcon_core.shell:Creating package script '/home/jetson/slash_ws/install/ackermann_mux/share/ackermann_mux/package.zsh'
[3.819s] Level 1:colcon.colcon_core.environment:create_file_with_runtime_dependencies(/home/jetson/slash_ws/install/ackermann_mux/share/colcon-core/packages/ackermann_mux)
[3.821s] Level 1:colcon.colcon_core.environment:create_environment_scripts_only(ackermann_mux)
[3.822s] Level 1:colcon.colcon_core.environment:checking '/home/jetson/slash_ws/install/ackermann_mux' for CMake module files
[3.823s] Level 1:colcon.colcon_core.environment:checking '/home/jetson/slash_ws/install/ackermann_mux' for CMake config files
[3.823s] Level 1:colcon.colcon_core.shell:create_environment_hook('ackermann_mux', 'cmake_prefix_path')
[3.824s] INFO:colcon.colcon_core.shell:Creating environment hook '/home/jetson/slash_ws/install/ackermann_mux/share/ackermann_mux/hook/cmake_prefix_path.ps1'
[3.829s] INFO:colcon.colcon_core.shell:Creating environment descriptor '/home/jetson/slash_ws/install/ackermann_mux/share/ackermann_mux/hook/cmake_prefix_path.dsv'
[3.829s] DEBUG:colcon.colcon_core.event_handler.log_command:Invoked command in '/home/jetson/slash_ws/build/ackermann_mux' returned '0': CMAKE_PREFIX_PATH=${CMAKE_PREFIX_PATH}:/home/jetson/slash_ws/install/f1tenth_stack:/home/jetson/slash_ws/install/twist_to_ackermann:/home/jetson/slash_ws/install/joy_teleop:/home/jetson/slash_ws/install/roboracer_china_2025:/home/jetson/slash_ws/install/mouse_teleop:/home/jetson/slash_ws/install/key_teleop:/opt/ros/foxy /usr/bin/cmake --install /home/jetson/slash_ws/build/ackermann_mux
[3.831s] INFO:colcon.colcon_core.shell:Creating environment hook '/home/jetson/slash_ws/install/ackermann_mux/share/ackermann_mux/hook/cmake_prefix_path.sh'
[3.834s] Level 1:colcon.colcon_core.environment:checking '/home/jetson/slash_ws/install/ackermann_mux/lib'
[3.834s] Level 1:colcon.colcon_core.environment:checking '/home/jetson/slash_ws/install/ackermann_mux/bin'
[3.834s] Level 1:colcon.colcon_core.environment:checking '/home/jetson/slash_ws/install/ackermann_mux/lib/pkgconfig/ackermann_mux.pc'
[3.835s] Level 1:colcon.colcon_core.environment:checking '/home/jetson/slash_ws/install/ackermann_mux/lib/python3.8/site-packages'
[3.837s] Level 1:colcon.colcon_core.environment:checking '/home/jetson/slash_ws/install/ackermann_mux/bin'
[3.838s] INFO:colcon.colcon_core.shell:Creating package script '/home/jetson/slash_ws/install/ackermann_mux/share/ackermann_mux/package.ps1'
[3.840s] INFO:colcon.colcon_core.shell:Creating package descriptor '/home/jetson/slash_ws/install/ackermann_mux/share/ackermann_mux/package.dsv'
[3.841s] INFO:colcon.colcon_core.shell:Creating package script '/home/jetson/slash_ws/install/ackermann_mux/share/ackermann_mux/package.sh'
[3.843s] INFO:colcon.colcon_core.shell:Creating package script '/home/jetson/slash_ws/install/ackermann_mux/share/ackermann_mux/package.bash'
[3.844s] INFO:colcon.colcon_core.shell:Creating package script '/home/jetson/slash_ws/install/ackermann_mux/share/ackermann_mux/package.zsh'
[3.845s] Level 1:colcon.colcon_core.environment:create_file_with_runtime_dependencies(/home/jetson/slash_ws/install/ackermann_mux/share/colcon-core/packages/ackermann_mux)
[3.848s] Level 1:colcon.colcon_core.environment:create_environment_scripts_only(linefit_ground_segmentation)
[3.849s] Level 1:colcon.colcon_core.environment:checking '/home/jetson/slash_ws/install/linefit_ground_segmentation' for CMake module files
[3.851s] DEBUG:colcon.colcon_core.event_handler.log_command:Invoked command in '/home/jetson/slash_ws/build/linefit_ground_segmentation' returned '0': CMAKE_PREFIX_PATH=${CMAKE_PREFIX_PATH}:/home/jetson/slash_ws/install/f1tenth_stack:/home/jetson/slash_ws/install/twist_to_ackermann:/home/jetson/slash_ws/install/joy_teleop:/home/jetson/slash_ws/install/roboracer_china_2025:/home/jetson/slash_ws/install/mouse_teleop:/home/jetson/slash_ws/install/key_teleop:/opt/ros/foxy /usr/bin/cmake --install /home/jetson/slash_ws/build/linefit_ground_segmentation
[3.852s] Level 1:colcon.colcon_core.environment:checking '/home/jetson/slash_ws/install/linefit_ground_segmentation' for CMake config files
[3.853s] Level 1:colcon.colcon_core.shell:create_environment_hook('linefit_ground_segmentation', 'cmake_prefix_path')
[3.854s] INFO:colcon.colcon_core.shell:Creating environment hook '/home/jetson/slash_ws/install/linefit_ground_segmentation/share/linefit_ground_segmentation/hook/cmake_prefix_path.ps1'
[3.855s] INFO:colcon.colcon_core.shell:Creating environment descriptor '/home/jetson/slash_ws/install/linefit_ground_segmentation/share/linefit_ground_segmentation/hook/cmake_prefix_path.dsv'
[3.856s] INFO:colcon.colcon_core.shell:Creating environment hook '/home/jetson/slash_ws/install/linefit_ground_segmentation/share/linefit_ground_segmentation/hook/cmake_prefix_path.sh'
[3.858s] Level 1:colcon.colcon_core.environment:checking '/home/jetson/slash_ws/install/linefit_ground_segmentation/lib'
[3.858s] Level 1:colcon.colcon_core.shell:create_environment_hook('linefit_ground_segmentation', 'ld_library_path_lib')
[3.859s] INFO:colcon.colcon_core.shell:Creating environment hook '/home/jetson/slash_ws/install/linefit_ground_segmentation/share/linefit_ground_segmentation/hook/ld_library_path_lib.ps1'
[3.860s] INFO:colcon.colcon_core.shell:Creating environment descriptor '/home/jetson/slash_ws/install/linefit_ground_segmentation/share/linefit_ground_segmentation/hook/ld_library_path_lib.dsv'
[3.861s] INFO:colcon.colcon_core.shell:Creating environment hook '/home/jetson/slash_ws/install/linefit_ground_segmentation/share/linefit_ground_segmentation/hook/ld_library_path_lib.sh'
[3.861s] Level 1:colcon.colcon_core.environment:checking '/home/jetson/slash_ws/install/linefit_ground_segmentation/bin'
[3.862s] Level 1:colcon.colcon_core.environment:checking '/home/jetson/slash_ws/install/linefit_ground_segmentation/lib/pkgconfig/linefit_ground_segmentation.pc'
[3.862s] Level 1:colcon.colcon_core.environment:checking '/home/jetson/slash_ws/install/linefit_ground_segmentation/lib/python3.8/site-packages'
[3.862s] Level 1:colcon.colcon_core.environment:checking '/home/jetson/slash_ws/install/linefit_ground_segmentation/bin'
[3.863s] INFO:colcon.colcon_core.shell:Creating package script '/home/jetson/slash_ws/install/linefit_ground_segmentation/share/linefit_ground_segmentation/package.ps1'
[3.865s] INFO:colcon.colcon_core.shell:Creating package descriptor '/home/jetson/slash_ws/install/linefit_ground_segmentation/share/linefit_ground_segmentation/package.dsv'
[3.866s] INFO:colcon.colcon_core.shell:Creating package script '/home/jetson/slash_ws/install/linefit_ground_segmentation/share/linefit_ground_segmentation/package.sh'
[3.867s] INFO:colcon.colcon_core.shell:Creating package script '/home/jetson/slash_ws/install/linefit_ground_segmentation/share/linefit_ground_segmentation/package.bash'
[3.868s] INFO:colcon.colcon_core.shell:Creating package script '/home/jetson/slash_ws/install/linefit_ground_segmentation/share/linefit_ground_segmentation/package.zsh'
[3.869s] Level 1:colcon.colcon_core.environment:create_file_with_runtime_dependencies(/home/jetson/slash_ws/install/linefit_ground_segmentation/share/colcon-core/packages/linefit_ground_segmentation)
[3.871s] Level 1:colcon.colcon_core.environment:create_environment_scripts_only(linefit_ground_segmentation)
[3.872s] Level 1:colcon.colcon_core.environment:checking '/home/jetson/slash_ws/install/linefit_ground_segmentation' for CMake module files
[3.872s] Level 1:colcon.colcon_core.environment:checking '/home/jetson/slash_ws/install/linefit_ground_segmentation' for CMake config files
[3.873s] Level 1:colcon.colcon_core.shell:create_environment_hook('linefit_ground_segmentation', 'cmake_prefix_path')
[3.874s] INFO:colcon.colcon_core.shell:Creating environment hook '/home/jetson/slash_ws/install/linefit_ground_segmentation/share/linefit_ground_segmentation/hook/cmake_prefix_path.ps1'
[3.875s] INFO:colcon.colcon_core.shell:Creating environment descriptor '/home/jetson/slash_ws/install/linefit_ground_segmentation/share/linefit_ground_segmentation/hook/cmake_prefix_path.dsv'
[3.876s] INFO:colcon.colcon_core.shell:Creating environment hook '/home/jetson/slash_ws/install/linefit_ground_segmentation/share/linefit_ground_segmentation/hook/cmake_prefix_path.sh'
[3.878s] Level 1:colcon.colcon_core.environment:checking '/home/jetson/slash_ws/install/linefit_ground_segmentation/lib'
[3.878s] Level 1:colcon.colcon_core.shell:create_environment_hook('linefit_ground_segmentation', 'ld_library_path_lib')
[3.879s] INFO:colcon.colcon_core.shell:Creating environment hook '/home/jetson/slash_ws/install/linefit_ground_segmentation/share/linefit_ground_segmentation/hook/ld_library_path_lib.ps1'
[3.881s] INFO:colcon.colcon_core.shell:Creating environment descriptor '/home/jetson/slash_ws/install/linefit_ground_segmentation/share/linefit_ground_segmentation/hook/ld_library_path_lib.dsv'
[3.882s] INFO:colcon.colcon_core.shell:Creating environment hook '/home/jetson/slash_ws/install/linefit_ground_segmentation/share/linefit_ground_segmentation/hook/ld_library_path_lib.sh'
[3.883s] Level 1:colcon.colcon_core.environment:checking '/home/jetson/slash_ws/install/linefit_ground_segmentation/bin'
[3.884s] Level 1:colcon.colcon_core.environment:checking '/home/jetson/slash_ws/install/linefit_ground_segmentation/lib/pkgconfig/linefit_ground_segmentation.pc'
[3.885s] Level 1:colcon.colcon_core.environment:checking '/home/jetson/slash_ws/install/linefit_ground_segmentation/lib/python3.8/site-packages'
[3.885s] Level 1:colcon.colcon_core.environment:checking '/home/jetson/slash_ws/install/linefit_ground_segmentation/bin'
[3.886s] INFO:colcon.colcon_core.shell:Creating package script '/home/jetson/slash_ws/install/linefit_ground_segmentation/share/linefit_ground_segmentation/package.ps1'
[3.889s] INFO:colcon.colcon_core.shell:Creating package descriptor '/home/jetson/slash_ws/install/linefit_ground_segmentation/share/linefit_ground_segmentation/package.dsv'
[3.891s] INFO:colcon.colcon_core.shell:Creating package script '/home/jetson/slash_ws/install/linefit_ground_segmentation/share/linefit_ground_segmentation/package.sh'
[3.892s] INFO:colcon.colcon_core.shell:Creating package script '/home/jetson/slash_ws/install/linefit_ground_segmentation/share/linefit_ground_segmentation/package.bash'
[3.893s] INFO:colcon.colcon_core.shell:Creating package script '/home/jetson/slash_ws/install/linefit_ground_segmentation/share/linefit_ground_segmentation/package.zsh'
[3.894s] Level 1:colcon.colcon_core.environment:create_file_with_runtime_dependencies(/home/jetson/slash_ws/install/linefit_ground_segmentation/share/colcon-core/packages/linefit_ground_segmentation)
[3.897s] INFO:colcon.colcon_ros.task.ament_cmake.build:Building ROS package in '/home/jetson/slash_ws/src/slash_perception/pointcloud_to_laserscan' with build type 'ament_cmake'
[3.898s] INFO:colcon.colcon_cmake.task.cmake.build:Building CMake package in '/home/jetson/slash_ws/src/slash_perception/pointcloud_to_laserscan'
[3.898s] INFO:colcon.colcon_core.shell:Skip shell extension 'powershell' for command environment: Not usable outside of PowerShell
[3.899s] DEBUG:colcon.colcon_core.shell:Skip shell extension 'dsv' for command environment
[3.921s] Level 1:colcon.colcon_core.environment:create_environment_scripts_only(vesc_msgs)
[3.922s] DEBUG:colcon.colcon_core.event_handler.log_command:Invoked command in '/home/jetson/slash_ws/build/vesc_msgs' returned '0': CMAKE_PREFIX_PATH=${CMAKE_PREFIX_PATH}:/home/jetson/slash_ws/install/f1tenth_stack:/home/jetson/slash_ws/install/twist_to_ackermann:/home/jetson/slash_ws/install/joy_teleop:/home/jetson/slash_ws/install/roboracer_china_2025:/home/jetson/slash_ws/install/mouse_teleop:/home/jetson/slash_ws/install/key_teleop:/opt/ros/foxy /usr/bin/cmake --install /home/jetson/slash_ws/build/vesc_msgs
[3.923s] Level 1:colcon.colcon_core.environment:checking '/home/jetson/slash_ws/install/vesc_msgs' for CMake module files
[3.925s] Level 1:colcon.colcon_core.environment:checking '/home/jetson/slash_ws/install/vesc_msgs' for CMake config files
[3.926s] Level 1:colcon.colcon_core.shell:create_environment_hook('vesc_msgs', 'cmake_prefix_path')
[3.926s] INFO:colcon.colcon_core.shell:Creating environment hook '/home/jetson/slash_ws/install/vesc_msgs/share/vesc_msgs/hook/cmake_prefix_path.ps1'
[3.928s] INFO:colcon.colcon_core.shell:Creating environment descriptor '/home/jetson/slash_ws/install/vesc_msgs/share/vesc_msgs/hook/cmake_prefix_path.dsv'
[3.929s] INFO:colcon.colcon_core.shell:Creating environment hook '/home/jetson/slash_ws/install/vesc_msgs/share/vesc_msgs/hook/cmake_prefix_path.sh'
[3.931s] Level 1:colcon.colcon_core.environment:checking '/home/jetson/slash_ws/install/vesc_msgs/lib'
[3.931s] Level 1:colcon.colcon_core.shell:create_environment_hook('vesc_msgs', 'ld_library_path_lib')
[3.932s] INFO:colcon.colcon_core.shell:Creating environment hook '/home/jetson/slash_ws/install/vesc_msgs/share/vesc_msgs/hook/ld_library_path_lib.ps1'
[3.933s] INFO:colcon.colcon_core.shell:Creating environment descriptor '/home/jetson/slash_ws/install/vesc_msgs/share/vesc_msgs/hook/ld_library_path_lib.dsv'
[3.934s] INFO:colcon.colcon_core.shell:Creating environment hook '/home/jetson/slash_ws/install/vesc_msgs/share/vesc_msgs/hook/ld_library_path_lib.sh'
[3.935s] Level 1:colcon.colcon_core.environment:checking '/home/jetson/slash_ws/install/vesc_msgs/bin'
[3.935s] Level 1:colcon.colcon_core.environment:checking '/home/jetson/slash_ws/install/vesc_msgs/lib/pkgconfig/vesc_msgs.pc'
[3.935s] Level 1:colcon.colcon_core.environment:checking '/home/jetson/slash_ws/install/vesc_msgs/lib/python3.8/site-packages'
[3.935s] Level 1:colcon.colcon_core.shell:create_environment_hook('vesc_msgs', 'pythonpath')
[3.936s] INFO:colcon.colcon_core.shell:Creating environment hook '/home/jetson/slash_ws/install/vesc_msgs/share/vesc_msgs/hook/pythonpath.ps1'
[3.938s] INFO:colcon.colcon_core.shell:Creating environment descriptor '/home/jetson/slash_ws/install/vesc_msgs/share/vesc_msgs/hook/pythonpath.dsv'
[3.939s] INFO:colcon.colcon_core.shell:Creating environment hook '/home/jetson/slash_ws/install/vesc_msgs/share/vesc_msgs/hook/pythonpath.sh'
[3.941s] Level 1:colcon.colcon_core.environment:checking '/home/jetson/slash_ws/install/vesc_msgs/bin'
[3.942s] INFO:colcon.colcon_core.shell:Creating package script '/home/jetson/slash_ws/install/vesc_msgs/share/vesc_msgs/package.ps1'
[3.944s] INFO:colcon.colcon_core.shell:Creating package descriptor '/home/jetson/slash_ws/install/vesc_msgs/share/vesc_msgs/package.dsv'
[3.945s] INFO:colcon.colcon_core.shell:Creating package script '/home/jetson/slash_ws/install/vesc_msgs/share/vesc_msgs/package.sh'
[3.946s] INFO:colcon.colcon_core.shell:Creating package script '/home/jetson/slash_ws/install/vesc_msgs/share/vesc_msgs/package.bash'
[3.948s] INFO:colcon.colcon_core.shell:Creating package script '/home/jetson/slash_ws/install/vesc_msgs/share/vesc_msgs/package.zsh'
[3.949s] Level 1:colcon.colcon_core.environment:create_file_with_runtime_dependencies(/home/jetson/slash_ws/install/vesc_msgs/share/colcon-core/packages/vesc_msgs)
[3.950s] Level 1:colcon.colcon_core.environment:create_environment_scripts_only(vesc_msgs)
[3.952s] Level 1:colcon.colcon_core.environment:checking '/home/jetson/slash_ws/install/vesc_msgs' for CMake module files
[3.953s] Level 1:colcon.colcon_core.environment:checking '/home/jetson/slash_ws/install/vesc_msgs' for CMake config files
[3.954s] Level 1:colcon.colcon_core.shell:create_environment_hook('vesc_msgs', 'cmake_prefix_path')
[3.955s] INFO:colcon.colcon_core.shell:Creating environment hook '/home/jetson/slash_ws/install/vesc_msgs/share/vesc_msgs/hook/cmake_prefix_path.ps1'
[3.956s] INFO:colcon.colcon_core.shell:Creating environment descriptor '/home/jetson/slash_ws/install/vesc_msgs/share/vesc_msgs/hook/cmake_prefix_path.dsv'
[3.957s] INFO:colcon.colcon_core.shell:Creating environment hook '/home/jetson/slash_ws/install/vesc_msgs/share/vesc_msgs/hook/cmake_prefix_path.sh'
[3.958s] Level 1:colcon.colcon_core.environment:checking '/home/jetson/slash_ws/install/vesc_msgs/lib'
[3.958s] Level 1:colcon.colcon_core.shell:create_environment_hook('vesc_msgs', 'ld_library_path_lib')
[3.959s] INFO:colcon.colcon_core.shell:Creating environment hook '/home/jetson/slash_ws/install/vesc_msgs/share/vesc_msgs/hook/ld_library_path_lib.ps1'
[3.960s] INFO:colcon.colcon_core.shell:Creating environment descriptor '/home/jetson/slash_ws/install/vesc_msgs/share/vesc_msgs/hook/ld_library_path_lib.dsv'
[3.961s] INFO:colcon.colcon_core.shell:Creating environment hook '/home/jetson/slash_ws/install/vesc_msgs/share/vesc_msgs/hook/ld_library_path_lib.sh'
[3.962s] Level 1:colcon.colcon_core.environment:checking '/home/jetson/slash_ws/install/vesc_msgs/bin'
[3.962s] Level 1:colcon.colcon_core.environment:checking '/home/jetson/slash_ws/install/vesc_msgs/lib/pkgconfig/vesc_msgs.pc'
[3.962s] Level 1:colcon.colcon_core.environment:checking '/home/jetson/slash_ws/install/vesc_msgs/lib/python3.8/site-packages'
[3.962s] Level 1:colcon.colcon_core.shell:create_environment_hook('vesc_msgs', 'pythonpath')
[3.963s] INFO:colcon.colcon_core.shell:Creating environment hook '/home/jetson/slash_ws/install/vesc_msgs/share/vesc_msgs/hook/pythonpath.ps1'
[3.964s] INFO:colcon.colcon_core.shell:Creating environment descriptor '/home/jetson/slash_ws/install/vesc_msgs/share/vesc_msgs/hook/pythonpath.dsv'
[3.965s] INFO:colcon.colcon_core.shell:Creating environment hook '/home/jetson/slash_ws/install/vesc_msgs/share/vesc_msgs/hook/pythonpath.sh'
[3.968s] Level 1:colcon.colcon_core.environment:checking '/home/jetson/slash_ws/install/vesc_msgs/bin'
[3.969s] INFO:colcon.colcon_core.shell:Creating package script '/home/jetson/slash_ws/install/vesc_msgs/share/vesc_msgs/package.ps1'
[3.971s] INFO:colcon.colcon_core.shell:Creating package descriptor '/home/jetson/slash_ws/install/vesc_msgs/share/vesc_msgs/package.dsv'
[3.973s] INFO:colcon.colcon_core.shell:Creating package script '/home/jetson/slash_ws/install/vesc_msgs/share/vesc_msgs/package.sh'
[3.974s] INFO:colcon.colcon_core.shell:Creating package script '/home/jetson/slash_ws/install/vesc_msgs/share/vesc_msgs/package.bash'
[3.976s] INFO:colcon.colcon_core.shell:Creating package script '/home/jetson/slash_ws/install/vesc_msgs/share/vesc_msgs/package.zsh'
[3.978s] Level 1:colcon.colcon_core.environment:create_file_with_runtime_dependencies(/home/jetson/slash_ws/install/vesc_msgs/share/colcon-core/packages/vesc_msgs)
[3.979s] Level 1:colcon.colcon_core.environment:create_environment_scripts_only(costmap_converter_msgs)
[3.980s] DEBUG:colcon.colcon_core.event_handler.log_command:Invoked command in '/home/jetson/slash_ws/build/costmap_converter_msgs' returned '0': CMAKE_PREFIX_PATH=${CMAKE_PREFIX_PATH}:/home/jetson/slash_ws/install/f1tenth_stack:/home/jetson/slash_ws/install/twist_to_ackermann:/home/jetson/slash_ws/install/joy_teleop:/home/jetson/slash_ws/install/roboracer_china_2025:/home/jetson/slash_ws/install/mouse_teleop:/home/jetson/slash_ws/install/key_teleop:/opt/ros/foxy /usr/bin/cmake --install /home/jetson/slash_ws/build/costmap_converter_msgs
[3.981s] Level 1:colcon.colcon_core.environment:checking '/home/jetson/slash_ws/install/costmap_converter_msgs' for CMake module files
[3.982s] Level 1:colcon.colcon_core.environment:checking '/home/jetson/slash_ws/install/costmap_converter_msgs' for CMake config files
[3.983s] Level 1:colcon.colcon_core.shell:create_environment_hook('costmap_converter_msgs', 'cmake_prefix_path')
[3.984s] INFO:colcon.colcon_core.shell:Creating environment hook '/home/jetson/slash_ws/install/costmap_converter_msgs/share/costmap_converter_msgs/hook/cmake_prefix_path.ps1'
[3.985s] INFO:colcon.colcon_core.shell:Creating environment descriptor '/home/jetson/slash_ws/install/costmap_converter_msgs/share/costmap_converter_msgs/hook/cmake_prefix_path.dsv'
[3.986s] INFO:colcon.colcon_core.shell:Creating environment hook '/home/jetson/slash_ws/install/costmap_converter_msgs/share/costmap_converter_msgs/hook/cmake_prefix_path.sh'
[3.988s] Level 1:colcon.colcon_core.environment:checking '/home/jetson/slash_ws/install/costmap_converter_msgs/lib'
[3.988s] Level 1:colcon.colcon_core.shell:create_environment_hook('costmap_converter_msgs', 'ld_library_path_lib')
[3.989s] INFO:colcon.colcon_core.shell:Creating environment hook '/home/jetson/slash_ws/install/costmap_converter_msgs/share/costmap_converter_msgs/hook/ld_library_path_lib.ps1'
[3.990s] INFO:colcon.colcon_core.shell:Creating environment descriptor '/home/jetson/slash_ws/install/costmap_converter_msgs/share/costmap_converter_msgs/hook/ld_library_path_lib.dsv'
[3.991s] INFO:colcon.colcon_core.shell:Creating environment hook '/home/jetson/slash_ws/install/costmap_converter_msgs/share/costmap_converter_msgs/hook/ld_library_path_lib.sh'
[3.992s] Level 1:colcon.colcon_core.environment:checking '/home/jetson/slash_ws/install/costmap_converter_msgs/bin'
[3.992s] Level 1:colcon.colcon_core.environment:checking '/home/jetson/slash_ws/install/costmap_converter_msgs/lib/pkgconfig/costmap_converter_msgs.pc'
[3.992s] Level 1:colcon.colcon_core.environment:checking '/home/jetson/slash_ws/install/costmap_converter_msgs/lib/python3.8/site-packages'
[3.992s] Level 1:colcon.colcon_core.shell:create_environment_hook('costmap_converter_msgs', 'pythonpath')
[3.993s] INFO:colcon.colcon_core.shell:Creating environment hook '/home/jetson/slash_ws/install/costmap_converter_msgs/share/costmap_converter_msgs/hook/pythonpath.ps1'
[3.994s] INFO:colcon.colcon_core.shell:Creating environment descriptor '/home/jetson/slash_ws/install/costmap_converter_msgs/share/costmap_converter_msgs/hook/pythonpath.dsv'
[3.994s] INFO:colcon.colcon_core.shell:Creating environment hook '/home/jetson/slash_ws/install/costmap_converter_msgs/share/costmap_converter_msgs/hook/pythonpath.sh'
[3.996s] Level 1:colcon.colcon_core.environment:checking '/home/jetson/slash_ws/install/costmap_converter_msgs/bin'
[3.997s] INFO:colcon.colcon_core.shell:Creating package script '/home/jetson/slash_ws/install/costmap_converter_msgs/share/costmap_converter_msgs/package.ps1'
[3.998s] INFO:colcon.colcon_core.shell:Creating package descriptor '/home/jetson/slash_ws/install/costmap_converter_msgs/share/costmap_converter_msgs/package.dsv'
[4.000s] INFO:colcon.colcon_core.shell:Creating package script '/home/jetson/slash_ws/install/costmap_converter_msgs/share/costmap_converter_msgs/package.sh'
[4.001s] INFO:colcon.colcon_core.shell:Creating package script '/home/jetson/slash_ws/install/costmap_converter_msgs/share/costmap_converter_msgs/package.bash'
[4.002s] INFO:colcon.colcon_core.shell:Creating package script '/home/jetson/slash_ws/install/costmap_converter_msgs/share/costmap_converter_msgs/package.zsh'
[4.003s] Level 1:colcon.colcon_core.environment:create_file_with_runtime_dependencies(/home/jetson/slash_ws/install/costmap_converter_msgs/share/colcon-core/packages/costmap_converter_msgs)
[4.004s] Level 1:colcon.colcon_core.environment:create_environment_scripts_only(costmap_converter_msgs)
[4.005s] Level 1:colcon.colcon_core.environment:checking '/home/jetson/slash_ws/install/costmap_converter_msgs' for CMake module files
[4.006s] Level 1:colcon.colcon_core.environment:checking '/home/jetson/slash_ws/install/costmap_converter_msgs' for CMake config files
[4.007s] Level 1:colcon.colcon_core.shell:create_environment_hook('costmap_converter_msgs', 'cmake_prefix_path')
[4.007s] INFO:colcon.colcon_core.shell:Creating environment hook '/home/jetson/slash_ws/install/costmap_converter_msgs/share/costmap_converter_msgs/hook/cmake_prefix_path.ps1'
[4.009s] INFO:colcon.colcon_core.shell:Creating environment descriptor '/home/jetson/slash_ws/install/costmap_converter_msgs/share/costmap_converter_msgs/hook/cmake_prefix_path.dsv'
[4.009s] INFO:colcon.colcon_core.shell:Creating environment hook '/home/jetson/slash_ws/install/costmap_converter_msgs/share/costmap_converter_msgs/hook/cmake_prefix_path.sh'
[4.011s] Level 1:colcon.colcon_core.environment:checking '/home/jetson/slash_ws/install/costmap_converter_msgs/lib'
[4.011s] Level 1:colcon.colcon_core.shell:create_environment_hook('costmap_converter_msgs', 'ld_library_path_lib')
[4.011s] INFO:colcon.colcon_core.shell:Creating environment hook '/home/jetson/slash_ws/install/costmap_converter_msgs/share/costmap_converter_msgs/hook/ld_library_path_lib.ps1'
[4.015s] INFO:colcon.colcon_core.shell:Creating environment descriptor '/home/jetson/slash_ws/install/costmap_converter_msgs/share/costmap_converter_msgs/hook/ld_library_path_lib.dsv'
[4.016s] INFO:colcon.colcon_core.shell:Creating environment hook '/home/jetson/slash_ws/install/costmap_converter_msgs/share/costmap_converter_msgs/hook/ld_library_path_lib.sh'
[4.017s] Level 1:colcon.colcon_core.environment:checking '/home/jetson/slash_ws/install/costmap_converter_msgs/bin'
[4.017s] Level 1:colcon.colcon_core.environment:checking '/home/jetson/slash_ws/install/costmap_converter_msgs/lib/pkgconfig/costmap_converter_msgs.pc'
[4.018s] Level 1:colcon.colcon_core.environment:checking '/home/jetson/slash_ws/install/costmap_converter_msgs/lib/python3.8/site-packages'
[4.018s] Level 1:colcon.colcon_core.shell:create_environment_hook('costmap_converter_msgs', 'pythonpath')
[4.018s] INFO:colcon.colcon_core.shell:Creating environment hook '/home/jetson/slash_ws/install/costmap_converter_msgs/share/costmap_converter_msgs/hook/pythonpath.ps1'
[4.019s] INFO:colcon.colcon_core.shell:Creating environment descriptor '/home/jetson/slash_ws/install/costmap_converter_msgs/share/costmap_converter_msgs/hook/pythonpath.dsv'
[4.020s] INFO:colcon.colcon_core.shell:Creating environment hook '/home/jetson/slash_ws/install/costmap_converter_msgs/share/costmap_converter_msgs/hook/pythonpath.sh'
[4.022s] Level 1:colcon.colcon_core.environment:checking '/home/jetson/slash_ws/install/costmap_converter_msgs/bin'
[4.023s] INFO:colcon.colcon_core.shell:Creating package script '/home/jetson/slash_ws/install/costmap_converter_msgs/share/costmap_converter_msgs/package.ps1'
[4.025s] INFO:colcon.colcon_core.shell:Creating package descriptor '/home/jetson/slash_ws/install/costmap_converter_msgs/share/costmap_converter_msgs/package.dsv'
[4.026s] INFO:colcon.colcon_core.shell:Creating package script '/home/jetson/slash_ws/install/costmap_converter_msgs/share/costmap_converter_msgs/package.sh'
[4.027s] INFO:colcon.colcon_core.shell:Creating package script '/home/jetson/slash_ws/install/costmap_converter_msgs/share/costmap_converter_msgs/package.bash'
[4.029s] INFO:colcon.colcon_core.shell:Creating package script '/home/jetson/slash_ws/install/costmap_converter_msgs/share/costmap_converter_msgs/package.zsh'
[4.030s] Level 1:colcon.colcon_core.environment:create_file_with_runtime_dependencies(/home/jetson/slash_ws/install/costmap_converter_msgs/share/colcon-core/packages/costmap_converter_msgs)
[4.031s] Level 1:colcon.colcon_core.environment:create_environment_scripts_only(teleop_tools_msgs)
[4.031s] Level 1:colcon.colcon_core.environment:checking '/home/jetson/slash_ws/install/teleop_tools_msgs' for CMake module files
[4.034s] DEBUG:colcon.colcon_core.event_handler.log_command:Invoked command in '/home/jetson/slash_ws/build/teleop_tools_msgs' returned '0': CMAKE_PREFIX_PATH=${CMAKE_PREFIX_PATH}:/home/jetson/slash_ws/install/f1tenth_stack:/home/jetson/slash_ws/install/twist_to_ackermann:/home/jetson/slash_ws/install/joy_teleop:/home/jetson/slash_ws/install/roboracer_china_2025:/home/jetson/slash_ws/install/mouse_teleop:/home/jetson/slash_ws/install/key_teleop:/opt/ros/foxy /usr/bin/cmake --install /home/jetson/slash_ws/build/teleop_tools_msgs
[4.035s] Level 1:colcon.colcon_core.environment:checking '/home/jetson/slash_ws/install/teleop_tools_msgs' for CMake config files
[4.037s] Level 1:colcon.colcon_core.shell:create_environment_hook('teleop_tools_msgs', 'cmake_prefix_path')
[4.038s] INFO:colcon.colcon_core.shell:Creating environment hook '/home/jetson/slash_ws/install/teleop_tools_msgs/share/teleop_tools_msgs/hook/cmake_prefix_path.ps1'
[4.040s] INFO:colcon.colcon_core.shell:Creating environment descriptor '/home/jetson/slash_ws/install/teleop_tools_msgs/share/teleop_tools_msgs/hook/cmake_prefix_path.dsv'
[4.041s] INFO:colcon.colcon_core.shell:Creating environment hook '/home/jetson/slash_ws/install/teleop_tools_msgs/share/teleop_tools_msgs/hook/cmake_prefix_path.sh'
[4.043s] Level 1:colcon.colcon_core.environment:checking '/home/jetson/slash_ws/install/teleop_tools_msgs/lib'
[4.044s] Level 1:colcon.colcon_core.shell:create_environment_hook('teleop_tools_msgs', 'ld_library_path_lib')
[4.044s] INFO:colcon.colcon_core.shell:Creating environment hook '/home/jetson/slash_ws/install/teleop_tools_msgs/share/teleop_tools_msgs/hook/ld_library_path_lib.ps1'
[4.045s] INFO:colcon.colcon_core.shell:Creating environment descriptor '/home/jetson/slash_ws/install/teleop_tools_msgs/share/teleop_tools_msgs/hook/ld_library_path_lib.dsv'
[4.046s] INFO:colcon.colcon_core.shell:Creating environment hook '/home/jetson/slash_ws/install/teleop_tools_msgs/share/teleop_tools_msgs/hook/ld_library_path_lib.sh'
[4.047s] Level 1:colcon.colcon_core.environment:checking '/home/jetson/slash_ws/install/teleop_tools_msgs/bin'
[4.047s] Level 1:colcon.colcon_core.environment:checking '/home/jetson/slash_ws/install/teleop_tools_msgs/lib/pkgconfig/teleop_tools_msgs.pc'
[4.048s] Level 1:colcon.colcon_core.environment:checking '/home/jetson/slash_ws/install/teleop_tools_msgs/lib/python3.8/site-packages'
[4.048s] Level 1:colcon.colcon_core.shell:create_environment_hook('teleop_tools_msgs', 'pythonpath')
[4.049s] INFO:colcon.colcon_core.shell:Creating environment hook '/home/jetson/slash_ws/install/teleop_tools_msgs/share/teleop_tools_msgs/hook/pythonpath.ps1'
[4.051s] INFO:colcon.colcon_core.shell:Creating environment descriptor '/home/jetson/slash_ws/install/teleop_tools_msgs/share/teleop_tools_msgs/hook/pythonpath.dsv'
[4.052s] INFO:colcon.colcon_core.shell:Creating environment hook '/home/jetson/slash_ws/install/teleop_tools_msgs/share/teleop_tools_msgs/hook/pythonpath.sh'
[4.054s] Level 1:colcon.colcon_core.environment:checking '/home/jetson/slash_ws/install/teleop_tools_msgs/bin'
[4.055s] INFO:colcon.colcon_core.shell:Creating package script '/home/jetson/slash_ws/install/teleop_tools_msgs/share/teleop_tools_msgs/package.ps1'
[4.056s] INFO:colcon.colcon_core.shell:Creating package descriptor '/home/jetson/slash_ws/install/teleop_tools_msgs/share/teleop_tools_msgs/package.dsv'
[4.057s] INFO:colcon.colcon_core.shell:Creating package script '/home/jetson/slash_ws/install/teleop_tools_msgs/share/teleop_tools_msgs/package.sh'
[4.058s] INFO:colcon.colcon_core.shell:Creating package script '/home/jetson/slash_ws/install/teleop_tools_msgs/share/teleop_tools_msgs/package.bash'
[4.060s] INFO:colcon.colcon_core.shell:Creating package script '/home/jetson/slash_ws/install/teleop_tools_msgs/share/teleop_tools_msgs/package.zsh'
[4.060s] Level 1:colcon.colcon_core.environment:create_file_with_runtime_dependencies(/home/jetson/slash_ws/install/teleop_tools_msgs/share/colcon-core/packages/teleop_tools_msgs)
[4.062s] Level 1:colcon.colcon_core.environment:create_environment_scripts_only(teleop_tools_msgs)
[4.062s] Level 1:colcon.colcon_core.environment:checking '/home/jetson/slash_ws/install/teleop_tools_msgs' for CMake module files
[4.064s] Level 1:colcon.colcon_core.environment:checking '/home/jetson/slash_ws/install/teleop_tools_msgs' for CMake config files
[4.064s] Level 1:colcon.colcon_core.shell:create_environment_hook('teleop_tools_msgs', 'cmake_prefix_path')
[4.065s] INFO:colcon.colcon_core.shell:Creating environment hook '/home/jetson/slash_ws/install/teleop_tools_msgs/share/teleop_tools_msgs/hook/cmake_prefix_path.ps1'
[4.068s] INFO:colcon.colcon_core.shell:Creating environment descriptor '/home/jetson/slash_ws/install/teleop_tools_msgs/share/teleop_tools_msgs/hook/cmake_prefix_path.dsv'
[4.069s] INFO:colcon.colcon_core.shell:Creating environment hook '/home/jetson/slash_ws/install/teleop_tools_msgs/share/teleop_tools_msgs/hook/cmake_prefix_path.sh'
[4.071s] Level 1:colcon.colcon_core.environment:checking '/home/jetson/slash_ws/install/teleop_tools_msgs/lib'
[4.071s] Level 1:colcon.colcon_core.shell:create_environment_hook('teleop_tools_msgs', 'ld_library_path_lib')
[4.072s] INFO:colcon.colcon_core.shell:Creating environment hook '/home/jetson/slash_ws/install/teleop_tools_msgs/share/teleop_tools_msgs/hook/ld_library_path_lib.ps1'
[4.073s] INFO:colcon.colcon_core.shell:Creating environment descriptor '/home/jetson/slash_ws/install/teleop_tools_msgs/share/teleop_tools_msgs/hook/ld_library_path_lib.dsv'
[4.073s] INFO:colcon.colcon_core.shell:Creating environment hook '/home/jetson/slash_ws/install/teleop_tools_msgs/share/teleop_tools_msgs/hook/ld_library_path_lib.sh'
[4.074s] Level 1:colcon.colcon_core.environment:checking '/home/jetson/slash_ws/install/teleop_tools_msgs/bin'
[4.074s] Level 1:colcon.colcon_core.environment:checking '/home/jetson/slash_ws/install/teleop_tools_msgs/lib/pkgconfig/teleop_tools_msgs.pc'
[4.075s] Level 1:colcon.colcon_core.environment:checking '/home/jetson/slash_ws/install/teleop_tools_msgs/lib/python3.8/site-packages'
[4.075s] Level 1:colcon.colcon_core.shell:create_environment_hook('teleop_tools_msgs', 'pythonpath')
[4.076s] INFO:colcon.colcon_core.shell:Creating environment hook '/home/jetson/slash_ws/install/teleop_tools_msgs/share/teleop_tools_msgs/hook/pythonpath.ps1'
[4.077s] INFO:colcon.colcon_core.shell:Creating environment descriptor '/home/jetson/slash_ws/install/teleop_tools_msgs/share/teleop_tools_msgs/hook/pythonpath.dsv'
[4.077s] INFO:colcon.colcon_core.shell:Creating environment hook '/home/jetson/slash_ws/install/teleop_tools_msgs/share/teleop_tools_msgs/hook/pythonpath.sh'
[4.079s] Level 1:colcon.colcon_core.environment:checking '/home/jetson/slash_ws/install/teleop_tools_msgs/bin'
[4.079s] INFO:colcon.colcon_core.shell:Creating package script '/home/jetson/slash_ws/install/teleop_tools_msgs/share/teleop_tools_msgs/package.ps1'
[4.081s] INFO:colcon.colcon_core.shell:Creating package descriptor '/home/jetson/slash_ws/install/teleop_tools_msgs/share/teleop_tools_msgs/package.dsv'
[4.083s] INFO:colcon.colcon_core.shell:Creating package script '/home/jetson/slash_ws/install/teleop_tools_msgs/share/teleop_tools_msgs/package.sh'
[4.084s] INFO:colcon.colcon_core.shell:Creating package script '/home/jetson/slash_ws/install/teleop_tools_msgs/share/teleop_tools_msgs/package.bash'
[4.085s] INFO:colcon.colcon_core.shell:Creating package script '/home/jetson/slash_ws/install/teleop_tools_msgs/share/teleop_tools_msgs/package.zsh'
[4.086s] Level 1:colcon.colcon_core.environment:create_file_with_runtime_dependencies(/home/jetson/slash_ws/install/teleop_tools_msgs/share/colcon-core/packages/teleop_tools_msgs)
[4.089s] INFO:colcon.colcon_ros.task.ament_python.build:Building ROS package in '/home/jetson/slash_ws/src/slash_hardware/f1tenth_system/teleop_tools/joy_teleop' with build type 'ament_python'
[4.089s] Level 1:colcon.colcon_core.shell:create_environment_hook('joy_teleop', 'ament_prefix_path')
[4.090s] INFO:colcon.colcon_core.shell:Creating environment hook '/home/jetson/slash_ws/install/joy_teleop/share/joy_teleop/hook/ament_prefix_path.ps1'
[4.091s] INFO:colcon.colcon_core.shell:Creating environment descriptor '/home/jetson/slash_ws/install/joy_teleop/share/joy_teleop/hook/ament_prefix_path.dsv'
[4.092s] INFO:colcon.colcon_core.shell:Creating environment hook '/home/jetson/slash_ws/install/joy_teleop/share/joy_teleop/hook/ament_prefix_path.sh'
[4.094s] INFO:colcon.colcon_core.shell:Skip shell extension 'powershell' for command environment: Not usable outside of PowerShell
[4.094s] DEBUG:colcon.colcon_core.shell:Skip shell extension 'dsv' for command environment
[4.113s] INFO:colcon.colcon_ros.task.ament_cmake.build:Building ROS package in '/home/jetson/slash_ws/src/slash_hardware/f1tenth_system/vesc/vesc_ackermann' with build type 'ament_cmake'
[4.114s] INFO:colcon.colcon_cmake.task.cmake.build:Building CMake package in '/home/jetson/slash_ws/src/slash_hardware/f1tenth_system/vesc/vesc_ackermann'
[4.116s] INFO:colcon.colcon_core.shell:Skip shell extension 'powershell' for command environment: Not usable outside of PowerShell
[4.117s] DEBUG:colcon.colcon_core.shell:Skip shell extension 'dsv' for command environment
[4.139s] INFO:colcon.colcon_ros.task.ament_cmake.build:Building ROS package in '/home/jetson/slash_ws/src/slash_hardware/f1tenth_system/vesc/vesc_driver' with build type 'ament_cmake'
[4.141s] INFO:colcon.colcon_cmake.task.cmake.build:Building CMake package in '/home/jetson/slash_ws/src/slash_hardware/f1tenth_system/vesc/vesc_driver'
[4.142s] INFO:colcon.colcon_core.shell:Skip shell extension 'powershell' for command environment: Not usable outside of PowerShell
[4.142s] DEBUG:colcon.colcon_core.shell:Skip shell extension 'dsv' for command environment
[4.162s] INFO:colcon.colcon_ros.task.ament_cmake.build:Building ROS package in '/home/jetson/slash_ws/src/slash_navigation/costmap_converter/costmap_converter' with build type 'ament_cmake'
[4.164s] INFO:colcon.colcon_cmake.task.cmake.build:Building CMake package in '/home/jetson/slash_ws/src/slash_navigation/costmap_converter/costmap_converter'
[4.166s] INFO:colcon.colcon_core.shell:Skip shell extension 'powershell' for command environment: Not usable outside of PowerShell
[4.167s] DEBUG:colcon.colcon_core.shell:Skip shell extension 'dsv' for command environment
[4.189s] Level 1:colcon.colcon_core.environment:create_environment_scripts_only(livox_ros_driver2)
[4.190s] DEBUG:colcon.colcon_core.event_handler.log_command:Invoked command in '/home/jetson/slash_ws/build/livox_ros_driver2' returned '0': CMAKE_PREFIX_PATH=${CMAKE_PREFIX_PATH}:/home/jetson/slash_ws/install/f1tenth_stack:/home/jetson/slash_ws/install/twist_to_ackermann:/home/jetson/slash_ws/install/joy_teleop:/home/jetson/slash_ws/install/roboracer_china_2025:/home/jetson/slash_ws/install/mouse_teleop:/home/jetson/slash_ws/install/key_teleop:/opt/ros/foxy /usr/bin/cmake --install /home/jetson/slash_ws/build/livox_ros_driver2
[4.191s] Level 1:colcon.colcon_core.environment:checking '/home/jetson/slash_ws/install/livox_ros_driver2' for CMake module files
[4.193s] Level 1:colcon.colcon_core.environment:checking '/home/jetson/slash_ws/install/livox_ros_driver2' for CMake config files
[4.194s] Level 1:colcon.colcon_core.shell:create_environment_hook('livox_ros_driver2', 'cmake_prefix_path')
[4.195s] INFO:colcon.colcon_core.shell:Creating environment hook '/home/jetson/slash_ws/install/livox_ros_driver2/share/livox_ros_driver2/hook/cmake_prefix_path.ps1'
[4.197s] INFO:colcon.colcon_core.shell:Creating environment descriptor '/home/jetson/slash_ws/install/livox_ros_driver2/share/livox_ros_driver2/hook/cmake_prefix_path.dsv'
[4.198s] INFO:colcon.colcon_core.shell:Creating environment hook '/home/jetson/slash_ws/install/livox_ros_driver2/share/livox_ros_driver2/hook/cmake_prefix_path.sh'
[4.200s] Level 1:colcon.colcon_core.environment:checking '/home/jetson/slash_ws/install/livox_ros_driver2/lib'
[4.200s] Level 1:colcon.colcon_core.shell:create_environment_hook('livox_ros_driver2', 'ld_library_path_lib')
[4.201s] INFO:colcon.colcon_core.shell:Creating environment hook '/home/jetson/slash_ws/install/livox_ros_driver2/share/livox_ros_driver2/hook/ld_library_path_lib.ps1'
[4.202s] INFO:colcon.colcon_core.shell:Creating environment descriptor '/home/jetson/slash_ws/install/livox_ros_driver2/share/livox_ros_driver2/hook/ld_library_path_lib.dsv'
[4.203s] INFO:colcon.colcon_core.shell:Creating environment hook '/home/jetson/slash_ws/install/livox_ros_driver2/share/livox_ros_driver2/hook/ld_library_path_lib.sh'
[4.203s] Level 1:colcon.colcon_core.environment:checking '/home/jetson/slash_ws/install/livox_ros_driver2/bin'
[4.204s] Level 1:colcon.colcon_core.environment:checking '/home/jetson/slash_ws/install/livox_ros_driver2/lib/pkgconfig/livox_ros_driver2.pc'
[4.204s] Level 1:colcon.colcon_core.environment:checking '/home/jetson/slash_ws/install/livox_ros_driver2/lib/python3.8/site-packages'
[4.204s] Level 1:colcon.colcon_core.shell:create_environment_hook('livox_ros_driver2', 'pythonpath')
[4.205s] INFO:colcon.colcon_core.shell:Creating environment hook '/home/jetson/slash_ws/install/livox_ros_driver2/share/livox_ros_driver2/hook/pythonpath.ps1'
[4.206s] INFO:colcon.colcon_core.shell:Creating environment descriptor '/home/jetson/slash_ws/install/livox_ros_driver2/share/livox_ros_driver2/hook/pythonpath.dsv'
[4.207s] INFO:colcon.colcon_core.shell:Creating environment hook '/home/jetson/slash_ws/install/livox_ros_driver2/share/livox_ros_driver2/hook/pythonpath.sh'
[4.208s] Level 1:colcon.colcon_core.environment:checking '/home/jetson/slash_ws/install/livox_ros_driver2/bin'
[4.210s] INFO:colcon.colcon_core.shell:Creating package script '/home/jetson/slash_ws/install/livox_ros_driver2/share/livox_ros_driver2/package.ps1'
[4.212s] INFO:colcon.colcon_core.shell:Creating package descriptor '/home/jetson/slash_ws/install/livox_ros_driver2/share/livox_ros_driver2/package.dsv'
[4.214s] INFO:colcon.colcon_core.shell:Creating package script '/home/jetson/slash_ws/install/livox_ros_driver2/share/livox_ros_driver2/package.sh'
[4.215s] INFO:colcon.colcon_core.shell:Creating package script '/home/jetson/slash_ws/install/livox_ros_driver2/share/livox_ros_driver2/package.bash'
[4.216s] INFO:colcon.colcon_core.shell:Creating package script '/home/jetson/slash_ws/install/livox_ros_driver2/share/livox_ros_driver2/package.zsh'
[4.217s] Level 1:colcon.colcon_core.environment:create_file_with_runtime_dependencies(/home/jetson/slash_ws/install/livox_ros_driver2/share/colcon-core/packages/livox_ros_driver2)
[4.219s] Level 1:colcon.colcon_core.environment:create_environment_scripts_only(livox_ros_driver2)
[4.219s] Level 1:colcon.colcon_core.environment:checking '/home/jetson/slash_ws/install/livox_ros_driver2' for CMake module files
[4.221s] Level 1:colcon.colcon_core.environment:checking '/home/jetson/slash_ws/install/livox_ros_driver2' for CMake config files
[4.222s] Level 1:colcon.colcon_core.shell:create_environment_hook('livox_ros_driver2', 'cmake_prefix_path')
[4.222s] INFO:colcon.colcon_core.shell:Creating environment hook '/home/jetson/slash_ws/install/livox_ros_driver2/share/livox_ros_driver2/hook/cmake_prefix_path.ps1'
[4.224s] INFO:colcon.colcon_core.shell:Creating environment descriptor '/home/jetson/slash_ws/install/livox_ros_driver2/share/livox_ros_driver2/hook/cmake_prefix_path.dsv'
[4.226s] INFO:colcon.colcon_core.shell:Creating environment hook '/home/jetson/slash_ws/install/livox_ros_driver2/share/livox_ros_driver2/hook/cmake_prefix_path.sh'
[4.227s] Level 1:colcon.colcon_core.environment:checking '/home/jetson/slash_ws/install/livox_ros_driver2/lib'
[4.228s] Level 1:colcon.colcon_core.shell:create_environment_hook('livox_ros_driver2', 'ld_library_path_lib')
[4.229s] INFO:colcon.colcon_core.shell:Creating environment hook '/home/jetson/slash_ws/install/livox_ros_driver2/share/livox_ros_driver2/hook/ld_library_path_lib.ps1'
[4.230s] INFO:colcon.colcon_core.shell:Creating environment descriptor '/home/jetson/slash_ws/install/livox_ros_driver2/share/livox_ros_driver2/hook/ld_library_path_lib.dsv'
[4.231s] INFO:colcon.colcon_core.shell:Creating environment hook '/home/jetson/slash_ws/install/livox_ros_driver2/share/livox_ros_driver2/hook/ld_library_path_lib.sh'
[4.232s] Level 1:colcon.colcon_core.environment:checking '/home/jetson/slash_ws/install/livox_ros_driver2/bin'
[4.233s] Level 1:colcon.colcon_core.environment:checking '/home/jetson/slash_ws/install/livox_ros_driver2/lib/pkgconfig/livox_ros_driver2.pc'
[4.233s] Level 1:colcon.colcon_core.environment:checking '/home/jetson/slash_ws/install/livox_ros_driver2/lib/python3.8/site-packages'
[4.233s] Level 1:colcon.colcon_core.shell:create_environment_hook('livox_ros_driver2', 'pythonpath')
[4.234s] INFO:colcon.colcon_core.shell:Creating environment hook '/home/jetson/slash_ws/install/livox_ros_driver2/share/livox_ros_driver2/hook/pythonpath.ps1'
[4.235s] INFO:colcon.colcon_core.shell:Creating environment descriptor '/home/jetson/slash_ws/install/livox_ros_driver2/share/livox_ros_driver2/hook/pythonpath.dsv'
[4.236s] INFO:colcon.colcon_core.shell:Creating environment hook '/home/jetson/slash_ws/install/livox_ros_driver2/share/livox_ros_driver2/hook/pythonpath.sh'
[4.238s] Level 1:colcon.colcon_core.environment:checking '/home/jetson/slash_ws/install/livox_ros_driver2/bin'
[4.239s] INFO:colcon.colcon_core.shell:Creating package script '/home/jetson/slash_ws/install/livox_ros_driver2/share/livox_ros_driver2/package.ps1'
[4.241s] INFO:colcon.colcon_core.shell:Creating package descriptor '/home/jetson/slash_ws/install/livox_ros_driver2/share/livox_ros_driver2/package.dsv'
[4.243s] INFO:colcon.colcon_core.shell:Creating package script '/home/jetson/slash_ws/install/livox_ros_driver2/share/livox_ros_driver2/package.sh'
[4.244s] INFO:colcon.colcon_core.shell:Creating package script '/home/jetson/slash_ws/install/livox_ros_driver2/share/livox_ros_driver2/package.bash'
[4.245s] INFO:colcon.colcon_core.shell:Creating package script '/home/jetson/slash_ws/install/livox_ros_driver2/share/livox_ros_driver2/package.zsh'
[4.246s] Level 1:colcon.colcon_core.environment:create_file_with_runtime_dependencies(/home/jetson/slash_ws/install/livox_ros_driver2/share/colcon-core/packages/livox_ros_driver2)
[4.252s] INFO:colcon.colcon_ros.task.ament_cmake.build:Building ROS package in '/home/jetson/slash_ws/src/slash_navigation/teb_local_planner/teb_msgs' with build type 'ament_cmake'
[4.253s] INFO:colcon.colcon_cmake.task.cmake.build:Building CMake package in '/home/jetson/slash_ws/src/slash_navigation/teb_local_planner/teb_msgs'
[4.254s] INFO:colcon.colcon_core.shell:Skip shell extension 'powershell' for command environment: Not usable outside of PowerShell
[4.254s] DEBUG:colcon.colcon_core.shell:Skip shell extension 'dsv' for command environment
[4.301s] DEBUG:colcon.colcon_core.event_handler.log_command:Invoking command in '/home/jetson/slash_ws/build/pointcloud_to_laserscan': CMAKE_PREFIX_PATH=${CMAKE_PREFIX_PATH}:/home/jetson/slash_ws/install/f1tenth_stack:/home/jetson/slash_ws/install/twist_to_ackermann:/home/jetson/slash_ws/install/joy_teleop:/home/jetson/slash_ws/install/roboracer_china_2025:/home/jetson/slash_ws/install/mouse_teleop:/home/jetson/slash_ws/install/key_teleop:/opt/ros/foxy /usr/bin/cmake --build /home/jetson/slash_ws/build/pointcloud_to_laserscan -- -j8 -l8
[5.293s] INFO:colcon.colcon_core.task.python.build:Building Python package in '/home/jetson/slash_ws/src/slash_hardware/f1tenth_system/teleop_tools/joy_teleop'
[5.294s] INFO:colcon.colcon_core.shell:Skip shell extension 'powershell' for command environment: Not usable outside of PowerShell
[5.294s] DEBUG:colcon.colcon_core.shell:Skip shell extension 'dsv' for command environment
[5.327s] DEBUG:colcon.colcon_core.event_handler.log_command:Invoking command in '/home/jetson/slash_ws/build/vesc_ackermann': CMAKE_PREFIX_PATH=/home/jetson/slash_ws/install/vesc_msgs:/home/jetson/slash_ws/install/vesc:/home/jetson/slash_ws/install/vesc_driver:/home/jetson/slash_ws/install/vesc_ackermann:/home/jetson/slash_ws/install/teleop_tools:/home/jetson/slash_ws/install/teleop_tools_msgs:/home/jetson/slash_ws/install/teb_local_planner:/home/jetson/slash_ws/install/teb_msgs:/home/jetson/slash_ws/install/slash_nav2:/home/jetson/slash_ws/install/simple_mpc:/home/jetson/slash_ws/install/pointcloud_to_laserscan:/home/jetson/slash_ws/install/fast_lio:/home/jetson/slash_ws/install/livox_ros_driver2:/home/jetson/slash_ws/install/linefit_ground_segmentation_ros:/home/jetson/slash_ws/install/linefit_ground_segmentation:/home/jetson/slash_ws/install/costmap_converter:/home/jetson/slash_ws/install/costmap_converter_msgs:/home/jetson/slash_ws/install/ackermann_mux:/home/jetson/slash_ws/install/f1tenth_stack:/home/jetson/slash_ws/install/twist_to_ackermann:/home/jetson/slash_ws/install/joy_teleop:/home/jetson/slash_ws/install/roboracer_china_2025:/home/jetson/slash_ws/install/mouse_teleop:/home/jetson/slash_ws/install/key_teleop:/opt/ros/foxy LD_LIBRARY_PATH=/home/jetson/slash_ws/install/vesc_msgs/lib:/usr/local/cuda/lib64:/usr/local/cuda/lib64:/usr/local/cuda/lib64:/usr/local/cuda/lib64:/usr/local/cuda-11.4/lib64:/usr/local/cuda/lib64:/usr/local/cuda/lib64:/usr/local/cuda/lib64:/usr/local/cuda/lib64:/home/jetson/slash_ws/install/vesc_driver/lib:/home/jetson/slash_ws/install/vesc_ackermann/lib:/home/jetson/slash_ws/install/teleop_tools_msgs/lib:/home/jetson/slash_ws/install/teb_local_planner/lib:/home/jetson/slash_ws/install/teb_msgs/lib:/home/jetson/slash_ws/install/pointcloud_to_laserscan/lib:/home/jetson/slash_ws/install/fast_lio/lib:/home/jetson/slash_ws/install/livox_ros_driver2/lib:/home/jetson/slash_ws/install/linefit_ground_segmentation/lib:/home/jetson/slash_ws/install/costmap_converter/lib:/home/jetson/slash_ws/install/costmap_converter_msgs/lib:/usr/lib/aarch64-linux-gnu/gazebo-11/plugins:/opt/ros/foxy/opt/yaml_cpp_vendor/lib:/opt/ros/foxy/opt/rviz_ogre_vendor/lib:/opt/ros/foxy/lib/aarch64-linux-gnu:/opt/ros/foxy/lib:/usr/local/cuda-11.4/lib64 PYTHONPATH=/home/jetson/slash_ws/install/vesc_msgs/lib/python3.8/site-packages:/home/jetson/slash_ws/install/f1tenth_stack/lib/python3.8/site-packages:/home/jetson/slash_ws/install/twist_to_ackermann/lib/python3.8/site-packages:/home/jetson/slash_ws/install/joy_teleop/lib/python3.8/site-packages:/home/jetson/slash_ws/install/teleop_tools_msgs/lib/python3.8/site-packages:/home/jetson/slash_ws/install/teb_msgs/lib/python3.8/site-packages:/home/jetson/slash_ws/install/roboracer_china_2025/lib/python3.8/site-packages:/home/jetson/slash_ws/install/mouse_teleop/lib/python3.8/site-packages:/home/jetson/slash_ws/install/fast_lio/lib/python3.8/site-packages:/home/jetson/slash_ws/install/livox_ros_driver2/lib/python3.8/site-packages:/home/jetson/slash_ws/install/key_teleop/lib/python3.8/site-packages:/home/jetson/slash_ws/install/costmap_converter_msgs/lib/python3.8/site-packages:/opt/ros/foxy/lib/python3.8/site-packages /usr/bin/cmake --build /home/jetson/slash_ws/build/vesc_ackermann -- -j8 -l8
[5.337s] DEBUG:colcon.colcon_core.event_handler.log_command:Invoking command in '/home/jetson/slash_ws/build/vesc_driver': CMAKE_PREFIX_PATH=/home/jetson/slash_ws/install/vesc_msgs:/home/jetson/slash_ws/install/vesc:/home/jetson/slash_ws/install/vesc_driver:/home/jetson/slash_ws/install/vesc_ackermann:/home/jetson/slash_ws/install/teleop_tools:/home/jetson/slash_ws/install/teleop_tools_msgs:/home/jetson/slash_ws/install/teb_local_planner:/home/jetson/slash_ws/install/teb_msgs:/home/jetson/slash_ws/install/slash_nav2:/home/jetson/slash_ws/install/simple_mpc:/home/jetson/slash_ws/install/pointcloud_to_laserscan:/home/jetson/slash_ws/install/fast_lio:/home/jetson/slash_ws/install/livox_ros_driver2:/home/jetson/slash_ws/install/linefit_ground_segmentation_ros:/home/jetson/slash_ws/install/linefit_ground_segmentation:/home/jetson/slash_ws/install/costmap_converter:/home/jetson/slash_ws/install/costmap_converter_msgs:/home/jetson/slash_ws/install/ackermann_mux:/home/jetson/slash_ws/install/f1tenth_stack:/home/jetson/slash_ws/install/twist_to_ackermann:/home/jetson/slash_ws/install/joy_teleop:/home/jetson/slash_ws/install/roboracer_china_2025:/home/jetson/slash_ws/install/mouse_teleop:/home/jetson/slash_ws/install/key_teleop:/opt/ros/foxy LD_LIBRARY_PATH=/home/jetson/slash_ws/install/vesc_msgs/lib:/usr/local/cuda/lib64:/usr/local/cuda/lib64:/usr/local/cuda/lib64:/usr/local/cuda/lib64:/usr/local/cuda-11.4/lib64:/usr/local/cuda/lib64:/usr/local/cuda/lib64:/usr/local/cuda/lib64:/usr/local/cuda/lib64:/home/jetson/slash_ws/install/vesc_driver/lib:/home/jetson/slash_ws/install/vesc_ackermann/lib:/home/jetson/slash_ws/install/teleop_tools_msgs/lib:/home/jetson/slash_ws/install/teb_local_planner/lib:/home/jetson/slash_ws/install/teb_msgs/lib:/home/jetson/slash_ws/install/pointcloud_to_laserscan/lib:/home/jetson/slash_ws/install/fast_lio/lib:/home/jetson/slash_ws/install/livox_ros_driver2/lib:/home/jetson/slash_ws/install/linefit_ground_segmentation/lib:/home/jetson/slash_ws/install/costmap_converter/lib:/home/jetson/slash_ws/install/costmap_converter_msgs/lib:/usr/lib/aarch64-linux-gnu/gazebo-11/plugins:/opt/ros/foxy/opt/yaml_cpp_vendor/lib:/opt/ros/foxy/opt/rviz_ogre_vendor/lib:/opt/ros/foxy/lib/aarch64-linux-gnu:/opt/ros/foxy/lib:/usr/local/cuda-11.4/lib64 PYTHONPATH=/home/jetson/slash_ws/install/vesc_msgs/lib/python3.8/site-packages:/home/jetson/slash_ws/install/f1tenth_stack/lib/python3.8/site-packages:/home/jetson/slash_ws/install/twist_to_ackermann/lib/python3.8/site-packages:/home/jetson/slash_ws/install/joy_teleop/lib/python3.8/site-packages:/home/jetson/slash_ws/install/teleop_tools_msgs/lib/python3.8/site-packages:/home/jetson/slash_ws/install/teb_msgs/lib/python3.8/site-packages:/home/jetson/slash_ws/install/roboracer_china_2025/lib/python3.8/site-packages:/home/jetson/slash_ws/install/mouse_teleop/lib/python3.8/site-packages:/home/jetson/slash_ws/install/fast_lio/lib/python3.8/site-packages:/home/jetson/slash_ws/install/livox_ros_driver2/lib/python3.8/site-packages:/home/jetson/slash_ws/install/key_teleop/lib/python3.8/site-packages:/home/jetson/slash_ws/install/costmap_converter_msgs/lib/python3.8/site-packages:/opt/ros/foxy/lib/python3.8/site-packages /usr/bin/cmake --build /home/jetson/slash_ws/build/vesc_driver -- -j8 -l8
[5.365s] DEBUG:colcon.colcon_core.event_handler.log_command:Invoking command in '/home/jetson/slash_ws/build/costmap_converter': CMAKE_PREFIX_PATH=/home/jetson/slash_ws/install/costmap_converter_msgs:/home/jetson/slash_ws/install/vesc:/home/jetson/slash_ws/install/vesc_driver:/home/jetson/slash_ws/install/vesc_ackermann:/home/jetson/slash_ws/install/vesc_msgs:/home/jetson/slash_ws/install/teleop_tools:/home/jetson/slash_ws/install/teleop_tools_msgs:/home/jetson/slash_ws/install/teb_local_planner:/home/jetson/slash_ws/install/teb_msgs:/home/jetson/slash_ws/install/slash_nav2:/home/jetson/slash_ws/install/simple_mpc:/home/jetson/slash_ws/install/pointcloud_to_laserscan:/home/jetson/slash_ws/install/fast_lio:/home/jetson/slash_ws/install/livox_ros_driver2:/home/jetson/slash_ws/install/linefit_ground_segmentation_ros:/home/jetson/slash_ws/install/linefit_ground_segmentation:/home/jetson/slash_ws/install/costmap_converter:/home/jetson/slash_ws/install/ackermann_mux:/home/jetson/slash_ws/install/f1tenth_stack:/home/jetson/slash_ws/install/twist_to_ackermann:/home/jetson/slash_ws/install/joy_teleop:/home/jetson/slash_ws/install/roboracer_china_2025:/home/jetson/slash_ws/install/mouse_teleop:/home/jetson/slash_ws/install/key_teleop:/opt/ros/foxy LD_LIBRARY_PATH=/home/jetson/slash_ws/install/costmap_converter_msgs/lib:/usr/local/cuda/lib64:/usr/local/cuda/lib64:/usr/local/cuda/lib64:/usr/local/cuda/lib64:/usr/local/cuda-11.4/lib64:/usr/local/cuda/lib64:/usr/local/cuda/lib64:/usr/local/cuda/lib64:/usr/local/cuda/lib64:/home/jetson/slash_ws/install/vesc_driver/lib:/home/jetson/slash_ws/install/vesc_ackermann/lib:/home/jetson/slash_ws/install/vesc_msgs/lib:/home/jetson/slash_ws/install/teleop_tools_msgs/lib:/home/jetson/slash_ws/install/teb_local_planner/lib:/home/jetson/slash_ws/install/teb_msgs/lib:/home/jetson/slash_ws/install/pointcloud_to_laserscan/lib:/home/jetson/slash_ws/install/fast_lio/lib:/home/jetson/slash_ws/install/livox_ros_driver2/lib:/home/jetson/slash_ws/install/linefit_ground_segmentation/lib:/home/jetson/slash_ws/install/costmap_converter/lib:/usr/lib/aarch64-linux-gnu/gazebo-11/plugins:/opt/ros/foxy/opt/yaml_cpp_vendor/lib:/opt/ros/foxy/opt/rviz_ogre_vendor/lib:/opt/ros/foxy/lib/aarch64-linux-gnu:/opt/ros/foxy/lib:/usr/local/cuda-11.4/lib64 PYTHONPATH=/home/jetson/slash_ws/install/costmap_converter_msgs/lib/python3.8/site-packages:/home/jetson/slash_ws/install/f1tenth_stack/lib/python3.8/site-packages:/home/jetson/slash_ws/install/vesc_msgs/lib/python3.8/site-packages:/home/jetson/slash_ws/install/twist_to_ackermann/lib/python3.8/site-packages:/home/jetson/slash_ws/install/joy_teleop/lib/python3.8/site-packages:/home/jetson/slash_ws/install/teleop_tools_msgs/lib/python3.8/site-packages:/home/jetson/slash_ws/install/teb_msgs/lib/python3.8/site-packages:/home/jetson/slash_ws/install/roboracer_china_2025/lib/python3.8/site-packages:/home/jetson/slash_ws/install/mouse_teleop/lib/python3.8/site-packages:/home/jetson/slash_ws/install/fast_lio/lib/python3.8/site-packages:/home/jetson/slash_ws/install/livox_ros_driver2/lib/python3.8/site-packages:/home/jetson/slash_ws/install/key_teleop/lib/python3.8/site-packages:/opt/ros/foxy/lib/python3.8/site-packages /usr/bin/cmake --build /home/jetson/slash_ws/build/costmap_converter -- -j8 -l8
[5.379s] DEBUG:colcon.colcon_core.event_handler.log_command:Invoking command in '/home/jetson/slash_ws/build/teb_msgs': CMAKE_PREFIX_PATH=/home/jetson/slash_ws/install/costmap_converter_msgs:/home/jetson/slash_ws/install/vesc:/home/jetson/slash_ws/install/vesc_driver:/home/jetson/slash_ws/install/vesc_ackermann:/home/jetson/slash_ws/install/vesc_msgs:/home/jetson/slash_ws/install/teleop_tools:/home/jetson/slash_ws/install/teleop_tools_msgs:/home/jetson/slash_ws/install/teb_local_planner:/home/jetson/slash_ws/install/teb_msgs:/home/jetson/slash_ws/install/slash_nav2:/home/jetson/slash_ws/install/simple_mpc:/home/jetson/slash_ws/install/pointcloud_to_laserscan:/home/jetson/slash_ws/install/fast_lio:/home/jetson/slash_ws/install/livox_ros_driver2:/home/jetson/slash_ws/install/linefit_ground_segmentation_ros:/home/jetson/slash_ws/install/linefit_ground_segmentation:/home/jetson/slash_ws/install/costmap_converter:/home/jetson/slash_ws/install/ackermann_mux:/home/jetson/slash_ws/install/f1tenth_stack:/home/jetson/slash_ws/install/twist_to_ackermann:/home/jetson/slash_ws/install/joy_teleop:/home/jetson/slash_ws/install/roboracer_china_2025:/home/jetson/slash_ws/install/mouse_teleop:/home/jetson/slash_ws/install/key_teleop:/opt/ros/foxy LD_LIBRARY_PATH=/home/jetson/slash_ws/install/costmap_converter_msgs/lib:/usr/local/cuda/lib64:/usr/local/cuda/lib64:/usr/local/cuda/lib64:/usr/local/cuda/lib64:/usr/local/cuda-11.4/lib64:/usr/local/cuda/lib64:/usr/local/cuda/lib64:/usr/local/cuda/lib64:/usr/local/cuda/lib64:/home/jetson/slash_ws/install/vesc_driver/lib:/home/jetson/slash_ws/install/vesc_ackermann/lib:/home/jetson/slash_ws/install/vesc_msgs/lib:/home/jetson/slash_ws/install/teleop_tools_msgs/lib:/home/jetson/slash_ws/install/teb_local_planner/lib:/home/jetson/slash_ws/install/teb_msgs/lib:/home/jetson/slash_ws/install/pointcloud_to_laserscan/lib:/home/jetson/slash_ws/install/fast_lio/lib:/home/jetson/slash_ws/install/livox_ros_driver2/lib:/home/jetson/slash_ws/install/linefit_ground_segmentation/lib:/home/jetson/slash_ws/install/costmap_converter/lib:/usr/lib/aarch64-linux-gnu/gazebo-11/plugins:/opt/ros/foxy/opt/yaml_cpp_vendor/lib:/opt/ros/foxy/opt/rviz_ogre_vendor/lib:/opt/ros/foxy/lib/aarch64-linux-gnu:/opt/ros/foxy/lib:/usr/local/cuda-11.4/lib64 PYTHONPATH=/home/jetson/slash_ws/install/costmap_converter_msgs/lib/python3.8/site-packages:/home/jetson/slash_ws/install/f1tenth_stack/lib/python3.8/site-packages:/home/jetson/slash_ws/install/vesc_msgs/lib/python3.8/site-packages:/home/jetson/slash_ws/install/twist_to_ackermann/lib/python3.8/site-packages:/home/jetson/slash_ws/install/joy_teleop/lib/python3.8/site-packages:/home/jetson/slash_ws/install/teleop_tools_msgs/lib/python3.8/site-packages:/home/jetson/slash_ws/install/teb_msgs/lib/python3.8/site-packages:/home/jetson/slash_ws/install/roboracer_china_2025/lib/python3.8/site-packages:/home/jetson/slash_ws/install/mouse_teleop/lib/python3.8/site-packages:/home/jetson/slash_ws/install/fast_lio/lib/python3.8/site-packages:/home/jetson/slash_ws/install/livox_ros_driver2/lib/python3.8/site-packages:/home/jetson/slash_ws/install/key_teleop/lib/python3.8/site-packages:/opt/ros/foxy/lib/python3.8/site-packages /usr/bin/cmake --build /home/jetson/slash_ws/build/teb_msgs -- -j8 -l8
[5.429s] DEBUG:colcon.colcon_core.event_handler.log_command:Invoking command in '/home/jetson/slash_ws/src/slash_hardware/f1tenth_system/teleop_tools/key_teleop': PYTHONPATH=/home/jetson/slash_ws/build/key_teleop/prefix_override:/usr/lib/python3/dist-packages/colcon_core/task/python/colcon_distutils_commands:/home/jetson/slash_ws/install/key_teleop/lib/python3.8/site-packages:${PYTHONPATH} /usr/bin/python3 -W ignore:setup.py install is deprecated -W ignore:easy_install command is deprecated setup.py egg_info --egg-base ../../../../../build/key_teleop build --build-base /home/jetson/slash_ws/build/key_teleop/build install --record /home/jetson/slash_ws/build/key_teleop/install.log --single-version-externally-managed install_data
[5.455s] DEBUG:colcon.colcon_core.event_handler.log_command:Invoking command in '/home/jetson/slash_ws/src/slash_hardware/f1tenth_system/teleop_tools/mouse_teleop': PYTHONPATH=/home/jetson/slash_ws/build/mouse_teleop/prefix_override:/usr/lib/python3/dist-packages/colcon_core/task/python/colcon_distutils_commands:/home/jetson/slash_ws/install/mouse_teleop/lib/python3.8/site-packages:${PYTHONPATH} /usr/bin/python3 -W ignore:setup.py install is deprecated -W ignore:easy_install command is deprecated setup.py egg_info --egg-base ../../../../../build/mouse_teleop build --build-base /home/jetson/slash_ws/build/mouse_teleop/build install --record /home/jetson/slash_ws/build/mouse_teleop/install.log --single-version-externally-managed install_data
[5.540s] DEBUG:colcon.colcon_core.event_handler.log_command:Invoked command in '/home/jetson/slash_ws/build/pointcloud_to_laserscan' returned '0': CMAKE_PREFIX_PATH=${CMAKE_PREFIX_PATH}:/home/jetson/slash_ws/install/f1tenth_stack:/home/jetson/slash_ws/install/twist_to_ackermann:/home/jetson/slash_ws/install/joy_teleop:/home/jetson/slash_ws/install/roboracer_china_2025:/home/jetson/slash_ws/install/mouse_teleop:/home/jetson/slash_ws/install/key_teleop:/opt/ros/foxy /usr/bin/cmake --build /home/jetson/slash_ws/build/pointcloud_to_laserscan -- -j8 -l8
[5.542s] DEBUG:colcon.colcon_core.event_handler.log_command:Invoking command in '/home/jetson/slash_ws/build/pointcloud_to_laserscan': CMAKE_PREFIX_PATH=${CMAKE_PREFIX_PATH}:/home/jetson/slash_ws/install/f1tenth_stack:/home/jetson/slash_ws/install/twist_to_ackermann:/home/jetson/slash_ws/install/joy_teleop:/home/jetson/slash_ws/install/roboracer_china_2025:/home/jetson/slash_ws/install/mouse_teleop:/home/jetson/slash_ws/install/key_teleop:/opt/ros/foxy /usr/bin/cmake --install /home/jetson/slash_ws/build/pointcloud_to_laserscan
[5.958s] DEBUG:colcon.colcon_core.event_handler.log_command:Invoked command in '/home/jetson/slash_ws/build/vesc_ackermann' returned '0': CMAKE_PREFIX_PATH=/home/jetson/slash_ws/install/vesc_msgs:/home/jetson/slash_ws/install/vesc:/home/jetson/slash_ws/install/vesc_driver:/home/jetson/slash_ws/install/vesc_ackermann:/home/jetson/slash_ws/install/teleop_tools:/home/jetson/slash_ws/install/teleop_tools_msgs:/home/jetson/slash_ws/install/teb_local_planner:/home/jetson/slash_ws/install/teb_msgs:/home/jetson/slash_ws/install/slash_nav2:/home/jetson/slash_ws/install/simple_mpc:/home/jetson/slash_ws/install/pointcloud_to_laserscan:/home/jetson/slash_ws/install/fast_lio:/home/jetson/slash_ws/install/livox_ros_driver2:/home/jetson/slash_ws/install/linefit_ground_segmentation_ros:/home/jetson/slash_ws/install/linefit_ground_segmentation:/home/jetson/slash_ws/install/costmap_converter:/home/jetson/slash_ws/install/costmap_converter_msgs:/home/jetson/slash_ws/install/ackermann_mux:/home/jetson/slash_ws/install/f1tenth_stack:/home/jetson/slash_ws/install/twist_to_ackermann:/home/jetson/slash_ws/install/joy_teleop:/home/jetson/slash_ws/install/roboracer_china_2025:/home/jetson/slash_ws/install/mouse_teleop:/home/jetson/slash_ws/install/key_teleop:/opt/ros/foxy LD_LIBRARY_PATH=/home/jetson/slash_ws/install/vesc_msgs/lib:/usr/local/cuda/lib64:/usr/local/cuda/lib64:/usr/local/cuda/lib64:/usr/local/cuda/lib64:/usr/local/cuda-11.4/lib64:/usr/local/cuda/lib64:/usr/local/cuda/lib64:/usr/local/cuda/lib64:/usr/local/cuda/lib64:/home/jetson/slash_ws/install/vesc_driver/lib:/home/jetson/slash_ws/install/vesc_ackermann/lib:/home/jetson/slash_ws/install/teleop_tools_msgs/lib:/home/jetson/slash_ws/install/teb_local_planner/lib:/home/jetson/slash_ws/install/teb_msgs/lib:/home/jetson/slash_ws/install/pointcloud_to_laserscan/lib:/home/jetson/slash_ws/install/fast_lio/lib:/home/jetson/slash_ws/install/livox_ros_driver2/lib:/home/jetson/slash_ws/install/linefit_ground_segmentation/lib:/home/jetson/slash_ws/install/costmap_converter/lib:/home/jetson/slash_ws/install/costmap_converter_msgs/lib:/usr/lib/aarch64-linux-gnu/gazebo-11/plugins:/opt/ros/foxy/opt/yaml_cpp_vendor/lib:/opt/ros/foxy/opt/rviz_ogre_vendor/lib:/opt/ros/foxy/lib/aarch64-linux-gnu:/opt/ros/foxy/lib:/usr/local/cuda-11.4/lib64 PYTHONPATH=/home/jetson/slash_ws/install/vesc_msgs/lib/python3.8/site-packages:/home/jetson/slash_ws/install/f1tenth_stack/lib/python3.8/site-packages:/home/jetson/slash_ws/install/twist_to_ackermann/lib/python3.8/site-packages:/home/jetson/slash_ws/install/joy_teleop/lib/python3.8/site-packages:/home/jetson/slash_ws/install/teleop_tools_msgs/lib/python3.8/site-packages:/home/jetson/slash_ws/install/teb_msgs/lib/python3.8/site-packages:/home/jetson/slash_ws/install/roboracer_china_2025/lib/python3.8/site-packages:/home/jetson/slash_ws/install/mouse_teleop/lib/python3.8/site-packages:/home/jetson/slash_ws/install/fast_lio/lib/python3.8/site-packages:/home/jetson/slash_ws/install/livox_ros_driver2/lib/python3.8/site-packages:/home/jetson/slash_ws/install/key_teleop/lib/python3.8/site-packages:/home/jetson/slash_ws/install/costmap_converter_msgs/lib/python3.8/site-packages:/opt/ros/foxy/lib/python3.8/site-packages /usr/bin/cmake --build /home/jetson/slash_ws/build/vesc_ackermann -- -j8 -l8
[5.960s] DEBUG:colcon.colcon_core.event_handler.log_command:Invoking command in '/home/jetson/slash_ws/build/vesc_ackermann': CMAKE_PREFIX_PATH=/home/jetson/slash_ws/install/vesc_msgs:/home/jetson/slash_ws/install/vesc:/home/jetson/slash_ws/install/vesc_driver:/home/jetson/slash_ws/install/vesc_ackermann:/home/jetson/slash_ws/install/teleop_tools:/home/jetson/slash_ws/install/teleop_tools_msgs:/home/jetson/slash_ws/install/teb_local_planner:/home/jetson/slash_ws/install/teb_msgs:/home/jetson/slash_ws/install/slash_nav2:/home/jetson/slash_ws/install/simple_mpc:/home/jetson/slash_ws/install/pointcloud_to_laserscan:/home/jetson/slash_ws/install/fast_lio:/home/jetson/slash_ws/install/livox_ros_driver2:/home/jetson/slash_ws/install/linefit_ground_segmentation_ros:/home/jetson/slash_ws/install/linefit_ground_segmentation:/home/jetson/slash_ws/install/costmap_converter:/home/jetson/slash_ws/install/costmap_converter_msgs:/home/jetson/slash_ws/install/ackermann_mux:/home/jetson/slash_ws/install/f1tenth_stack:/home/jetson/slash_ws/install/twist_to_ackermann:/home/jetson/slash_ws/install/joy_teleop:/home/jetson/slash_ws/install/roboracer_china_2025:/home/jetson/slash_ws/install/mouse_teleop:/home/jetson/slash_ws/install/key_teleop:/opt/ros/foxy LD_LIBRARY_PATH=/home/jetson/slash_ws/install/vesc_msgs/lib:/usr/local/cuda/lib64:/usr/local/cuda/lib64:/usr/local/cuda/lib64:/usr/local/cuda/lib64:/usr/local/cuda-11.4/lib64:/usr/local/cuda/lib64:/usr/local/cuda/lib64:/usr/local/cuda/lib64:/usr/local/cuda/lib64:/home/jetson/slash_ws/install/vesc_driver/lib:/home/jetson/slash_ws/install/vesc_ackermann/lib:/home/jetson/slash_ws/install/teleop_tools_msgs/lib:/home/jetson/slash_ws/install/teb_local_planner/lib:/home/jetson/slash_ws/install/teb_msgs/lib:/home/jetson/slash_ws/install/pointcloud_to_laserscan/lib:/home/jetson/slash_ws/install/fast_lio/lib:/home/jetson/slash_ws/install/livox_ros_driver2/lib:/home/jetson/slash_ws/install/linefit_ground_segmentation/lib:/home/jetson/slash_ws/install/costmap_converter/lib:/home/jetson/slash_ws/install/costmap_converter_msgs/lib:/usr/lib/aarch64-linux-gnu/gazebo-11/plugins:/opt/ros/foxy/opt/yaml_cpp_vendor/lib:/opt/ros/foxy/opt/rviz_ogre_vendor/lib:/opt/ros/foxy/lib/aarch64-linux-gnu:/opt/ros/foxy/lib:/usr/local/cuda-11.4/lib64 PYTHONPATH=/home/jetson/slash_ws/install/vesc_msgs/lib/python3.8/site-packages:/home/jetson/slash_ws/install/f1tenth_stack/lib/python3.8/site-packages:/home/jetson/slash_ws/install/twist_to_ackermann/lib/python3.8/site-packages:/home/jetson/slash_ws/install/joy_teleop/lib/python3.8/site-packages:/home/jetson/slash_ws/install/teleop_tools_msgs/lib/python3.8/site-packages:/home/jetson/slash_ws/install/teb_msgs/lib/python3.8/site-packages:/home/jetson/slash_ws/install/roboracer_china_2025/lib/python3.8/site-packages:/home/jetson/slash_ws/install/mouse_teleop/lib/python3.8/site-packages:/home/jetson/slash_ws/install/fast_lio/lib/python3.8/site-packages:/home/jetson/slash_ws/install/livox_ros_driver2/lib/python3.8/site-packages:/home/jetson/slash_ws/install/key_teleop/lib/python3.8/site-packages:/home/jetson/slash_ws/install/costmap_converter_msgs/lib/python3.8/site-packages:/opt/ros/foxy/lib/python3.8/site-packages /usr/bin/cmake --install /home/jetson/slash_ws/build/vesc_ackermann
[5.966s] Level 1:colcon.colcon_core.environment:create_environment_scripts_only(pointcloud_to_laserscan)
[5.967s] Level 1:colcon.colcon_core.environment:checking '/home/jetson/slash_ws/install/pointcloud_to_laserscan' for CMake module files
[5.969s] Level 1:colcon.colcon_core.environment:checking '/home/jetson/slash_ws/install/pointcloud_to_laserscan' for CMake config files
[5.974s] Level 1:colcon.colcon_core.shell:create_environment_hook('pointcloud_to_laserscan', 'cmake_prefix_path')
[5.975s] INFO:colcon.colcon_core.shell:Creating environment hook '/home/jetson/slash_ws/install/pointcloud_to_laserscan/share/pointcloud_to_laserscan/hook/cmake_prefix_path.ps1'
[5.977s] INFO:colcon.colcon_core.shell:Creating environment descriptor '/home/jetson/slash_ws/install/pointcloud_to_laserscan/share/pointcloud_to_laserscan/hook/cmake_prefix_path.dsv'
[5.978s] INFO:colcon.colcon_core.shell:Creating environment hook '/home/jetson/slash_ws/install/pointcloud_to_laserscan/share/pointcloud_to_laserscan/hook/cmake_prefix_path.sh'
[5.982s] DEBUG:colcon.colcon_core.event_handler.log_command:Invoked command in '/home/jetson/slash_ws/build/pointcloud_to_laserscan' returned '0': CMAKE_PREFIX_PATH=${CMAKE_PREFIX_PATH}:/home/jetson/slash_ws/install/f1tenth_stack:/home/jetson/slash_ws/install/twist_to_ackermann:/home/jetson/slash_ws/install/joy_teleop:/home/jetson/slash_ws/install/roboracer_china_2025:/home/jetson/slash_ws/install/mouse_teleop:/home/jetson/slash_ws/install/key_teleop:/opt/ros/foxy /usr/bin/cmake --install /home/jetson/slash_ws/build/pointcloud_to_laserscan
[5.985s] Level 1:colcon.colcon_core.environment:checking '/home/jetson/slash_ws/install/pointcloud_to_laserscan/lib'
[5.986s] Level 1:colcon.colcon_core.shell:create_environment_hook('pointcloud_to_laserscan', 'ld_library_path_lib')
[5.986s] INFO:colcon.colcon_core.shell:Creating environment hook '/home/jetson/slash_ws/install/pointcloud_to_laserscan/share/pointcloud_to_laserscan/hook/ld_library_path_lib.ps1'
[5.991s] INFO:colcon.colcon_core.shell:Creating environment descriptor '/home/jetson/slash_ws/install/pointcloud_to_laserscan/share/pointcloud_to_laserscan/hook/ld_library_path_lib.dsv'
[5.992s] INFO:colcon.colcon_core.shell:Creating environment hook '/home/jetson/slash_ws/install/pointcloud_to_laserscan/share/pointcloud_to_laserscan/hook/ld_library_path_lib.sh'
[5.993s] Level 1:colcon.colcon_core.environment:checking '/home/jetson/slash_ws/install/pointcloud_to_laserscan/bin'
[5.994s] Level 1:colcon.colcon_core.environment:checking '/home/jetson/slash_ws/install/pointcloud_to_laserscan/lib/pkgconfig/pointcloud_to_laserscan.pc'
[5.994s] Level 1:colcon.colcon_core.environment:checking '/home/jetson/slash_ws/install/pointcloud_to_laserscan/lib/python3.8/site-packages'
[5.995s] Level 1:colcon.colcon_core.environment:checking '/home/jetson/slash_ws/install/pointcloud_to_laserscan/bin'
[5.998s] INFO:colcon.colcon_core.shell:Creating package script '/home/jetson/slash_ws/install/pointcloud_to_laserscan/share/pointcloud_to_laserscan/package.ps1'
[6.000s] INFO:colcon.colcon_core.shell:Creating package descriptor '/home/jetson/slash_ws/install/pointcloud_to_laserscan/share/pointcloud_to_laserscan/package.dsv'
[6.002s] INFO:colcon.colcon_core.shell:Creating package script '/home/jetson/slash_ws/install/pointcloud_to_laserscan/share/pointcloud_to_laserscan/package.sh'
[6.003s] INFO:colcon.colcon_core.shell:Creating package script '/home/jetson/slash_ws/install/pointcloud_to_laserscan/share/pointcloud_to_laserscan/package.bash'
[6.006s] INFO:colcon.colcon_core.shell:Creating package script '/home/jetson/slash_ws/install/pointcloud_to_laserscan/share/pointcloud_to_laserscan/package.zsh'
[6.007s] Level 1:colcon.colcon_core.environment:create_file_with_runtime_dependencies(/home/jetson/slash_ws/install/pointcloud_to_laserscan/share/colcon-core/packages/pointcloud_to_laserscan)
[6.011s] Level 1:colcon.colcon_core.environment:create_environment_scripts_only(pointcloud_to_laserscan)
[6.012s] Level 1:colcon.colcon_core.environment:checking '/home/jetson/slash_ws/install/pointcloud_to_laserscan' for CMake module files
[6.012s] Level 1:colcon.colcon_core.environment:checking '/home/jetson/slash_ws/install/pointcloud_to_laserscan' for CMake config files
[6.013s] Level 1:colcon.colcon_core.shell:create_environment_hook('pointcloud_to_laserscan', 'cmake_prefix_path')
[6.013s] INFO:colcon.colcon_core.shell:Creating environment hook '/home/jetson/slash_ws/install/pointcloud_to_laserscan/share/pointcloud_to_laserscan/hook/cmake_prefix_path.ps1'
[6.015s] INFO:colcon.colcon_core.shell:Creating environment descriptor '/home/jetson/slash_ws/install/pointcloud_to_laserscan/share/pointcloud_to_laserscan/hook/cmake_prefix_path.dsv'
[6.031s] INFO:colcon.colcon_core.shell:Creating environment hook '/home/jetson/slash_ws/install/pointcloud_to_laserscan/share/pointcloud_to_laserscan/hook/cmake_prefix_path.sh'
[6.033s] Level 1:colcon.colcon_core.environment:checking '/home/jetson/slash_ws/install/pointcloud_to_laserscan/lib'
[6.034s] Level 1:colcon.colcon_core.shell:create_environment_hook('pointcloud_to_laserscan', 'ld_library_path_lib')
[6.034s] INFO:colcon.colcon_core.shell:Creating environment hook '/home/jetson/slash_ws/install/pointcloud_to_laserscan/share/pointcloud_to_laserscan/hook/ld_library_path_lib.ps1'
[6.048s] INFO:colcon.colcon_core.shell:Creating environment descriptor '/home/jetson/slash_ws/install/pointcloud_to_laserscan/share/pointcloud_to_laserscan/hook/ld_library_path_lib.dsv'
[6.054s] INFO:colcon.colcon_core.shell:Creating environment hook '/home/jetson/slash_ws/install/pointcloud_to_laserscan/share/pointcloud_to_laserscan/hook/ld_library_path_lib.sh'
[6.057s] Level 1:colcon.colcon_core.environment:checking '/home/jetson/slash_ws/install/pointcloud_to_laserscan/bin'
[6.057s] Level 1:colcon.colcon_core.environment:checking '/home/jetson/slash_ws/install/pointcloud_to_laserscan/lib/pkgconfig/pointcloud_to_laserscan.pc'
[6.058s] Level 1:colcon.colcon_core.environment:checking '/home/jetson/slash_ws/install/pointcloud_to_laserscan/lib/python3.8/site-packages'
[6.058s] Level 1:colcon.colcon_core.environment:checking '/home/jetson/slash_ws/install/pointcloud_to_laserscan/bin'
[6.059s] INFO:colcon.colcon_core.shell:Creating package script '/home/jetson/slash_ws/install/pointcloud_to_laserscan/share/pointcloud_to_laserscan/package.ps1'
[6.061s] INFO:colcon.colcon_core.shell:Creating package descriptor '/home/jetson/slash_ws/install/pointcloud_to_laserscan/share/pointcloud_to_laserscan/package.dsv'
[6.065s] INFO:colcon.colcon_core.shell:Creating package script '/home/jetson/slash_ws/install/pointcloud_to_laserscan/share/pointcloud_to_laserscan/package.sh'
[6.066s] INFO:colcon.colcon_core.shell:Creating package script '/home/jetson/slash_ws/install/pointcloud_to_laserscan/share/pointcloud_to_laserscan/package.bash'
[6.067s] INFO:colcon.colcon_core.shell:Creating package script '/home/jetson/slash_ws/install/pointcloud_to_laserscan/share/pointcloud_to_laserscan/package.zsh'
[6.069s] Level 1:colcon.colcon_core.environment:create_file_with_runtime_dependencies(/home/jetson/slash_ws/install/pointcloud_to_laserscan/share/colcon-core/packages/pointcloud_to_laserscan)
[6.081s] INFO:colcon.colcon_ros.task.ament_python.build:Building ROS package in '/home/jetson/slash_ws/src/slash_navigation/roboracer_china_2025' with build type 'ament_python'
[6.083s] Level 1:colcon.colcon_core.shell:create_environment_hook('roboracer_china_2025', 'ament_prefix_path')
[6.084s] INFO:colcon.colcon_core.shell:Creating environment hook '/home/jetson/slash_ws/install/roboracer_china_2025/share/roboracer_china_2025/hook/ament_prefix_path.ps1'
[6.111s] INFO:colcon.colcon_core.shell:Creating environment descriptor '/home/jetson/slash_ws/install/roboracer_china_2025/share/roboracer_china_2025/hook/ament_prefix_path.dsv'
[6.112s] INFO:colcon.colcon_core.shell:Creating environment hook '/home/jetson/slash_ws/install/roboracer_china_2025/share/roboracer_china_2025/hook/ament_prefix_path.sh'
[6.114s] INFO:colcon.colcon_core.shell:Skip shell extension 'powershell' for command environment: Not usable outside of PowerShell
[6.114s] DEBUG:colcon.colcon_core.shell:Skip shell extension 'dsv' for command environment
[6.156s] DEBUG:colcon.colcon_core.event_handler.log_command:Invoked command in '/home/jetson/slash_ws/build/vesc_driver' returned '0': CMAKE_PREFIX_PATH=/home/jetson/slash_ws/install/vesc_msgs:/home/jetson/slash_ws/install/vesc:/home/jetson/slash_ws/install/vesc_driver:/home/jetson/slash_ws/install/vesc_ackermann:/home/jetson/slash_ws/install/teleop_tools:/home/jetson/slash_ws/install/teleop_tools_msgs:/home/jetson/slash_ws/install/teb_local_planner:/home/jetson/slash_ws/install/teb_msgs:/home/jetson/slash_ws/install/slash_nav2:/home/jetson/slash_ws/install/simple_mpc:/home/jetson/slash_ws/install/pointcloud_to_laserscan:/home/jetson/slash_ws/install/fast_lio:/home/jetson/slash_ws/install/livox_ros_driver2:/home/jetson/slash_ws/install/linefit_ground_segmentation_ros:/home/jetson/slash_ws/install/linefit_ground_segmentation:/home/jetson/slash_ws/install/costmap_converter:/home/jetson/slash_ws/install/costmap_converter_msgs:/home/jetson/slash_ws/install/ackermann_mux:/home/jetson/slash_ws/install/f1tenth_stack:/home/jetson/slash_ws/install/twist_to_ackermann:/home/jetson/slash_ws/install/joy_teleop:/home/jetson/slash_ws/install/roboracer_china_2025:/home/jetson/slash_ws/install/mouse_teleop:/home/jetson/slash_ws/install/key_teleop:/opt/ros/foxy LD_LIBRARY_PATH=/home/jetson/slash_ws/install/vesc_msgs/lib:/usr/local/cuda/lib64:/usr/local/cuda/lib64:/usr/local/cuda/lib64:/usr/local/cuda/lib64:/usr/local/cuda-11.4/lib64:/usr/local/cuda/lib64:/usr/local/cuda/lib64:/usr/local/cuda/lib64:/usr/local/cuda/lib64:/home/jetson/slash_ws/install/vesc_driver/lib:/home/jetson/slash_ws/install/vesc_ackermann/lib:/home/jetson/slash_ws/install/teleop_tools_msgs/lib:/home/jetson/slash_ws/install/teb_local_planner/lib:/home/jetson/slash_ws/install/teb_msgs/lib:/home/jetson/slash_ws/install/pointcloud_to_laserscan/lib:/home/jetson/slash_ws/install/fast_lio/lib:/home/jetson/slash_ws/install/livox_ros_driver2/lib:/home/jetson/slash_ws/install/linefit_ground_segmentation/lib:/home/jetson/slash_ws/install/costmap_converter/lib:/home/jetson/slash_ws/install/costmap_converter_msgs/lib:/usr/lib/aarch64-linux-gnu/gazebo-11/plugins:/opt/ros/foxy/opt/yaml_cpp_vendor/lib:/opt/ros/foxy/opt/rviz_ogre_vendor/lib:/opt/ros/foxy/lib/aarch64-linux-gnu:/opt/ros/foxy/lib:/usr/local/cuda-11.4/lib64 PYTHONPATH=/home/jetson/slash_ws/install/vesc_msgs/lib/python3.8/site-packages:/home/jetson/slash_ws/install/f1tenth_stack/lib/python3.8/site-packages:/home/jetson/slash_ws/install/twist_to_ackermann/lib/python3.8/site-packages:/home/jetson/slash_ws/install/joy_teleop/lib/python3.8/site-packages:/home/jetson/slash_ws/install/teleop_tools_msgs/lib/python3.8/site-packages:/home/jetson/slash_ws/install/teb_msgs/lib/python3.8/site-packages:/home/jetson/slash_ws/install/roboracer_china_2025/lib/python3.8/site-packages:/home/jetson/slash_ws/install/mouse_teleop/lib/python3.8/site-packages:/home/jetson/slash_ws/install/fast_lio/lib/python3.8/site-packages:/home/jetson/slash_ws/install/livox_ros_driver2/lib/python3.8/site-packages:/home/jetson/slash_ws/install/key_teleop/lib/python3.8/site-packages:/home/jetson/slash_ws/install/costmap_converter_msgs/lib/python3.8/site-packages:/opt/ros/foxy/lib/python3.8/site-packages /usr/bin/cmake --build /home/jetson/slash_ws/build/vesc_driver -- -j8 -l8
[6.167s] DEBUG:colcon.colcon_core.event_handler.log_command:Invoking command in '/home/jetson/slash_ws/build/vesc_driver': CMAKE_PREFIX_PATH=/home/jetson/slash_ws/install/vesc_msgs:/home/jetson/slash_ws/install/vesc:/home/jetson/slash_ws/install/vesc_driver:/home/jetson/slash_ws/install/vesc_ackermann:/home/jetson/slash_ws/install/teleop_tools:/home/jetson/slash_ws/install/teleop_tools_msgs:/home/jetson/slash_ws/install/teb_local_planner:/home/jetson/slash_ws/install/teb_msgs:/home/jetson/slash_ws/install/slash_nav2:/home/jetson/slash_ws/install/simple_mpc:/home/jetson/slash_ws/install/pointcloud_to_laserscan:/home/jetson/slash_ws/install/fast_lio:/home/jetson/slash_ws/install/livox_ros_driver2:/home/jetson/slash_ws/install/linefit_ground_segmentation_ros:/home/jetson/slash_ws/install/linefit_ground_segmentation:/home/jetson/slash_ws/install/costmap_converter:/home/jetson/slash_ws/install/costmap_converter_msgs:/home/jetson/slash_ws/install/ackermann_mux:/home/jetson/slash_ws/install/f1tenth_stack:/home/jetson/slash_ws/install/twist_to_ackermann:/home/jetson/slash_ws/install/joy_teleop:/home/jetson/slash_ws/install/roboracer_china_2025:/home/jetson/slash_ws/install/mouse_teleop:/home/jetson/slash_ws/install/key_teleop:/opt/ros/foxy LD_LIBRARY_PATH=/home/jetson/slash_ws/install/vesc_msgs/lib:/usr/local/cuda/lib64:/usr/local/cuda/lib64:/usr/local/cuda/lib64:/usr/local/cuda/lib64:/usr/local/cuda-11.4/lib64:/usr/local/cuda/lib64:/usr/local/cuda/lib64:/usr/local/cuda/lib64:/usr/local/cuda/lib64:/home/jetson/slash_ws/install/vesc_driver/lib:/home/jetson/slash_ws/install/vesc_ackermann/lib:/home/jetson/slash_ws/install/teleop_tools_msgs/lib:/home/jetson/slash_ws/install/teb_local_planner/lib:/home/jetson/slash_ws/install/teb_msgs/lib:/home/jetson/slash_ws/install/pointcloud_to_laserscan/lib:/home/jetson/slash_ws/install/fast_lio/lib:/home/jetson/slash_ws/install/livox_ros_driver2/lib:/home/jetson/slash_ws/install/linefit_ground_segmentation/lib:/home/jetson/slash_ws/install/costmap_converter/lib:/home/jetson/slash_ws/install/costmap_converter_msgs/lib:/usr/lib/aarch64-linux-gnu/gazebo-11/plugins:/opt/ros/foxy/opt/yaml_cpp_vendor/lib:/opt/ros/foxy/opt/rviz_ogre_vendor/lib:/opt/ros/foxy/lib/aarch64-linux-gnu:/opt/ros/foxy/lib:/usr/local/cuda-11.4/lib64 PYTHONPATH=/home/jetson/slash_ws/install/vesc_msgs/lib/python3.8/site-packages:/home/jetson/slash_ws/install/f1tenth_stack/lib/python3.8/site-packages:/home/jetson/slash_ws/install/twist_to_ackermann/lib/python3.8/site-packages:/home/jetson/slash_ws/install/joy_teleop/lib/python3.8/site-packages:/home/jetson/slash_ws/install/teleop_tools_msgs/lib/python3.8/site-packages:/home/jetson/slash_ws/install/teb_msgs/lib/python3.8/site-packages:/home/jetson/slash_ws/install/roboracer_china_2025/lib/python3.8/site-packages:/home/jetson/slash_ws/install/mouse_teleop/lib/python3.8/site-packages:/home/jetson/slash_ws/install/fast_lio/lib/python3.8/site-packages:/home/jetson/slash_ws/install/livox_ros_driver2/lib/python3.8/site-packages:/home/jetson/slash_ws/install/key_teleop/lib/python3.8/site-packages:/home/jetson/slash_ws/install/costmap_converter_msgs/lib/python3.8/site-packages:/opt/ros/foxy/lib/python3.8/site-packages /usr/bin/cmake --install /home/jetson/slash_ws/build/vesc_driver
[6.202s] Level 1:colcon.colcon_core.environment:create_environment_scripts_only(vesc_ackermann)
[6.203s] Level 1:colcon.colcon_core.environment:checking '/home/jetson/slash_ws/install/vesc_ackermann' for CMake module files
[6.205s] Level 1:colcon.colcon_core.environment:checking '/home/jetson/slash_ws/install/vesc_ackermann' for CMake config files
[6.205s] Level 1:colcon.colcon_core.shell:create_environment_hook('vesc_ackermann', 'cmake_prefix_path')
[6.206s] INFO:colcon.colcon_core.shell:Creating environment hook '/home/jetson/slash_ws/install/vesc_ackermann/share/vesc_ackermann/hook/cmake_prefix_path.ps1'
[6.207s] DEBUG:colcon.colcon_core.event_handler.log_command:Invoked command in '/home/jetson/slash_ws/build/vesc_ackermann' returned '0': CMAKE_PREFIX_PATH=/home/jetson/slash_ws/install/vesc_msgs:/home/jetson/slash_ws/install/vesc:/home/jetson/slash_ws/install/vesc_driver:/home/jetson/slash_ws/install/vesc_ackermann:/home/jetson/slash_ws/install/teleop_tools:/home/jetson/slash_ws/install/teleop_tools_msgs:/home/jetson/slash_ws/install/teb_local_planner:/home/jetson/slash_ws/install/teb_msgs:/home/jetson/slash_ws/install/slash_nav2:/home/jetson/slash_ws/install/simple_mpc:/home/jetson/slash_ws/install/pointcloud_to_laserscan:/home/jetson/slash_ws/install/fast_lio:/home/jetson/slash_ws/install/livox_ros_driver2:/home/jetson/slash_ws/install/linefit_ground_segmentation_ros:/home/jetson/slash_ws/install/linefit_ground_segmentation:/home/jetson/slash_ws/install/costmap_converter:/home/jetson/slash_ws/install/costmap_converter_msgs:/home/jetson/slash_ws/install/ackermann_mux:/home/jetson/slash_ws/install/f1tenth_stack:/home/jetson/slash_ws/install/twist_to_ackermann:/home/jetson/slash_ws/install/joy_teleop:/home/jetson/slash_ws/install/roboracer_china_2025:/home/jetson/slash_ws/install/mouse_teleop:/home/jetson/slash_ws/install/key_teleop:/opt/ros/foxy LD_LIBRARY_PATH=/home/jetson/slash_ws/install/vesc_msgs/lib:/usr/local/cuda/lib64:/usr/local/cuda/lib64:/usr/local/cuda/lib64:/usr/local/cuda/lib64:/usr/local/cuda-11.4/lib64:/usr/local/cuda/lib64:/usr/local/cuda/lib64:/usr/local/cuda/lib64:/usr/local/cuda/lib64:/home/jetson/slash_ws/install/vesc_driver/lib:/home/jetson/slash_ws/install/vesc_ackermann/lib:/home/jetson/slash_ws/install/teleop_tools_msgs/lib:/home/jetson/slash_ws/install/teb_local_planner/lib:/home/jetson/slash_ws/install/teb_msgs/lib:/home/jetson/slash_ws/install/pointcloud_to_laserscan/lib:/home/jetson/slash_ws/install/fast_lio/lib:/home/jetson/slash_ws/install/livox_ros_driver2/lib:/home/jetson/slash_ws/install/linefit_ground_segmentation/lib:/home/jetson/slash_ws/install/costmap_converter/lib:/home/jetson/slash_ws/install/costmap_converter_msgs/lib:/usr/lib/aarch64-linux-gnu/gazebo-11/plugins:/opt/ros/foxy/opt/yaml_cpp_vendor/lib:/opt/ros/foxy/opt/rviz_ogre_vendor/lib:/opt/ros/foxy/lib/aarch64-linux-gnu:/opt/ros/foxy/lib:/usr/local/cuda-11.4/lib64 PYTHONPATH=/home/jetson/slash_ws/install/vesc_msgs/lib/python3.8/site-packages:/home/jetson/slash_ws/install/f1tenth_stack/lib/python3.8/site-packages:/home/jetson/slash_ws/install/twist_to_ackermann/lib/python3.8/site-packages:/home/jetson/slash_ws/install/joy_teleop/lib/python3.8/site-packages:/home/jetson/slash_ws/install/teleop_tools_msgs/lib/python3.8/site-packages:/home/jetson/slash_ws/install/teb_msgs/lib/python3.8/site-packages:/home/jetson/slash_ws/install/roboracer_china_2025/lib/python3.8/site-packages:/home/jetson/slash_ws/install/mouse_teleop/lib/python3.8/site-packages:/home/jetson/slash_ws/install/fast_lio/lib/python3.8/site-packages:/home/jetson/slash_ws/install/livox_ros_driver2/lib/python3.8/site-packages:/home/jetson/slash_ws/install/key_teleop/lib/python3.8/site-packages:/home/jetson/slash_ws/install/costmap_converter_msgs/lib/python3.8/site-packages:/opt/ros/foxy/lib/python3.8/site-packages /usr/bin/cmake --install /home/jetson/slash_ws/build/vesc_ackermann
[6.209s] INFO:colcon.colcon_core.shell:Creating environment descriptor '/home/jetson/slash_ws/install/vesc_ackermann/share/vesc_ackermann/hook/cmake_prefix_path.dsv'
[6.210s] INFO:colcon.colcon_core.shell:Creating environment hook '/home/jetson/slash_ws/install/vesc_ackermann/share/vesc_ackermann/hook/cmake_prefix_path.sh'
[6.212s] Level 1:colcon.colcon_core.environment:checking '/home/jetson/slash_ws/install/vesc_ackermann/lib'
[6.213s] Level 1:colcon.colcon_core.shell:create_environment_hook('vesc_ackermann', 'ld_library_path_lib')
[6.213s] INFO:colcon.colcon_core.shell:Creating environment hook '/home/jetson/slash_ws/install/vesc_ackermann/share/vesc_ackermann/hook/ld_library_path_lib.ps1'
[6.214s] INFO:colcon.colcon_core.shell:Creating environment descriptor '/home/jetson/slash_ws/install/vesc_ackermann/share/vesc_ackermann/hook/ld_library_path_lib.dsv'
[6.215s] INFO:colcon.colcon_core.shell:Creating environment hook '/home/jetson/slash_ws/install/vesc_ackermann/share/vesc_ackermann/hook/ld_library_path_lib.sh'
[6.216s] Level 1:colcon.colcon_core.environment:checking '/home/jetson/slash_ws/install/vesc_ackermann/bin'
[6.216s] Level 1:colcon.colcon_core.environment:checking '/home/jetson/slash_ws/install/vesc_ackermann/lib/pkgconfig/vesc_ackermann.pc'
[6.219s] Level 1:colcon.colcon_core.environment:checking '/home/jetson/slash_ws/install/vesc_ackermann/lib/python3.8/site-packages'
[6.220s] Level 1:colcon.colcon_core.environment:checking '/home/jetson/slash_ws/install/vesc_ackermann/bin'
[6.221s] INFO:colcon.colcon_core.shell:Creating package script '/home/jetson/slash_ws/install/vesc_ackermann/share/vesc_ackermann/package.ps1'
[6.223s] INFO:colcon.colcon_core.shell:Creating package descriptor '/home/jetson/slash_ws/install/vesc_ackermann/share/vesc_ackermann/package.dsv'
[6.226s] INFO:colcon.colcon_core.shell:Creating package script '/home/jetson/slash_ws/install/vesc_ackermann/share/vesc_ackermann/package.sh'
[6.228s] INFO:colcon.colcon_core.shell:Creating package script '/home/jetson/slash_ws/install/vesc_ackermann/share/vesc_ackermann/package.bash'
[6.229s] INFO:colcon.colcon_core.shell:Creating package script '/home/jetson/slash_ws/install/vesc_ackermann/share/vesc_ackermann/package.zsh'
[6.231s] Level 1:colcon.colcon_core.environment:create_file_with_runtime_dependencies(/home/jetson/slash_ws/install/vesc_ackermann/share/colcon-core/packages/vesc_ackermann)
[6.235s] Level 1:colcon.colcon_core.environment:create_environment_scripts_only(vesc_ackermann)
[6.236s] Level 1:colcon.colcon_core.environment:checking '/home/jetson/slash_ws/install/vesc_ackermann' for CMake module files
[6.238s] Level 1:colcon.colcon_core.environment:checking '/home/jetson/slash_ws/install/vesc_ackermann' for CMake config files
[6.239s] Level 1:colcon.colcon_core.shell:create_environment_hook('vesc_ackermann', 'cmake_prefix_path')
[6.240s] INFO:colcon.colcon_core.shell:Creating environment hook '/home/jetson/slash_ws/install/vesc_ackermann/share/vesc_ackermann/hook/cmake_prefix_path.ps1'
[6.242s] INFO:colcon.colcon_core.shell:Creating environment descriptor '/home/jetson/slash_ws/install/vesc_ackermann/share/vesc_ackermann/hook/cmake_prefix_path.dsv'
[6.244s] INFO:colcon.colcon_core.shell:Creating environment hook '/home/jetson/slash_ws/install/vesc_ackermann/share/vesc_ackermann/hook/cmake_prefix_path.sh'
[6.263s] Level 1:colcon.colcon_core.environment:checking '/home/jetson/slash_ws/install/vesc_ackermann/lib'
[6.263s] Level 1:colcon.colcon_core.shell:create_environment_hook('vesc_ackermann', 'ld_library_path_lib')
[6.264s] INFO:colcon.colcon_core.shell:Creating environment hook '/home/jetson/slash_ws/install/vesc_ackermann/share/vesc_ackermann/hook/ld_library_path_lib.ps1'
[6.268s] INFO:colcon.colcon_core.shell:Creating environment descriptor '/home/jetson/slash_ws/install/vesc_ackermann/share/vesc_ackermann/hook/ld_library_path_lib.dsv'
[6.270s] INFO:colcon.colcon_core.shell:Creating environment hook '/home/jetson/slash_ws/install/vesc_ackermann/share/vesc_ackermann/hook/ld_library_path_lib.sh'
[6.287s] Level 1:colcon.colcon_core.environment:checking '/home/jetson/slash_ws/install/vesc_ackermann/bin'
[6.287s] Level 1:colcon.colcon_core.environment:checking '/home/jetson/slash_ws/install/vesc_ackermann/lib/pkgconfig/vesc_ackermann.pc'
[6.289s] Level 1:colcon.colcon_core.environment:checking '/home/jetson/slash_ws/install/vesc_ackermann/lib/python3.8/site-packages'
[6.289s] Level 1:colcon.colcon_core.environment:checking '/home/jetson/slash_ws/install/vesc_ackermann/bin'
[6.290s] INFO:colcon.colcon_core.shell:Creating package script '/home/jetson/slash_ws/install/vesc_ackermann/share/vesc_ackermann/package.ps1'
[6.303s] INFO:colcon.colcon_core.shell:Creating package descriptor '/home/jetson/slash_ws/install/vesc_ackermann/share/vesc_ackermann/package.dsv'
[6.305s] INFO:colcon.colcon_core.shell:Creating package script '/home/jetson/slash_ws/install/vesc_ackermann/share/vesc_ackermann/package.sh'
[6.308s] INFO:colcon.colcon_core.shell:Creating package script '/home/jetson/slash_ws/install/vesc_ackermann/share/vesc_ackermann/package.bash'
[6.311s] INFO:colcon.colcon_core.shell:Creating package script '/home/jetson/slash_ws/install/vesc_ackermann/share/vesc_ackermann/package.zsh'
[6.314s] Level 1:colcon.colcon_core.environment:create_file_with_runtime_dependencies(/home/jetson/slash_ws/install/vesc_ackermann/share/colcon-core/packages/vesc_ackermann)
[6.319s] INFO:colcon.colcon_ros.task.ament_cmake.build:Building ROS package in '/home/jetson/slash_ws/src/slash_controller/simple_mpc' with build type 'ament_cmake'
[6.321s] INFO:colcon.colcon_cmake.task.cmake.build:Building CMake package in '/home/jetson/slash_ws/src/slash_controller/simple_mpc'
[6.337s] INFO:colcon.colcon_core.shell:Skip shell extension 'powershell' for command environment: Not usable outside of PowerShell
[6.337s] DEBUG:colcon.colcon_core.shell:Skip shell extension 'dsv' for command environment
[6.388s] DEBUG:colcon.colcon_core.event_handler.log_command:Invoked command in '/home/jetson/slash_ws/build/costmap_converter' returned '0': CMAKE_PREFIX_PATH=/home/jetson/slash_ws/install/costmap_converter_msgs:/home/jetson/slash_ws/install/vesc:/home/jetson/slash_ws/install/vesc_driver:/home/jetson/slash_ws/install/vesc_ackermann:/home/jetson/slash_ws/install/vesc_msgs:/home/jetson/slash_ws/install/teleop_tools:/home/jetson/slash_ws/install/teleop_tools_msgs:/home/jetson/slash_ws/install/teb_local_planner:/home/jetson/slash_ws/install/teb_msgs:/home/jetson/slash_ws/install/slash_nav2:/home/jetson/slash_ws/install/simple_mpc:/home/jetson/slash_ws/install/pointcloud_to_laserscan:/home/jetson/slash_ws/install/fast_lio:/home/jetson/slash_ws/install/livox_ros_driver2:/home/jetson/slash_ws/install/linefit_ground_segmentation_ros:/home/jetson/slash_ws/install/linefit_ground_segmentation:/home/jetson/slash_ws/install/costmap_converter:/home/jetson/slash_ws/install/ackermann_mux:/home/jetson/slash_ws/install/f1tenth_stack:/home/jetson/slash_ws/install/twist_to_ackermann:/home/jetson/slash_ws/install/joy_teleop:/home/jetson/slash_ws/install/roboracer_china_2025:/home/jetson/slash_ws/install/mouse_teleop:/home/jetson/slash_ws/install/key_teleop:/opt/ros/foxy LD_LIBRARY_PATH=/home/jetson/slash_ws/install/costmap_converter_msgs/lib:/usr/local/cuda/lib64:/usr/local/cuda/lib64:/usr/local/cuda/lib64:/usr/local/cuda/lib64:/usr/local/cuda-11.4/lib64:/usr/local/cuda/lib64:/usr/local/cuda/lib64:/usr/local/cuda/lib64:/usr/local/cuda/lib64:/home/jetson/slash_ws/install/vesc_driver/lib:/home/jetson/slash_ws/install/vesc_ackermann/lib:/home/jetson/slash_ws/install/vesc_msgs/lib:/home/jetson/slash_ws/install/teleop_tools_msgs/lib:/home/jetson/slash_ws/install/teb_local_planner/lib:/home/jetson/slash_ws/install/teb_msgs/lib:/home/jetson/slash_ws/install/pointcloud_to_laserscan/lib:/home/jetson/slash_ws/install/fast_lio/lib:/home/jetson/slash_ws/install/livox_ros_driver2/lib:/home/jetson/slash_ws/install/linefit_ground_segmentation/lib:/home/jetson/slash_ws/install/costmap_converter/lib:/usr/lib/aarch64-linux-gnu/gazebo-11/plugins:/opt/ros/foxy/opt/yaml_cpp_vendor/lib:/opt/ros/foxy/opt/rviz_ogre_vendor/lib:/opt/ros/foxy/lib/aarch64-linux-gnu:/opt/ros/foxy/lib:/usr/local/cuda-11.4/lib64 PYTHONPATH=/home/jetson/slash_ws/install/costmap_converter_msgs/lib/python3.8/site-packages:/home/jetson/slash_ws/install/f1tenth_stack/lib/python3.8/site-packages:/home/jetson/slash_ws/install/vesc_msgs/lib/python3.8/site-packages:/home/jetson/slash_ws/install/twist_to_ackermann/lib/python3.8/site-packages:/home/jetson/slash_ws/install/joy_teleop/lib/python3.8/site-packages:/home/jetson/slash_ws/install/teleop_tools_msgs/lib/python3.8/site-packages:/home/jetson/slash_ws/install/teb_msgs/lib/python3.8/site-packages:/home/jetson/slash_ws/install/roboracer_china_2025/lib/python3.8/site-packages:/home/jetson/slash_ws/install/mouse_teleop/lib/python3.8/site-packages:/home/jetson/slash_ws/install/fast_lio/lib/python3.8/site-packages:/home/jetson/slash_ws/install/livox_ros_driver2/lib/python3.8/site-packages:/home/jetson/slash_ws/install/key_teleop/lib/python3.8/site-packages:/opt/ros/foxy/lib/python3.8/site-packages /usr/bin/cmake --build /home/jetson/slash_ws/build/costmap_converter -- -j8 -l8
[6.406s] DEBUG:colcon.colcon_core.event_handler.log_command:Invoking command in '/home/jetson/slash_ws/build/costmap_converter': CMAKE_PREFIX_PATH=/home/jetson/slash_ws/install/costmap_converter_msgs:/home/jetson/slash_ws/install/vesc:/home/jetson/slash_ws/install/vesc_driver:/home/jetson/slash_ws/install/vesc_ackermann:/home/jetson/slash_ws/install/vesc_msgs:/home/jetson/slash_ws/install/teleop_tools:/home/jetson/slash_ws/install/teleop_tools_msgs:/home/jetson/slash_ws/install/teb_local_planner:/home/jetson/slash_ws/install/teb_msgs:/home/jetson/slash_ws/install/slash_nav2:/home/jetson/slash_ws/install/simple_mpc:/home/jetson/slash_ws/install/pointcloud_to_laserscan:/home/jetson/slash_ws/install/fast_lio:/home/jetson/slash_ws/install/livox_ros_driver2:/home/jetson/slash_ws/install/linefit_ground_segmentation_ros:/home/jetson/slash_ws/install/linefit_ground_segmentation:/home/jetson/slash_ws/install/costmap_converter:/home/jetson/slash_ws/install/ackermann_mux:/home/jetson/slash_ws/install/f1tenth_stack:/home/jetson/slash_ws/install/twist_to_ackermann:/home/jetson/slash_ws/install/joy_teleop:/home/jetson/slash_ws/install/roboracer_china_2025:/home/jetson/slash_ws/install/mouse_teleop:/home/jetson/slash_ws/install/key_teleop:/opt/ros/foxy LD_LIBRARY_PATH=/home/jetson/slash_ws/install/costmap_converter_msgs/lib:/usr/local/cuda/lib64:/usr/local/cuda/lib64:/usr/local/cuda/lib64:/usr/local/cuda/lib64:/usr/local/cuda-11.4/lib64:/usr/local/cuda/lib64:/usr/local/cuda/lib64:/usr/local/cuda/lib64:/usr/local/cuda/lib64:/home/jetson/slash_ws/install/vesc_driver/lib:/home/jetson/slash_ws/install/vesc_ackermann/lib:/home/jetson/slash_ws/install/vesc_msgs/lib:/home/jetson/slash_ws/install/teleop_tools_msgs/lib:/home/jetson/slash_ws/install/teb_local_planner/lib:/home/jetson/slash_ws/install/teb_msgs/lib:/home/jetson/slash_ws/install/pointcloud_to_laserscan/lib:/home/jetson/slash_ws/install/fast_lio/lib:/home/jetson/slash_ws/install/livox_ros_driver2/lib:/home/jetson/slash_ws/install/linefit_ground_segmentation/lib:/home/jetson/slash_ws/install/costmap_converter/lib:/usr/lib/aarch64-linux-gnu/gazebo-11/plugins:/opt/ros/foxy/opt/yaml_cpp_vendor/lib:/opt/ros/foxy/opt/rviz_ogre_vendor/lib:/opt/ros/foxy/lib/aarch64-linux-gnu:/opt/ros/foxy/lib:/usr/local/cuda-11.4/lib64 PYTHONPATH=/home/jetson/slash_ws/install/costmap_converter_msgs/lib/python3.8/site-packages:/home/jetson/slash_ws/install/f1tenth_stack/lib/python3.8/site-packages:/home/jetson/slash_ws/install/vesc_msgs/lib/python3.8/site-packages:/home/jetson/slash_ws/install/twist_to_ackermann/lib/python3.8/site-packages:/home/jetson/slash_ws/install/joy_teleop/lib/python3.8/site-packages:/home/jetson/slash_ws/install/teleop_tools_msgs/lib/python3.8/site-packages:/home/jetson/slash_ws/install/teb_msgs/lib/python3.8/site-packages:/home/jetson/slash_ws/install/roboracer_china_2025/lib/python3.8/site-packages:/home/jetson/slash_ws/install/mouse_teleop/lib/python3.8/site-packages:/home/jetson/slash_ws/install/fast_lio/lib/python3.8/site-packages:/home/jetson/slash_ws/install/livox_ros_driver2/lib/python3.8/site-packages:/home/jetson/slash_ws/install/key_teleop/lib/python3.8/site-packages:/opt/ros/foxy/lib/python3.8/site-packages /usr/bin/cmake --install /home/jetson/slash_ws/build/costmap_converter
[6.438s] Level 1:colcon.colcon_core.environment:create_environment_scripts_only(vesc_driver)
[6.441s] Level 1:colcon.colcon_core.environment:checking '/home/jetson/slash_ws/install/vesc_driver' for CMake module files
[6.443s] Level 1:colcon.colcon_core.environment:checking '/home/jetson/slash_ws/install/vesc_driver' for CMake config files
[6.445s] DEBUG:colcon.colcon_core.event_handler.log_command:Invoked command in '/home/jetson/slash_ws/build/vesc_driver' returned '0': CMAKE_PREFIX_PATH=/home/jetson/slash_ws/install/vesc_msgs:/home/jetson/slash_ws/install/vesc:/home/jetson/slash_ws/install/vesc_driver:/home/jetson/slash_ws/install/vesc_ackermann:/home/jetson/slash_ws/install/teleop_tools:/home/jetson/slash_ws/install/teleop_tools_msgs:/home/jetson/slash_ws/install/teb_local_planner:/home/jetson/slash_ws/install/teb_msgs:/home/jetson/slash_ws/install/slash_nav2:/home/jetson/slash_ws/install/simple_mpc:/home/jetson/slash_ws/install/pointcloud_to_laserscan:/home/jetson/slash_ws/install/fast_lio:/home/jetson/slash_ws/install/livox_ros_driver2:/home/jetson/slash_ws/install/linefit_ground_segmentation_ros:/home/jetson/slash_ws/install/linefit_ground_segmentation:/home/jetson/slash_ws/install/costmap_converter:/home/jetson/slash_ws/install/costmap_converter_msgs:/home/jetson/slash_ws/install/ackermann_mux:/home/jetson/slash_ws/install/f1tenth_stack:/home/jetson/slash_ws/install/twist_to_ackermann:/home/jetson/slash_ws/install/joy_teleop:/home/jetson/slash_ws/install/roboracer_china_2025:/home/jetson/slash_ws/install/mouse_teleop:/home/jetson/slash_ws/install/key_teleop:/opt/ros/foxy LD_LIBRARY_PATH=/home/jetson/slash_ws/install/vesc_msgs/lib:/usr/local/cuda/lib64:/usr/local/cuda/lib64:/usr/local/cuda/lib64:/usr/local/cuda/lib64:/usr/local/cuda-11.4/lib64:/usr/local/cuda/lib64:/usr/local/cuda/lib64:/usr/local/cuda/lib64:/usr/local/cuda/lib64:/home/jetson/slash_ws/install/vesc_driver/lib:/home/jetson/slash_ws/install/vesc_ackermann/lib:/home/jetson/slash_ws/install/teleop_tools_msgs/lib:/home/jetson/slash_ws/install/teb_local_planner/lib:/home/jetson/slash_ws/install/teb_msgs/lib:/home/jetson/slash_ws/install/pointcloud_to_laserscan/lib:/home/jetson/slash_ws/install/fast_lio/lib:/home/jetson/slash_ws/install/livox_ros_driver2/lib:/home/jetson/slash_ws/install/linefit_ground_segmentation/lib:/home/jetson/slash_ws/install/costmap_converter/lib:/home/jetson/slash_ws/install/costmap_converter_msgs/lib:/usr/lib/aarch64-linux-gnu/gazebo-11/plugins:/opt/ros/foxy/opt/yaml_cpp_vendor/lib:/opt/ros/foxy/opt/rviz_ogre_vendor/lib:/opt/ros/foxy/lib/aarch64-linux-gnu:/opt/ros/foxy/lib:/usr/local/cuda-11.4/lib64 PYTHONPATH=/home/jetson/slash_ws/install/vesc_msgs/lib/python3.8/site-packages:/home/jetson/slash_ws/install/f1tenth_stack/lib/python3.8/site-packages:/home/jetson/slash_ws/install/twist_to_ackermann/lib/python3.8/site-packages:/home/jetson/slash_ws/install/joy_teleop/lib/python3.8/site-packages:/home/jetson/slash_ws/install/teleop_tools_msgs/lib/python3.8/site-packages:/home/jetson/slash_ws/install/teb_msgs/lib/python3.8/site-packages:/home/jetson/slash_ws/install/roboracer_china_2025/lib/python3.8/site-packages:/home/jetson/slash_ws/install/mouse_teleop/lib/python3.8/site-packages:/home/jetson/slash_ws/install/fast_lio/lib/python3.8/site-packages:/home/jetson/slash_ws/install/livox_ros_driver2/lib/python3.8/site-packages:/home/jetson/slash_ws/install/key_teleop/lib/python3.8/site-packages:/home/jetson/slash_ws/install/costmap_converter_msgs/lib/python3.8/site-packages:/opt/ros/foxy/lib/python3.8/site-packages /usr/bin/cmake --install /home/jetson/slash_ws/build/vesc_driver
[6.447s] Level 1:colcon.colcon_core.shell:create_environment_hook('vesc_driver', 'cmake_prefix_path')
[6.448s] INFO:colcon.colcon_core.shell:Creating environment hook '/home/jetson/slash_ws/install/vesc_driver/share/vesc_driver/hook/cmake_prefix_path.ps1'
[6.452s] INFO:colcon.colcon_core.shell:Creating environment descriptor '/home/jetson/slash_ws/install/vesc_driver/share/vesc_driver/hook/cmake_prefix_path.dsv'
[6.457s] INFO:colcon.colcon_core.shell:Creating environment hook '/home/jetson/slash_ws/install/vesc_driver/share/vesc_driver/hook/cmake_prefix_path.sh'
[6.462s] Level 1:colcon.colcon_core.environment:checking '/home/jetson/slash_ws/install/vesc_driver/lib'
[6.462s] Level 1:colcon.colcon_core.shell:create_environment_hook('vesc_driver', 'ld_library_path_lib')
[6.466s] INFO:colcon.colcon_core.shell:Creating environment hook '/home/jetson/slash_ws/install/vesc_driver/share/vesc_driver/hook/ld_library_path_lib.ps1'
[6.473s] INFO:colcon.colcon_core.shell:Creating environment descriptor '/home/jetson/slash_ws/install/vesc_driver/share/vesc_driver/hook/ld_library_path_lib.dsv'
[6.479s] INFO:colcon.colcon_core.shell:Creating environment hook '/home/jetson/slash_ws/install/vesc_driver/share/vesc_driver/hook/ld_library_path_lib.sh'
[6.486s] Level 1:colcon.colcon_core.environment:checking '/home/jetson/slash_ws/install/vesc_driver/bin'
[6.488s] Level 1:colcon.colcon_core.environment:checking '/home/jetson/slash_ws/install/vesc_driver/lib/pkgconfig/vesc_driver.pc'
[6.491s] Level 1:colcon.colcon_core.environment:checking '/home/jetson/slash_ws/install/vesc_driver/lib/python3.8/site-packages'
[6.494s] Level 1:colcon.colcon_core.environment:checking '/home/jetson/slash_ws/install/vesc_driver/bin'
[6.500s] INFO:colcon.colcon_core.shell:Creating package script '/home/jetson/slash_ws/install/vesc_driver/share/vesc_driver/package.ps1'
[6.508s] INFO:colcon.colcon_core.shell:Creating package descriptor '/home/jetson/slash_ws/install/vesc_driver/share/vesc_driver/package.dsv'
[6.519s] INFO:colcon.colcon_core.shell:Creating package script '/home/jetson/slash_ws/install/vesc_driver/share/vesc_driver/package.sh'
[6.528s] INFO:colcon.colcon_core.shell:Creating package script '/home/jetson/slash_ws/install/vesc_driver/share/vesc_driver/package.bash'
[6.540s] INFO:colcon.colcon_core.shell:Creating package script '/home/jetson/slash_ws/install/vesc_driver/share/vesc_driver/package.zsh'
[6.550s] Level 1:colcon.colcon_core.environment:create_file_with_runtime_dependencies(/home/jetson/slash_ws/install/vesc_driver/share/colcon-core/packages/vesc_driver)
[6.580s] Level 1:colcon.colcon_core.environment:create_environment_scripts_only(vesc_driver)
[6.585s] Level 1:colcon.colcon_core.environment:checking '/home/jetson/slash_ws/install/vesc_driver' for CMake module files
[6.590s] Level 1:colcon.colcon_core.environment:checking '/home/jetson/slash_ws/install/vesc_driver' for CMake config files
[6.593s] Level 1:colcon.colcon_core.shell:create_environment_hook('vesc_driver', 'cmake_prefix_path')
[6.596s] INFO:colcon.colcon_core.shell:Creating environment hook '/home/jetson/slash_ws/install/vesc_driver/share/vesc_driver/hook/cmake_prefix_path.ps1'
[6.602s] INFO:colcon.colcon_core.shell:Creating environment descriptor '/home/jetson/slash_ws/install/vesc_driver/share/vesc_driver/hook/cmake_prefix_path.dsv'
[6.606s] INFO:colcon.colcon_core.shell:Creating environment hook '/home/jetson/slash_ws/install/vesc_driver/share/vesc_driver/hook/cmake_prefix_path.sh'
[6.612s] Level 1:colcon.colcon_core.environment:checking '/home/jetson/slash_ws/install/vesc_driver/lib'
[6.615s] Level 1:colcon.colcon_core.shell:create_environment_hook('vesc_driver', 'ld_library_path_lib')
[6.619s] INFO:colcon.colcon_core.shell:Creating environment hook '/home/jetson/slash_ws/install/vesc_driver/share/vesc_driver/hook/ld_library_path_lib.ps1'
[6.623s] INFO:colcon.colcon_core.shell:Creating environment descriptor '/home/jetson/slash_ws/install/vesc_driver/share/vesc_driver/hook/ld_library_path_lib.dsv'
[6.625s] INFO:colcon.colcon_core.shell:Creating environment hook '/home/jetson/slash_ws/install/vesc_driver/share/vesc_driver/hook/ld_library_path_lib.sh'
[6.627s] Level 1:colcon.colcon_core.environment:checking '/home/jetson/slash_ws/install/vesc_driver/bin'
[6.627s] Level 1:colcon.colcon_core.environment:checking '/home/jetson/slash_ws/install/vesc_driver/lib/pkgconfig/vesc_driver.pc'
[6.628s] Level 1:colcon.colcon_core.environment:checking '/home/jetson/slash_ws/install/vesc_driver/lib/python3.8/site-packages'
[6.628s] Level 1:colcon.colcon_core.environment:checking '/home/jetson/slash_ws/install/vesc_driver/bin'
[6.630s] INFO:colcon.colcon_core.shell:Creating package script '/home/jetson/slash_ws/install/vesc_driver/share/vesc_driver/package.ps1'
[6.633s] INFO:colcon.colcon_core.shell:Creating package descriptor '/home/jetson/slash_ws/install/vesc_driver/share/vesc_driver/package.dsv'
[6.652s] INFO:colcon.colcon_core.shell:Creating package script '/home/jetson/slash_ws/install/vesc_driver/share/vesc_driver/package.sh'
[6.660s] INFO:colcon.colcon_core.shell:Creating package script '/home/jetson/slash_ws/install/vesc_driver/share/vesc_driver/package.bash'
[6.667s] INFO:colcon.colcon_core.shell:Creating package script '/home/jetson/slash_ws/install/vesc_driver/share/vesc_driver/package.zsh'
[6.674s] Level 1:colcon.colcon_core.environment:create_file_with_runtime_dependencies(/home/jetson/slash_ws/install/vesc_driver/share/colcon-core/packages/vesc_driver)
[7.996s] INFO:colcon.colcon_core.task.python.build:Building Python package in '/home/jetson/slash_ws/src/slash_navigation/roboracer_china_2025'
[7.997s] INFO:colcon.colcon_core.shell:Skip shell extension 'powershell' for command environment: Not usable outside of PowerShell
[7.997s] DEBUG:colcon.colcon_core.shell:Skip shell extension 'dsv' for command environment
[8.015s] INFO:colcon.colcon_ros.task.ament_cmake.build:Building ROS package in '/home/jetson/slash_ws/src/slash_hardware/f1tenth_system/vesc/vesc' with build type 'ament_cmake'
[8.016s] INFO:colcon.colcon_cmake.task.cmake.build:Building CMake package in '/home/jetson/slash_ws/src/slash_hardware/f1tenth_system/vesc/vesc'
[8.017s] INFO:colcon.colcon_core.shell:Skip shell extension 'powershell' for command environment: Not usable outside of PowerShell
[8.020s] DEBUG:colcon.colcon_core.shell:Skip shell extension 'dsv' for command environment
[8.045s] Level 1:colcon.colcon_core.environment:create_environment_scripts_only(costmap_converter)
[8.046s] Level 1:colcon.colcon_core.environment:checking '/home/jetson/slash_ws/install/costmap_converter' for CMake module files
[8.048s] DEBUG:colcon.colcon_core.event_handler.log_command:Invoked command in '/home/jetson/slash_ws/build/costmap_converter' returned '0': CMAKE_PREFIX_PATH=/home/jetson/slash_ws/install/costmap_converter_msgs:/home/jetson/slash_ws/install/vesc:/home/jetson/slash_ws/install/vesc_driver:/home/jetson/slash_ws/install/vesc_ackermann:/home/jetson/slash_ws/install/vesc_msgs:/home/jetson/slash_ws/install/teleop_tools:/home/jetson/slash_ws/install/teleop_tools_msgs:/home/jetson/slash_ws/install/teb_local_planner:/home/jetson/slash_ws/install/teb_msgs:/home/jetson/slash_ws/install/slash_nav2:/home/jetson/slash_ws/install/simple_mpc:/home/jetson/slash_ws/install/pointcloud_to_laserscan:/home/jetson/slash_ws/install/fast_lio:/home/jetson/slash_ws/install/livox_ros_driver2:/home/jetson/slash_ws/install/linefit_ground_segmentation_ros:/home/jetson/slash_ws/install/linefit_ground_segmentation:/home/jetson/slash_ws/install/costmap_converter:/home/jetson/slash_ws/install/ackermann_mux:/home/jetson/slash_ws/install/f1tenth_stack:/home/jetson/slash_ws/install/twist_to_ackermann:/home/jetson/slash_ws/install/joy_teleop:/home/jetson/slash_ws/install/roboracer_china_2025:/home/jetson/slash_ws/install/mouse_teleop:/home/jetson/slash_ws/install/key_teleop:/opt/ros/foxy LD_LIBRARY_PATH=/home/jetson/slash_ws/install/costmap_converter_msgs/lib:/usr/local/cuda/lib64:/usr/local/cuda/lib64:/usr/local/cuda/lib64:/usr/local/cuda/lib64:/usr/local/cuda-11.4/lib64:/usr/local/cuda/lib64:/usr/local/cuda/lib64:/usr/local/cuda/lib64:/usr/local/cuda/lib64:/home/jetson/slash_ws/install/vesc_driver/lib:/home/jetson/slash_ws/install/vesc_ackermann/lib:/home/jetson/slash_ws/install/vesc_msgs/lib:/home/jetson/slash_ws/install/teleop_tools_msgs/lib:/home/jetson/slash_ws/install/teb_local_planner/lib:/home/jetson/slash_ws/install/teb_msgs/lib:/home/jetson/slash_ws/install/pointcloud_to_laserscan/lib:/home/jetson/slash_ws/install/fast_lio/lib:/home/jetson/slash_ws/install/livox_ros_driver2/lib:/home/jetson/slash_ws/install/linefit_ground_segmentation/lib:/home/jetson/slash_ws/install/costmap_converter/lib:/usr/lib/aarch64-linux-gnu/gazebo-11/plugins:/opt/ros/foxy/opt/yaml_cpp_vendor/lib:/opt/ros/foxy/opt/rviz_ogre_vendor/lib:/opt/ros/foxy/lib/aarch64-linux-gnu:/opt/ros/foxy/lib:/usr/local/cuda-11.4/lib64 PYTHONPATH=/home/jetson/slash_ws/install/costmap_converter_msgs/lib/python3.8/site-packages:/home/jetson/slash_ws/install/f1tenth_stack/lib/python3.8/site-packages:/home/jetson/slash_ws/install/vesc_msgs/lib/python3.8/site-packages:/home/jetson/slash_ws/install/twist_to_ackermann/lib/python3.8/site-packages:/home/jetson/slash_ws/install/joy_teleop/lib/python3.8/site-packages:/home/jetson/slash_ws/install/teleop_tools_msgs/lib/python3.8/site-packages:/home/jetson/slash_ws/install/teb_msgs/lib/python3.8/site-packages:/home/jetson/slash_ws/install/roboracer_china_2025/lib/python3.8/site-packages:/home/jetson/slash_ws/install/mouse_teleop/lib/python3.8/site-packages:/home/jetson/slash_ws/install/fast_lio/lib/python3.8/site-packages:/home/jetson/slash_ws/install/livox_ros_driver2/lib/python3.8/site-packages:/home/jetson/slash_ws/install/key_teleop/lib/python3.8/site-packages:/opt/ros/foxy/lib/python3.8/site-packages /usr/bin/cmake --install /home/jetson/slash_ws/build/costmap_converter
[8.048s] Level 1:colcon.colcon_core.environment:checking '/home/jetson/slash_ws/install/costmap_converter' for CMake config files
[8.049s] Level 1:colcon.colcon_core.shell:create_environment_hook('costmap_converter', 'cmake_prefix_path')
[8.050s] INFO:colcon.colcon_core.shell:Creating environment hook '/home/jetson/slash_ws/install/costmap_converter/share/costmap_converter/hook/cmake_prefix_path.ps1'
[8.052s] INFO:colcon.colcon_core.shell:Creating environment descriptor '/home/jetson/slash_ws/install/costmap_converter/share/costmap_converter/hook/cmake_prefix_path.dsv'
[8.054s] INFO:colcon.colcon_core.shell:Creating environment hook '/home/jetson/slash_ws/install/costmap_converter/share/costmap_converter/hook/cmake_prefix_path.sh'
[8.056s] Level 1:colcon.colcon_core.environment:checking '/home/jetson/slash_ws/install/costmap_converter/lib'
[8.056s] Level 1:colcon.colcon_core.shell:create_environment_hook('costmap_converter', 'ld_library_path_lib')
[8.057s] INFO:colcon.colcon_core.shell:Creating environment hook '/home/jetson/slash_ws/install/costmap_converter/share/costmap_converter/hook/ld_library_path_lib.ps1'
[8.058s] INFO:colcon.colcon_core.shell:Creating environment descriptor '/home/jetson/slash_ws/install/costmap_converter/share/costmap_converter/hook/ld_library_path_lib.dsv'
[8.059s] INFO:colcon.colcon_core.shell:Creating environment hook '/home/jetson/slash_ws/install/costmap_converter/share/costmap_converter/hook/ld_library_path_lib.sh'
[8.060s] Level 1:colcon.colcon_core.environment:checking '/home/jetson/slash_ws/install/costmap_converter/bin'
[8.060s] Level 1:colcon.colcon_core.shell:create_environment_hook('costmap_converter', 'path')
[8.060s] INFO:colcon.colcon_core.shell:Creating environment hook '/home/jetson/slash_ws/install/costmap_converter/share/costmap_converter/hook/path.ps1'
[8.061s] INFO:colcon.colcon_core.shell:Creating environment descriptor '/home/jetson/slash_ws/install/costmap_converter/share/costmap_converter/hook/path.dsv'
[8.062s] INFO:colcon.colcon_core.shell:Creating environment hook '/home/jetson/slash_ws/install/costmap_converter/share/costmap_converter/hook/path.sh'
[8.063s] Level 1:colcon.colcon_core.environment:checking '/home/jetson/slash_ws/install/costmap_converter/lib/pkgconfig/costmap_converter.pc'
[8.063s] Level 1:colcon.colcon_core.environment:checking '/home/jetson/slash_ws/install/costmap_converter/lib/python3.8/site-packages'
[8.064s] Level 1:colcon.colcon_core.environment:checking '/home/jetson/slash_ws/install/costmap_converter/bin'
[8.064s] Level 1:colcon.colcon_core.shell:create_environment_hook('costmap_converter', 'pythonscriptspath')
[8.064s] INFO:colcon.colcon_core.shell:Creating environment hook '/home/jetson/slash_ws/install/costmap_converter/share/costmap_converter/hook/pythonscriptspath.ps1'
[8.065s] INFO:colcon.colcon_core.shell:Creating environment descriptor '/home/jetson/slash_ws/install/costmap_converter/share/costmap_converter/hook/pythonscriptspath.dsv'
[8.066s] INFO:colcon.colcon_core.shell:Creating environment hook '/home/jetson/slash_ws/install/costmap_converter/share/costmap_converter/hook/pythonscriptspath.sh'
[8.067s] INFO:colcon.colcon_core.shell:Creating package script '/home/jetson/slash_ws/install/costmap_converter/share/costmap_converter/package.ps1'
[8.069s] INFO:colcon.colcon_core.shell:Creating package descriptor '/home/jetson/slash_ws/install/costmap_converter/share/costmap_converter/package.dsv'
[8.071s] INFO:colcon.colcon_core.shell:Creating package script '/home/jetson/slash_ws/install/costmap_converter/share/costmap_converter/package.sh'
[8.072s] INFO:colcon.colcon_core.shell:Creating package script '/home/jetson/slash_ws/install/costmap_converter/share/costmap_converter/package.bash'
[8.073s] INFO:colcon.colcon_core.shell:Creating package script '/home/jetson/slash_ws/install/costmap_converter/share/costmap_converter/package.zsh'
[8.074s] Level 1:colcon.colcon_core.environment:create_file_with_runtime_dependencies(/home/jetson/slash_ws/install/costmap_converter/share/colcon-core/packages/costmap_converter)
[8.075s] Level 1:colcon.colcon_core.environment:create_environment_scripts_only(costmap_converter)
[8.075s] Level 1:colcon.colcon_core.environment:checking '/home/jetson/slash_ws/install/costmap_converter' for CMake module files
[8.076s] Level 1:colcon.colcon_core.environment:checking '/home/jetson/slash_ws/install/costmap_converter' for CMake config files
[8.077s] Level 1:colcon.colcon_core.shell:create_environment_hook('costmap_converter', 'cmake_prefix_path')
[8.077s] INFO:colcon.colcon_core.shell:Creating environment hook '/home/jetson/slash_ws/install/costmap_converter/share/costmap_converter/hook/cmake_prefix_path.ps1'
[8.078s] INFO:colcon.colcon_core.shell:Creating environment descriptor '/home/jetson/slash_ws/install/costmap_converter/share/costmap_converter/hook/cmake_prefix_path.dsv'
[8.079s] INFO:colcon.colcon_core.shell:Creating environment hook '/home/jetson/slash_ws/install/costmap_converter/share/costmap_converter/hook/cmake_prefix_path.sh'
[8.081s] Level 1:colcon.colcon_core.environment:checking '/home/jetson/slash_ws/install/costmap_converter/lib'
[8.081s] Level 1:colcon.colcon_core.shell:create_environment_hook('costmap_converter', 'ld_library_path_lib')
[8.081s] INFO:colcon.colcon_core.shell:Creating environment hook '/home/jetson/slash_ws/install/costmap_converter/share/costmap_converter/hook/ld_library_path_lib.ps1'
[8.082s] INFO:colcon.colcon_core.shell:Creating environment descriptor '/home/jetson/slash_ws/install/costmap_converter/share/costmap_converter/hook/ld_library_path_lib.dsv'
[8.083s] INFO:colcon.colcon_core.shell:Creating environment hook '/home/jetson/slash_ws/install/costmap_converter/share/costmap_converter/hook/ld_library_path_lib.sh'
[8.084s] Level 1:colcon.colcon_core.environment:checking '/home/jetson/slash_ws/install/costmap_converter/bin'
[8.084s] Level 1:colcon.colcon_core.shell:create_environment_hook('costmap_converter', 'path')
[8.085s] INFO:colcon.colcon_core.shell:Creating environment hook '/home/jetson/slash_ws/install/costmap_converter/share/costmap_converter/hook/path.ps1'
[8.086s] INFO:colcon.colcon_core.shell:Creating environment descriptor '/home/jetson/slash_ws/install/costmap_converter/share/costmap_converter/hook/path.dsv'
[8.087s] INFO:colcon.colcon_core.shell:Creating environment hook '/home/jetson/slash_ws/install/costmap_converter/share/costmap_converter/hook/path.sh'
[8.088s] Level 1:colcon.colcon_core.environment:checking '/home/jetson/slash_ws/install/costmap_converter/lib/pkgconfig/costmap_converter.pc'
[8.088s] Level 1:colcon.colcon_core.environment:checking '/home/jetson/slash_ws/install/costmap_converter/lib/python3.8/site-packages'
[8.089s] Level 1:colcon.colcon_core.environment:checking '/home/jetson/slash_ws/install/costmap_converter/bin'
[8.089s] Level 1:colcon.colcon_core.shell:create_environment_hook('costmap_converter', 'pythonscriptspath')
[8.089s] INFO:colcon.colcon_core.shell:Creating environment hook '/home/jetson/slash_ws/install/costmap_converter/share/costmap_converter/hook/pythonscriptspath.ps1'
[8.090s] INFO:colcon.colcon_core.shell:Creating environment descriptor '/home/jetson/slash_ws/install/costmap_converter/share/costmap_converter/hook/pythonscriptspath.dsv'
[8.091s] INFO:colcon.colcon_core.shell:Creating environment hook '/home/jetson/slash_ws/install/costmap_converter/share/costmap_converter/hook/pythonscriptspath.sh'
[8.092s] INFO:colcon.colcon_core.shell:Creating package script '/home/jetson/slash_ws/install/costmap_converter/share/costmap_converter/package.ps1'
[8.094s] INFO:colcon.colcon_core.shell:Creating package descriptor '/home/jetson/slash_ws/install/costmap_converter/share/costmap_converter/package.dsv'
[8.096s] INFO:colcon.colcon_core.shell:Creating package script '/home/jetson/slash_ws/install/costmap_converter/share/costmap_converter/package.sh'
[8.097s] INFO:colcon.colcon_core.shell:Creating package script '/home/jetson/slash_ws/install/costmap_converter/share/costmap_converter/package.bash'
[8.098s] INFO:colcon.colcon_core.shell:Creating package script '/home/jetson/slash_ws/install/costmap_converter/share/costmap_converter/package.zsh'
[8.099s] Level 1:colcon.colcon_core.environment:create_file_with_runtime_dependencies(/home/jetson/slash_ws/install/costmap_converter/share/colcon-core/packages/costmap_converter)
[8.111s] DEBUG:colcon.colcon_core.event_handler.log_command:Invoking command in '/home/jetson/slash_ws/build/simple_mpc': CMAKE_PREFIX_PATH=${CMAKE_PREFIX_PATH}:/home/jetson/slash_ws/install/f1tenth_stack:/home/jetson/slash_ws/install/twist_to_ackermann:/home/jetson/slash_ws/install/joy_teleop:/home/jetson/slash_ws/install/roboracer_china_2025:/home/jetson/slash_ws/install/mouse_teleop:/home/jetson/slash_ws/install/key_teleop:/opt/ros/foxy /usr/bin/cmake --build /home/jetson/slash_ws/build/simple_mpc -- -j8 -l8
[8.116s] DEBUG:colcon.colcon_core.event_handler.log_command:Invoked command in '/home/jetson/slash_ws/build/teb_msgs' returned '0': CMAKE_PREFIX_PATH=/home/jetson/slash_ws/install/costmap_converter_msgs:/home/jetson/slash_ws/install/vesc:/home/jetson/slash_ws/install/vesc_driver:/home/jetson/slash_ws/install/vesc_ackermann:/home/jetson/slash_ws/install/vesc_msgs:/home/jetson/slash_ws/install/teleop_tools:/home/jetson/slash_ws/install/teleop_tools_msgs:/home/jetson/slash_ws/install/teb_local_planner:/home/jetson/slash_ws/install/teb_msgs:/home/jetson/slash_ws/install/slash_nav2:/home/jetson/slash_ws/install/simple_mpc:/home/jetson/slash_ws/install/pointcloud_to_laserscan:/home/jetson/slash_ws/install/fast_lio:/home/jetson/slash_ws/install/livox_ros_driver2:/home/jetson/slash_ws/install/linefit_ground_segmentation_ros:/home/jetson/slash_ws/install/linefit_ground_segmentation:/home/jetson/slash_ws/install/costmap_converter:/home/jetson/slash_ws/install/ackermann_mux:/home/jetson/slash_ws/install/f1tenth_stack:/home/jetson/slash_ws/install/twist_to_ackermann:/home/jetson/slash_ws/install/joy_teleop:/home/jetson/slash_ws/install/roboracer_china_2025:/home/jetson/slash_ws/install/mouse_teleop:/home/jetson/slash_ws/install/key_teleop:/opt/ros/foxy LD_LIBRARY_PATH=/home/jetson/slash_ws/install/costmap_converter_msgs/lib:/usr/local/cuda/lib64:/usr/local/cuda/lib64:/usr/local/cuda/lib64:/usr/local/cuda/lib64:/usr/local/cuda-11.4/lib64:/usr/local/cuda/lib64:/usr/local/cuda/lib64:/usr/local/cuda/lib64:/usr/local/cuda/lib64:/home/jetson/slash_ws/install/vesc_driver/lib:/home/jetson/slash_ws/install/vesc_ackermann/lib:/home/jetson/slash_ws/install/vesc_msgs/lib:/home/jetson/slash_ws/install/teleop_tools_msgs/lib:/home/jetson/slash_ws/install/teb_local_planner/lib:/home/jetson/slash_ws/install/teb_msgs/lib:/home/jetson/slash_ws/install/pointcloud_to_laserscan/lib:/home/jetson/slash_ws/install/fast_lio/lib:/home/jetson/slash_ws/install/livox_ros_driver2/lib:/home/jetson/slash_ws/install/linefit_ground_segmentation/lib:/home/jetson/slash_ws/install/costmap_converter/lib:/usr/lib/aarch64-linux-gnu/gazebo-11/plugins:/opt/ros/foxy/opt/yaml_cpp_vendor/lib:/opt/ros/foxy/opt/rviz_ogre_vendor/lib:/opt/ros/foxy/lib/aarch64-linux-gnu:/opt/ros/foxy/lib:/usr/local/cuda-11.4/lib64 PYTHONPATH=/home/jetson/slash_ws/install/costmap_converter_msgs/lib/python3.8/site-packages:/home/jetson/slash_ws/install/f1tenth_stack/lib/python3.8/site-packages:/home/jetson/slash_ws/install/vesc_msgs/lib/python3.8/site-packages:/home/jetson/slash_ws/install/twist_to_ackermann/lib/python3.8/site-packages:/home/jetson/slash_ws/install/joy_teleop/lib/python3.8/site-packages:/home/jetson/slash_ws/install/teleop_tools_msgs/lib/python3.8/site-packages:/home/jetson/slash_ws/install/teb_msgs/lib/python3.8/site-packages:/home/jetson/slash_ws/install/roboracer_china_2025/lib/python3.8/site-packages:/home/jetson/slash_ws/install/mouse_teleop/lib/python3.8/site-packages:/home/jetson/slash_ws/install/fast_lio/lib/python3.8/site-packages:/home/jetson/slash_ws/install/livox_ros_driver2/lib/python3.8/site-packages:/home/jetson/slash_ws/install/key_teleop/lib/python3.8/site-packages:/opt/ros/foxy/lib/python3.8/site-packages /usr/bin/cmake --build /home/jetson/slash_ws/build/teb_msgs -- -j8 -l8
[8.120s] DEBUG:colcon.colcon_core.event_handler.log_command:Invoking command in '/home/jetson/slash_ws/build/teb_msgs': CMAKE_PREFIX_PATH=/home/jetson/slash_ws/install/costmap_converter_msgs:/home/jetson/slash_ws/install/vesc:/home/jetson/slash_ws/install/vesc_driver:/home/jetson/slash_ws/install/vesc_ackermann:/home/jetson/slash_ws/install/vesc_msgs:/home/jetson/slash_ws/install/teleop_tools:/home/jetson/slash_ws/install/teleop_tools_msgs:/home/jetson/slash_ws/install/teb_local_planner:/home/jetson/slash_ws/install/teb_msgs:/home/jetson/slash_ws/install/slash_nav2:/home/jetson/slash_ws/install/simple_mpc:/home/jetson/slash_ws/install/pointcloud_to_laserscan:/home/jetson/slash_ws/install/fast_lio:/home/jetson/slash_ws/install/livox_ros_driver2:/home/jetson/slash_ws/install/linefit_ground_segmentation_ros:/home/jetson/slash_ws/install/linefit_ground_segmentation:/home/jetson/slash_ws/install/costmap_converter:/home/jetson/slash_ws/install/ackermann_mux:/home/jetson/slash_ws/install/f1tenth_stack:/home/jetson/slash_ws/install/twist_to_ackermann:/home/jetson/slash_ws/install/joy_teleop:/home/jetson/slash_ws/install/roboracer_china_2025:/home/jetson/slash_ws/install/mouse_teleop:/home/jetson/slash_ws/install/key_teleop:/opt/ros/foxy LD_LIBRARY_PATH=/home/jetson/slash_ws/install/costmap_converter_msgs/lib:/usr/local/cuda/lib64:/usr/local/cuda/lib64:/usr/local/cuda/lib64:/usr/local/cuda/lib64:/usr/local/cuda-11.4/lib64:/usr/local/cuda/lib64:/usr/local/cuda/lib64:/usr/local/cuda/lib64:/usr/local/cuda/lib64:/home/jetson/slash_ws/install/vesc_driver/lib:/home/jetson/slash_ws/install/vesc_ackermann/lib:/home/jetson/slash_ws/install/vesc_msgs/lib:/home/jetson/slash_ws/install/teleop_tools_msgs/lib:/home/jetson/slash_ws/install/teb_local_planner/lib:/home/jetson/slash_ws/install/teb_msgs/lib:/home/jetson/slash_ws/install/pointcloud_to_laserscan/lib:/home/jetson/slash_ws/install/fast_lio/lib:/home/jetson/slash_ws/install/livox_ros_driver2/lib:/home/jetson/slash_ws/install/linefit_ground_segmentation/lib:/home/jetson/slash_ws/install/costmap_converter/lib:/usr/lib/aarch64-linux-gnu/gazebo-11/plugins:/opt/ros/foxy/opt/yaml_cpp_vendor/lib:/opt/ros/foxy/opt/rviz_ogre_vendor/lib:/opt/ros/foxy/lib/aarch64-linux-gnu:/opt/ros/foxy/lib:/usr/local/cuda-11.4/lib64 PYTHONPATH=/home/jetson/slash_ws/install/costmap_converter_msgs/lib/python3.8/site-packages:/home/jetson/slash_ws/install/f1tenth_stack/lib/python3.8/site-packages:/home/jetson/slash_ws/install/vesc_msgs/lib/python3.8/site-packages:/home/jetson/slash_ws/install/twist_to_ackermann/lib/python3.8/site-packages:/home/jetson/slash_ws/install/joy_teleop/lib/python3.8/site-packages:/home/jetson/slash_ws/install/teleop_tools_msgs/lib/python3.8/site-packages:/home/jetson/slash_ws/install/teb_msgs/lib/python3.8/site-packages:/home/jetson/slash_ws/install/roboracer_china_2025/lib/python3.8/site-packages:/home/jetson/slash_ws/install/mouse_teleop/lib/python3.8/site-packages:/home/jetson/slash_ws/install/fast_lio/lib/python3.8/site-packages:/home/jetson/slash_ws/install/livox_ros_driver2/lib/python3.8/site-packages:/home/jetson/slash_ws/install/key_teleop/lib/python3.8/site-packages:/opt/ros/foxy/lib/python3.8/site-packages /usr/bin/cmake --install /home/jetson/slash_ws/build/teb_msgs
[8.134s] Level 1:colcon.colcon_core.environment:checking '/home/jetson/slash_ws/install/key_teleop' for CMake module files
[8.136s] Level 1:colcon.colcon_core.environment:checking '/home/jetson/slash_ws/install/key_teleop' for CMake config files
[8.137s] DEBUG:colcon.colcon_core.event_handler.log_command:Invoked command in '/home/jetson/slash_ws/src/slash_hardware/f1tenth_system/teleop_tools/key_teleop' returned '0': PYTHONPATH=/home/jetson/slash_ws/build/key_teleop/prefix_override:/usr/lib/python3/dist-packages/colcon_core/task/python/colcon_distutils_commands:/home/jetson/slash_ws/install/key_teleop/lib/python3.8/site-packages:${PYTHONPATH} /usr/bin/python3 -W ignore:setup.py install is deprecated -W ignore:easy_install command is deprecated setup.py egg_info --egg-base ../../../../../build/key_teleop build --build-base /home/jetson/slash_ws/build/key_teleop/build install --record /home/jetson/slash_ws/build/key_teleop/install.log --single-version-externally-managed install_data
[8.139s] Level 1:colcon.colcon_core.environment:checking '/home/jetson/slash_ws/install/key_teleop/lib'
[8.139s] Level 1:colcon.colcon_core.environment:checking '/home/jetson/slash_ws/install/key_teleop/bin'
[8.140s] Level 1:colcon.colcon_core.environment:checking '/home/jetson/slash_ws/install/key_teleop/lib/pkgconfig/key_teleop.pc'
[8.140s] Level 1:colcon.colcon_core.environment:checking '/home/jetson/slash_ws/install/key_teleop/lib/python3.8/site-packages'
[8.140s] Level 1:colcon.colcon_core.shell:create_environment_hook('key_teleop', 'pythonpath')
[8.141s] INFO:colcon.colcon_core.shell:Creating environment hook '/home/jetson/slash_ws/install/key_teleop/share/key_teleop/hook/pythonpath.ps1'
[8.143s] INFO:colcon.colcon_core.shell:Creating environment descriptor '/home/jetson/slash_ws/install/key_teleop/share/key_teleop/hook/pythonpath.dsv'
[8.143s] INFO:colcon.colcon_core.shell:Creating environment hook '/home/jetson/slash_ws/install/key_teleop/share/key_teleop/hook/pythonpath.sh'
[8.145s] Level 1:colcon.colcon_core.environment:checking '/home/jetson/slash_ws/install/key_teleop/bin'
[8.145s] Level 1:colcon.colcon_core.environment:create_environment_scripts_only(key_teleop)
[8.146s] INFO:colcon.colcon_core.shell:Creating package script '/home/jetson/slash_ws/install/key_teleop/share/key_teleop/package.ps1'
[8.147s] INFO:colcon.colcon_core.shell:Creating package descriptor '/home/jetson/slash_ws/install/key_teleop/share/key_teleop/package.dsv'
[8.148s] INFO:colcon.colcon_core.shell:Creating package script '/home/jetson/slash_ws/install/key_teleop/share/key_teleop/package.sh'
[8.149s] INFO:colcon.colcon_core.shell:Creating package script '/home/jetson/slash_ws/install/key_teleop/share/key_teleop/package.bash'
[8.150s] INFO:colcon.colcon_core.shell:Creating package script '/home/jetson/slash_ws/install/key_teleop/share/key_teleop/package.zsh'
[8.150s] Level 1:colcon.colcon_core.environment:create_file_with_runtime_dependencies(/home/jetson/slash_ws/install/key_teleop/share/colcon-core/packages/key_teleop)
[8.152s] Level 1:colcon.colcon_core.environment:checking '/home/jetson/slash_ws/install/mouse_teleop' for CMake module files
[8.155s] DEBUG:colcon.colcon_core.event_handler.log_command:Invoked command in '/home/jetson/slash_ws/src/slash_hardware/f1tenth_system/teleop_tools/mouse_teleop' returned '0': PYTHONPATH=/home/jetson/slash_ws/build/mouse_teleop/prefix_override:/usr/lib/python3/dist-packages/colcon_core/task/python/colcon_distutils_commands:/home/jetson/slash_ws/install/mouse_teleop/lib/python3.8/site-packages:${PYTHONPATH} /usr/bin/python3 -W ignore:setup.py install is deprecated -W ignore:easy_install command is deprecated setup.py egg_info --egg-base ../../../../../build/mouse_teleop build --build-base /home/jetson/slash_ws/build/mouse_teleop/build install --record /home/jetson/slash_ws/build/mouse_teleop/install.log --single-version-externally-managed install_data
[8.155s] Level 1:colcon.colcon_core.environment:checking '/home/jetson/slash_ws/install/mouse_teleop' for CMake config files
[8.156s] Level 1:colcon.colcon_core.environment:checking '/home/jetson/slash_ws/install/mouse_teleop/lib'
[8.157s] Level 1:colcon.colcon_core.environment:checking '/home/jetson/slash_ws/install/mouse_teleop/bin'
[8.157s] Level 1:colcon.colcon_core.environment:checking '/home/jetson/slash_ws/install/mouse_teleop/lib/pkgconfig/mouse_teleop.pc'
[8.157s] Level 1:colcon.colcon_core.environment:checking '/home/jetson/slash_ws/install/mouse_teleop/lib/python3.8/site-packages'
[8.157s] Level 1:colcon.colcon_core.shell:create_environment_hook('mouse_teleop', 'pythonpath')
[8.158s] INFO:colcon.colcon_core.shell:Creating environment hook '/home/jetson/slash_ws/install/mouse_teleop/share/mouse_teleop/hook/pythonpath.ps1'
[8.159s] INFO:colcon.colcon_core.shell:Creating environment descriptor '/home/jetson/slash_ws/install/mouse_teleop/share/mouse_teleop/hook/pythonpath.dsv'
[8.160s] INFO:colcon.colcon_core.shell:Creating environment hook '/home/jetson/slash_ws/install/mouse_teleop/share/mouse_teleop/hook/pythonpath.sh'
[8.161s] Level 1:colcon.colcon_core.environment:checking '/home/jetson/slash_ws/install/mouse_teleop/bin'
[8.161s] Level 1:colcon.colcon_core.environment:create_environment_scripts_only(mouse_teleop)
[8.162s] INFO:colcon.colcon_core.shell:Creating package script '/home/jetson/slash_ws/install/mouse_teleop/share/mouse_teleop/package.ps1'
[8.163s] INFO:colcon.colcon_core.shell:Creating package descriptor '/home/jetson/slash_ws/install/mouse_teleop/share/mouse_teleop/package.dsv'
[8.165s] INFO:colcon.colcon_core.shell:Creating package script '/home/jetson/slash_ws/install/mouse_teleop/share/mouse_teleop/package.sh'
[8.166s] INFO:colcon.colcon_core.shell:Creating package script '/home/jetson/slash_ws/install/mouse_teleop/share/mouse_teleop/package.bash'
[8.167s] INFO:colcon.colcon_core.shell:Creating package script '/home/jetson/slash_ws/install/mouse_teleop/share/mouse_teleop/package.zsh'
[8.167s] Level 1:colcon.colcon_core.environment:create_file_with_runtime_dependencies(/home/jetson/slash_ws/install/mouse_teleop/share/colcon-core/packages/mouse_teleop)
[8.169s] INFO:colcon.colcon_ros.task.ament_cmake.build:Building ROS package in '/home/jetson/slash_ws/src/slash_navigation/slash_nav2' with build type 'ament_cmake'
[8.170s] INFO:colcon.colcon_cmake.task.cmake.build:Building CMake package in '/home/jetson/slash_ws/src/slash_navigation/slash_nav2'
[8.171s] INFO:colcon.colcon_core.shell:Skip shell extension 'powershell' for command environment: Not usable outside of PowerShell
[8.171s] DEBUG:colcon.colcon_core.shell:Skip shell extension 'dsv' for command environment
[8.194s] DEBUG:colcon.colcon_core.event_handler.log_command:Invoking command in '/home/jetson/slash_ws/src/slash_hardware/f1tenth_system/teleop_tools/joy_teleop': CMAKE_PREFIX_PATH=/home/jetson/slash_ws/install/teleop_tools_msgs:/home/jetson/slash_ws/install/vesc:/home/jetson/slash_ws/install/vesc_driver:/home/jetson/slash_ws/install/vesc_ackermann:/home/jetson/slash_ws/install/vesc_msgs:/home/jetson/slash_ws/install/teleop_tools:/home/jetson/slash_ws/install/teb_local_planner:/home/jetson/slash_ws/install/teb_msgs:/home/jetson/slash_ws/install/slash_nav2:/home/jetson/slash_ws/install/simple_mpc:/home/jetson/slash_ws/install/pointcloud_to_laserscan:/home/jetson/slash_ws/install/fast_lio:/home/jetson/slash_ws/install/livox_ros_driver2:/home/jetson/slash_ws/install/linefit_ground_segmentation_ros:/home/jetson/slash_ws/install/linefit_ground_segmentation:/home/jetson/slash_ws/install/costmap_converter:/home/jetson/slash_ws/install/costmap_converter_msgs:/home/jetson/slash_ws/install/ackermann_mux LD_LIBRARY_PATH=/home/jetson/slash_ws/install/teleop_tools_msgs/lib:/usr/local/cuda/lib64:/usr/local/cuda/lib64:/usr/local/cuda/lib64:/usr/local/cuda/lib64:/usr/local/cuda-11.4/lib64:/usr/local/cuda/lib64:/usr/local/cuda/lib64:/usr/local/cuda/lib64:/usr/local/cuda/lib64:/home/jetson/slash_ws/install/vesc_driver/lib:/home/jetson/slash_ws/install/vesc_ackermann/lib:/home/jetson/slash_ws/install/vesc_msgs/lib:/home/jetson/slash_ws/install/teb_local_planner/lib:/home/jetson/slash_ws/install/teb_msgs/lib:/home/jetson/slash_ws/install/pointcloud_to_laserscan/lib:/home/jetson/slash_ws/install/fast_lio/lib:/home/jetson/slash_ws/install/livox_ros_driver2/lib:/home/jetson/slash_ws/install/linefit_ground_segmentation/lib:/home/jetson/slash_ws/install/costmap_converter/lib:/home/jetson/slash_ws/install/costmap_converter_msgs/lib:/usr/lib/aarch64-linux-gnu/gazebo-11/plugins:/opt/ros/foxy/opt/yaml_cpp_vendor/lib:/opt/ros/foxy/opt/rviz_ogre_vendor/lib:/opt/ros/foxy/lib/aarch64-linux-gnu:/opt/ros/foxy/lib:/usr/local/cuda-11.4/lib64 PYTHONPATH=/home/jetson/slash_ws/build/joy_teleop/prefix_override:/usr/lib/python3/dist-packages/colcon_core/task/python/colcon_distutils_commands:/home/jetson/slash_ws/install/joy_teleop/lib/python3.8/site-packages:/home/jetson/slash_ws/install/teleop_tools_msgs/lib/python3.8/site-packages:/home/jetson/slash_ws/install/f1tenth_stack/lib/python3.8/site-packages:/home/jetson/slash_ws/install/vesc_msgs/lib/python3.8/site-packages:/home/jetson/slash_ws/install/twist_to_ackermann/lib/python3.8/site-packages:/home/jetson/slash_ws/install/joy_teleop/lib/python3.8/site-packages:/home/jetson/slash_ws/install/teb_msgs/lib/python3.8/site-packages:/home/jetson/slash_ws/install/roboracer_china_2025/lib/python3.8/site-packages:/home/jetson/slash_ws/install/mouse_teleop/lib/python3.8/site-packages:/home/jetson/slash_ws/install/fast_lio/lib/python3.8/site-packages:/home/jetson/slash_ws/install/livox_ros_driver2/lib/python3.8/site-packages:/home/jetson/slash_ws/install/key_teleop/lib/python3.8/site-packages:/home/jetson/slash_ws/install/costmap_converter_msgs/lib/python3.8/site-packages:/opt/ros/foxy/lib/python3.8/site-packages /usr/bin/python3 -W ignore:setup.py install is deprecated -W ignore:easy_install command is deprecated setup.py egg_info --egg-base ../../../../../build/joy_teleop build --build-base /home/jetson/slash_ws/build/joy_teleop/build install --record /home/jetson/slash_ws/build/joy_teleop/install.log --single-version-externally-managed install_data
[8.209s] INFO:colcon.colcon_ros.task.ament_python.build:Building ROS package in '/home/jetson/slash_ws/src/slash_perception/twist_to_ackermann' with build type 'ament_python'
[8.214s] Level 1:colcon.colcon_core.shell:create_environment_hook('twist_to_ackermann', 'ament_prefix_path')
[8.215s] INFO:colcon.colcon_core.shell:Creating environment hook '/home/jetson/slash_ws/install/twist_to_ackermann/share/twist_to_ackermann/hook/ament_prefix_path.ps1'
[8.224s] INFO:colcon.colcon_core.shell:Creating environment descriptor '/home/jetson/slash_ws/install/twist_to_ackermann/share/twist_to_ackermann/hook/ament_prefix_path.dsv'
[8.225s] INFO:colcon.colcon_core.shell:Creating environment hook '/home/jetson/slash_ws/install/twist_to_ackermann/share/twist_to_ackermann/hook/ament_prefix_path.sh'
[8.227s] INFO:colcon.colcon_core.shell:Skip shell extension 'powershell' for command environment: Not usable outside of PowerShell
[8.227s] DEBUG:colcon.colcon_core.shell:Skip shell extension 'dsv' for command environment
[8.300s] INFO:colcon.colcon_ros.task.ament_cmake.build:Building ROS package in '/home/jetson/slash_ws/src/slash_localization/FAST_LIO' with build type 'ament_cmake'
[8.301s] INFO:colcon.colcon_cmake.task.cmake.build:Building CMake package in '/home/jetson/slash_ws/src/slash_localization/FAST_LIO'
[8.303s] INFO:colcon.colcon_core.shell:Skip shell extension 'powershell' for command environment: Not usable outside of PowerShell
[8.303s] DEBUG:colcon.colcon_core.shell:Skip shell extension 'dsv' for command environment
[8.365s] DEBUG:colcon.colcon_core.event_handler.log_command:Invoking command in '/home/jetson/slash_ws/build/vesc': CMAKE_PREFIX_PATH=/home/jetson/slash_ws/install/vesc_driver:/home/jetson/slash_ws/install/vesc_ackermann:/home/jetson/slash_ws/install/vesc_msgs:/home/jetson/slash_ws/install/vesc:/home/jetson/slash_ws/install/teleop_tools:/home/jetson/slash_ws/install/teleop_tools_msgs:/home/jetson/slash_ws/install/teb_local_planner:/home/jetson/slash_ws/install/teb_msgs:/home/jetson/slash_ws/install/slash_nav2:/home/jetson/slash_ws/install/simple_mpc:/home/jetson/slash_ws/install/pointcloud_to_laserscan:/home/jetson/slash_ws/install/fast_lio:/home/jetson/slash_ws/install/livox_ros_driver2:/home/jetson/slash_ws/install/linefit_ground_segmentation_ros:/home/jetson/slash_ws/install/linefit_ground_segmentation:/home/jetson/slash_ws/install/costmap_converter:/home/jetson/slash_ws/install/costmap_converter_msgs:/home/jetson/slash_ws/install/ackermann_mux:/home/jetson/slash_ws/install/f1tenth_stack:/home/jetson/slash_ws/install/twist_to_ackermann:/home/jetson/slash_ws/install/joy_teleop:/home/jetson/slash_ws/install/roboracer_china_2025:/home/jetson/slash_ws/install/mouse_teleop:/home/jetson/slash_ws/install/key_teleop:/opt/ros/foxy LD_LIBRARY_PATH=/home/jetson/slash_ws/install/vesc_driver/lib:/home/jetson/slash_ws/install/vesc_ackermann/lib:/home/jetson/slash_ws/install/vesc_msgs/lib:/usr/local/cuda/lib64:/usr/local/cuda/lib64:/usr/local/cuda/lib64:/usr/local/cuda/lib64:/usr/local/cuda-11.4/lib64:/usr/local/cuda/lib64:/usr/local/cuda/lib64:/usr/local/cuda/lib64:/usr/local/cuda/lib64:/home/jetson/slash_ws/install/teleop_tools_msgs/lib:/home/jetson/slash_ws/install/teb_local_planner/lib:/home/jetson/slash_ws/install/teb_msgs/lib:/home/jetson/slash_ws/install/pointcloud_to_laserscan/lib:/home/jetson/slash_ws/install/fast_lio/lib:/home/jetson/slash_ws/install/livox_ros_driver2/lib:/home/jetson/slash_ws/install/linefit_ground_segmentation/lib:/home/jetson/slash_ws/install/costmap_converter/lib:/home/jetson/slash_ws/install/costmap_converter_msgs/lib:/usr/lib/aarch64-linux-gnu/gazebo-11/plugins:/opt/ros/foxy/opt/yaml_cpp_vendor/lib:/opt/ros/foxy/opt/rviz_ogre_vendor/lib:/opt/ros/foxy/lib/aarch64-linux-gnu:/opt/ros/foxy/lib:/usr/local/cuda-11.4/lib64 PYTHONPATH=/home/jetson/slash_ws/install/vesc_msgs/lib/python3.8/site-packages:/home/jetson/slash_ws/install/f1tenth_stack/lib/python3.8/site-packages:/home/jetson/slash_ws/install/twist_to_ackermann/lib/python3.8/site-packages:/home/jetson/slash_ws/install/joy_teleop/lib/python3.8/site-packages:/home/jetson/slash_ws/install/teleop_tools_msgs/lib/python3.8/site-packages:/home/jetson/slash_ws/install/teb_msgs/lib/python3.8/site-packages:/home/jetson/slash_ws/install/roboracer_china_2025/lib/python3.8/site-packages:/home/jetson/slash_ws/install/mouse_teleop/lib/python3.8/site-packages:/home/jetson/slash_ws/install/fast_lio/lib/python3.8/site-packages:/home/jetson/slash_ws/install/livox_ros_driver2/lib/python3.8/site-packages:/home/jetson/slash_ws/install/key_teleop/lib/python3.8/site-packages:/home/jetson/slash_ws/install/costmap_converter_msgs/lib/python3.8/site-packages:/opt/ros/foxy/lib/python3.8/site-packages /usr/bin/cmake --build /home/jetson/slash_ws/build/vesc -- -j8 -l8
[8.386s] DEBUG:colcon.colcon_core.event_handler.log_command:Invoked command in '/home/jetson/slash_ws/build/simple_mpc' returned '0': CMAKE_PREFIX_PATH=${CMAKE_PREFIX_PATH}:/home/jetson/slash_ws/install/f1tenth_stack:/home/jetson/slash_ws/install/twist_to_ackermann:/home/jetson/slash_ws/install/joy_teleop:/home/jetson/slash_ws/install/roboracer_china_2025:/home/jetson/slash_ws/install/mouse_teleop:/home/jetson/slash_ws/install/key_teleop:/opt/ros/foxy /usr/bin/cmake --build /home/jetson/slash_ws/build/simple_mpc -- -j8 -l8
[8.393s] DEBUG:colcon.colcon_core.event_handler.log_command:Invoking command in '/home/jetson/slash_ws/build/simple_mpc': CMAKE_PREFIX_PATH=${CMAKE_PREFIX_PATH}:/home/jetson/slash_ws/install/f1tenth_stack:/home/jetson/slash_ws/install/twist_to_ackermann:/home/jetson/slash_ws/install/joy_teleop:/home/jetson/slash_ws/install/roboracer_china_2025:/home/jetson/slash_ws/install/mouse_teleop:/home/jetson/slash_ws/install/key_teleop:/opt/ros/foxy /usr/bin/cmake --install /home/jetson/slash_ws/build/simple_mpc
[8.427s] Level 1:colcon.colcon_core.environment:create_environment_scripts_only(teb_msgs)
[8.428s] Level 1:colcon.colcon_core.environment:checking '/home/jetson/slash_ws/install/teb_msgs' for CMake module files
[8.433s] DEBUG:colcon.colcon_core.event_handler.log_command:Invoked command in '/home/jetson/slash_ws/build/teb_msgs' returned '0': CMAKE_PREFIX_PATH=/home/jetson/slash_ws/install/costmap_converter_msgs:/home/jetson/slash_ws/install/vesc:/home/jetson/slash_ws/install/vesc_driver:/home/jetson/slash_ws/install/vesc_ackermann:/home/jetson/slash_ws/install/vesc_msgs:/home/jetson/slash_ws/install/teleop_tools:/home/jetson/slash_ws/install/teleop_tools_msgs:/home/jetson/slash_ws/install/teb_local_planner:/home/jetson/slash_ws/install/teb_msgs:/home/jetson/slash_ws/install/slash_nav2:/home/jetson/slash_ws/install/simple_mpc:/home/jetson/slash_ws/install/pointcloud_to_laserscan:/home/jetson/slash_ws/install/fast_lio:/home/jetson/slash_ws/install/livox_ros_driver2:/home/jetson/slash_ws/install/linefit_ground_segmentation_ros:/home/jetson/slash_ws/install/linefit_ground_segmentation:/home/jetson/slash_ws/install/costmap_converter:/home/jetson/slash_ws/install/ackermann_mux:/home/jetson/slash_ws/install/f1tenth_stack:/home/jetson/slash_ws/install/twist_to_ackermann:/home/jetson/slash_ws/install/joy_teleop:/home/jetson/slash_ws/install/roboracer_china_2025:/home/jetson/slash_ws/install/mouse_teleop:/home/jetson/slash_ws/install/key_teleop:/opt/ros/foxy LD_LIBRARY_PATH=/home/jetson/slash_ws/install/costmap_converter_msgs/lib:/usr/local/cuda/lib64:/usr/local/cuda/lib64:/usr/local/cuda/lib64:/usr/local/cuda/lib64:/usr/local/cuda-11.4/lib64:/usr/local/cuda/lib64:/usr/local/cuda/lib64:/usr/local/cuda/lib64:/usr/local/cuda/lib64:/home/jetson/slash_ws/install/vesc_driver/lib:/home/jetson/slash_ws/install/vesc_ackermann/lib:/home/jetson/slash_ws/install/vesc_msgs/lib:/home/jetson/slash_ws/install/teleop_tools_msgs/lib:/home/jetson/slash_ws/install/teb_local_planner/lib:/home/jetson/slash_ws/install/teb_msgs/lib:/home/jetson/slash_ws/install/pointcloud_to_laserscan/lib:/home/jetson/slash_ws/install/fast_lio/lib:/home/jetson/slash_ws/install/livox_ros_driver2/lib:/home/jetson/slash_ws/install/linefit_ground_segmentation/lib:/home/jetson/slash_ws/install/costmap_converter/lib:/usr/lib/aarch64-linux-gnu/gazebo-11/plugins:/opt/ros/foxy/opt/yaml_cpp_vendor/lib:/opt/ros/foxy/opt/rviz_ogre_vendor/lib:/opt/ros/foxy/lib/aarch64-linux-gnu:/opt/ros/foxy/lib:/usr/local/cuda-11.4/lib64 PYTHONPATH=/home/jetson/slash_ws/install/costmap_converter_msgs/lib/python3.8/site-packages:/home/jetson/slash_ws/install/f1tenth_stack/lib/python3.8/site-packages:/home/jetson/slash_ws/install/vesc_msgs/lib/python3.8/site-packages:/home/jetson/slash_ws/install/twist_to_ackermann/lib/python3.8/site-packages:/home/jetson/slash_ws/install/joy_teleop/lib/python3.8/site-packages:/home/jetson/slash_ws/install/teleop_tools_msgs/lib/python3.8/site-packages:/home/jetson/slash_ws/install/teb_msgs/lib/python3.8/site-packages:/home/jetson/slash_ws/install/roboracer_china_2025/lib/python3.8/site-packages:/home/jetson/slash_ws/install/mouse_teleop/lib/python3.8/site-packages:/home/jetson/slash_ws/install/fast_lio/lib/python3.8/site-packages:/home/jetson/slash_ws/install/livox_ros_driver2/lib/python3.8/site-packages:/home/jetson/slash_ws/install/key_teleop/lib/python3.8/site-packages:/opt/ros/foxy/lib/python3.8/site-packages /usr/bin/cmake --install /home/jetson/slash_ws/build/teb_msgs
[8.434s] Level 1:colcon.colcon_core.environment:checking '/home/jetson/slash_ws/install/teb_msgs' for CMake config files
[8.435s] Level 1:colcon.colcon_core.shell:create_environment_hook('teb_msgs', 'cmake_prefix_path')
[8.436s] INFO:colcon.colcon_core.shell:Creating environment hook '/home/jetson/slash_ws/install/teb_msgs/share/teb_msgs/hook/cmake_prefix_path.ps1'
[8.440s] INFO:colcon.colcon_core.shell:Creating environment descriptor '/home/jetson/slash_ws/install/teb_msgs/share/teb_msgs/hook/cmake_prefix_path.dsv'
[8.441s] INFO:colcon.colcon_core.shell:Creating environment hook '/home/jetson/slash_ws/install/teb_msgs/share/teb_msgs/hook/cmake_prefix_path.sh'
[8.443s] Level 1:colcon.colcon_core.environment:checking '/home/jetson/slash_ws/install/teb_msgs/lib'
[8.443s] Level 1:colcon.colcon_core.shell:create_environment_hook('teb_msgs', 'ld_library_path_lib')
[8.444s] INFO:colcon.colcon_core.shell:Creating environment hook '/home/jetson/slash_ws/install/teb_msgs/share/teb_msgs/hook/ld_library_path_lib.ps1'
[8.445s] INFO:colcon.colcon_core.shell:Creating environment descriptor '/home/jetson/slash_ws/install/teb_msgs/share/teb_msgs/hook/ld_library_path_lib.dsv'
[8.446s] INFO:colcon.colcon_core.shell:Creating environment hook '/home/jetson/slash_ws/install/teb_msgs/share/teb_msgs/hook/ld_library_path_lib.sh'
[8.447s] Level 1:colcon.colcon_core.environment:checking '/home/jetson/slash_ws/install/teb_msgs/bin'
[8.447s] Level 1:colcon.colcon_core.environment:checking '/home/jetson/slash_ws/install/teb_msgs/lib/pkgconfig/teb_msgs.pc'
[8.455s] Level 1:colcon.colcon_core.environment:checking '/home/jetson/slash_ws/install/teb_msgs/lib/python3.8/site-packages'
[8.456s] Level 1:colcon.colcon_core.shell:create_environment_hook('teb_msgs', 'pythonpath')
[8.457s] INFO:colcon.colcon_core.shell:Creating environment hook '/home/jetson/slash_ws/install/teb_msgs/share/teb_msgs/hook/pythonpath.ps1'
[8.460s] INFO:colcon.colcon_core.shell:Creating environment descriptor '/home/jetson/slash_ws/install/teb_msgs/share/teb_msgs/hook/pythonpath.dsv'
[8.462s] INFO:colcon.colcon_core.shell:Creating environment hook '/home/jetson/slash_ws/install/teb_msgs/share/teb_msgs/hook/pythonpath.sh'
[8.464s] Level 1:colcon.colcon_core.environment:checking '/home/jetson/slash_ws/install/teb_msgs/bin'
[8.465s] INFO:colcon.colcon_core.shell:Creating package script '/home/jetson/slash_ws/install/teb_msgs/share/teb_msgs/package.ps1'
[8.467s] INFO:colcon.colcon_core.shell:Creating package descriptor '/home/jetson/slash_ws/install/teb_msgs/share/teb_msgs/package.dsv'
[8.468s] INFO:colcon.colcon_core.shell:Creating package script '/home/jetson/slash_ws/install/teb_msgs/share/teb_msgs/package.sh'
[8.469s] INFO:colcon.colcon_core.shell:Creating package script '/home/jetson/slash_ws/install/teb_msgs/share/teb_msgs/package.bash'
[8.470s] INFO:colcon.colcon_core.shell:Creating package script '/home/jetson/slash_ws/install/teb_msgs/share/teb_msgs/package.zsh'
[8.471s] Level 1:colcon.colcon_core.environment:create_file_with_runtime_dependencies(/home/jetson/slash_ws/install/teb_msgs/share/colcon-core/packages/teb_msgs)
[8.473s] Level 1:colcon.colcon_core.environment:create_environment_scripts_only(teb_msgs)
[8.473s] Level 1:colcon.colcon_core.environment:checking '/home/jetson/slash_ws/install/teb_msgs' for CMake module files
[8.474s] Level 1:colcon.colcon_core.environment:checking '/home/jetson/slash_ws/install/teb_msgs' for CMake config files
[8.475s] Level 1:colcon.colcon_core.shell:create_environment_hook('teb_msgs', 'cmake_prefix_path')
[8.476s] INFO:colcon.colcon_core.shell:Creating environment hook '/home/jetson/slash_ws/install/teb_msgs/share/teb_msgs/hook/cmake_prefix_path.ps1'
[8.477s] INFO:colcon.colcon_core.shell:Creating environment descriptor '/home/jetson/slash_ws/install/teb_msgs/share/teb_msgs/hook/cmake_prefix_path.dsv'
[8.478s] INFO:colcon.colcon_core.shell:Creating environment hook '/home/jetson/slash_ws/install/teb_msgs/share/teb_msgs/hook/cmake_prefix_path.sh'
[8.479s] Level 1:colcon.colcon_core.environment:checking '/home/jetson/slash_ws/install/teb_msgs/lib'
[8.479s] Level 1:colcon.colcon_core.shell:create_environment_hook('teb_msgs', 'ld_library_path_lib')
[8.480s] INFO:colcon.colcon_core.shell:Creating environment hook '/home/jetson/slash_ws/install/teb_msgs/share/teb_msgs/hook/ld_library_path_lib.ps1'
[8.481s] INFO:colcon.colcon_core.shell:Creating environment descriptor '/home/jetson/slash_ws/install/teb_msgs/share/teb_msgs/hook/ld_library_path_lib.dsv'
[8.482s] INFO:colcon.colcon_core.shell:Creating environment hook '/home/jetson/slash_ws/install/teb_msgs/share/teb_msgs/hook/ld_library_path_lib.sh'
[8.483s] Level 1:colcon.colcon_core.environment:checking '/home/jetson/slash_ws/install/teb_msgs/bin'
[8.483s] Level 1:colcon.colcon_core.environment:checking '/home/jetson/slash_ws/install/teb_msgs/lib/pkgconfig/teb_msgs.pc'
[8.483s] Level 1:colcon.colcon_core.environment:checking '/home/jetson/slash_ws/install/teb_msgs/lib/python3.8/site-packages'
[8.483s] Level 1:colcon.colcon_core.shell:create_environment_hook('teb_msgs', 'pythonpath')
[8.484s] INFO:colcon.colcon_core.shell:Creating environment hook '/home/jetson/slash_ws/install/teb_msgs/share/teb_msgs/hook/pythonpath.ps1'
[8.485s] INFO:colcon.colcon_core.shell:Creating environment descriptor '/home/jetson/slash_ws/install/teb_msgs/share/teb_msgs/hook/pythonpath.dsv'
[8.485s] INFO:colcon.colcon_core.shell:Creating environment hook '/home/jetson/slash_ws/install/teb_msgs/share/teb_msgs/hook/pythonpath.sh'
[8.487s] Level 1:colcon.colcon_core.environment:checking '/home/jetson/slash_ws/install/teb_msgs/bin'
[8.488s] INFO:colcon.colcon_core.shell:Creating package script '/home/jetson/slash_ws/install/teb_msgs/share/teb_msgs/package.ps1'
[8.489s] INFO:colcon.colcon_core.shell:Creating package descriptor '/home/jetson/slash_ws/install/teb_msgs/share/teb_msgs/package.dsv'
[8.490s] INFO:colcon.colcon_core.shell:Creating package script '/home/jetson/slash_ws/install/teb_msgs/share/teb_msgs/package.sh'
[8.492s] INFO:colcon.colcon_core.shell:Creating package script '/home/jetson/slash_ws/install/teb_msgs/share/teb_msgs/package.bash'
[8.493s] INFO:colcon.colcon_core.shell:Creating package script '/home/jetson/slash_ws/install/teb_msgs/share/teb_msgs/package.zsh'
[8.494s] Level 1:colcon.colcon_core.environment:create_file_with_runtime_dependencies(/home/jetson/slash_ws/install/teb_msgs/share/colcon-core/packages/teb_msgs)
[8.501s] DEBUG:colcon.colcon_core.event_handler.log_command:Invoking command in '/home/jetson/slash_ws/build/slash_nav2': CMAKE_PREFIX_PATH=${CMAKE_PREFIX_PATH}:/home/jetson/slash_ws/install/f1tenth_stack:/home/jetson/slash_ws/install/twist_to_ackermann:/home/jetson/slash_ws/install/joy_teleop:/home/jetson/slash_ws/install/roboracer_china_2025:/home/jetson/slash_ws/install/mouse_teleop:/home/jetson/slash_ws/install/key_teleop:/opt/ros/foxy /usr/bin/cmake --build /home/jetson/slash_ws/build/slash_nav2 -- -j8 -l8
[8.513s] INFO:colcon.colcon_ros.task.ament_cmake.build:Building ROS package in '/home/jetson/slash_ws/src/slash_perception/linefit_ground_segementation_ros2/linefit_ground_segmentation_ros' with build type 'ament_cmake'
[8.514s] INFO:colcon.colcon_cmake.task.cmake.build:Building CMake package in '/home/jetson/slash_ws/src/slash_perception/linefit_ground_segementation_ros2/linefit_ground_segmentation_ros'
[8.515s] INFO:colcon.colcon_core.shell:Skip shell extension 'powershell' for command environment: Not usable outside of PowerShell
[8.515s] DEBUG:colcon.colcon_core.shell:Skip shell extension 'dsv' for command environment
[9.532s] INFO:colcon.colcon_core.task.python.build:Building Python package in '/home/jetson/slash_ws/src/slash_perception/twist_to_ackermann'
[9.534s] INFO:colcon.colcon_core.shell:Skip shell extension 'powershell' for command environment: Not usable outside of PowerShell
[9.534s] DEBUG:colcon.colcon_core.shell:Skip shell extension 'dsv' for command environment
[9.568s] DEBUG:colcon.colcon_core.event_handler.log_command:Invoking command in '/home/jetson/slash_ws/build/fast_lio': CMAKE_PREFIX_PATH=/home/jetson/slash_ws/install/livox_ros_driver2:/home/jetson/slash_ws/install/vesc:/home/jetson/slash_ws/install/vesc_driver:/home/jetson/slash_ws/install/vesc_ackermann:/home/jetson/slash_ws/install/vesc_msgs:/home/jetson/slash_ws/install/teleop_tools:/home/jetson/slash_ws/install/teleop_tools_msgs:/home/jetson/slash_ws/install/teb_local_planner:/home/jetson/slash_ws/install/teb_msgs:/home/jetson/slash_ws/install/slash_nav2:/home/jetson/slash_ws/install/simple_mpc:/home/jetson/slash_ws/install/pointcloud_to_laserscan:/home/jetson/slash_ws/install/fast_lio:/home/jetson/slash_ws/install/linefit_ground_segmentation_ros:/home/jetson/slash_ws/install/linefit_ground_segmentation:/home/jetson/slash_ws/install/costmap_converter:/home/jetson/slash_ws/install/costmap_converter_msgs:/home/jetson/slash_ws/install/ackermann_mux:/home/jetson/slash_ws/install/f1tenth_stack:/home/jetson/slash_ws/install/twist_to_ackermann:/home/jetson/slash_ws/install/joy_teleop:/home/jetson/slash_ws/install/roboracer_china_2025:/home/jetson/slash_ws/install/mouse_teleop:/home/jetson/slash_ws/install/key_teleop:/opt/ros/foxy LD_LIBRARY_PATH=/home/jetson/slash_ws/install/livox_ros_driver2/lib:/usr/local/cuda/lib64:/usr/local/cuda/lib64:/usr/local/cuda/lib64:/usr/local/cuda/lib64:/usr/local/cuda-11.4/lib64:/usr/local/cuda/lib64:/usr/local/cuda/lib64:/usr/local/cuda/lib64:/usr/local/cuda/lib64:/home/jetson/slash_ws/install/vesc_driver/lib:/home/jetson/slash_ws/install/vesc_ackermann/lib:/home/jetson/slash_ws/install/vesc_msgs/lib:/home/jetson/slash_ws/install/teleop_tools_msgs/lib:/home/jetson/slash_ws/install/teb_local_planner/lib:/home/jetson/slash_ws/install/teb_msgs/lib:/home/jetson/slash_ws/install/pointcloud_to_laserscan/lib:/home/jetson/slash_ws/install/fast_lio/lib:/home/jetson/slash_ws/install/linefit_ground_segmentation/lib:/home/jetson/slash_ws/install/costmap_converter/lib:/home/jetson/slash_ws/install/costmap_converter_msgs/lib:/usr/lib/aarch64-linux-gnu/gazebo-11/plugins:/opt/ros/foxy/opt/yaml_cpp_vendor/lib:/opt/ros/foxy/opt/rviz_ogre_vendor/lib:/opt/ros/foxy/lib/aarch64-linux-gnu:/opt/ros/foxy/lib:/usr/local/cuda-11.4/lib64 PYTHONPATH=/home/jetson/slash_ws/install/livox_ros_driver2/lib/python3.8/site-packages:/home/jetson/slash_ws/install/f1tenth_stack/lib/python3.8/site-packages:/home/jetson/slash_ws/install/vesc_msgs/lib/python3.8/site-packages:/home/jetson/slash_ws/install/twist_to_ackermann/lib/python3.8/site-packages:/home/jetson/slash_ws/install/joy_teleop/lib/python3.8/site-packages:/home/jetson/slash_ws/install/teleop_tools_msgs/lib/python3.8/site-packages:/home/jetson/slash_ws/install/teb_msgs/lib/python3.8/site-packages:/home/jetson/slash_ws/install/roboracer_china_2025/lib/python3.8/site-packages:/home/jetson/slash_ws/install/mouse_teleop/lib/python3.8/site-packages:/home/jetson/slash_ws/install/fast_lio/lib/python3.8/site-packages:/home/jetson/slash_ws/install/key_teleop/lib/python3.8/site-packages:/home/jetson/slash_ws/install/costmap_converter_msgs/lib/python3.8/site-packages:/opt/ros/foxy/lib/python3.8/site-packages /usr/bin/cmake --build /home/jetson/slash_ws/build/fast_lio -- -j8 -l8
[9.595s] Level 1:colcon.colcon_core.environment:create_environment_scripts_only(simple_mpc)
[9.598s] Level 1:colcon.colcon_core.environment:checking '/home/jetson/slash_ws/install/simple_mpc' for CMake module files
[9.601s] DEBUG:colcon.colcon_core.event_handler.log_command:Invoked command in '/home/jetson/slash_ws/build/simple_mpc' returned '0': CMAKE_PREFIX_PATH=${CMAKE_PREFIX_PATH}:/home/jetson/slash_ws/install/f1tenth_stack:/home/jetson/slash_ws/install/twist_to_ackermann:/home/jetson/slash_ws/install/joy_teleop:/home/jetson/slash_ws/install/roboracer_china_2025:/home/jetson/slash_ws/install/mouse_teleop:/home/jetson/slash_ws/install/key_teleop:/opt/ros/foxy /usr/bin/cmake --install /home/jetson/slash_ws/build/simple_mpc
[9.606s] Level 1:colcon.colcon_core.environment:checking '/home/jetson/slash_ws/install/simple_mpc' for CMake config files
[9.607s] Level 1:colcon.colcon_core.shell:create_environment_hook('simple_mpc', 'cmake_prefix_path')
[9.612s] INFO:colcon.colcon_core.shell:Creating environment hook '/home/jetson/slash_ws/install/simple_mpc/share/simple_mpc/hook/cmake_prefix_path.ps1'
[9.616s] INFO:colcon.colcon_core.shell:Creating environment descriptor '/home/jetson/slash_ws/install/simple_mpc/share/simple_mpc/hook/cmake_prefix_path.dsv'
[9.618s] INFO:colcon.colcon_core.shell:Creating environment hook '/home/jetson/slash_ws/install/simple_mpc/share/simple_mpc/hook/cmake_prefix_path.sh'
[9.624s] Level 1:colcon.colcon_core.environment:checking '/home/jetson/slash_ws/install/simple_mpc/lib'
[9.625s] Level 1:colcon.colcon_core.environment:checking '/home/jetson/slash_ws/install/simple_mpc/bin'
[9.625s] Level 1:colcon.colcon_core.environment:checking '/home/jetson/slash_ws/install/simple_mpc/lib/pkgconfig/simple_mpc.pc'
[9.626s] Level 1:colcon.colcon_core.environment:checking '/home/jetson/slash_ws/install/simple_mpc/lib/python3.8/site-packages'
[9.628s] Level 1:colcon.colcon_core.environment:checking '/home/jetson/slash_ws/install/simple_mpc/bin'
[9.631s] INFO:colcon.colcon_core.shell:Creating package script '/home/jetson/slash_ws/install/simple_mpc/share/simple_mpc/package.ps1'
[9.633s] INFO:colcon.colcon_core.shell:Creating package descriptor '/home/jetson/slash_ws/install/simple_mpc/share/simple_mpc/package.dsv'
[9.637s] INFO:colcon.colcon_core.shell:Creating package script '/home/jetson/slash_ws/install/simple_mpc/share/simple_mpc/package.sh'
[9.641s] INFO:colcon.colcon_core.shell:Creating package script '/home/jetson/slash_ws/install/simple_mpc/share/simple_mpc/package.bash'
[9.643s] INFO:colcon.colcon_core.shell:Creating package script '/home/jetson/slash_ws/install/simple_mpc/share/simple_mpc/package.zsh'
[9.644s] Level 1:colcon.colcon_core.environment:create_file_with_runtime_dependencies(/home/jetson/slash_ws/install/simple_mpc/share/colcon-core/packages/simple_mpc)
[9.646s] Level 1:colcon.colcon_core.environment:create_environment_scripts_only(simple_mpc)
[9.647s] Level 1:colcon.colcon_core.environment:checking '/home/jetson/slash_ws/install/simple_mpc' for CMake module files
[9.648s] Level 1:colcon.colcon_core.environment:checking '/home/jetson/slash_ws/install/simple_mpc' for CMake config files
[9.649s] Level 1:colcon.colcon_core.shell:create_environment_hook('simple_mpc', 'cmake_prefix_path')
[9.649s] INFO:colcon.colcon_core.shell:Creating environment hook '/home/jetson/slash_ws/install/simple_mpc/share/simple_mpc/hook/cmake_prefix_path.ps1'
[9.651s] INFO:colcon.colcon_core.shell:Creating environment descriptor '/home/jetson/slash_ws/install/simple_mpc/share/simple_mpc/hook/cmake_prefix_path.dsv'
[9.652s] INFO:colcon.colcon_core.shell:Creating environment hook '/home/jetson/slash_ws/install/simple_mpc/share/simple_mpc/hook/cmake_prefix_path.sh'
[9.655s] Level 1:colcon.colcon_core.environment:checking '/home/jetson/slash_ws/install/simple_mpc/lib'
[9.655s] Level 1:colcon.colcon_core.environment:checking '/home/jetson/slash_ws/install/simple_mpc/bin'
[9.656s] Level 1:colcon.colcon_core.environment:checking '/home/jetson/slash_ws/install/simple_mpc/lib/pkgconfig/simple_mpc.pc'
[9.656s] Level 1:colcon.colcon_core.environment:checking '/home/jetson/slash_ws/install/simple_mpc/lib/python3.8/site-packages'
[9.658s] Level 1:colcon.colcon_core.environment:checking '/home/jetson/slash_ws/install/simple_mpc/bin'
[9.658s] INFO:colcon.colcon_core.shell:Creating package script '/home/jetson/slash_ws/install/simple_mpc/share/simple_mpc/package.ps1'
[9.660s] INFO:colcon.colcon_core.shell:Creating package descriptor '/home/jetson/slash_ws/install/simple_mpc/share/simple_mpc/package.dsv'
[9.662s] INFO:colcon.colcon_core.shell:Creating package script '/home/jetson/slash_ws/install/simple_mpc/share/simple_mpc/package.sh'
[9.663s] INFO:colcon.colcon_core.shell:Creating package script '/home/jetson/slash_ws/install/simple_mpc/share/simple_mpc/package.bash'
[9.665s] INFO:colcon.colcon_core.shell:Creating package script '/home/jetson/slash_ws/install/simple_mpc/share/simple_mpc/package.zsh'
[9.666s] Level 1:colcon.colcon_core.environment:create_file_with_runtime_dependencies(/home/jetson/slash_ws/install/simple_mpc/share/colcon-core/packages/simple_mpc)
[9.671s] INFO:colcon.colcon_ros.task.ament_cmake.build:Building ROS package in '/home/jetson/slash_ws/src/slash_navigation/teb_local_planner/teb_local_planner' with build type 'ament_cmake'
[9.672s] INFO:colcon.colcon_cmake.task.cmake.build:Building CMake package in '/home/jetson/slash_ws/src/slash_navigation/teb_local_planner/teb_local_planner'
[9.673s] INFO:colcon.colcon_core.shell:Skip shell extension 'powershell' for command environment: Not usable outside of PowerShell
[9.674s] DEBUG:colcon.colcon_core.shell:Skip shell extension 'dsv' for command environment
[9.720s] DEBUG:colcon.colcon_core.event_handler.log_command:Invoked command in '/home/jetson/slash_ws/build/vesc' returned '0': CMAKE_PREFIX_PATH=/home/jetson/slash_ws/install/vesc_driver:/home/jetson/slash_ws/install/vesc_ackermann:/home/jetson/slash_ws/install/vesc_msgs:/home/jetson/slash_ws/install/vesc:/home/jetson/slash_ws/install/teleop_tools:/home/jetson/slash_ws/install/teleop_tools_msgs:/home/jetson/slash_ws/install/teb_local_planner:/home/jetson/slash_ws/install/teb_msgs:/home/jetson/slash_ws/install/slash_nav2:/home/jetson/slash_ws/install/simple_mpc:/home/jetson/slash_ws/install/pointcloud_to_laserscan:/home/jetson/slash_ws/install/fast_lio:/home/jetson/slash_ws/install/livox_ros_driver2:/home/jetson/slash_ws/install/linefit_ground_segmentation_ros:/home/jetson/slash_ws/install/linefit_ground_segmentation:/home/jetson/slash_ws/install/costmap_converter:/home/jetson/slash_ws/install/costmap_converter_msgs:/home/jetson/slash_ws/install/ackermann_mux:/home/jetson/slash_ws/install/f1tenth_stack:/home/jetson/slash_ws/install/twist_to_ackermann:/home/jetson/slash_ws/install/joy_teleop:/home/jetson/slash_ws/install/roboracer_china_2025:/home/jetson/slash_ws/install/mouse_teleop:/home/jetson/slash_ws/install/key_teleop:/opt/ros/foxy LD_LIBRARY_PATH=/home/jetson/slash_ws/install/vesc_driver/lib:/home/jetson/slash_ws/install/vesc_ackermann/lib:/home/jetson/slash_ws/install/vesc_msgs/lib:/usr/local/cuda/lib64:/usr/local/cuda/lib64:/usr/local/cuda/lib64:/usr/local/cuda/lib64:/usr/local/cuda-11.4/lib64:/usr/local/cuda/lib64:/usr/local/cuda/lib64:/usr/local/cuda/lib64:/usr/local/cuda/lib64:/home/jetson/slash_ws/install/teleop_tools_msgs/lib:/home/jetson/slash_ws/install/teb_local_planner/lib:/home/jetson/slash_ws/install/teb_msgs/lib:/home/jetson/slash_ws/install/pointcloud_to_laserscan/lib:/home/jetson/slash_ws/install/fast_lio/lib:/home/jetson/slash_ws/install/livox_ros_driver2/lib:/home/jetson/slash_ws/install/linefit_ground_segmentation/lib:/home/jetson/slash_ws/install/costmap_converter/lib:/home/jetson/slash_ws/install/costmap_converter_msgs/lib:/usr/lib/aarch64-linux-gnu/gazebo-11/plugins:/opt/ros/foxy/opt/yaml_cpp_vendor/lib:/opt/ros/foxy/opt/rviz_ogre_vendor/lib:/opt/ros/foxy/lib/aarch64-linux-gnu:/opt/ros/foxy/lib:/usr/local/cuda-11.4/lib64 PYTHONPATH=/home/jetson/slash_ws/install/vesc_msgs/lib/python3.8/site-packages:/home/jetson/slash_ws/install/f1tenth_stack/lib/python3.8/site-packages:/home/jetson/slash_ws/install/twist_to_ackermann/lib/python3.8/site-packages:/home/jetson/slash_ws/install/joy_teleop/lib/python3.8/site-packages:/home/jetson/slash_ws/install/teleop_tools_msgs/lib/python3.8/site-packages:/home/jetson/slash_ws/install/teb_msgs/lib/python3.8/site-packages:/home/jetson/slash_ws/install/roboracer_china_2025/lib/python3.8/site-packages:/home/jetson/slash_ws/install/mouse_teleop/lib/python3.8/site-packages:/home/jetson/slash_ws/install/fast_lio/lib/python3.8/site-packages:/home/jetson/slash_ws/install/livox_ros_driver2/lib/python3.8/site-packages:/home/jetson/slash_ws/install/key_teleop/lib/python3.8/site-packages:/home/jetson/slash_ws/install/costmap_converter_msgs/lib/python3.8/site-packages:/opt/ros/foxy/lib/python3.8/site-packages /usr/bin/cmake --build /home/jetson/slash_ws/build/vesc -- -j8 -l8
[9.729s] DEBUG:colcon.colcon_core.event_handler.log_command:Invoking command in '/home/jetson/slash_ws/build/vesc': CMAKE_PREFIX_PATH=/home/jetson/slash_ws/install/vesc_driver:/home/jetson/slash_ws/install/vesc_ackermann:/home/jetson/slash_ws/install/vesc_msgs:/home/jetson/slash_ws/install/vesc:/home/jetson/slash_ws/install/teleop_tools:/home/jetson/slash_ws/install/teleop_tools_msgs:/home/jetson/slash_ws/install/teb_local_planner:/home/jetson/slash_ws/install/teb_msgs:/home/jetson/slash_ws/install/slash_nav2:/home/jetson/slash_ws/install/simple_mpc:/home/jetson/slash_ws/install/pointcloud_to_laserscan:/home/jetson/slash_ws/install/fast_lio:/home/jetson/slash_ws/install/livox_ros_driver2:/home/jetson/slash_ws/install/linefit_ground_segmentation_ros:/home/jetson/slash_ws/install/linefit_ground_segmentation:/home/jetson/slash_ws/install/costmap_converter:/home/jetson/slash_ws/install/costmap_converter_msgs:/home/jetson/slash_ws/install/ackermann_mux:/home/jetson/slash_ws/install/f1tenth_stack:/home/jetson/slash_ws/install/twist_to_ackermann:/home/jetson/slash_ws/install/joy_teleop:/home/jetson/slash_ws/install/roboracer_china_2025:/home/jetson/slash_ws/install/mouse_teleop:/home/jetson/slash_ws/install/key_teleop:/opt/ros/foxy LD_LIBRARY_PATH=/home/jetson/slash_ws/install/vesc_driver/lib:/home/jetson/slash_ws/install/vesc_ackermann/lib:/home/jetson/slash_ws/install/vesc_msgs/lib:/usr/local/cuda/lib64:/usr/local/cuda/lib64:/usr/local/cuda/lib64:/usr/local/cuda/lib64:/usr/local/cuda-11.4/lib64:/usr/local/cuda/lib64:/usr/local/cuda/lib64:/usr/local/cuda/lib64:/usr/local/cuda/lib64:/home/jetson/slash_ws/install/teleop_tools_msgs/lib:/home/jetson/slash_ws/install/teb_local_planner/lib:/home/jetson/slash_ws/install/teb_msgs/lib:/home/jetson/slash_ws/install/pointcloud_to_laserscan/lib:/home/jetson/slash_ws/install/fast_lio/lib:/home/jetson/slash_ws/install/livox_ros_driver2/lib:/home/jetson/slash_ws/install/linefit_ground_segmentation/lib:/home/jetson/slash_ws/install/costmap_converter/lib:/home/jetson/slash_ws/install/costmap_converter_msgs/lib:/usr/lib/aarch64-linux-gnu/gazebo-11/plugins:/opt/ros/foxy/opt/yaml_cpp_vendor/lib:/opt/ros/foxy/opt/rviz_ogre_vendor/lib:/opt/ros/foxy/lib/aarch64-linux-gnu:/opt/ros/foxy/lib:/usr/local/cuda-11.4/lib64 PYTHONPATH=/home/jetson/slash_ws/install/vesc_msgs/lib/python3.8/site-packages:/home/jetson/slash_ws/install/f1tenth_stack/lib/python3.8/site-packages:/home/jetson/slash_ws/install/twist_to_ackermann/lib/python3.8/site-packages:/home/jetson/slash_ws/install/joy_teleop/lib/python3.8/site-packages:/home/jetson/slash_ws/install/teleop_tools_msgs/lib/python3.8/site-packages:/home/jetson/slash_ws/install/teb_msgs/lib/python3.8/site-packages:/home/jetson/slash_ws/install/roboracer_china_2025/lib/python3.8/site-packages:/home/jetson/slash_ws/install/mouse_teleop/lib/python3.8/site-packages:/home/jetson/slash_ws/install/fast_lio/lib/python3.8/site-packages:/home/jetson/slash_ws/install/livox_ros_driver2/lib/python3.8/site-packages:/home/jetson/slash_ws/install/key_teleop/lib/python3.8/site-packages:/home/jetson/slash_ws/install/costmap_converter_msgs/lib/python3.8/site-packages:/opt/ros/foxy/lib/python3.8/site-packages /usr/bin/cmake --install /home/jetson/slash_ws/build/vesc
[9.735s] DEBUG:colcon.colcon_core.event_handler.log_command:Invoked command in '/home/jetson/slash_ws/build/slash_nav2' returned '0': CMAKE_PREFIX_PATH=${CMAKE_PREFIX_PATH}:/home/jetson/slash_ws/install/f1tenth_stack:/home/jetson/slash_ws/install/twist_to_ackermann:/home/jetson/slash_ws/install/joy_teleop:/home/jetson/slash_ws/install/roboracer_china_2025:/home/jetson/slash_ws/install/mouse_teleop:/home/jetson/slash_ws/install/key_teleop:/opt/ros/foxy /usr/bin/cmake --build /home/jetson/slash_ws/build/slash_nav2 -- -j8 -l8
[9.741s] DEBUG:colcon.colcon_core.event_handler.log_command:Invoking command in '/home/jetson/slash_ws/build/slash_nav2': CMAKE_PREFIX_PATH=${CMAKE_PREFIX_PATH}:/home/jetson/slash_ws/install/f1tenth_stack:/home/jetson/slash_ws/install/twist_to_ackermann:/home/jetson/slash_ws/install/joy_teleop:/home/jetson/slash_ws/install/roboracer_china_2025:/home/jetson/slash_ws/install/mouse_teleop:/home/jetson/slash_ws/install/key_teleop:/opt/ros/foxy /usr/bin/cmake --install /home/jetson/slash_ws/build/slash_nav2
[9.842s] DEBUG:colcon.colcon_core.event_handler.log_command:Invoking command in '/home/jetson/slash_ws/build/linefit_ground_segmentation_ros': CMAKE_PREFIX_PATH=/home/jetson/slash_ws/install/linefit_ground_segmentation:/home/jetson/slash_ws/install/vesc:/home/jetson/slash_ws/install/vesc_driver:/home/jetson/slash_ws/install/vesc_ackermann:/home/jetson/slash_ws/install/vesc_msgs:/home/jetson/slash_ws/install/teleop_tools:/home/jetson/slash_ws/install/teleop_tools_msgs:/home/jetson/slash_ws/install/teb_local_planner:/home/jetson/slash_ws/install/teb_msgs:/home/jetson/slash_ws/install/slash_nav2:/home/jetson/slash_ws/install/simple_mpc:/home/jetson/slash_ws/install/pointcloud_to_laserscan:/home/jetson/slash_ws/install/fast_lio:/home/jetson/slash_ws/install/livox_ros_driver2:/home/jetson/slash_ws/install/linefit_ground_segmentation_ros:/home/jetson/slash_ws/install/costmap_converter:/home/jetson/slash_ws/install/costmap_converter_msgs:/home/jetson/slash_ws/install/ackermann_mux:/home/jetson/slash_ws/install/f1tenth_stack:/home/jetson/slash_ws/install/twist_to_ackermann:/home/jetson/slash_ws/install/joy_teleop:/home/jetson/slash_ws/install/roboracer_china_2025:/home/jetson/slash_ws/install/mouse_teleop:/home/jetson/slash_ws/install/key_teleop:/opt/ros/foxy LD_LIBRARY_PATH=/home/jetson/slash_ws/install/linefit_ground_segmentation/lib:/usr/local/cuda/lib64:/usr/local/cuda/lib64:/usr/local/cuda/lib64:/usr/local/cuda/lib64:/usr/local/cuda-11.4/lib64:/usr/local/cuda/lib64:/usr/local/cuda/lib64:/usr/local/cuda/lib64:/usr/local/cuda/lib64:/home/jetson/slash_ws/install/vesc_driver/lib:/home/jetson/slash_ws/install/vesc_ackermann/lib:/home/jetson/slash_ws/install/vesc_msgs/lib:/home/jetson/slash_ws/install/teleop_tools_msgs/lib:/home/jetson/slash_ws/install/teb_local_planner/lib:/home/jetson/slash_ws/install/teb_msgs/lib:/home/jetson/slash_ws/install/pointcloud_to_laserscan/lib:/home/jetson/slash_ws/install/fast_lio/lib:/home/jetson/slash_ws/install/livox_ros_driver2/lib:/home/jetson/slash_ws/install/costmap_converter/lib:/home/jetson/slash_ws/install/costmap_converter_msgs/lib:/usr/lib/aarch64-linux-gnu/gazebo-11/plugins:/opt/ros/foxy/opt/yaml_cpp_vendor/lib:/opt/ros/foxy/opt/rviz_ogre_vendor/lib:/opt/ros/foxy/lib/aarch64-linux-gnu:/opt/ros/foxy/lib:/usr/local/cuda-11.4/lib64 /usr/bin/cmake --build /home/jetson/slash_ws/build/linefit_ground_segmentation_ros -- -j8 -l8
[9.923s] Level 1:colcon.colcon_core.environment:checking '/home/jetson/slash_ws/install/joy_teleop' for CMake module files
[9.924s] DEBUG:colcon.colcon_core.event_handler.log_command:Invoked command in '/home/jetson/slash_ws/src/slash_hardware/f1tenth_system/teleop_tools/joy_teleop' returned '0': CMAKE_PREFIX_PATH=/home/jetson/slash_ws/install/teleop_tools_msgs:/home/jetson/slash_ws/install/vesc:/home/jetson/slash_ws/install/vesc_driver:/home/jetson/slash_ws/install/vesc_ackermann:/home/jetson/slash_ws/install/vesc_msgs:/home/jetson/slash_ws/install/teleop_tools:/home/jetson/slash_ws/install/teb_local_planner:/home/jetson/slash_ws/install/teb_msgs:/home/jetson/slash_ws/install/slash_nav2:/home/jetson/slash_ws/install/simple_mpc:/home/jetson/slash_ws/install/pointcloud_to_laserscan:/home/jetson/slash_ws/install/fast_lio:/home/jetson/slash_ws/install/livox_ros_driver2:/home/jetson/slash_ws/install/linefit_ground_segmentation_ros:/home/jetson/slash_ws/install/linefit_ground_segmentation:/home/jetson/slash_ws/install/costmap_converter:/home/jetson/slash_ws/install/costmap_converter_msgs:/home/jetson/slash_ws/install/ackermann_mux LD_LIBRARY_PATH=/home/jetson/slash_ws/install/teleop_tools_msgs/lib:/usr/local/cuda/lib64:/usr/local/cuda/lib64:/usr/local/cuda/lib64:/usr/local/cuda/lib64:/usr/local/cuda-11.4/lib64:/usr/local/cuda/lib64:/usr/local/cuda/lib64:/usr/local/cuda/lib64:/usr/local/cuda/lib64:/home/jetson/slash_ws/install/vesc_driver/lib:/home/jetson/slash_ws/install/vesc_ackermann/lib:/home/jetson/slash_ws/install/vesc_msgs/lib:/home/jetson/slash_ws/install/teb_local_planner/lib:/home/jetson/slash_ws/install/teb_msgs/lib:/home/jetson/slash_ws/install/pointcloud_to_laserscan/lib:/home/jetson/slash_ws/install/fast_lio/lib:/home/jetson/slash_ws/install/livox_ros_driver2/lib:/home/jetson/slash_ws/install/linefit_ground_segmentation/lib:/home/jetson/slash_ws/install/costmap_converter/lib:/home/jetson/slash_ws/install/costmap_converter_msgs/lib:/usr/lib/aarch64-linux-gnu/gazebo-11/plugins:/opt/ros/foxy/opt/yaml_cpp_vendor/lib:/opt/ros/foxy/opt/rviz_ogre_vendor/lib:/opt/ros/foxy/lib/aarch64-linux-gnu:/opt/ros/foxy/lib:/usr/local/cuda-11.4/lib64 PYTHONPATH=/home/jetson/slash_ws/build/joy_teleop/prefix_override:/usr/lib/python3/dist-packages/colcon_core/task/python/colcon_distutils_commands:/home/jetson/slash_ws/install/joy_teleop/lib/python3.8/site-packages:/home/jetson/slash_ws/install/teleop_tools_msgs/lib/python3.8/site-packages:/home/jetson/slash_ws/install/f1tenth_stack/lib/python3.8/site-packages:/home/jetson/slash_ws/install/vesc_msgs/lib/python3.8/site-packages:/home/jetson/slash_ws/install/twist_to_ackermann/lib/python3.8/site-packages:/home/jetson/slash_ws/install/joy_teleop/lib/python3.8/site-packages:/home/jetson/slash_ws/install/teb_msgs/lib/python3.8/site-packages:/home/jetson/slash_ws/install/roboracer_china_2025/lib/python3.8/site-packages:/home/jetson/slash_ws/install/mouse_teleop/lib/python3.8/site-packages:/home/jetson/slash_ws/install/fast_lio/lib/python3.8/site-packages:/home/jetson/slash_ws/install/livox_ros_driver2/lib/python3.8/site-packages:/home/jetson/slash_ws/install/key_teleop/lib/python3.8/site-packages:/home/jetson/slash_ws/install/costmap_converter_msgs/lib/python3.8/site-packages:/opt/ros/foxy/lib/python3.8/site-packages /usr/bin/python3 -W ignore:setup.py install is deprecated -W ignore:easy_install command is deprecated setup.py egg_info --egg-base ../../../../../build/joy_teleop build --build-base /home/jetson/slash_ws/build/joy_teleop/build install --record /home/jetson/slash_ws/build/joy_teleop/install.log --single-version-externally-managed install_data
[9.926s] Level 1:colcon.colcon_core.environment:checking '/home/jetson/slash_ws/install/joy_teleop' for CMake config files
[9.928s] Level 1:colcon.colcon_core.environment:checking '/home/jetson/slash_ws/install/joy_teleop/lib'
[9.928s] Level 1:colcon.colcon_core.environment:checking '/home/jetson/slash_ws/install/joy_teleop/bin'
[9.928s] Level 1:colcon.colcon_core.environment:checking '/home/jetson/slash_ws/install/joy_teleop/lib/pkgconfig/joy_teleop.pc'
[9.929s] Level 1:colcon.colcon_core.environment:checking '/home/jetson/slash_ws/install/joy_teleop/lib/python3.8/site-packages'
[9.931s] Level 1:colcon.colcon_core.shell:create_environment_hook('joy_teleop', 'pythonpath')
[9.932s] INFO:colcon.colcon_core.shell:Creating environment hook '/home/jetson/slash_ws/install/joy_teleop/share/joy_teleop/hook/pythonpath.ps1'
[9.937s] INFO:colcon.colcon_core.shell:Creating environment descriptor '/home/jetson/slash_ws/install/joy_teleop/share/joy_teleop/hook/pythonpath.dsv'
[9.940s] INFO:colcon.colcon_core.shell:Creating environment hook '/home/jetson/slash_ws/install/joy_teleop/share/joy_teleop/hook/pythonpath.sh'
[9.944s] Level 1:colcon.colcon_core.environment:checking '/home/jetson/slash_ws/install/joy_teleop/bin'
[9.944s] Level 1:colcon.colcon_core.environment:create_environment_scripts_only(joy_teleop)
[9.946s] INFO:colcon.colcon_core.shell:Creating package script '/home/jetson/slash_ws/install/joy_teleop/share/joy_teleop/package.ps1'
[9.950s] INFO:colcon.colcon_core.shell:Creating package descriptor '/home/jetson/slash_ws/install/joy_teleop/share/joy_teleop/package.dsv'
[9.953s] INFO:colcon.colcon_core.shell:Creating package script '/home/jetson/slash_ws/install/joy_teleop/share/joy_teleop/package.sh'
[9.957s] INFO:colcon.colcon_core.shell:Creating package script '/home/jetson/slash_ws/install/joy_teleop/share/joy_teleop/package.bash'
[9.959s] INFO:colcon.colcon_core.shell:Creating package script '/home/jetson/slash_ws/install/joy_teleop/share/joy_teleop/package.zsh'
[9.960s] Level 1:colcon.colcon_core.environment:create_file_with_runtime_dependencies(/home/jetson/slash_ws/install/joy_teleop/share/colcon-core/packages/joy_teleop)
[9.965s] Level 1:colcon.colcon_core.environment:create_environment_scripts_only(vesc)
[9.966s] DEBUG:colcon.colcon_core.event_handler.log_command:Invoked command in '/home/jetson/slash_ws/build/vesc' returned '0': CMAKE_PREFIX_PATH=/home/jetson/slash_ws/install/vesc_driver:/home/jetson/slash_ws/install/vesc_ackermann:/home/jetson/slash_ws/install/vesc_msgs:/home/jetson/slash_ws/install/vesc:/home/jetson/slash_ws/install/teleop_tools:/home/jetson/slash_ws/install/teleop_tools_msgs:/home/jetson/slash_ws/install/teb_local_planner:/home/jetson/slash_ws/install/teb_msgs:/home/jetson/slash_ws/install/slash_nav2:/home/jetson/slash_ws/install/simple_mpc:/home/jetson/slash_ws/install/pointcloud_to_laserscan:/home/jetson/slash_ws/install/fast_lio:/home/jetson/slash_ws/install/livox_ros_driver2:/home/jetson/slash_ws/install/linefit_ground_segmentation_ros:/home/jetson/slash_ws/install/linefit_ground_segmentation:/home/jetson/slash_ws/install/costmap_converter:/home/jetson/slash_ws/install/costmap_converter_msgs:/home/jetson/slash_ws/install/ackermann_mux:/home/jetson/slash_ws/install/f1tenth_stack:/home/jetson/slash_ws/install/twist_to_ackermann:/home/jetson/slash_ws/install/joy_teleop:/home/jetson/slash_ws/install/roboracer_china_2025:/home/jetson/slash_ws/install/mouse_teleop:/home/jetson/slash_ws/install/key_teleop:/opt/ros/foxy LD_LIBRARY_PATH=/home/jetson/slash_ws/install/vesc_driver/lib:/home/jetson/slash_ws/install/vesc_ackermann/lib:/home/jetson/slash_ws/install/vesc_msgs/lib:/usr/local/cuda/lib64:/usr/local/cuda/lib64:/usr/local/cuda/lib64:/usr/local/cuda/lib64:/usr/local/cuda-11.4/lib64:/usr/local/cuda/lib64:/usr/local/cuda/lib64:/usr/local/cuda/lib64:/usr/local/cuda/lib64:/home/jetson/slash_ws/install/teleop_tools_msgs/lib:/home/jetson/slash_ws/install/teb_local_planner/lib:/home/jetson/slash_ws/install/teb_msgs/lib:/home/jetson/slash_ws/install/pointcloud_to_laserscan/lib:/home/jetson/slash_ws/install/fast_lio/lib:/home/jetson/slash_ws/install/livox_ros_driver2/lib:/home/jetson/slash_ws/install/linefit_ground_segmentation/lib:/home/jetson/slash_ws/install/costmap_converter/lib:/home/jetson/slash_ws/install/costmap_converter_msgs/lib:/usr/lib/aarch64-linux-gnu/gazebo-11/plugins:/opt/ros/foxy/opt/yaml_cpp_vendor/lib:/opt/ros/foxy/opt/rviz_ogre_vendor/lib:/opt/ros/foxy/lib/aarch64-linux-gnu:/opt/ros/foxy/lib:/usr/local/cuda-11.4/lib64 PYTHONPATH=/home/jetson/slash_ws/install/vesc_msgs/lib/python3.8/site-packages:/home/jetson/slash_ws/install/f1tenth_stack/lib/python3.8/site-packages:/home/jetson/slash_ws/install/twist_to_ackermann/lib/python3.8/site-packages:/home/jetson/slash_ws/install/joy_teleop/lib/python3.8/site-packages:/home/jetson/slash_ws/install/teleop_tools_msgs/lib/python3.8/site-packages:/home/jetson/slash_ws/install/teb_msgs/lib/python3.8/site-packages:/home/jetson/slash_ws/install/roboracer_china_2025/lib/python3.8/site-packages:/home/jetson/slash_ws/install/mouse_teleop/lib/python3.8/site-packages:/home/jetson/slash_ws/install/fast_lio/lib/python3.8/site-packages:/home/jetson/slash_ws/install/livox_ros_driver2/lib/python3.8/site-packages:/home/jetson/slash_ws/install/key_teleop/lib/python3.8/site-packages:/home/jetson/slash_ws/install/costmap_converter_msgs/lib/python3.8/site-packages:/opt/ros/foxy/lib/python3.8/site-packages /usr/bin/cmake --install /home/jetson/slash_ws/build/vesc
[9.968s] Level 1:colcon.colcon_core.environment:checking '/home/jetson/slash_ws/install/vesc' for CMake module files
[9.972s] Level 1:colcon.colcon_core.environment:checking '/home/jetson/slash_ws/install/vesc' for CMake config files
[9.975s] Level 1:colcon.colcon_core.shell:create_environment_hook('vesc', 'cmake_prefix_path')
[9.976s] INFO:colcon.colcon_core.shell:Creating environment hook '/home/jetson/slash_ws/install/vesc/share/vesc/hook/cmake_prefix_path.ps1'
[9.978s] INFO:colcon.colcon_core.shell:Creating environment descriptor '/home/jetson/slash_ws/install/vesc/share/vesc/hook/cmake_prefix_path.dsv'
[9.979s] INFO:colcon.colcon_core.shell:Creating environment hook '/home/jetson/slash_ws/install/vesc/share/vesc/hook/cmake_prefix_path.sh'
[9.982s] Level 1:colcon.colcon_core.environment:checking '/home/jetson/slash_ws/install/vesc/bin'
[9.983s] Level 1:colcon.colcon_core.environment:checking '/home/jetson/slash_ws/install/vesc/lib/pkgconfig/vesc.pc'
[9.983s] Level 1:colcon.colcon_core.environment:checking '/home/jetson/slash_ws/install/vesc/lib/python3.8/site-packages'
[9.985s] Level 1:colcon.colcon_core.environment:checking '/home/jetson/slash_ws/install/vesc/bin'
[9.987s] INFO:colcon.colcon_core.shell:Creating package script '/home/jetson/slash_ws/install/vesc/share/vesc/package.ps1'
[9.990s] INFO:colcon.colcon_core.shell:Creating package descriptor '/home/jetson/slash_ws/install/vesc/share/vesc/package.dsv'
[9.992s] INFO:colcon.colcon_core.shell:Creating package script '/home/jetson/slash_ws/install/vesc/share/vesc/package.sh'
[9.994s] INFO:colcon.colcon_core.shell:Creating package script '/home/jetson/slash_ws/install/vesc/share/vesc/package.bash'
[9.997s] INFO:colcon.colcon_core.shell:Creating package script '/home/jetson/slash_ws/install/vesc/share/vesc/package.zsh'
[9.999s] Level 1:colcon.colcon_core.environment:create_file_with_runtime_dependencies(/home/jetson/slash_ws/install/vesc/share/colcon-core/packages/vesc)
[10.001s] Level 1:colcon.colcon_core.environment:create_environment_scripts_only(vesc)
[10.002s] Level 1:colcon.colcon_core.environment:checking '/home/jetson/slash_ws/install/vesc' for CMake module files
[10.004s] Level 1:colcon.colcon_core.environment:checking '/home/jetson/slash_ws/install/vesc' for CMake config files
[10.005s] Level 1:colcon.colcon_core.shell:create_environment_hook('vesc', 'cmake_prefix_path')
[10.006s] INFO:colcon.colcon_core.shell:Creating environment hook '/home/jetson/slash_ws/install/vesc/share/vesc/hook/cmake_prefix_path.ps1'
[10.008s] INFO:colcon.colcon_core.shell:Creating environment descriptor '/home/jetson/slash_ws/install/vesc/share/vesc/hook/cmake_prefix_path.dsv'
[10.009s] INFO:colcon.colcon_core.shell:Creating environment hook '/home/jetson/slash_ws/install/vesc/share/vesc/hook/cmake_prefix_path.sh'
[10.012s] Level 1:colcon.colcon_core.environment:checking '/home/jetson/slash_ws/install/vesc/bin'
[10.012s] Level 1:colcon.colcon_core.environment:checking '/home/jetson/slash_ws/install/vesc/lib/pkgconfig/vesc.pc'
[10.014s] Level 1:colcon.colcon_core.environment:checking '/home/jetson/slash_ws/install/vesc/lib/python3.8/site-packages'
[10.014s] Level 1:colcon.colcon_core.environment:checking '/home/jetson/slash_ws/install/vesc/bin'
[10.016s] INFO:colcon.colcon_core.shell:Creating package script '/home/jetson/slash_ws/install/vesc/share/vesc/package.ps1'
[10.020s] INFO:colcon.colcon_core.shell:Creating package descriptor '/home/jetson/slash_ws/install/vesc/share/vesc/package.dsv'
[10.023s] INFO:colcon.colcon_core.shell:Creating package script '/home/jetson/slash_ws/install/vesc/share/vesc/package.sh'
[10.026s] INFO:colcon.colcon_core.shell:Creating package script '/home/jetson/slash_ws/install/vesc/share/vesc/package.bash'
[10.029s] INFO:colcon.colcon_core.shell:Creating package script '/home/jetson/slash_ws/install/vesc/share/vesc/package.zsh'
[10.032s] Level 1:colcon.colcon_core.environment:create_file_with_runtime_dependencies(/home/jetson/slash_ws/install/vesc/share/colcon-core/packages/vesc)
[10.039s] INFO:colcon.colcon_ros.task.ament_cmake.build:Building ROS package in '/home/jetson/slash_ws/src/slash_hardware/f1tenth_system/teleop_tools/teleop_tools' with build type 'ament_cmake'
[10.041s] INFO:colcon.colcon_cmake.task.cmake.build:Building CMake package in '/home/jetson/slash_ws/src/slash_hardware/f1tenth_system/teleop_tools/teleop_tools'
[10.042s] INFO:colcon.colcon_core.shell:Skip shell extension 'powershell' for command environment: Not usable outside of PowerShell
[10.043s] DEBUG:colcon.colcon_core.shell:Skip shell extension 'dsv' for command environment
[10.080s] INFO:colcon.colcon_ros.task.ament_python.build:Building ROS package in '/home/jetson/slash_ws/src/slash_hardware/f1tenth_system/f1tenth_stack' with build type 'ament_python'
[10.082s] Level 1:colcon.colcon_core.shell:create_environment_hook('f1tenth_stack', 'ament_prefix_path')
[10.084s] INFO:colcon.colcon_core.shell:Creating environment hook '/home/jetson/slash_ws/install/f1tenth_stack/share/f1tenth_stack/hook/ament_prefix_path.ps1'
[10.088s] INFO:colcon.colcon_core.shell:Creating environment descriptor '/home/jetson/slash_ws/install/f1tenth_stack/share/f1tenth_stack/hook/ament_prefix_path.dsv'
[10.091s] INFO:colcon.colcon_core.shell:Creating environment hook '/home/jetson/slash_ws/install/f1tenth_stack/share/f1tenth_stack/hook/ament_prefix_path.sh'
[10.094s] INFO:colcon.colcon_core.shell:Skip shell extension 'powershell' for command environment: Not usable outside of PowerShell
[10.095s] DEBUG:colcon.colcon_core.shell:Skip shell extension 'dsv' for command environment
[10.149s] Level 1:colcon.colcon_core.environment:create_environment_scripts_only(slash_nav2)
[10.151s] Level 1:colcon.colcon_core.environment:checking '/home/jetson/slash_ws/install/slash_nav2' for CMake module files
[10.152s] DEBUG:colcon.colcon_core.event_handler.log_command:Invoked command in '/home/jetson/slash_ws/build/slash_nav2' returned '0': CMAKE_PREFIX_PATH=${CMAKE_PREFIX_PATH}:/home/jetson/slash_ws/install/f1tenth_stack:/home/jetson/slash_ws/install/twist_to_ackermann:/home/jetson/slash_ws/install/joy_teleop:/home/jetson/slash_ws/install/roboracer_china_2025:/home/jetson/slash_ws/install/mouse_teleop:/home/jetson/slash_ws/install/key_teleop:/opt/ros/foxy /usr/bin/cmake --install /home/jetson/slash_ws/build/slash_nav2
[10.154s] Level 1:colcon.colcon_core.environment:checking '/home/jetson/slash_ws/install/slash_nav2' for CMake config files
[10.154s] Level 1:colcon.colcon_core.shell:create_environment_hook('slash_nav2', 'cmake_prefix_path')
[10.155s] INFO:colcon.colcon_core.shell:Creating environment hook '/home/jetson/slash_ws/install/slash_nav2/share/slash_nav2/hook/cmake_prefix_path.ps1'
[10.158s] INFO:colcon.colcon_core.shell:Creating environment descriptor '/home/jetson/slash_ws/install/slash_nav2/share/slash_nav2/hook/cmake_prefix_path.dsv'
[10.159s] INFO:colcon.colcon_core.shell:Creating environment hook '/home/jetson/slash_ws/install/slash_nav2/share/slash_nav2/hook/cmake_prefix_path.sh'
[10.162s] Level 1:colcon.colcon_core.environment:checking '/home/jetson/slash_ws/install/slash_nav2/bin'
[10.162s] Level 1:colcon.colcon_core.environment:checking '/home/jetson/slash_ws/install/slash_nav2/lib/pkgconfig/slash_nav2.pc'
[10.163s] Level 1:colcon.colcon_core.environment:checking '/home/jetson/slash_ws/install/slash_nav2/lib/python3.8/site-packages'
[10.163s] Level 1:colcon.colcon_core.environment:checking '/home/jetson/slash_ws/install/slash_nav2/bin'
[10.166s] INFO:colcon.colcon_core.shell:Creating package script '/home/jetson/slash_ws/install/slash_nav2/share/slash_nav2/package.ps1'
[10.175s] INFO:colcon.colcon_core.shell:Creating package descriptor '/home/jetson/slash_ws/install/slash_nav2/share/slash_nav2/package.dsv'
[10.176s] INFO:colcon.colcon_core.shell:Creating package script '/home/jetson/slash_ws/install/slash_nav2/share/slash_nav2/package.sh'
[10.178s] INFO:colcon.colcon_core.shell:Creating package script '/home/jetson/slash_ws/install/slash_nav2/share/slash_nav2/package.bash'
[10.179s] INFO:colcon.colcon_core.shell:Creating package script '/home/jetson/slash_ws/install/slash_nav2/share/slash_nav2/package.zsh'
[10.180s] Level 1:colcon.colcon_core.environment:create_file_with_runtime_dependencies(/home/jetson/slash_ws/install/slash_nav2/share/colcon-core/packages/slash_nav2)
[10.183s] Level 1:colcon.colcon_core.environment:create_environment_scripts_only(slash_nav2)
[10.184s] Level 1:colcon.colcon_core.environment:checking '/home/jetson/slash_ws/install/slash_nav2' for CMake module files
[10.185s] Level 1:colcon.colcon_core.environment:checking '/home/jetson/slash_ws/install/slash_nav2' for CMake config files
[10.186s] Level 1:colcon.colcon_core.shell:create_environment_hook('slash_nav2', 'cmake_prefix_path')
[10.186s] INFO:colcon.colcon_core.shell:Creating environment hook '/home/jetson/slash_ws/install/slash_nav2/share/slash_nav2/hook/cmake_prefix_path.ps1'
[10.190s] INFO:colcon.colcon_core.shell:Creating environment descriptor '/home/jetson/slash_ws/install/slash_nav2/share/slash_nav2/hook/cmake_prefix_path.dsv'
[10.193s] INFO:colcon.colcon_core.shell:Creating environment hook '/home/jetson/slash_ws/install/slash_nav2/share/slash_nav2/hook/cmake_prefix_path.sh'
[10.198s] Level 1:colcon.colcon_core.environment:checking '/home/jetson/slash_ws/install/slash_nav2/bin'
[10.198s] Level 1:colcon.colcon_core.environment:checking '/home/jetson/slash_ws/install/slash_nav2/lib/pkgconfig/slash_nav2.pc'
[10.199s] Level 1:colcon.colcon_core.environment:checking '/home/jetson/slash_ws/install/slash_nav2/lib/python3.8/site-packages'
[10.200s] Level 1:colcon.colcon_core.environment:checking '/home/jetson/slash_ws/install/slash_nav2/bin'
[10.202s] INFO:colcon.colcon_core.shell:Creating package script '/home/jetson/slash_ws/install/slash_nav2/share/slash_nav2/package.ps1'
[10.206s] INFO:colcon.colcon_core.shell:Creating package descriptor '/home/jetson/slash_ws/install/slash_nav2/share/slash_nav2/package.dsv'
[10.208s] INFO:colcon.colcon_core.shell:Creating package script '/home/jetson/slash_ws/install/slash_nav2/share/slash_nav2/package.sh'
[10.212s] INFO:colcon.colcon_core.shell:Creating package script '/home/jetson/slash_ws/install/slash_nav2/share/slash_nav2/package.bash'
[10.214s] INFO:colcon.colcon_core.shell:Creating package script '/home/jetson/slash_ws/install/slash_nav2/share/slash_nav2/package.zsh'
[10.218s] Level 1:colcon.colcon_core.environment:create_file_with_runtime_dependencies(/home/jetson/slash_ws/install/slash_nav2/share/colcon-core/packages/slash_nav2)
[10.234s] DEBUG:colcon.colcon_core.event_handler.log_command:Invoking command in '/home/jetson/slash_ws/build/teb_local_planner': CMAKE_PREFIX_PATH=/home/jetson/slash_ws/install/teb_msgs:/home/jetson/slash_ws/install/costmap_converter:/home/jetson/slash_ws/install/costmap_converter_msgs:/home/jetson/slash_ws/install/vesc:/home/jetson/slash_ws/install/vesc_driver:/home/jetson/slash_ws/install/vesc_ackermann:/home/jetson/slash_ws/install/vesc_msgs:/home/jetson/slash_ws/install/teleop_tools:/home/jetson/slash_ws/install/teleop_tools_msgs:/home/jetson/slash_ws/install/teb_local_planner:/home/jetson/slash_ws/install/slash_nav2:/home/jetson/slash_ws/install/simple_mpc:/home/jetson/slash_ws/install/pointcloud_to_laserscan:/home/jetson/slash_ws/install/fast_lio:/home/jetson/slash_ws/install/livox_ros_driver2:/home/jetson/slash_ws/install/linefit_ground_segmentation_ros:/home/jetson/slash_ws/install/linefit_ground_segmentation:/home/jetson/slash_ws/install/ackermann_mux:/home/jetson/slash_ws/install/f1tenth_stack:/home/jetson/slash_ws/install/twist_to_ackermann:/home/jetson/slash_ws/install/joy_teleop:/home/jetson/slash_ws/install/roboracer_china_2025:/home/jetson/slash_ws/install/mouse_teleop:/home/jetson/slash_ws/install/key_teleop:/opt/ros/foxy LD_LIBRARY_PATH=/home/jetson/slash_ws/install/teb_msgs/lib:/home/jetson/slash_ws/install/costmap_converter/lib:/home/jetson/slash_ws/install/costmap_converter_msgs/lib:/usr/local/cuda/lib64:/usr/local/cuda/lib64:/usr/local/cuda/lib64:/usr/local/cuda/lib64:/usr/local/cuda-11.4/lib64:/usr/local/cuda/lib64:/usr/local/cuda/lib64:/usr/local/cuda/lib64:/usr/local/cuda/lib64:/home/jetson/slash_ws/install/vesc_driver/lib:/home/jetson/slash_ws/install/vesc_ackermann/lib:/home/jetson/slash_ws/install/vesc_msgs/lib:/home/jetson/slash_ws/install/teleop_tools_msgs/lib:/home/jetson/slash_ws/install/teb_local_planner/lib:/home/jetson/slash_ws/install/pointcloud_to_laserscan/lib:/home/jetson/slash_ws/install/fast_lio/lib:/home/jetson/slash_ws/install/livox_ros_driver2/lib:/home/jetson/slash_ws/install/linefit_ground_segmentation/lib:/usr/lib/aarch64-linux-gnu/gazebo-11/plugins:/opt/ros/foxy/opt/yaml_cpp_vendor/lib:/opt/ros/foxy/opt/rviz_ogre_vendor/lib:/opt/ros/foxy/lib/aarch64-linux-gnu:/opt/ros/foxy/lib:/usr/local/cuda-11.4/lib64 PATH=/home/jetson/slash_ws/install/costmap_converter/bin:/usr/local/cuda/bin:/usr/local/cuda/bin:/usr/local/cuda/bin:/usr/local/cuda/bin:/usr/local/cuda-11.4/bin:/home/jetson/.local/bin:/home/jetson/.nvm/versions/node/v22.22.2/bin:/usr/local/cuda/bin:/usr/local/cuda/bin:/usr/local/cuda/bin:/usr/local/cuda/bin:/opt/ros/foxy/bin:/home/jetson/miniforge3/condabin:/usr/local/cuda-11.4/bin:/home/jetson/.local/bin:/usr/local/sbin:/usr/local/bin:/usr/sbin:/usr/bin:/sbin:/bin:/usr/games:/usr/local/games:/snap/bin:/home/jetson/.vscode/extensions/ms-python.debugpy-2026.6.0-linux-arm64/bundled/scripts/noConfigScripts:/home/jetson/.config/Code/User/globalStorage/github.copilot-chat/debugCommand PYTHONPATH=/home/jetson/slash_ws/install/teb_msgs/lib/python3.8/site-packages:/home/jetson/slash_ws/install/costmap_converter_msgs/lib/python3.8/site-packages:/home/jetson/slash_ws/install/f1tenth_stack/lib/python3.8/site-packages:/home/jetson/slash_ws/install/vesc_msgs/lib/python3.8/site-packages:/home/jetson/slash_ws/install/twist_to_ackermann/lib/python3.8/site-packages:/home/jetson/slash_ws/install/joy_teleop/lib/python3.8/site-packages:/home/jetson/slash_ws/install/teleop_tools_msgs/lib/python3.8/site-packages:/home/jetson/slash_ws/install/roboracer_china_2025/lib/python3.8/site-packages:/home/jetson/slash_ws/install/mouse_teleop/lib/python3.8/site-packages:/home/jetson/slash_ws/install/fast_lio/lib/python3.8/site-packages:/home/jetson/slash_ws/install/livox_ros_driver2/lib/python3.8/site-packages:/home/jetson/slash_ws/install/key_teleop/lib/python3.8/site-packages:/opt/ros/foxy/lib/python3.8/site-packages /usr/bin/cmake --build /home/jetson/slash_ws/build/teb_local_planner -- -j8 -l8
[10.261s] DEBUG:colcon.colcon_core.event_handler.log_command:Invoked command in '/home/jetson/slash_ws/build/linefit_ground_segmentation_ros' returned '0': CMAKE_PREFIX_PATH=/home/jetson/slash_ws/install/linefit_ground_segmentation:/home/jetson/slash_ws/install/vesc:/home/jetson/slash_ws/install/vesc_driver:/home/jetson/slash_ws/install/vesc_ackermann:/home/jetson/slash_ws/install/vesc_msgs:/home/jetson/slash_ws/install/teleop_tools:/home/jetson/slash_ws/install/teleop_tools_msgs:/home/jetson/slash_ws/install/teb_local_planner:/home/jetson/slash_ws/install/teb_msgs:/home/jetson/slash_ws/install/slash_nav2:/home/jetson/slash_ws/install/simple_mpc:/home/jetson/slash_ws/install/pointcloud_to_laserscan:/home/jetson/slash_ws/install/fast_lio:/home/jetson/slash_ws/install/livox_ros_driver2:/home/jetson/slash_ws/install/linefit_ground_segmentation_ros:/home/jetson/slash_ws/install/costmap_converter:/home/jetson/slash_ws/install/costmap_converter_msgs:/home/jetson/slash_ws/install/ackermann_mux:/home/jetson/slash_ws/install/f1tenth_stack:/home/jetson/slash_ws/install/twist_to_ackermann:/home/jetson/slash_ws/install/joy_teleop:/home/jetson/slash_ws/install/roboracer_china_2025:/home/jetson/slash_ws/install/mouse_teleop:/home/jetson/slash_ws/install/key_teleop:/opt/ros/foxy LD_LIBRARY_PATH=/home/jetson/slash_ws/install/linefit_ground_segmentation/lib:/usr/local/cuda/lib64:/usr/local/cuda/lib64:/usr/local/cuda/lib64:/usr/local/cuda/lib64:/usr/local/cuda-11.4/lib64:/usr/local/cuda/lib64:/usr/local/cuda/lib64:/usr/local/cuda/lib64:/usr/local/cuda/lib64:/home/jetson/slash_ws/install/vesc_driver/lib:/home/jetson/slash_ws/install/vesc_ackermann/lib:/home/jetson/slash_ws/install/vesc_msgs/lib:/home/jetson/slash_ws/install/teleop_tools_msgs/lib:/home/jetson/slash_ws/install/teb_local_planner/lib:/home/jetson/slash_ws/install/teb_msgs/lib:/home/jetson/slash_ws/install/pointcloud_to_laserscan/lib:/home/jetson/slash_ws/install/fast_lio/lib:/home/jetson/slash_ws/install/livox_ros_driver2/lib:/home/jetson/slash_ws/install/costmap_converter/lib:/home/jetson/slash_ws/install/costmap_converter_msgs/lib:/usr/lib/aarch64-linux-gnu/gazebo-11/plugins:/opt/ros/foxy/opt/yaml_cpp_vendor/lib:/opt/ros/foxy/opt/rviz_ogre_vendor/lib:/opt/ros/foxy/lib/aarch64-linux-gnu:/opt/ros/foxy/lib:/usr/local/cuda-11.4/lib64 /usr/bin/cmake --build /home/jetson/slash_ws/build/linefit_ground_segmentation_ros -- -j8 -l8
[10.266s] DEBUG:colcon.colcon_core.event_handler.log_command:Invoking command in '/home/jetson/slash_ws/build/linefit_ground_segmentation_ros': CMAKE_PREFIX_PATH=/home/jetson/slash_ws/install/linefit_ground_segmentation:/home/jetson/slash_ws/install/vesc:/home/jetson/slash_ws/install/vesc_driver:/home/jetson/slash_ws/install/vesc_ackermann:/home/jetson/slash_ws/install/vesc_msgs:/home/jetson/slash_ws/install/teleop_tools:/home/jetson/slash_ws/install/teleop_tools_msgs:/home/jetson/slash_ws/install/teb_local_planner:/home/jetson/slash_ws/install/teb_msgs:/home/jetson/slash_ws/install/slash_nav2:/home/jetson/slash_ws/install/simple_mpc:/home/jetson/slash_ws/install/pointcloud_to_laserscan:/home/jetson/slash_ws/install/fast_lio:/home/jetson/slash_ws/install/livox_ros_driver2:/home/jetson/slash_ws/install/linefit_ground_segmentation_ros:/home/jetson/slash_ws/install/costmap_converter:/home/jetson/slash_ws/install/costmap_converter_msgs:/home/jetson/slash_ws/install/ackermann_mux:/home/jetson/slash_ws/install/f1tenth_stack:/home/jetson/slash_ws/install/twist_to_ackermann:/home/jetson/slash_ws/install/joy_teleop:/home/jetson/slash_ws/install/roboracer_china_2025:/home/jetson/slash_ws/install/mouse_teleop:/home/jetson/slash_ws/install/key_teleop:/opt/ros/foxy LD_LIBRARY_PATH=/home/jetson/slash_ws/install/linefit_ground_segmentation/lib:/usr/local/cuda/lib64:/usr/local/cuda/lib64:/usr/local/cuda/lib64:/usr/local/cuda/lib64:/usr/local/cuda-11.4/lib64:/usr/local/cuda/lib64:/usr/local/cuda/lib64:/usr/local/cuda/lib64:/usr/local/cuda/lib64:/home/jetson/slash_ws/install/vesc_driver/lib:/home/jetson/slash_ws/install/vesc_ackermann/lib:/home/jetson/slash_ws/install/vesc_msgs/lib:/home/jetson/slash_ws/install/teleop_tools_msgs/lib:/home/jetson/slash_ws/install/teb_local_planner/lib:/home/jetson/slash_ws/install/teb_msgs/lib:/home/jetson/slash_ws/install/pointcloud_to_laserscan/lib:/home/jetson/slash_ws/install/fast_lio/lib:/home/jetson/slash_ws/install/livox_ros_driver2/lib:/home/jetson/slash_ws/install/costmap_converter/lib:/home/jetson/slash_ws/install/costmap_converter_msgs/lib:/usr/lib/aarch64-linux-gnu/gazebo-11/plugins:/opt/ros/foxy/opt/yaml_cpp_vendor/lib:/opt/ros/foxy/opt/rviz_ogre_vendor/lib:/opt/ros/foxy/lib/aarch64-linux-gnu:/opt/ros/foxy/lib:/usr/local/cuda-11.4/lib64 /usr/bin/cmake --install /home/jetson/slash_ws/build/linefit_ground_segmentation_ros
[10.296s] DEBUG:colcon.colcon_core.event_handler.log_command:Invoking command in '/home/jetson/slash_ws/build/teleop_tools': AMENT_PREFIX_PATH=/home/jetson/slash_ws/install/joy_teleop:/home/jetson/slash_ws/install/key_teleop:/home/jetson/slash_ws/install/f1tenth_stack:/home/jetson/slash_ws/install/vesc:/home/jetson/slash_ws/install/vesc_driver:/home/jetson/slash_ws/install/vesc_ackermann:/home/jetson/slash_ws/install/vesc_msgs:/home/jetson/slash_ws/install/twist_to_ackermann:/home/jetson/slash_ws/install/teleop_tools:/home/jetson/slash_ws/install/teleop_tools_msgs:/home/jetson/slash_ws/install/teb_local_planner:/home/jetson/slash_ws/install/teb_msgs:/home/jetson/slash_ws/install/slash_nav2:/home/jetson/slash_ws/install/simple_mpc:/home/jetson/slash_ws/install/roboracer_china_2025:/home/jetson/slash_ws/install/pointcloud_to_laserscan:/home/jetson/slash_ws/install/mouse_teleop:/home/jetson/slash_ws/install/fast_lio:/home/jetson/slash_ws/install/livox_ros_driver2:/home/jetson/slash_ws/install/linefit_ground_segmentation_ros:/home/jetson/slash_ws/install/linefit_ground_segmentation:/home/jetson/slash_ws/install/costmap_converter:/home/jetson/slash_ws/install/costmap_converter_msgs:/home/jetson/slash_ws/install/ackermann_mux:/opt/ros/foxy CMAKE_PREFIX_PATH=/home/jetson/slash_ws/install/teleop_tools_msgs:/home/jetson/slash_ws/install/vesc:/home/jetson/slash_ws/install/vesc_driver:/home/jetson/slash_ws/install/vesc_ackermann:/home/jetson/slash_ws/install/vesc_msgs:/home/jetson/slash_ws/install/teleop_tools:/home/jetson/slash_ws/install/teb_local_planner:/home/jetson/slash_ws/install/teb_msgs:/home/jetson/slash_ws/install/slash_nav2:/home/jetson/slash_ws/install/simple_mpc:/home/jetson/slash_ws/install/pointcloud_to_laserscan:/home/jetson/slash_ws/install/fast_lio:/home/jetson/slash_ws/install/livox_ros_driver2:/home/jetson/slash_ws/install/linefit_ground_segmentation_ros:/home/jetson/slash_ws/install/linefit_ground_segmentation:/home/jetson/slash_ws/install/costmap_converter:/home/jetson/slash_ws/install/costmap_converter_msgs:/home/jetson/slash_ws/install/ackermann_mux:/home/jetson/slash_ws/install/f1tenth_stack:/home/jetson/slash_ws/install/twist_to_ackermann:/home/jetson/slash_ws/install/joy_teleop:/home/jetson/slash_ws/install/roboracer_china_2025:/home/jetson/slash_ws/install/mouse_teleop:/home/jetson/slash_ws/install/key_teleop:/opt/ros/foxy LD_LIBRARY_PATH=/home/jetson/slash_ws/install/teleop_tools_msgs/lib:/usr/local/cuda/lib64:/usr/local/cuda/lib64:/usr/local/cuda/lib64:/usr/local/cuda/lib64:/usr/local/cuda-11.4/lib64:/usr/local/cuda/lib64:/usr/local/cuda/lib64:/usr/local/cuda/lib64:/usr/local/cuda/lib64:/home/jetson/slash_ws/install/vesc_driver/lib:/home/jetson/slash_ws/install/vesc_ackermann/lib:/home/jetson/slash_ws/install/vesc_msgs/lib:/home/jetson/slash_ws/install/teb_local_planner/lib:/home/jetson/slash_ws/install/teb_msgs/lib:/home/jetson/slash_ws/install/pointcloud_to_laserscan/lib:/home/jetson/slash_ws/install/fast_lio/lib:/home/jetson/slash_ws/install/livox_ros_driver2/lib:/home/jetson/slash_ws/install/linefit_ground_segmentation/lib:/home/jetson/slash_ws/install/costmap_converter/lib:/home/jetson/slash_ws/install/costmap_converter_msgs/lib:/usr/lib/aarch64-linux-gnu/gazebo-11/plugins:/opt/ros/foxy/opt/yaml_cpp_vendor/lib:/opt/ros/foxy/opt/rviz_ogre_vendor/lib:/opt/ros/foxy/lib/aarch64-linux-gnu:/opt/ros/foxy/lib:/usr/local/cuda-11.4/lib64 PYTHONPATH=/home/jetson/slash_ws/install/joy_teleop/lib/python3.8/site-packages:/home/jetson/slash_ws/install/teleop_tools_msgs/lib/python3.8/site-packages:/home/jetson/slash_ws/install/key_teleop/lib/python3.8/site-packages:/home/jetson/slash_ws/install/f1tenth_stack/lib/python3.8/site-packages:/home/jetson/slash_ws/install/vesc_msgs/lib/python3.8/site-packages:/home/jetson/slash_ws/install/twist_to_ackermann/lib/python3.8/site-packages:/home/jetson/slash_ws/install/teb_msgs/lib/python3.8/site-packages:/home/jetson/slash_ws/install/roboracer_china_2025/lib/python3.8/site-packages:/home/jetson/slash_ws/install/mouse_teleop/lib/python3.8/site-packages:/home/jetson/slash_ws/install/fast_lio/lib/python3.8/site-packages:/home/jetson/slash_ws/install/livox_ros_driver2/lib/python3.8/site-packages:/home/jetson/slash_ws/install/costmap_converter_msgs/lib/python3.8/site-packages:/opt/ros/foxy/lib/python3.8/site-packages /usr/bin/cmake --build /home/jetson/slash_ws/build/teleop_tools -- -j8 -l8
[11.344s] INFO:colcon.colcon_core.task.python.build:Building Python package in '/home/jetson/slash_ws/src/slash_hardware/f1tenth_system/f1tenth_stack'
[11.345s] INFO:colcon.colcon_core.shell:Skip shell extension 'powershell' for command environment: Not usable outside of PowerShell
[11.346s] DEBUG:colcon.colcon_core.shell:Skip shell extension 'dsv' for command environment
[11.371s] Level 1:colcon.colcon_core.environment:create_environment_scripts_only(linefit_ground_segmentation_ros)
[11.373s] DEBUG:colcon.colcon_core.event_handler.log_command:Invoked command in '/home/jetson/slash_ws/build/linefit_ground_segmentation_ros' returned '0': CMAKE_PREFIX_PATH=/home/jetson/slash_ws/install/linefit_ground_segmentation:/home/jetson/slash_ws/install/vesc:/home/jetson/slash_ws/install/vesc_driver:/home/jetson/slash_ws/install/vesc_ackermann:/home/jetson/slash_ws/install/vesc_msgs:/home/jetson/slash_ws/install/teleop_tools:/home/jetson/slash_ws/install/teleop_tools_msgs:/home/jetson/slash_ws/install/teb_local_planner:/home/jetson/slash_ws/install/teb_msgs:/home/jetson/slash_ws/install/slash_nav2:/home/jetson/slash_ws/install/simple_mpc:/home/jetson/slash_ws/install/pointcloud_to_laserscan:/home/jetson/slash_ws/install/fast_lio:/home/jetson/slash_ws/install/livox_ros_driver2:/home/jetson/slash_ws/install/linefit_ground_segmentation_ros:/home/jetson/slash_ws/install/costmap_converter:/home/jetson/slash_ws/install/costmap_converter_msgs:/home/jetson/slash_ws/install/ackermann_mux:/home/jetson/slash_ws/install/f1tenth_stack:/home/jetson/slash_ws/install/twist_to_ackermann:/home/jetson/slash_ws/install/joy_teleop:/home/jetson/slash_ws/install/roboracer_china_2025:/home/jetson/slash_ws/install/mouse_teleop:/home/jetson/slash_ws/install/key_teleop:/opt/ros/foxy LD_LIBRARY_PATH=/home/jetson/slash_ws/install/linefit_ground_segmentation/lib:/usr/local/cuda/lib64:/usr/local/cuda/lib64:/usr/local/cuda/lib64:/usr/local/cuda/lib64:/usr/local/cuda-11.4/lib64:/usr/local/cuda/lib64:/usr/local/cuda/lib64:/usr/local/cuda/lib64:/usr/local/cuda/lib64:/home/jetson/slash_ws/install/vesc_driver/lib:/home/jetson/slash_ws/install/vesc_ackermann/lib:/home/jetson/slash_ws/install/vesc_msgs/lib:/home/jetson/slash_ws/install/teleop_tools_msgs/lib:/home/jetson/slash_ws/install/teb_local_planner/lib:/home/jetson/slash_ws/install/teb_msgs/lib:/home/jetson/slash_ws/install/pointcloud_to_laserscan/lib:/home/jetson/slash_ws/install/fast_lio/lib:/home/jetson/slash_ws/install/livox_ros_driver2/lib:/home/jetson/slash_ws/install/costmap_converter/lib:/home/jetson/slash_ws/install/costmap_converter_msgs/lib:/usr/lib/aarch64-linux-gnu/gazebo-11/plugins:/opt/ros/foxy/opt/yaml_cpp_vendor/lib:/opt/ros/foxy/opt/rviz_ogre_vendor/lib:/opt/ros/foxy/lib/aarch64-linux-gnu:/opt/ros/foxy/lib:/usr/local/cuda-11.4/lib64 /usr/bin/cmake --install /home/jetson/slash_ws/build/linefit_ground_segmentation_ros
[11.375s] Level 1:colcon.colcon_core.environment:checking '/home/jetson/slash_ws/install/linefit_ground_segmentation_ros' for CMake module files
[11.377s] Level 1:colcon.colcon_core.environment:checking '/home/jetson/slash_ws/install/linefit_ground_segmentation_ros' for CMake config files
[11.378s] Level 1:colcon.colcon_core.shell:create_environment_hook('linefit_ground_segmentation_ros', 'cmake_prefix_path')
[11.378s] INFO:colcon.colcon_core.shell:Creating environment hook '/home/jetson/slash_ws/install/linefit_ground_segmentation_ros/share/linefit_ground_segmentation_ros/hook/cmake_prefix_path.ps1'
[11.380s] INFO:colcon.colcon_core.shell:Creating environment descriptor '/home/jetson/slash_ws/install/linefit_ground_segmentation_ros/share/linefit_ground_segmentation_ros/hook/cmake_prefix_path.dsv'
[11.381s] INFO:colcon.colcon_core.shell:Creating environment hook '/home/jetson/slash_ws/install/linefit_ground_segmentation_ros/share/linefit_ground_segmentation_ros/hook/cmake_prefix_path.sh'
[11.382s] Level 1:colcon.colcon_core.environment:checking '/home/jetson/slash_ws/install/linefit_ground_segmentation_ros/lib'
[11.383s] Level 1:colcon.colcon_core.environment:checking '/home/jetson/slash_ws/install/linefit_ground_segmentation_ros/bin'
[11.383s] Level 1:colcon.colcon_core.environment:checking '/home/jetson/slash_ws/install/linefit_ground_segmentation_ros/lib/pkgconfig/linefit_ground_segmentation_ros.pc'
[11.383s] Level 1:colcon.colcon_core.environment:checking '/home/jetson/slash_ws/install/linefit_ground_segmentation_ros/lib/python3.8/site-packages'
[11.385s] Level 1:colcon.colcon_core.environment:checking '/home/jetson/slash_ws/install/linefit_ground_segmentation_ros/bin'
[11.386s] INFO:colcon.colcon_core.shell:Creating package script '/home/jetson/slash_ws/install/linefit_ground_segmentation_ros/share/linefit_ground_segmentation_ros/package.ps1'
[11.388s] INFO:colcon.colcon_core.shell:Creating package descriptor '/home/jetson/slash_ws/install/linefit_ground_segmentation_ros/share/linefit_ground_segmentation_ros/package.dsv'
[11.389s] INFO:colcon.colcon_core.shell:Creating package script '/home/jetson/slash_ws/install/linefit_ground_segmentation_ros/share/linefit_ground_segmentation_ros/package.sh'
[11.391s] INFO:colcon.colcon_core.shell:Creating package script '/home/jetson/slash_ws/install/linefit_ground_segmentation_ros/share/linefit_ground_segmentation_ros/package.bash'
[11.393s] INFO:colcon.colcon_core.shell:Creating package script '/home/jetson/slash_ws/install/linefit_ground_segmentation_ros/share/linefit_ground_segmentation_ros/package.zsh'
[11.394s] Level 1:colcon.colcon_core.environment:create_file_with_runtime_dependencies(/home/jetson/slash_ws/install/linefit_ground_segmentation_ros/share/colcon-core/packages/linefit_ground_segmentation_ros)
[11.396s] Level 1:colcon.colcon_core.environment:create_environment_scripts_only(linefit_ground_segmentation_ros)
[11.396s] Level 1:colcon.colcon_core.environment:checking '/home/jetson/slash_ws/install/linefit_ground_segmentation_ros' for CMake module files
[11.397s] Level 1:colcon.colcon_core.environment:checking '/home/jetson/slash_ws/install/linefit_ground_segmentation_ros' for CMake config files
[11.398s] Level 1:colcon.colcon_core.shell:create_environment_hook('linefit_ground_segmentation_ros', 'cmake_prefix_path')
[11.398s] INFO:colcon.colcon_core.shell:Creating environment hook '/home/jetson/slash_ws/install/linefit_ground_segmentation_ros/share/linefit_ground_segmentation_ros/hook/cmake_prefix_path.ps1'
[11.399s] INFO:colcon.colcon_core.shell:Creating environment descriptor '/home/jetson/slash_ws/install/linefit_ground_segmentation_ros/share/linefit_ground_segmentation_ros/hook/cmake_prefix_path.dsv'
[11.400s] INFO:colcon.colcon_core.shell:Creating environment hook '/home/jetson/slash_ws/install/linefit_ground_segmentation_ros/share/linefit_ground_segmentation_ros/hook/cmake_prefix_path.sh'
[11.402s] Level 1:colcon.colcon_core.environment:checking '/home/jetson/slash_ws/install/linefit_ground_segmentation_ros/lib'
[11.402s] Level 1:colcon.colcon_core.environment:checking '/home/jetson/slash_ws/install/linefit_ground_segmentation_ros/bin'
[11.402s] Level 1:colcon.colcon_core.environment:checking '/home/jetson/slash_ws/install/linefit_ground_segmentation_ros/lib/pkgconfig/linefit_ground_segmentation_ros.pc'
[11.403s] Level 1:colcon.colcon_core.environment:checking '/home/jetson/slash_ws/install/linefit_ground_segmentation_ros/lib/python3.8/site-packages'
[11.403s] Level 1:colcon.colcon_core.environment:checking '/home/jetson/slash_ws/install/linefit_ground_segmentation_ros/bin'
[11.404s] INFO:colcon.colcon_core.shell:Creating package script '/home/jetson/slash_ws/install/linefit_ground_segmentation_ros/share/linefit_ground_segmentation_ros/package.ps1'
[11.406s] INFO:colcon.colcon_core.shell:Creating package descriptor '/home/jetson/slash_ws/install/linefit_ground_segmentation_ros/share/linefit_ground_segmentation_ros/package.dsv'
[11.407s] INFO:colcon.colcon_core.shell:Creating package script '/home/jetson/slash_ws/install/linefit_ground_segmentation_ros/share/linefit_ground_segmentation_ros/package.sh'
[11.408s] INFO:colcon.colcon_core.shell:Creating package script '/home/jetson/slash_ws/install/linefit_ground_segmentation_ros/share/linefit_ground_segmentation_ros/package.bash'
[11.409s] INFO:colcon.colcon_core.shell:Creating package script '/home/jetson/slash_ws/install/linefit_ground_segmentation_ros/share/linefit_ground_segmentation_ros/package.zsh'
[11.411s] Level 1:colcon.colcon_core.environment:create_file_with_runtime_dependencies(/home/jetson/slash_ws/install/linefit_ground_segmentation_ros/share/colcon-core/packages/linefit_ground_segmentation_ros)
[11.416s] DEBUG:colcon.colcon_core.event_handler.log_command:Invoked command in '/home/jetson/slash_ws/build/fast_lio' returned '0': CMAKE_PREFIX_PATH=/home/jetson/slash_ws/install/livox_ros_driver2:/home/jetson/slash_ws/install/vesc:/home/jetson/slash_ws/install/vesc_driver:/home/jetson/slash_ws/install/vesc_ackermann:/home/jetson/slash_ws/install/vesc_msgs:/home/jetson/slash_ws/install/teleop_tools:/home/jetson/slash_ws/install/teleop_tools_msgs:/home/jetson/slash_ws/install/teb_local_planner:/home/jetson/slash_ws/install/teb_msgs:/home/jetson/slash_ws/install/slash_nav2:/home/jetson/slash_ws/install/simple_mpc:/home/jetson/slash_ws/install/pointcloud_to_laserscan:/home/jetson/slash_ws/install/fast_lio:/home/jetson/slash_ws/install/linefit_ground_segmentation_ros:/home/jetson/slash_ws/install/linefit_ground_segmentation:/home/jetson/slash_ws/install/costmap_converter:/home/jetson/slash_ws/install/costmap_converter_msgs:/home/jetson/slash_ws/install/ackermann_mux:/home/jetson/slash_ws/install/f1tenth_stack:/home/jetson/slash_ws/install/twist_to_ackermann:/home/jetson/slash_ws/install/joy_teleop:/home/jetson/slash_ws/install/roboracer_china_2025:/home/jetson/slash_ws/install/mouse_teleop:/home/jetson/slash_ws/install/key_teleop:/opt/ros/foxy LD_LIBRARY_PATH=/home/jetson/slash_ws/install/livox_ros_driver2/lib:/usr/local/cuda/lib64:/usr/local/cuda/lib64:/usr/local/cuda/lib64:/usr/local/cuda/lib64:/usr/local/cuda-11.4/lib64:/usr/local/cuda/lib64:/usr/local/cuda/lib64:/usr/local/cuda/lib64:/usr/local/cuda/lib64:/home/jetson/slash_ws/install/vesc_driver/lib:/home/jetson/slash_ws/install/vesc_ackermann/lib:/home/jetson/slash_ws/install/vesc_msgs/lib:/home/jetson/slash_ws/install/teleop_tools_msgs/lib:/home/jetson/slash_ws/install/teb_local_planner/lib:/home/jetson/slash_ws/install/teb_msgs/lib:/home/jetson/slash_ws/install/pointcloud_to_laserscan/lib:/home/jetson/slash_ws/install/fast_lio/lib:/home/jetson/slash_ws/install/linefit_ground_segmentation/lib:/home/jetson/slash_ws/install/costmap_converter/lib:/home/jetson/slash_ws/install/costmap_converter_msgs/lib:/usr/lib/aarch64-linux-gnu/gazebo-11/plugins:/opt/ros/foxy/opt/yaml_cpp_vendor/lib:/opt/ros/foxy/opt/rviz_ogre_vendor/lib:/opt/ros/foxy/lib/aarch64-linux-gnu:/opt/ros/foxy/lib:/usr/local/cuda-11.4/lib64 PYTHONPATH=/home/jetson/slash_ws/install/livox_ros_driver2/lib/python3.8/site-packages:/home/jetson/slash_ws/install/f1tenth_stack/lib/python3.8/site-packages:/home/jetson/slash_ws/install/vesc_msgs/lib/python3.8/site-packages:/home/jetson/slash_ws/install/twist_to_ackermann/lib/python3.8/site-packages:/home/jetson/slash_ws/install/joy_teleop/lib/python3.8/site-packages:/home/jetson/slash_ws/install/teleop_tools_msgs/lib/python3.8/site-packages:/home/jetson/slash_ws/install/teb_msgs/lib/python3.8/site-packages:/home/jetson/slash_ws/install/roboracer_china_2025/lib/python3.8/site-packages:/home/jetson/slash_ws/install/mouse_teleop/lib/python3.8/site-packages:/home/jetson/slash_ws/install/fast_lio/lib/python3.8/site-packages:/home/jetson/slash_ws/install/key_teleop/lib/python3.8/site-packages:/home/jetson/slash_ws/install/costmap_converter_msgs/lib/python3.8/site-packages:/opt/ros/foxy/lib/python3.8/site-packages /usr/bin/cmake --build /home/jetson/slash_ws/build/fast_lio -- -j8 -l8
[11.425s] DEBUG:colcon.colcon_core.event_handler.log_command:Invoking command in '/home/jetson/slash_ws/build/fast_lio': CMAKE_PREFIX_PATH=/home/jetson/slash_ws/install/livox_ros_driver2:/home/jetson/slash_ws/install/vesc:/home/jetson/slash_ws/install/vesc_driver:/home/jetson/slash_ws/install/vesc_ackermann:/home/jetson/slash_ws/install/vesc_msgs:/home/jetson/slash_ws/install/teleop_tools:/home/jetson/slash_ws/install/teleop_tools_msgs:/home/jetson/slash_ws/install/teb_local_planner:/home/jetson/slash_ws/install/teb_msgs:/home/jetson/slash_ws/install/slash_nav2:/home/jetson/slash_ws/install/simple_mpc:/home/jetson/slash_ws/install/pointcloud_to_laserscan:/home/jetson/slash_ws/install/fast_lio:/home/jetson/slash_ws/install/linefit_ground_segmentation_ros:/home/jetson/slash_ws/install/linefit_ground_segmentation:/home/jetson/slash_ws/install/costmap_converter:/home/jetson/slash_ws/install/costmap_converter_msgs:/home/jetson/slash_ws/install/ackermann_mux:/home/jetson/slash_ws/install/f1tenth_stack:/home/jetson/slash_ws/install/twist_to_ackermann:/home/jetson/slash_ws/install/joy_teleop:/home/jetson/slash_ws/install/roboracer_china_2025:/home/jetson/slash_ws/install/mouse_teleop:/home/jetson/slash_ws/install/key_teleop:/opt/ros/foxy LD_LIBRARY_PATH=/home/jetson/slash_ws/install/livox_ros_driver2/lib:/usr/local/cuda/lib64:/usr/local/cuda/lib64:/usr/local/cuda/lib64:/usr/local/cuda/lib64:/usr/local/cuda-11.4/lib64:/usr/local/cuda/lib64:/usr/local/cuda/lib64:/usr/local/cuda/lib64:/usr/local/cuda/lib64:/home/jetson/slash_ws/install/vesc_driver/lib:/home/jetson/slash_ws/install/vesc_ackermann/lib:/home/jetson/slash_ws/install/vesc_msgs/lib:/home/jetson/slash_ws/install/teleop_tools_msgs/lib:/home/jetson/slash_ws/install/teb_local_planner/lib:/home/jetson/slash_ws/install/teb_msgs/lib:/home/jetson/slash_ws/install/pointcloud_to_laserscan/lib:/home/jetson/slash_ws/install/fast_lio/lib:/home/jetson/slash_ws/install/linefit_ground_segmentation/lib:/home/jetson/slash_ws/install/costmap_converter/lib:/home/jetson/slash_ws/install/costmap_converter_msgs/lib:/usr/lib/aarch64-linux-gnu/gazebo-11/plugins:/opt/ros/foxy/opt/yaml_cpp_vendor/lib:/opt/ros/foxy/opt/rviz_ogre_vendor/lib:/opt/ros/foxy/lib/aarch64-linux-gnu:/opt/ros/foxy/lib:/usr/local/cuda-11.4/lib64 PYTHONPATH=/home/jetson/slash_ws/install/livox_ros_driver2/lib/python3.8/site-packages:/home/jetson/slash_ws/install/f1tenth_stack/lib/python3.8/site-packages:/home/jetson/slash_ws/install/vesc_msgs/lib/python3.8/site-packages:/home/jetson/slash_ws/install/twist_to_ackermann/lib/python3.8/site-packages:/home/jetson/slash_ws/install/joy_teleop/lib/python3.8/site-packages:/home/jetson/slash_ws/install/teleop_tools_msgs/lib/python3.8/site-packages:/home/jetson/slash_ws/install/teb_msgs/lib/python3.8/site-packages:/home/jetson/slash_ws/install/roboracer_china_2025/lib/python3.8/site-packages:/home/jetson/slash_ws/install/mouse_teleop/lib/python3.8/site-packages:/home/jetson/slash_ws/install/fast_lio/lib/python3.8/site-packages:/home/jetson/slash_ws/install/key_teleop/lib/python3.8/site-packages:/home/jetson/slash_ws/install/costmap_converter_msgs/lib/python3.8/site-packages:/opt/ros/foxy/lib/python3.8/site-packages /usr/bin/cmake --install /home/jetson/slash_ws/build/fast_lio
[11.445s] DEBUG:colcon.colcon_core.event_handler.log_command:Invoked command in '/home/jetson/slash_ws/build/teb_local_planner' returned '0': CMAKE_PREFIX_PATH=/home/jetson/slash_ws/install/teb_msgs:/home/jetson/slash_ws/install/costmap_converter:/home/jetson/slash_ws/install/costmap_converter_msgs:/home/jetson/slash_ws/install/vesc:/home/jetson/slash_ws/install/vesc_driver:/home/jetson/slash_ws/install/vesc_ackermann:/home/jetson/slash_ws/install/vesc_msgs:/home/jetson/slash_ws/install/teleop_tools:/home/jetson/slash_ws/install/teleop_tools_msgs:/home/jetson/slash_ws/install/teb_local_planner:/home/jetson/slash_ws/install/slash_nav2:/home/jetson/slash_ws/install/simple_mpc:/home/jetson/slash_ws/install/pointcloud_to_laserscan:/home/jetson/slash_ws/install/fast_lio:/home/jetson/slash_ws/install/livox_ros_driver2:/home/jetson/slash_ws/install/linefit_ground_segmentation_ros:/home/jetson/slash_ws/install/linefit_ground_segmentation:/home/jetson/slash_ws/install/ackermann_mux:/home/jetson/slash_ws/install/f1tenth_stack:/home/jetson/slash_ws/install/twist_to_ackermann:/home/jetson/slash_ws/install/joy_teleop:/home/jetson/slash_ws/install/roboracer_china_2025:/home/jetson/slash_ws/install/mouse_teleop:/home/jetson/slash_ws/install/key_teleop:/opt/ros/foxy LD_LIBRARY_PATH=/home/jetson/slash_ws/install/teb_msgs/lib:/home/jetson/slash_ws/install/costmap_converter/lib:/home/jetson/slash_ws/install/costmap_converter_msgs/lib:/usr/local/cuda/lib64:/usr/local/cuda/lib64:/usr/local/cuda/lib64:/usr/local/cuda/lib64:/usr/local/cuda-11.4/lib64:/usr/local/cuda/lib64:/usr/local/cuda/lib64:/usr/local/cuda/lib64:/usr/local/cuda/lib64:/home/jetson/slash_ws/install/vesc_driver/lib:/home/jetson/slash_ws/install/vesc_ackermann/lib:/home/jetson/slash_ws/install/vesc_msgs/lib:/home/jetson/slash_ws/install/teleop_tools_msgs/lib:/home/jetson/slash_ws/install/teb_local_planner/lib:/home/jetson/slash_ws/install/pointcloud_to_laserscan/lib:/home/jetson/slash_ws/install/fast_lio/lib:/home/jetson/slash_ws/install/livox_ros_driver2/lib:/home/jetson/slash_ws/install/linefit_ground_segmentation/lib:/usr/lib/aarch64-linux-gnu/gazebo-11/plugins:/opt/ros/foxy/opt/yaml_cpp_vendor/lib:/opt/ros/foxy/opt/rviz_ogre_vendor/lib:/opt/ros/foxy/lib/aarch64-linux-gnu:/opt/ros/foxy/lib:/usr/local/cuda-11.4/lib64 PATH=/home/jetson/slash_ws/install/costmap_converter/bin:/usr/local/cuda/bin:/usr/local/cuda/bin:/usr/local/cuda/bin:/usr/local/cuda/bin:/usr/local/cuda-11.4/bin:/home/jetson/.local/bin:/home/jetson/.nvm/versions/node/v22.22.2/bin:/usr/local/cuda/bin:/usr/local/cuda/bin:/usr/local/cuda/bin:/usr/local/cuda/bin:/opt/ros/foxy/bin:/home/jetson/miniforge3/condabin:/usr/local/cuda-11.4/bin:/home/jetson/.local/bin:/usr/local/sbin:/usr/local/bin:/usr/sbin:/usr/bin:/sbin:/bin:/usr/games:/usr/local/games:/snap/bin:/home/jetson/.vscode/extensions/ms-python.debugpy-2026.6.0-linux-arm64/bundled/scripts/noConfigScripts:/home/jetson/.config/Code/User/globalStorage/github.copilot-chat/debugCommand PYTHONPATH=/home/jetson/slash_ws/install/teb_msgs/lib/python3.8/site-packages:/home/jetson/slash_ws/install/costmap_converter_msgs/lib/python3.8/site-packages:/home/jetson/slash_ws/install/f1tenth_stack/lib/python3.8/site-packages:/home/jetson/slash_ws/install/vesc_msgs/lib/python3.8/site-packages:/home/jetson/slash_ws/install/twist_to_ackermann/lib/python3.8/site-packages:/home/jetson/slash_ws/install/joy_teleop/lib/python3.8/site-packages:/home/jetson/slash_ws/install/teleop_tools_msgs/lib/python3.8/site-packages:/home/jetson/slash_ws/install/roboracer_china_2025/lib/python3.8/site-packages:/home/jetson/slash_ws/install/mouse_teleop/lib/python3.8/site-packages:/home/jetson/slash_ws/install/fast_lio/lib/python3.8/site-packages:/home/jetson/slash_ws/install/livox_ros_driver2/lib/python3.8/site-packages:/home/jetson/slash_ws/install/key_teleop/lib/python3.8/site-packages:/opt/ros/foxy/lib/python3.8/site-packages /usr/bin/cmake --build /home/jetson/slash_ws/build/teb_local_planner -- -j8 -l8
[11.452s] DEBUG:colcon.colcon_core.event_handler.log_command:Invoking command in '/home/jetson/slash_ws/build/teb_local_planner': CMAKE_PREFIX_PATH=/home/jetson/slash_ws/install/teb_msgs:/home/jetson/slash_ws/install/costmap_converter:/home/jetson/slash_ws/install/costmap_converter_msgs:/home/jetson/slash_ws/install/vesc:/home/jetson/slash_ws/install/vesc_driver:/home/jetson/slash_ws/install/vesc_ackermann:/home/jetson/slash_ws/install/vesc_msgs:/home/jetson/slash_ws/install/teleop_tools:/home/jetson/slash_ws/install/teleop_tools_msgs:/home/jetson/slash_ws/install/teb_local_planner:/home/jetson/slash_ws/install/slash_nav2:/home/jetson/slash_ws/install/simple_mpc:/home/jetson/slash_ws/install/pointcloud_to_laserscan:/home/jetson/slash_ws/install/fast_lio:/home/jetson/slash_ws/install/livox_ros_driver2:/home/jetson/slash_ws/install/linefit_ground_segmentation_ros:/home/jetson/slash_ws/install/linefit_ground_segmentation:/home/jetson/slash_ws/install/ackermann_mux:/home/jetson/slash_ws/install/f1tenth_stack:/home/jetson/slash_ws/install/twist_to_ackermann:/home/jetson/slash_ws/install/joy_teleop:/home/jetson/slash_ws/install/roboracer_china_2025:/home/jetson/slash_ws/install/mouse_teleop:/home/jetson/slash_ws/install/key_teleop:/opt/ros/foxy LD_LIBRARY_PATH=/home/jetson/slash_ws/install/teb_msgs/lib:/home/jetson/slash_ws/install/costmap_converter/lib:/home/jetson/slash_ws/install/costmap_converter_msgs/lib:/usr/local/cuda/lib64:/usr/local/cuda/lib64:/usr/local/cuda/lib64:/usr/local/cuda/lib64:/usr/local/cuda-11.4/lib64:/usr/local/cuda/lib64:/usr/local/cuda/lib64:/usr/local/cuda/lib64:/usr/local/cuda/lib64:/home/jetson/slash_ws/install/vesc_driver/lib:/home/jetson/slash_ws/install/vesc_ackermann/lib:/home/jetson/slash_ws/install/vesc_msgs/lib:/home/jetson/slash_ws/install/teleop_tools_msgs/lib:/home/jetson/slash_ws/install/teb_local_planner/lib:/home/jetson/slash_ws/install/pointcloud_to_laserscan/lib:/home/jetson/slash_ws/install/fast_lio/lib:/home/jetson/slash_ws/install/livox_ros_driver2/lib:/home/jetson/slash_ws/install/linefit_ground_segmentation/lib:/usr/lib/aarch64-linux-gnu/gazebo-11/plugins:/opt/ros/foxy/opt/yaml_cpp_vendor/lib:/opt/ros/foxy/opt/rviz_ogre_vendor/lib:/opt/ros/foxy/lib/aarch64-linux-gnu:/opt/ros/foxy/lib:/usr/local/cuda-11.4/lib64 PATH=/home/jetson/slash_ws/install/costmap_converter/bin:/usr/local/cuda/bin:/usr/local/cuda/bin:/usr/local/cuda/bin:/usr/local/cuda/bin:/usr/local/cuda-11.4/bin:/home/jetson/.local/bin:/home/jetson/.nvm/versions/node/v22.22.2/bin:/usr/local/cuda/bin:/usr/local/cuda/bin:/usr/local/cuda/bin:/usr/local/cuda/bin:/opt/ros/foxy/bin:/home/jetson/miniforge3/condabin:/usr/local/cuda-11.4/bin:/home/jetson/.local/bin:/usr/local/sbin:/usr/local/bin:/usr/sbin:/usr/bin:/sbin:/bin:/usr/games:/usr/local/games:/snap/bin:/home/jetson/.vscode/extensions/ms-python.debugpy-2026.6.0-linux-arm64/bundled/scripts/noConfigScripts:/home/jetson/.config/Code/User/globalStorage/github.copilot-chat/debugCommand PYTHONPATH=/home/jetson/slash_ws/install/teb_msgs/lib/python3.8/site-packages:/home/jetson/slash_ws/install/costmap_converter_msgs/lib/python3.8/site-packages:/home/jetson/slash_ws/install/f1tenth_stack/lib/python3.8/site-packages:/home/jetson/slash_ws/install/vesc_msgs/lib/python3.8/site-packages:/home/jetson/slash_ws/install/twist_to_ackermann/lib/python3.8/site-packages:/home/jetson/slash_ws/install/joy_teleop/lib/python3.8/site-packages:/home/jetson/slash_ws/install/teleop_tools_msgs/lib/python3.8/site-packages:/home/jetson/slash_ws/install/roboracer_china_2025/lib/python3.8/site-packages:/home/jetson/slash_ws/install/mouse_teleop/lib/python3.8/site-packages:/home/jetson/slash_ws/install/fast_lio/lib/python3.8/site-packages:/home/jetson/slash_ws/install/livox_ros_driver2/lib/python3.8/site-packages:/home/jetson/slash_ws/install/key_teleop/lib/python3.8/site-packages:/opt/ros/foxy/lib/python3.8/site-packages /usr/bin/cmake --install /home/jetson/slash_ws/build/teb_local_planner
[11.460s] DEBUG:colcon.colcon_core.event_handler.log_command:Invoked command in '/home/jetson/slash_ws/build/teleop_tools' returned '0': AMENT_PREFIX_PATH=/home/jetson/slash_ws/install/joy_teleop:/home/jetson/slash_ws/install/key_teleop:/home/jetson/slash_ws/install/f1tenth_stack:/home/jetson/slash_ws/install/vesc:/home/jetson/slash_ws/install/vesc_driver:/home/jetson/slash_ws/install/vesc_ackermann:/home/jetson/slash_ws/install/vesc_msgs:/home/jetson/slash_ws/install/twist_to_ackermann:/home/jetson/slash_ws/install/teleop_tools:/home/jetson/slash_ws/install/teleop_tools_msgs:/home/jetson/slash_ws/install/teb_local_planner:/home/jetson/slash_ws/install/teb_msgs:/home/jetson/slash_ws/install/slash_nav2:/home/jetson/slash_ws/install/simple_mpc:/home/jetson/slash_ws/install/roboracer_china_2025:/home/jetson/slash_ws/install/pointcloud_to_laserscan:/home/jetson/slash_ws/install/mouse_teleop:/home/jetson/slash_ws/install/fast_lio:/home/jetson/slash_ws/install/livox_ros_driver2:/home/jetson/slash_ws/install/linefit_ground_segmentation_ros:/home/jetson/slash_ws/install/linefit_ground_segmentation:/home/jetson/slash_ws/install/costmap_converter:/home/jetson/slash_ws/install/costmap_converter_msgs:/home/jetson/slash_ws/install/ackermann_mux:/opt/ros/foxy CMAKE_PREFIX_PATH=/home/jetson/slash_ws/install/teleop_tools_msgs:/home/jetson/slash_ws/install/vesc:/home/jetson/slash_ws/install/vesc_driver:/home/jetson/slash_ws/install/vesc_ackermann:/home/jetson/slash_ws/install/vesc_msgs:/home/jetson/slash_ws/install/teleop_tools:/home/jetson/slash_ws/install/teb_local_planner:/home/jetson/slash_ws/install/teb_msgs:/home/jetson/slash_ws/install/slash_nav2:/home/jetson/slash_ws/install/simple_mpc:/home/jetson/slash_ws/install/pointcloud_to_laserscan:/home/jetson/slash_ws/install/fast_lio:/home/jetson/slash_ws/install/livox_ros_driver2:/home/jetson/slash_ws/install/linefit_ground_segmentation_ros:/home/jetson/slash_ws/install/linefit_ground_segmentation:/home/jetson/slash_ws/install/costmap_converter:/home/jetson/slash_ws/install/costmap_converter_msgs:/home/jetson/slash_ws/install/ackermann_mux:/home/jetson/slash_ws/install/f1tenth_stack:/home/jetson/slash_ws/install/twist_to_ackermann:/home/jetson/slash_ws/install/joy_teleop:/home/jetson/slash_ws/install/roboracer_china_2025:/home/jetson/slash_ws/install/mouse_teleop:/home/jetson/slash_ws/install/key_teleop:/opt/ros/foxy LD_LIBRARY_PATH=/home/jetson/slash_ws/install/teleop_tools_msgs/lib:/usr/local/cuda/lib64:/usr/local/cuda/lib64:/usr/local/cuda/lib64:/usr/local/cuda/lib64:/usr/local/cuda-11.4/lib64:/usr/local/cuda/lib64:/usr/local/cuda/lib64:/usr/local/cuda/lib64:/usr/local/cuda/lib64:/home/jetson/slash_ws/install/vesc_driver/lib:/home/jetson/slash_ws/install/vesc_ackermann/lib:/home/jetson/slash_ws/install/vesc_msgs/lib:/home/jetson/slash_ws/install/teb_local_planner/lib:/home/jetson/slash_ws/install/teb_msgs/lib:/home/jetson/slash_ws/install/pointcloud_to_laserscan/lib:/home/jetson/slash_ws/install/fast_lio/lib:/home/jetson/slash_ws/install/livox_ros_driver2/lib:/home/jetson/slash_ws/install/linefit_ground_segmentation/lib:/home/jetson/slash_ws/install/costmap_converter/lib:/home/jetson/slash_ws/install/costmap_converter_msgs/lib:/usr/lib/aarch64-linux-gnu/gazebo-11/plugins:/opt/ros/foxy/opt/yaml_cpp_vendor/lib:/opt/ros/foxy/opt/rviz_ogre_vendor/lib:/opt/ros/foxy/lib/aarch64-linux-gnu:/opt/ros/foxy/lib:/usr/local/cuda-11.4/lib64 PYTHONPATH=/home/jetson/slash_ws/install/joy_teleop/lib/python3.8/site-packages:/home/jetson/slash_ws/install/teleop_tools_msgs/lib/python3.8/site-packages:/home/jetson/slash_ws/install/key_teleop/lib/python3.8/site-packages:/home/jetson/slash_ws/install/f1tenth_stack/lib/python3.8/site-packages:/home/jetson/slash_ws/install/vesc_msgs/lib/python3.8/site-packages:/home/jetson/slash_ws/install/twist_to_ackermann/lib/python3.8/site-packages:/home/jetson/slash_ws/install/teb_msgs/lib/python3.8/site-packages:/home/jetson/slash_ws/install/roboracer_china_2025/lib/python3.8/site-packages:/home/jetson/slash_ws/install/mouse_teleop/lib/python3.8/site-packages:/home/jetson/slash_ws/install/fast_lio/lib/python3.8/site-packages:/home/jetson/slash_ws/install/livox_ros_driver2/lib/python3.8/site-packages:/home/jetson/slash_ws/install/costmap_converter_msgs/lib/python3.8/site-packages:/opt/ros/foxy/lib/python3.8/site-packages /usr/bin/cmake --build /home/jetson/slash_ws/build/teleop_tools -- -j8 -l8
[11.468s] DEBUG:colcon.colcon_core.event_handler.log_command:Invoking command in '/home/jetson/slash_ws/build/teleop_tools': AMENT_PREFIX_PATH=/home/jetson/slash_ws/install/joy_teleop:/home/jetson/slash_ws/install/key_teleop:/home/jetson/slash_ws/install/f1tenth_stack:/home/jetson/slash_ws/install/vesc:/home/jetson/slash_ws/install/vesc_driver:/home/jetson/slash_ws/install/vesc_ackermann:/home/jetson/slash_ws/install/vesc_msgs:/home/jetson/slash_ws/install/twist_to_ackermann:/home/jetson/slash_ws/install/teleop_tools:/home/jetson/slash_ws/install/teleop_tools_msgs:/home/jetson/slash_ws/install/teb_local_planner:/home/jetson/slash_ws/install/teb_msgs:/home/jetson/slash_ws/install/slash_nav2:/home/jetson/slash_ws/install/simple_mpc:/home/jetson/slash_ws/install/roboracer_china_2025:/home/jetson/slash_ws/install/pointcloud_to_laserscan:/home/jetson/slash_ws/install/mouse_teleop:/home/jetson/slash_ws/install/fast_lio:/home/jetson/slash_ws/install/livox_ros_driver2:/home/jetson/slash_ws/install/linefit_ground_segmentation_ros:/home/jetson/slash_ws/install/linefit_ground_segmentation:/home/jetson/slash_ws/install/costmap_converter:/home/jetson/slash_ws/install/costmap_converter_msgs:/home/jetson/slash_ws/install/ackermann_mux:/opt/ros/foxy CMAKE_PREFIX_PATH=/home/jetson/slash_ws/install/teleop_tools_msgs:/home/jetson/slash_ws/install/vesc:/home/jetson/slash_ws/install/vesc_driver:/home/jetson/slash_ws/install/vesc_ackermann:/home/jetson/slash_ws/install/vesc_msgs:/home/jetson/slash_ws/install/teleop_tools:/home/jetson/slash_ws/install/teb_local_planner:/home/jetson/slash_ws/install/teb_msgs:/home/jetson/slash_ws/install/slash_nav2:/home/jetson/slash_ws/install/simple_mpc:/home/jetson/slash_ws/install/pointcloud_to_laserscan:/home/jetson/slash_ws/install/fast_lio:/home/jetson/slash_ws/install/livox_ros_driver2:/home/jetson/slash_ws/install/linefit_ground_segmentation_ros:/home/jetson/slash_ws/install/linefit_ground_segmentation:/home/jetson/slash_ws/install/costmap_converter:/home/jetson/slash_ws/install/costmap_converter_msgs:/home/jetson/slash_ws/install/ackermann_mux:/home/jetson/slash_ws/install/f1tenth_stack:/home/jetson/slash_ws/install/twist_to_ackermann:/home/jetson/slash_ws/install/joy_teleop:/home/jetson/slash_ws/install/roboracer_china_2025:/home/jetson/slash_ws/install/mouse_teleop:/home/jetson/slash_ws/install/key_teleop:/opt/ros/foxy LD_LIBRARY_PATH=/home/jetson/slash_ws/install/teleop_tools_msgs/lib:/usr/local/cuda/lib64:/usr/local/cuda/lib64:/usr/local/cuda/lib64:/usr/local/cuda/lib64:/usr/local/cuda-11.4/lib64:/usr/local/cuda/lib64:/usr/local/cuda/lib64:/usr/local/cuda/lib64:/usr/local/cuda/lib64:/home/jetson/slash_ws/install/vesc_driver/lib:/home/jetson/slash_ws/install/vesc_ackermann/lib:/home/jetson/slash_ws/install/vesc_msgs/lib:/home/jetson/slash_ws/install/teb_local_planner/lib:/home/jetson/slash_ws/install/teb_msgs/lib:/home/jetson/slash_ws/install/pointcloud_to_laserscan/lib:/home/jetson/slash_ws/install/fast_lio/lib:/home/jetson/slash_ws/install/livox_ros_driver2/lib:/home/jetson/slash_ws/install/linefit_ground_segmentation/lib:/home/jetson/slash_ws/install/costmap_converter/lib:/home/jetson/slash_ws/install/costmap_converter_msgs/lib:/usr/lib/aarch64-linux-gnu/gazebo-11/plugins:/opt/ros/foxy/opt/yaml_cpp_vendor/lib:/opt/ros/foxy/opt/rviz_ogre_vendor/lib:/opt/ros/foxy/lib/aarch64-linux-gnu:/opt/ros/foxy/lib:/usr/local/cuda-11.4/lib64 PYTHONPATH=/home/jetson/slash_ws/install/joy_teleop/lib/python3.8/site-packages:/home/jetson/slash_ws/install/teleop_tools_msgs/lib/python3.8/site-packages:/home/jetson/slash_ws/install/key_teleop/lib/python3.8/site-packages:/home/jetson/slash_ws/install/f1tenth_stack/lib/python3.8/site-packages:/home/jetson/slash_ws/install/vesc_msgs/lib/python3.8/site-packages:/home/jetson/slash_ws/install/twist_to_ackermann/lib/python3.8/site-packages:/home/jetson/slash_ws/install/teb_msgs/lib/python3.8/site-packages:/home/jetson/slash_ws/install/roboracer_china_2025/lib/python3.8/site-packages:/home/jetson/slash_ws/install/mouse_teleop/lib/python3.8/site-packages:/home/jetson/slash_ws/install/fast_lio/lib/python3.8/site-packages:/home/jetson/slash_ws/install/livox_ros_driver2/lib/python3.8/site-packages:/home/jetson/slash_ws/install/costmap_converter_msgs/lib/python3.8/site-packages:/opt/ros/foxy/lib/python3.8/site-packages /usr/bin/cmake --install /home/jetson/slash_ws/build/teleop_tools
[11.485s] DEBUG:colcon.colcon_core.event_handler.log_command:Invoking command in '/home/jetson/slash_ws/src/slash_navigation/roboracer_china_2025': PYTHONPATH=/home/jetson/slash_ws/build/roboracer_china_2025/prefix_override:/usr/lib/python3/dist-packages/colcon_core/task/python/colcon_distutils_commands:/home/jetson/slash_ws/install/roboracer_china_2025/lib/python3.8/site-packages:${PYTHONPATH} /usr/bin/python3 -W ignore:setup.py install is deprecated -W ignore:easy_install command is deprecated setup.py egg_info --egg-base ../../../build/roboracer_china_2025 build --build-base /home/jetson/slash_ws/build/roboracer_china_2025/build install --record /home/jetson/slash_ws/build/roboracer_china_2025/install.log --install-scripts $base/lib/roboracer_china_2025 --single-version-externally-managed install_data
[11.577s] Level 1:colcon.colcon_core.environment:create_environment_scripts_only(teb_local_planner)
[11.578s] Level 1:colcon.colcon_core.environment:checking '/home/jetson/slash_ws/install/teb_local_planner' for CMake module files
[11.579s] DEBUG:colcon.colcon_core.event_handler.log_command:Invoked command in '/home/jetson/slash_ws/build/teb_local_planner' returned '0': CMAKE_PREFIX_PATH=/home/jetson/slash_ws/install/teb_msgs:/home/jetson/slash_ws/install/costmap_converter:/home/jetson/slash_ws/install/costmap_converter_msgs:/home/jetson/slash_ws/install/vesc:/home/jetson/slash_ws/install/vesc_driver:/home/jetson/slash_ws/install/vesc_ackermann:/home/jetson/slash_ws/install/vesc_msgs:/home/jetson/slash_ws/install/teleop_tools:/home/jetson/slash_ws/install/teleop_tools_msgs:/home/jetson/slash_ws/install/teb_local_planner:/home/jetson/slash_ws/install/slash_nav2:/home/jetson/slash_ws/install/simple_mpc:/home/jetson/slash_ws/install/pointcloud_to_laserscan:/home/jetson/slash_ws/install/fast_lio:/home/jetson/slash_ws/install/livox_ros_driver2:/home/jetson/slash_ws/install/linefit_ground_segmentation_ros:/home/jetson/slash_ws/install/linefit_ground_segmentation:/home/jetson/slash_ws/install/ackermann_mux:/home/jetson/slash_ws/install/f1tenth_stack:/home/jetson/slash_ws/install/twist_to_ackermann:/home/jetson/slash_ws/install/joy_teleop:/home/jetson/slash_ws/install/roboracer_china_2025:/home/jetson/slash_ws/install/mouse_teleop:/home/jetson/slash_ws/install/key_teleop:/opt/ros/foxy LD_LIBRARY_PATH=/home/jetson/slash_ws/install/teb_msgs/lib:/home/jetson/slash_ws/install/costmap_converter/lib:/home/jetson/slash_ws/install/costmap_converter_msgs/lib:/usr/local/cuda/lib64:/usr/local/cuda/lib64:/usr/local/cuda/lib64:/usr/local/cuda/lib64:/usr/local/cuda-11.4/lib64:/usr/local/cuda/lib64:/usr/local/cuda/lib64:/usr/local/cuda/lib64:/usr/local/cuda/lib64:/home/jetson/slash_ws/install/vesc_driver/lib:/home/jetson/slash_ws/install/vesc_ackermann/lib:/home/jetson/slash_ws/install/vesc_msgs/lib:/home/jetson/slash_ws/install/teleop_tools_msgs/lib:/home/jetson/slash_ws/install/teb_local_planner/lib:/home/jetson/slash_ws/install/pointcloud_to_laserscan/lib:/home/jetson/slash_ws/install/fast_lio/lib:/home/jetson/slash_ws/install/livox_ros_driver2/lib:/home/jetson/slash_ws/install/linefit_ground_segmentation/lib:/usr/lib/aarch64-linux-gnu/gazebo-11/plugins:/opt/ros/foxy/opt/yaml_cpp_vendor/lib:/opt/ros/foxy/opt/rviz_ogre_vendor/lib:/opt/ros/foxy/lib/aarch64-linux-gnu:/opt/ros/foxy/lib:/usr/local/cuda-11.4/lib64 PATH=/home/jetson/slash_ws/install/costmap_converter/bin:/usr/local/cuda/bin:/usr/local/cuda/bin:/usr/local/cuda/bin:/usr/local/cuda/bin:/usr/local/cuda-11.4/bin:/home/jetson/.local/bin:/home/jetson/.nvm/versions/node/v22.22.2/bin:/usr/local/cuda/bin:/usr/local/cuda/bin:/usr/local/cuda/bin:/usr/local/cuda/bin:/opt/ros/foxy/bin:/home/jetson/miniforge3/condabin:/usr/local/cuda-11.4/bin:/home/jetson/.local/bin:/usr/local/sbin:/usr/local/bin:/usr/sbin:/usr/bin:/sbin:/bin:/usr/games:/usr/local/games:/snap/bin:/home/jetson/.vscode/extensions/ms-python.debugpy-2026.6.0-linux-arm64/bundled/scripts/noConfigScripts:/home/jetson/.config/Code/User/globalStorage/github.copilot-chat/debugCommand PYTHONPATH=/home/jetson/slash_ws/install/teb_msgs/lib/python3.8/site-packages:/home/jetson/slash_ws/install/costmap_converter_msgs/lib/python3.8/site-packages:/home/jetson/slash_ws/install/f1tenth_stack/lib/python3.8/site-packages:/home/jetson/slash_ws/install/vesc_msgs/lib/python3.8/site-packages:/home/jetson/slash_ws/install/twist_to_ackermann/lib/python3.8/site-packages:/home/jetson/slash_ws/install/joy_teleop/lib/python3.8/site-packages:/home/jetson/slash_ws/install/teleop_tools_msgs/lib/python3.8/site-packages:/home/jetson/slash_ws/install/roboracer_china_2025/lib/python3.8/site-packages:/home/jetson/slash_ws/install/mouse_teleop/lib/python3.8/site-packages:/home/jetson/slash_ws/install/fast_lio/lib/python3.8/site-packages:/home/jetson/slash_ws/install/livox_ros_driver2/lib/python3.8/site-packages:/home/jetson/slash_ws/install/key_teleop/lib/python3.8/site-packages:/opt/ros/foxy/lib/python3.8/site-packages /usr/bin/cmake --install /home/jetson/slash_ws/build/teb_local_planner
[11.582s] Level 1:colcon.colcon_core.environment:checking '/home/jetson/slash_ws/install/teb_local_planner' for CMake config files
[11.583s] Level 1:colcon.colcon_core.shell:create_environment_hook('teb_local_planner', 'cmake_prefix_path')
[11.583s] INFO:colcon.colcon_core.shell:Creating environment hook '/home/jetson/slash_ws/install/teb_local_planner/share/teb_local_planner/hook/cmake_prefix_path.ps1'
[11.589s] INFO:colcon.colcon_core.shell:Creating environment descriptor '/home/jetson/slash_ws/install/teb_local_planner/share/teb_local_planner/hook/cmake_prefix_path.dsv'
[11.591s] INFO:colcon.colcon_core.shell:Creating environment hook '/home/jetson/slash_ws/install/teb_local_planner/share/teb_local_planner/hook/cmake_prefix_path.sh'
[11.595s] Level 1:colcon.colcon_core.environment:checking '/home/jetson/slash_ws/install/teb_local_planner/lib'
[11.596s] Level 1:colcon.colcon_core.shell:create_environment_hook('teb_local_planner', 'ld_library_path_lib')
[11.596s] INFO:colcon.colcon_core.shell:Creating environment hook '/home/jetson/slash_ws/install/teb_local_planner/share/teb_local_planner/hook/ld_library_path_lib.ps1'
[11.598s] INFO:colcon.colcon_core.shell:Creating environment descriptor '/home/jetson/slash_ws/install/teb_local_planner/share/teb_local_planner/hook/ld_library_path_lib.dsv'
[11.606s] INFO:colcon.colcon_core.shell:Creating environment hook '/home/jetson/slash_ws/install/teb_local_planner/share/teb_local_planner/hook/ld_library_path_lib.sh'
[11.609s] Level 1:colcon.colcon_core.environment:checking '/home/jetson/slash_ws/install/teb_local_planner/bin'
[11.609s] Level 1:colcon.colcon_core.environment:checking '/home/jetson/slash_ws/install/teb_local_planner/lib/pkgconfig/teb_local_planner.pc'
[11.610s] Level 1:colcon.colcon_core.environment:checking '/home/jetson/slash_ws/install/teb_local_planner/lib/python3.8/site-packages'
[11.612s] Level 1:colcon.colcon_core.environment:checking '/home/jetson/slash_ws/install/teb_local_planner/bin'
[11.614s] INFO:colcon.colcon_core.shell:Creating package script '/home/jetson/slash_ws/install/teb_local_planner/share/teb_local_planner/package.ps1'
[11.625s] INFO:colcon.colcon_core.shell:Creating package descriptor '/home/jetson/slash_ws/install/teb_local_planner/share/teb_local_planner/package.dsv'
[11.626s] INFO:colcon.colcon_core.shell:Creating package script '/home/jetson/slash_ws/install/teb_local_planner/share/teb_local_planner/package.sh'
[11.628s] INFO:colcon.colcon_core.shell:Creating package script '/home/jetson/slash_ws/install/teb_local_planner/share/teb_local_planner/package.bash'
[11.628s] INFO:colcon.colcon_core.shell:Creating package script '/home/jetson/slash_ws/install/teb_local_planner/share/teb_local_planner/package.zsh'
[11.629s] Level 1:colcon.colcon_core.environment:create_file_with_runtime_dependencies(/home/jetson/slash_ws/install/teb_local_planner/share/colcon-core/packages/teb_local_planner)
[11.635s] Level 1:colcon.colcon_core.environment:create_environment_scripts_only(teb_local_planner)
[11.639s] Level 1:colcon.colcon_core.environment:checking '/home/jetson/slash_ws/install/teb_local_planner' for CMake module files
[11.640s] Level 1:colcon.colcon_core.environment:checking '/home/jetson/slash_ws/install/teb_local_planner' for CMake config files
[11.641s] Level 1:colcon.colcon_core.shell:create_environment_hook('teb_local_planner', 'cmake_prefix_path')
[11.642s] INFO:colcon.colcon_core.shell:Creating environment hook '/home/jetson/slash_ws/install/teb_local_planner/share/teb_local_planner/hook/cmake_prefix_path.ps1'
[11.644s] INFO:colcon.colcon_core.shell:Creating environment descriptor '/home/jetson/slash_ws/install/teb_local_planner/share/teb_local_planner/hook/cmake_prefix_path.dsv'
[11.645s] INFO:colcon.colcon_core.shell:Creating environment hook '/home/jetson/slash_ws/install/teb_local_planner/share/teb_local_planner/hook/cmake_prefix_path.sh'
[11.646s] Level 1:colcon.colcon_core.environment:checking '/home/jetson/slash_ws/install/teb_local_planner/lib'
[11.646s] Level 1:colcon.colcon_core.shell:create_environment_hook('teb_local_planner', 'ld_library_path_lib')
[11.647s] INFO:colcon.colcon_core.shell:Creating environment hook '/home/jetson/slash_ws/install/teb_local_planner/share/teb_local_planner/hook/ld_library_path_lib.ps1'
[11.649s] INFO:colcon.colcon_core.shell:Creating environment descriptor '/home/jetson/slash_ws/install/teb_local_planner/share/teb_local_planner/hook/ld_library_path_lib.dsv'
[11.650s] INFO:colcon.colcon_core.shell:Creating environment hook '/home/jetson/slash_ws/install/teb_local_planner/share/teb_local_planner/hook/ld_library_path_lib.sh'
[11.652s] Level 1:colcon.colcon_core.environment:checking '/home/jetson/slash_ws/install/teb_local_planner/bin'
[11.652s] Level 1:colcon.colcon_core.environment:checking '/home/jetson/slash_ws/install/teb_local_planner/lib/pkgconfig/teb_local_planner.pc'
[11.652s] Level 1:colcon.colcon_core.environment:checking '/home/jetson/slash_ws/install/teb_local_planner/lib/python3.8/site-packages'
[11.653s] Level 1:colcon.colcon_core.environment:checking '/home/jetson/slash_ws/install/teb_local_planner/bin'
[11.657s] INFO:colcon.colcon_core.shell:Creating package script '/home/jetson/slash_ws/install/teb_local_planner/share/teb_local_planner/package.ps1'
[11.659s] INFO:colcon.colcon_core.shell:Creating package descriptor '/home/jetson/slash_ws/install/teb_local_planner/share/teb_local_planner/package.dsv'
[11.661s] INFO:colcon.colcon_core.shell:Creating package script '/home/jetson/slash_ws/install/teb_local_planner/share/teb_local_planner/package.sh'
[11.663s] INFO:colcon.colcon_core.shell:Creating package script '/home/jetson/slash_ws/install/teb_local_planner/share/teb_local_planner/package.bash'
[11.666s] INFO:colcon.colcon_core.shell:Creating package script '/home/jetson/slash_ws/install/teb_local_planner/share/teb_local_planner/package.zsh'
[11.668s] Level 1:colcon.colcon_core.environment:create_file_with_runtime_dependencies(/home/jetson/slash_ws/install/teb_local_planner/share/colcon-core/packages/teb_local_planner)
[11.674s] Level 1:colcon.colcon_core.environment:create_environment_scripts_only(teleop_tools)
[11.676s] DEBUG:colcon.colcon_core.event_handler.log_command:Invoked command in '/home/jetson/slash_ws/build/teleop_tools' returned '0': AMENT_PREFIX_PATH=/home/jetson/slash_ws/install/joy_teleop:/home/jetson/slash_ws/install/key_teleop:/home/jetson/slash_ws/install/f1tenth_stack:/home/jetson/slash_ws/install/vesc:/home/jetson/slash_ws/install/vesc_driver:/home/jetson/slash_ws/install/vesc_ackermann:/home/jetson/slash_ws/install/vesc_msgs:/home/jetson/slash_ws/install/twist_to_ackermann:/home/jetson/slash_ws/install/teleop_tools:/home/jetson/slash_ws/install/teleop_tools_msgs:/home/jetson/slash_ws/install/teb_local_planner:/home/jetson/slash_ws/install/teb_msgs:/home/jetson/slash_ws/install/slash_nav2:/home/jetson/slash_ws/install/simple_mpc:/home/jetson/slash_ws/install/roboracer_china_2025:/home/jetson/slash_ws/install/pointcloud_to_laserscan:/home/jetson/slash_ws/install/mouse_teleop:/home/jetson/slash_ws/install/fast_lio:/home/jetson/slash_ws/install/livox_ros_driver2:/home/jetson/slash_ws/install/linefit_ground_segmentation_ros:/home/jetson/slash_ws/install/linefit_ground_segmentation:/home/jetson/slash_ws/install/costmap_converter:/home/jetson/slash_ws/install/costmap_converter_msgs:/home/jetson/slash_ws/install/ackermann_mux:/opt/ros/foxy CMAKE_PREFIX_PATH=/home/jetson/slash_ws/install/teleop_tools_msgs:/home/jetson/slash_ws/install/vesc:/home/jetson/slash_ws/install/vesc_driver:/home/jetson/slash_ws/install/vesc_ackermann:/home/jetson/slash_ws/install/vesc_msgs:/home/jetson/slash_ws/install/teleop_tools:/home/jetson/slash_ws/install/teb_local_planner:/home/jetson/slash_ws/install/teb_msgs:/home/jetson/slash_ws/install/slash_nav2:/home/jetson/slash_ws/install/simple_mpc:/home/jetson/slash_ws/install/pointcloud_to_laserscan:/home/jetson/slash_ws/install/fast_lio:/home/jetson/slash_ws/install/livox_ros_driver2:/home/jetson/slash_ws/install/linefit_ground_segmentation_ros:/home/jetson/slash_ws/install/linefit_ground_segmentation:/home/jetson/slash_ws/install/costmap_converter:/home/jetson/slash_ws/install/costmap_converter_msgs:/home/jetson/slash_ws/install/ackermann_mux:/home/jetson/slash_ws/install/f1tenth_stack:/home/jetson/slash_ws/install/twist_to_ackermann:/home/jetson/slash_ws/install/joy_teleop:/home/jetson/slash_ws/install/roboracer_china_2025:/home/jetson/slash_ws/install/mouse_teleop:/home/jetson/slash_ws/install/key_teleop:/opt/ros/foxy LD_LIBRARY_PATH=/home/jetson/slash_ws/install/teleop_tools_msgs/lib:/usr/local/cuda/lib64:/usr/local/cuda/lib64:/usr/local/cuda/lib64:/usr/local/cuda/lib64:/usr/local/cuda-11.4/lib64:/usr/local/cuda/lib64:/usr/local/cuda/lib64:/usr/local/cuda/lib64:/usr/local/cuda/lib64:/home/jetson/slash_ws/install/vesc_driver/lib:/home/jetson/slash_ws/install/vesc_ackermann/lib:/home/jetson/slash_ws/install/vesc_msgs/lib:/home/jetson/slash_ws/install/teb_local_planner/lib:/home/jetson/slash_ws/install/teb_msgs/lib:/home/jetson/slash_ws/install/pointcloud_to_laserscan/lib:/home/jetson/slash_ws/install/fast_lio/lib:/home/jetson/slash_ws/install/livox_ros_driver2/lib:/home/jetson/slash_ws/install/linefit_ground_segmentation/lib:/home/jetson/slash_ws/install/costmap_converter/lib:/home/jetson/slash_ws/install/costmap_converter_msgs/lib:/usr/lib/aarch64-linux-gnu/gazebo-11/plugins:/opt/ros/foxy/opt/yaml_cpp_vendor/lib:/opt/ros/foxy/opt/rviz_ogre_vendor/lib:/opt/ros/foxy/lib/aarch64-linux-gnu:/opt/ros/foxy/lib:/usr/local/cuda-11.4/lib64 PYTHONPATH=/home/jetson/slash_ws/install/joy_teleop/lib/python3.8/site-packages:/home/jetson/slash_ws/install/teleop_tools_msgs/lib/python3.8/site-packages:/home/jetson/slash_ws/install/key_teleop/lib/python3.8/site-packages:/home/jetson/slash_ws/install/f1tenth_stack/lib/python3.8/site-packages:/home/jetson/slash_ws/install/vesc_msgs/lib/python3.8/site-packages:/home/jetson/slash_ws/install/twist_to_ackermann/lib/python3.8/site-packages:/home/jetson/slash_ws/install/teb_msgs/lib/python3.8/site-packages:/home/jetson/slash_ws/install/roboracer_china_2025/lib/python3.8/site-packages:/home/jetson/slash_ws/install/mouse_teleop/lib/python3.8/site-packages:/home/jetson/slash_ws/install/fast_lio/lib/python3.8/site-packages:/home/jetson/slash_ws/install/livox_ros_driver2/lib/python3.8/site-packages:/home/jetson/slash_ws/install/costmap_converter_msgs/lib/python3.8/site-packages:/opt/ros/foxy/lib/python3.8/site-packages /usr/bin/cmake --install /home/jetson/slash_ws/build/teleop_tools
[11.676s] Level 1:colcon.colcon_core.environment:checking '/home/jetson/slash_ws/install/teleop_tools' for CMake module files
[11.677s] Level 1:colcon.colcon_core.environment:checking '/home/jetson/slash_ws/install/teleop_tools' for CMake config files
[11.678s] Level 1:colcon.colcon_core.shell:create_environment_hook('teleop_tools', 'cmake_prefix_path')
[11.678s] INFO:colcon.colcon_core.shell:Creating environment hook '/home/jetson/slash_ws/install/teleop_tools/share/teleop_tools/hook/cmake_prefix_path.ps1'
[11.681s] INFO:colcon.colcon_core.shell:Creating environment descriptor '/home/jetson/slash_ws/install/teleop_tools/share/teleop_tools/hook/cmake_prefix_path.dsv'
[11.682s] INFO:colcon.colcon_core.shell:Creating environment hook '/home/jetson/slash_ws/install/teleop_tools/share/teleop_tools/hook/cmake_prefix_path.sh'
[11.684s] Level 1:colcon.colcon_core.environment:checking '/home/jetson/slash_ws/install/teleop_tools/bin'
[11.684s] Level 1:colcon.colcon_core.environment:checking '/home/jetson/slash_ws/install/teleop_tools/lib/pkgconfig/teleop_tools.pc'
[11.685s] Level 1:colcon.colcon_core.environment:checking '/home/jetson/slash_ws/install/teleop_tools/lib/python3.8/site-packages'
[11.685s] Level 1:colcon.colcon_core.environment:checking '/home/jetson/slash_ws/install/teleop_tools/bin'
[11.689s] INFO:colcon.colcon_core.shell:Creating package script '/home/jetson/slash_ws/install/teleop_tools/share/teleop_tools/package.ps1'
[11.691s] INFO:colcon.colcon_core.shell:Creating package descriptor '/home/jetson/slash_ws/install/teleop_tools/share/teleop_tools/package.dsv'
[11.694s] INFO:colcon.colcon_core.shell:Creating package script '/home/jetson/slash_ws/install/teleop_tools/share/teleop_tools/package.sh'
[11.695s] INFO:colcon.colcon_core.shell:Creating package script '/home/jetson/slash_ws/install/teleop_tools/share/teleop_tools/package.bash'
[11.698s] INFO:colcon.colcon_core.shell:Creating package script '/home/jetson/slash_ws/install/teleop_tools/share/teleop_tools/package.zsh'
[11.699s] Level 1:colcon.colcon_core.environment:create_file_with_runtime_dependencies(/home/jetson/slash_ws/install/teleop_tools/share/colcon-core/packages/teleop_tools)
[11.701s] Level 1:colcon.colcon_core.environment:create_environment_scripts_only(teleop_tools)
[11.702s] Level 1:colcon.colcon_core.environment:checking '/home/jetson/slash_ws/install/teleop_tools' for CMake module files
[11.702s] Level 1:colcon.colcon_core.environment:checking '/home/jetson/slash_ws/install/teleop_tools' for CMake config files
[11.703s] Level 1:colcon.colcon_core.shell:create_environment_hook('teleop_tools', 'cmake_prefix_path')
[11.703s] INFO:colcon.colcon_core.shell:Creating environment hook '/home/jetson/slash_ws/install/teleop_tools/share/teleop_tools/hook/cmake_prefix_path.ps1'
[11.705s] INFO:colcon.colcon_core.shell:Creating environment descriptor '/home/jetson/slash_ws/install/teleop_tools/share/teleop_tools/hook/cmake_prefix_path.dsv'
[11.707s] INFO:colcon.colcon_core.shell:Creating environment hook '/home/jetson/slash_ws/install/teleop_tools/share/teleop_tools/hook/cmake_prefix_path.sh'
[11.708s] Level 1:colcon.colcon_core.environment:checking '/home/jetson/slash_ws/install/teleop_tools/bin'
[11.709s] Level 1:colcon.colcon_core.environment:checking '/home/jetson/slash_ws/install/teleop_tools/lib/pkgconfig/teleop_tools.pc'
[11.709s] Level 1:colcon.colcon_core.environment:checking '/home/jetson/slash_ws/install/teleop_tools/lib/python3.8/site-packages'
[11.710s] Level 1:colcon.colcon_core.environment:checking '/home/jetson/slash_ws/install/teleop_tools/bin'
[11.711s] INFO:colcon.colcon_core.shell:Creating package script '/home/jetson/slash_ws/install/teleop_tools/share/teleop_tools/package.ps1'
[11.712s] INFO:colcon.colcon_core.shell:Creating package descriptor '/home/jetson/slash_ws/install/teleop_tools/share/teleop_tools/package.dsv'
[11.713s] INFO:colcon.colcon_core.shell:Creating package script '/home/jetson/slash_ws/install/teleop_tools/share/teleop_tools/package.sh'
[11.714s] INFO:colcon.colcon_core.shell:Creating package script '/home/jetson/slash_ws/install/teleop_tools/share/teleop_tools/package.bash'
[11.715s] INFO:colcon.colcon_core.shell:Creating package script '/home/jetson/slash_ws/install/teleop_tools/share/teleop_tools/package.zsh'
[11.717s] Level 1:colcon.colcon_core.environment:create_file_with_runtime_dependencies(/home/jetson/slash_ws/install/teleop_tools/share/colcon-core/packages/teleop_tools)
[11.720s] Level 1:colcon.colcon_core.environment:create_environment_scripts_only(fast_lio)
[11.721s] DEBUG:colcon.colcon_core.event_handler.log_command:Invoked command in '/home/jetson/slash_ws/build/fast_lio' returned '0': CMAKE_PREFIX_PATH=/home/jetson/slash_ws/install/livox_ros_driver2:/home/jetson/slash_ws/install/vesc:/home/jetson/slash_ws/install/vesc_driver:/home/jetson/slash_ws/install/vesc_ackermann:/home/jetson/slash_ws/install/vesc_msgs:/home/jetson/slash_ws/install/teleop_tools:/home/jetson/slash_ws/install/teleop_tools_msgs:/home/jetson/slash_ws/install/teb_local_planner:/home/jetson/slash_ws/install/teb_msgs:/home/jetson/slash_ws/install/slash_nav2:/home/jetson/slash_ws/install/simple_mpc:/home/jetson/slash_ws/install/pointcloud_to_laserscan:/home/jetson/slash_ws/install/fast_lio:/home/jetson/slash_ws/install/linefit_ground_segmentation_ros:/home/jetson/slash_ws/install/linefit_ground_segmentation:/home/jetson/slash_ws/install/costmap_converter:/home/jetson/slash_ws/install/costmap_converter_msgs:/home/jetson/slash_ws/install/ackermann_mux:/home/jetson/slash_ws/install/f1tenth_stack:/home/jetson/slash_ws/install/twist_to_ackermann:/home/jetson/slash_ws/install/joy_teleop:/home/jetson/slash_ws/install/roboracer_china_2025:/home/jetson/slash_ws/install/mouse_teleop:/home/jetson/slash_ws/install/key_teleop:/opt/ros/foxy LD_LIBRARY_PATH=/home/jetson/slash_ws/install/livox_ros_driver2/lib:/usr/local/cuda/lib64:/usr/local/cuda/lib64:/usr/local/cuda/lib64:/usr/local/cuda/lib64:/usr/local/cuda-11.4/lib64:/usr/local/cuda/lib64:/usr/local/cuda/lib64:/usr/local/cuda/lib64:/usr/local/cuda/lib64:/home/jetson/slash_ws/install/vesc_driver/lib:/home/jetson/slash_ws/install/vesc_ackermann/lib:/home/jetson/slash_ws/install/vesc_msgs/lib:/home/jetson/slash_ws/install/teleop_tools_msgs/lib:/home/jetson/slash_ws/install/teb_local_planner/lib:/home/jetson/slash_ws/install/teb_msgs/lib:/home/jetson/slash_ws/install/pointcloud_to_laserscan/lib:/home/jetson/slash_ws/install/fast_lio/lib:/home/jetson/slash_ws/install/linefit_ground_segmentation/lib:/home/jetson/slash_ws/install/costmap_converter/lib:/home/jetson/slash_ws/install/costmap_converter_msgs/lib:/usr/lib/aarch64-linux-gnu/gazebo-11/plugins:/opt/ros/foxy/opt/yaml_cpp_vendor/lib:/opt/ros/foxy/opt/rviz_ogre_vendor/lib:/opt/ros/foxy/lib/aarch64-linux-gnu:/opt/ros/foxy/lib:/usr/local/cuda-11.4/lib64 PYTHONPATH=/home/jetson/slash_ws/install/livox_ros_driver2/lib/python3.8/site-packages:/home/jetson/slash_ws/install/f1tenth_stack/lib/python3.8/site-packages:/home/jetson/slash_ws/install/vesc_msgs/lib/python3.8/site-packages:/home/jetson/slash_ws/install/twist_to_ackermann/lib/python3.8/site-packages:/home/jetson/slash_ws/install/joy_teleop/lib/python3.8/site-packages:/home/jetson/slash_ws/install/teleop_tools_msgs/lib/python3.8/site-packages:/home/jetson/slash_ws/install/teb_msgs/lib/python3.8/site-packages:/home/jetson/slash_ws/install/roboracer_china_2025/lib/python3.8/site-packages:/home/jetson/slash_ws/install/mouse_teleop/lib/python3.8/site-packages:/home/jetson/slash_ws/install/fast_lio/lib/python3.8/site-packages:/home/jetson/slash_ws/install/key_teleop/lib/python3.8/site-packages:/home/jetson/slash_ws/install/costmap_converter_msgs/lib/python3.8/site-packages:/opt/ros/foxy/lib/python3.8/site-packages /usr/bin/cmake --install /home/jetson/slash_ws/build/fast_lio
[11.723s] Level 1:colcon.colcon_core.environment:checking '/home/jetson/slash_ws/install/fast_lio' for CMake module files
[11.725s] Level 1:colcon.colcon_core.environment:checking '/home/jetson/slash_ws/install/fast_lio' for CMake config files
[11.726s] Level 1:colcon.colcon_core.shell:create_environment_hook('fast_lio', 'cmake_prefix_path')
[11.727s] INFO:colcon.colcon_core.shell:Creating environment hook '/home/jetson/slash_ws/install/fast_lio/share/fast_lio/hook/cmake_prefix_path.ps1'
[11.728s] INFO:colcon.colcon_core.shell:Creating environment descriptor '/home/jetson/slash_ws/install/fast_lio/share/fast_lio/hook/cmake_prefix_path.dsv'
[11.729s] INFO:colcon.colcon_core.shell:Creating environment hook '/home/jetson/slash_ws/install/fast_lio/share/fast_lio/hook/cmake_prefix_path.sh'
[11.730s] Level 1:colcon.colcon_core.environment:checking '/home/jetson/slash_ws/install/fast_lio/lib'
[11.730s] Level 1:colcon.colcon_core.shell:create_environment_hook('fast_lio', 'ld_library_path_lib')
[11.731s] INFO:colcon.colcon_core.shell:Creating environment hook '/home/jetson/slash_ws/install/fast_lio/share/fast_lio/hook/ld_library_path_lib.ps1'
[11.734s] INFO:colcon.colcon_core.shell:Creating environment descriptor '/home/jetson/slash_ws/install/fast_lio/share/fast_lio/hook/ld_library_path_lib.dsv'
[11.735s] INFO:colcon.colcon_core.shell:Creating environment hook '/home/jetson/slash_ws/install/fast_lio/share/fast_lio/hook/ld_library_path_lib.sh'
[11.740s] Level 1:colcon.colcon_core.environment:checking '/home/jetson/slash_ws/install/fast_lio/bin'
[11.740s] Level 1:colcon.colcon_core.environment:checking '/home/jetson/slash_ws/install/fast_lio/lib/pkgconfig/fast_lio.pc'
[11.741s] Level 1:colcon.colcon_core.environment:checking '/home/jetson/slash_ws/install/fast_lio/lib/python3.8/site-packages'
[11.741s] Level 1:colcon.colcon_core.shell:create_environment_hook('fast_lio', 'pythonpath')
[11.742s] INFO:colcon.colcon_core.shell:Creating environment hook '/home/jetson/slash_ws/install/fast_lio/share/fast_lio/hook/pythonpath.ps1'
[11.744s] INFO:colcon.colcon_core.shell:Creating environment descriptor '/home/jetson/slash_ws/install/fast_lio/share/fast_lio/hook/pythonpath.dsv'
[11.745s] INFO:colcon.colcon_core.shell:Creating environment hook '/home/jetson/slash_ws/install/fast_lio/share/fast_lio/hook/pythonpath.sh'
[11.747s] Level 1:colcon.colcon_core.environment:checking '/home/jetson/slash_ws/install/fast_lio/bin'
[11.748s] INFO:colcon.colcon_core.shell:Creating package script '/home/jetson/slash_ws/install/fast_lio/share/fast_lio/package.ps1'
[11.750s] INFO:colcon.colcon_core.shell:Creating package descriptor '/home/jetson/slash_ws/install/fast_lio/share/fast_lio/package.dsv'
[11.751s] INFO:colcon.colcon_core.shell:Creating package script '/home/jetson/slash_ws/install/fast_lio/share/fast_lio/package.sh'
[11.752s] INFO:colcon.colcon_core.shell:Creating package script '/home/jetson/slash_ws/install/fast_lio/share/fast_lio/package.bash'
[11.753s] INFO:colcon.colcon_core.shell:Creating package script '/home/jetson/slash_ws/install/fast_lio/share/fast_lio/package.zsh'
[11.754s] Level 1:colcon.colcon_core.environment:create_file_with_runtime_dependencies(/home/jetson/slash_ws/install/fast_lio/share/colcon-core/packages/fast_lio)
[11.755s] Level 1:colcon.colcon_core.environment:create_environment_scripts_only(fast_lio)
[11.757s] Level 1:colcon.colcon_core.environment:checking '/home/jetson/slash_ws/install/fast_lio' for CMake module files
[11.758s] Level 1:colcon.colcon_core.environment:checking '/home/jetson/slash_ws/install/fast_lio' for CMake config files
[11.759s] Level 1:colcon.colcon_core.shell:create_environment_hook('fast_lio', 'cmake_prefix_path')
[11.759s] INFO:colcon.colcon_core.shell:Creating environment hook '/home/jetson/slash_ws/install/fast_lio/share/fast_lio/hook/cmake_prefix_path.ps1'
[11.761s] INFO:colcon.colcon_core.shell:Creating environment descriptor '/home/jetson/slash_ws/install/fast_lio/share/fast_lio/hook/cmake_prefix_path.dsv'
[11.761s] INFO:colcon.colcon_core.shell:Creating environment hook '/home/jetson/slash_ws/install/fast_lio/share/fast_lio/hook/cmake_prefix_path.sh'
[11.763s] Level 1:colcon.colcon_core.environment:checking '/home/jetson/slash_ws/install/fast_lio/lib'
[11.763s] Level 1:colcon.colcon_core.shell:create_environment_hook('fast_lio', 'ld_library_path_lib')
[11.763s] INFO:colcon.colcon_core.shell:Creating environment hook '/home/jetson/slash_ws/install/fast_lio/share/fast_lio/hook/ld_library_path_lib.ps1'
[11.764s] INFO:colcon.colcon_core.shell:Creating environment descriptor '/home/jetson/slash_ws/install/fast_lio/share/fast_lio/hook/ld_library_path_lib.dsv'
[11.765s] INFO:colcon.colcon_core.shell:Creating environment hook '/home/jetson/slash_ws/install/fast_lio/share/fast_lio/hook/ld_library_path_lib.sh'
[11.766s] Level 1:colcon.colcon_core.environment:checking '/home/jetson/slash_ws/install/fast_lio/bin'
[11.766s] Level 1:colcon.colcon_core.environment:checking '/home/jetson/slash_ws/install/fast_lio/lib/pkgconfig/fast_lio.pc'
[11.767s] Level 1:colcon.colcon_core.environment:checking '/home/jetson/slash_ws/install/fast_lio/lib/python3.8/site-packages'
[11.767s] Level 1:colcon.colcon_core.shell:create_environment_hook('fast_lio', 'pythonpath')
[11.767s] INFO:colcon.colcon_core.shell:Creating environment hook '/home/jetson/slash_ws/install/fast_lio/share/fast_lio/hook/pythonpath.ps1'
[11.768s] INFO:colcon.colcon_core.shell:Creating environment descriptor '/home/jetson/slash_ws/install/fast_lio/share/fast_lio/hook/pythonpath.dsv'
[11.769s] INFO:colcon.colcon_core.shell:Creating environment hook '/home/jetson/slash_ws/install/fast_lio/share/fast_lio/hook/pythonpath.sh'
[11.772s] Level 1:colcon.colcon_core.environment:checking '/home/jetson/slash_ws/install/fast_lio/bin'
[11.773s] INFO:colcon.colcon_core.shell:Creating package script '/home/jetson/slash_ws/install/fast_lio/share/fast_lio/package.ps1'
[11.775s] INFO:colcon.colcon_core.shell:Creating package descriptor '/home/jetson/slash_ws/install/fast_lio/share/fast_lio/package.dsv'
[11.778s] INFO:colcon.colcon_core.shell:Creating package script '/home/jetson/slash_ws/install/fast_lio/share/fast_lio/package.sh'
[11.779s] INFO:colcon.colcon_core.shell:Creating package script '/home/jetson/slash_ws/install/fast_lio/share/fast_lio/package.bash'
[11.780s] INFO:colcon.colcon_core.shell:Creating package script '/home/jetson/slash_ws/install/fast_lio/share/fast_lio/package.zsh'
[11.781s] Level 1:colcon.colcon_core.environment:create_file_with_runtime_dependencies(/home/jetson/slash_ws/install/fast_lio/share/colcon-core/packages/fast_lio)
[11.795s] DEBUG:colcon.colcon_core.event_handler.log_command:Invoking command in '/home/jetson/slash_ws/src/slash_perception/twist_to_ackermann': PYTHONPATH=/home/jetson/slash_ws/build/twist_to_ackermann/prefix_override:/usr/lib/python3/dist-packages/colcon_core/task/python/colcon_distutils_commands:/home/jetson/slash_ws/install/twist_to_ackermann/lib/python3.8/site-packages:${PYTHONPATH} /usr/bin/python3 -W ignore:setup.py install is deprecated -W ignore:easy_install command is deprecated setup.py egg_info --egg-base ../../../build/twist_to_ackermann build --build-base /home/jetson/slash_ws/build/twist_to_ackermann/build install --record /home/jetson/slash_ws/build/twist_to_ackermann/install.log --install-scripts $base/lib/twist_to_ackermann --single-version-externally-managed install_data
[12.846s] Level 1:colcon.colcon_core.environment:checking '/home/jetson/slash_ws/install/roboracer_china_2025' for CMake module files
[12.847s] DEBUG:colcon.colcon_core.event_handler.log_command:Invoked command in '/home/jetson/slash_ws/src/slash_navigation/roboracer_china_2025' returned '0': PYTHONPATH=/home/jetson/slash_ws/build/roboracer_china_2025/prefix_override:/usr/lib/python3/dist-packages/colcon_core/task/python/colcon_distutils_commands:/home/jetson/slash_ws/install/roboracer_china_2025/lib/python3.8/site-packages:${PYTHONPATH} /usr/bin/python3 -W ignore:setup.py install is deprecated -W ignore:easy_install command is deprecated setup.py egg_info --egg-base ../../../build/roboracer_china_2025 build --build-base /home/jetson/slash_ws/build/roboracer_china_2025/build install --record /home/jetson/slash_ws/build/roboracer_china_2025/install.log --install-scripts $base/lib/roboracer_china_2025 --single-version-externally-managed install_data
[12.849s] Level 1:colcon.colcon_core.environment:checking '/home/jetson/slash_ws/install/roboracer_china_2025' for CMake config files
[12.850s] Level 1:colcon.colcon_core.environment:checking '/home/jetson/slash_ws/install/roboracer_china_2025/lib'
[12.850s] Level 1:colcon.colcon_core.environment:checking '/home/jetson/slash_ws/install/roboracer_china_2025/bin'
[12.850s] Level 1:colcon.colcon_core.environment:checking '/home/jetson/slash_ws/install/roboracer_china_2025/lib/pkgconfig/roboracer_china_2025.pc'
[12.851s] Level 1:colcon.colcon_core.environment:checking '/home/jetson/slash_ws/install/roboracer_china_2025/lib/python3.8/site-packages'
[12.851s] Level 1:colcon.colcon_core.shell:create_environment_hook('roboracer_china_2025', 'pythonpath')
[12.852s] INFO:colcon.colcon_core.shell:Creating environment hook '/home/jetson/slash_ws/install/roboracer_china_2025/share/roboracer_china_2025/hook/pythonpath.ps1'
[12.853s] INFO:colcon.colcon_core.shell:Creating environment descriptor '/home/jetson/slash_ws/install/roboracer_china_2025/share/roboracer_china_2025/hook/pythonpath.dsv'
[12.854s] INFO:colcon.colcon_core.shell:Creating environment hook '/home/jetson/slash_ws/install/roboracer_china_2025/share/roboracer_china_2025/hook/pythonpath.sh'
[12.856s] Level 1:colcon.colcon_core.environment:checking '/home/jetson/slash_ws/install/roboracer_china_2025/bin'
[12.856s] Level 1:colcon.colcon_core.environment:create_environment_scripts_only(roboracer_china_2025)
[12.857s] INFO:colcon.colcon_core.shell:Creating package script '/home/jetson/slash_ws/install/roboracer_china_2025/share/roboracer_china_2025/package.ps1'
[12.858s] INFO:colcon.colcon_core.shell:Creating package descriptor '/home/jetson/slash_ws/install/roboracer_china_2025/share/roboracer_china_2025/package.dsv'
[12.859s] INFO:colcon.colcon_core.shell:Creating package script '/home/jetson/slash_ws/install/roboracer_china_2025/share/roboracer_china_2025/package.sh'
[12.861s] INFO:colcon.colcon_core.shell:Creating package script '/home/jetson/slash_ws/install/roboracer_china_2025/share/roboracer_china_2025/package.bash'
[12.862s] INFO:colcon.colcon_core.shell:Creating package script '/home/jetson/slash_ws/install/roboracer_china_2025/share/roboracer_china_2025/package.zsh'
[12.862s] Level 1:colcon.colcon_core.environment:create_file_with_runtime_dependencies(/home/jetson/slash_ws/install/roboracer_china_2025/share/colcon-core/packages/roboracer_china_2025)
[13.107s] Level 1:colcon.colcon_core.environment:checking '/home/jetson/slash_ws/install/twist_to_ackermann' for CMake module files
[13.108s] Level 1:colcon.colcon_core.environment:checking '/home/jetson/slash_ws/install/twist_to_ackermann' for CMake config files
[13.109s] Level 1:colcon.colcon_core.environment:checking '/home/jetson/slash_ws/install/twist_to_ackermann/lib'
[13.110s] Level 1:colcon.colcon_core.environment:checking '/home/jetson/slash_ws/install/twist_to_ackermann/bin'
[13.111s] Level 1:colcon.colcon_core.environment:checking '/home/jetson/slash_ws/install/twist_to_ackermann/lib/pkgconfig/twist_to_ackermann.pc'
[13.112s] DEBUG:colcon.colcon_core.event_handler.log_command:Invoked command in '/home/jetson/slash_ws/src/slash_perception/twist_to_ackermann' returned '0': PYTHONPATH=/home/jetson/slash_ws/build/twist_to_ackermann/prefix_override:/usr/lib/python3/dist-packages/colcon_core/task/python/colcon_distutils_commands:/home/jetson/slash_ws/install/twist_to_ackermann/lib/python3.8/site-packages:${PYTHONPATH} /usr/bin/python3 -W ignore:setup.py install is deprecated -W ignore:easy_install command is deprecated setup.py egg_info --egg-base ../../../build/twist_to_ackermann build --build-base /home/jetson/slash_ws/build/twist_to_ackermann/build install --record /home/jetson/slash_ws/build/twist_to_ackermann/install.log --install-scripts $base/lib/twist_to_ackermann --single-version-externally-managed install_data
[13.113s] Level 1:colcon.colcon_core.environment:checking '/home/jetson/slash_ws/install/twist_to_ackermann/lib/python3.8/site-packages'
[13.115s] Level 1:colcon.colcon_core.shell:create_environment_hook('twist_to_ackermann', 'pythonpath')
[13.116s] INFO:colcon.colcon_core.shell:Creating environment hook '/home/jetson/slash_ws/install/twist_to_ackermann/share/twist_to_ackermann/hook/pythonpath.ps1'
[13.118s] INFO:colcon.colcon_core.shell:Creating environment descriptor '/home/jetson/slash_ws/install/twist_to_ackermann/share/twist_to_ackermann/hook/pythonpath.dsv'
[13.119s] INFO:colcon.colcon_core.shell:Creating environment hook '/home/jetson/slash_ws/install/twist_to_ackermann/share/twist_to_ackermann/hook/pythonpath.sh'
[13.120s] Level 1:colcon.colcon_core.environment:checking '/home/jetson/slash_ws/install/twist_to_ackermann/bin'
[13.121s] Level 1:colcon.colcon_core.environment:create_environment_scripts_only(twist_to_ackermann)
[13.121s] INFO:colcon.colcon_core.shell:Creating package script '/home/jetson/slash_ws/install/twist_to_ackermann/share/twist_to_ackermann/package.ps1'
[13.124s] INFO:colcon.colcon_core.shell:Creating package descriptor '/home/jetson/slash_ws/install/twist_to_ackermann/share/twist_to_ackermann/package.dsv'
[13.126s] INFO:colcon.colcon_core.shell:Creating package script '/home/jetson/slash_ws/install/twist_to_ackermann/share/twist_to_ackermann/package.sh'
[13.127s] INFO:colcon.colcon_core.shell:Creating package script '/home/jetson/slash_ws/install/twist_to_ackermann/share/twist_to_ackermann/package.bash'
[13.128s] INFO:colcon.colcon_core.shell:Creating package script '/home/jetson/slash_ws/install/twist_to_ackermann/share/twist_to_ackermann/package.zsh'
[13.129s] Level 1:colcon.colcon_core.environment:create_file_with_runtime_dependencies(/home/jetson/slash_ws/install/twist_to_ackermann/share/colcon-core/packages/twist_to_ackermann)
[13.221s] DEBUG:colcon.colcon_core.event_handler.log_command:Invoking command in '/home/jetson/slash_ws/src/slash_hardware/f1tenth_system/f1tenth_stack': AMENT_PREFIX_PATH=/home/jetson/slash_ws/install/joy_teleop:/home/jetson/slash_ws/install/f1tenth_stack:/home/jetson/slash_ws/install/vesc:/home/jetson/slash_ws/install/vesc_driver:/home/jetson/slash_ws/install/vesc_ackermann:/home/jetson/slash_ws/install/vesc_msgs:/home/jetson/slash_ws/install/twist_to_ackermann:/home/jetson/slash_ws/install/teleop_tools:/home/jetson/slash_ws/install/teleop_tools_msgs:/home/jetson/slash_ws/install/teb_local_planner:/home/jetson/slash_ws/install/teb_msgs:/home/jetson/slash_ws/install/slash_nav2:/home/jetson/slash_ws/install/simple_mpc:/home/jetson/slash_ws/install/roboracer_china_2025:/home/jetson/slash_ws/install/pointcloud_to_laserscan:/home/jetson/slash_ws/install/mouse_teleop:/home/jetson/slash_ws/install/fast_lio:/home/jetson/slash_ws/install/livox_ros_driver2:/home/jetson/slash_ws/install/linefit_ground_segmentation_ros:/home/jetson/slash_ws/install/linefit_ground_segmentation:/home/jetson/slash_ws/install/key_teleop:/home/jetson/slash_ws/install/costmap_converter:/home/jetson/slash_ws/install/costmap_converter_msgs:/home/jetson/slash_ws/install/ackermann_mux:/opt/ros/foxy CMAKE_PREFIX_PATH=/home/jetson/slash_ws/install/vesc:/home/jetson/slash_ws/install/vesc_driver:/home/jetson/slash_ws/install/vesc_ackermann:/home/jetson/slash_ws/install/vesc_msgs:/home/jetson/slash_ws/install/teleop_tools_msgs:/home/jetson/slash_ws/install/ackermann_mux:/home/jetson/slash_ws/install/teleop_tools:/home/jetson/slash_ws/install/teb_local_planner:/home/jetson/slash_ws/install/teb_msgs:/home/jetson/slash_ws/install/slash_nav2:/home/jetson/slash_ws/install/simple_mpc:/home/jetson/slash_ws/install/pointcloud_to_laserscan:/home/jetson/slash_ws/install/fast_lio:/home/jetson/slash_ws/install/livox_ros_driver2:/home/jetson/slash_ws/install/linefit_ground_segmentation_ros:/home/jetson/slash_ws/install/linefit_ground_segmentation:/home/jetson/slash_ws/install/costmap_converter:/home/jetson/slash_ws/install/costmap_converter_msgs LD_LIBRARY_PATH=/home/jetson/slash_ws/install/vesc_driver/lib:/home/jetson/slash_ws/install/vesc_ackermann/lib:/home/jetson/slash_ws/install/vesc_msgs/lib:/home/jetson/slash_ws/install/teleop_tools_msgs/lib:/usr/local/cuda/lib64:/usr/local/cuda/lib64:/usr/local/cuda/lib64:/usr/local/cuda/lib64:/usr/local/cuda-11.4/lib64:/usr/local/cuda/lib64:/usr/local/cuda/lib64:/usr/local/cuda/lib64:/usr/local/cuda/lib64:/home/jetson/slash_ws/install/teb_local_planner/lib:/home/jetson/slash_ws/install/teb_msgs/lib:/home/jetson/slash_ws/install/pointcloud_to_laserscan/lib:/home/jetson/slash_ws/install/fast_lio/lib:/home/jetson/slash_ws/install/livox_ros_driver2/lib:/home/jetson/slash_ws/install/linefit_ground_segmentation/lib:/home/jetson/slash_ws/install/costmap_converter/lib:/home/jetson/slash_ws/install/costmap_converter_msgs/lib:/usr/lib/aarch64-linux-gnu/gazebo-11/plugins:/opt/ros/foxy/opt/yaml_cpp_vendor/lib:/opt/ros/foxy/opt/rviz_ogre_vendor/lib:/opt/ros/foxy/lib/aarch64-linux-gnu:/opt/ros/foxy/lib:/usr/local/cuda-11.4/lib64 PYTHONPATH=/home/jetson/slash_ws/build/f1tenth_stack/prefix_override:/usr/lib/python3/dist-packages/colcon_core/task/python/colcon_distutils_commands:/home/jetson/slash_ws/install/f1tenth_stack/lib/python3.8/site-packages:/home/jetson/slash_ws/install/joy_teleop/lib/python3.8/site-packages:/home/jetson/slash_ws/install/vesc_msgs/lib/python3.8/site-packages:/home/jetson/slash_ws/install/teleop_tools_msgs/lib/python3.8/site-packages:/home/jetson/slash_ws/install/f1tenth_stack/lib/python3.8/site-packages:/home/jetson/slash_ws/install/twist_to_ackermann/lib/python3.8/site-packages:/home/jetson/slash_ws/install/teb_msgs/lib/python3.8/site-packages:/home/jetson/slash_ws/install/roboracer_china_2025/lib/python3.8/site-packages:/home/jetson/slash_ws/install/mouse_teleop/lib/python3.8/site-packages:/home/jetson/slash_ws/install/fast_lio/lib/python3.8/site-packages:/home/jetson/slash_ws/install/livox_ros_driver2/lib/python3.8/site-packages:/home/jetson/slash_ws/install/key_teleop/lib/python3.8/site-packages:/home/jetson/slash_ws/install/costmap_converter_msgs/lib/python3.8/site-packages:/opt/ros/foxy/lib/python3.8/site-packages /usr/bin/python3 -W ignore:setup.py install is deprecated -W ignore:easy_install command is deprecated setup.py egg_info --egg-base ../../../../build/f1tenth_stack build --build-base /home/jetson/slash_ws/build/f1tenth_stack/build install --record /home/jetson/slash_ws/build/f1tenth_stack/install.log --single-version-externally-managed install_data
[14.675s] Level 1:colcon.colcon_core.environment:checking '/home/jetson/slash_ws/install/f1tenth_stack' for CMake module files
[14.677s] Level 1:colcon.colcon_core.environment:checking '/home/jetson/slash_ws/install/f1tenth_stack' for CMake config files
[14.678s] Level 1:colcon.colcon_core.environment:checking '/home/jetson/slash_ws/install/f1tenth_stack/lib'
[14.678s] Level 1:colcon.colcon_core.environment:checking '/home/jetson/slash_ws/install/f1tenth_stack/bin'
[14.679s] Level 1:colcon.colcon_core.environment:checking '/home/jetson/slash_ws/install/f1tenth_stack/lib/pkgconfig/f1tenth_stack.pc'
[14.679s] Level 1:colcon.colcon_core.environment:checking '/home/jetson/slash_ws/install/f1tenth_stack/lib/python3.8/site-packages'
[14.679s] Level 1:colcon.colcon_core.shell:create_environment_hook('f1tenth_stack', 'pythonpath')
[14.680s] INFO:colcon.colcon_core.shell:Creating environment hook '/home/jetson/slash_ws/install/f1tenth_stack/share/f1tenth_stack/hook/pythonpath.ps1'
[14.682s] INFO:colcon.colcon_core.shell:Creating environment descriptor '/home/jetson/slash_ws/install/f1tenth_stack/share/f1tenth_stack/hook/pythonpath.dsv'
[14.683s] INFO:colcon.colcon_core.shell:Creating environment hook '/home/jetson/slash_ws/install/f1tenth_stack/share/f1tenth_stack/hook/pythonpath.sh'
[14.684s] Level 1:colcon.colcon_core.environment:checking '/home/jetson/slash_ws/install/f1tenth_stack/bin'
[14.684s] Level 1:colcon.colcon_core.environment:create_environment_scripts_only(f1tenth_stack)
[14.685s] INFO:colcon.colcon_core.shell:Creating package script '/home/jetson/slash_ws/install/f1tenth_stack/share/f1tenth_stack/package.ps1'
[14.687s] INFO:colcon.colcon_core.shell:Creating package descriptor '/home/jetson/slash_ws/install/f1tenth_stack/share/f1tenth_stack/package.dsv'
[14.688s] DEBUG:colcon.colcon_core.event_handler.log_command:Invoked command in '/home/jetson/slash_ws/src/slash_hardware/f1tenth_system/f1tenth_stack' returned '0': AMENT_PREFIX_PATH=/home/jetson/slash_ws/install/joy_teleop:/home/jetson/slash_ws/install/f1tenth_stack:/home/jetson/slash_ws/install/vesc:/home/jetson/slash_ws/install/vesc_driver:/home/jetson/slash_ws/install/vesc_ackermann:/home/jetson/slash_ws/install/vesc_msgs:/home/jetson/slash_ws/install/twist_to_ackermann:/home/jetson/slash_ws/install/teleop_tools:/home/jetson/slash_ws/install/teleop_tools_msgs:/home/jetson/slash_ws/install/teb_local_planner:/home/jetson/slash_ws/install/teb_msgs:/home/jetson/slash_ws/install/slash_nav2:/home/jetson/slash_ws/install/simple_mpc:/home/jetson/slash_ws/install/roboracer_china_2025:/home/jetson/slash_ws/install/pointcloud_to_laserscan:/home/jetson/slash_ws/install/mouse_teleop:/home/jetson/slash_ws/install/fast_lio:/home/jetson/slash_ws/install/livox_ros_driver2:/home/jetson/slash_ws/install/linefit_ground_segmentation_ros:/home/jetson/slash_ws/install/linefit_ground_segmentation:/home/jetson/slash_ws/install/key_teleop:/home/jetson/slash_ws/install/costmap_converter:/home/jetson/slash_ws/install/costmap_converter_msgs:/home/jetson/slash_ws/install/ackermann_mux:/opt/ros/foxy CMAKE_PREFIX_PATH=/home/jetson/slash_ws/install/vesc:/home/jetson/slash_ws/install/vesc_driver:/home/jetson/slash_ws/install/vesc_ackermann:/home/jetson/slash_ws/install/vesc_msgs:/home/jetson/slash_ws/install/teleop_tools_msgs:/home/jetson/slash_ws/install/ackermann_mux:/home/jetson/slash_ws/install/teleop_tools:/home/jetson/slash_ws/install/teb_local_planner:/home/jetson/slash_ws/install/teb_msgs:/home/jetson/slash_ws/install/slash_nav2:/home/jetson/slash_ws/install/simple_mpc:/home/jetson/slash_ws/install/pointcloud_to_laserscan:/home/jetson/slash_ws/install/fast_lio:/home/jetson/slash_ws/install/livox_ros_driver2:/home/jetson/slash_ws/install/linefit_ground_segmentation_ros:/home/jetson/slash_ws/install/linefit_ground_segmentation:/home/jetson/slash_ws/install/costmap_converter:/home/jetson/slash_ws/install/costmap_converter_msgs LD_LIBRARY_PATH=/home/jetson/slash_ws/install/vesc_driver/lib:/home/jetson/slash_ws/install/vesc_ackermann/lib:/home/jetson/slash_ws/install/vesc_msgs/lib:/home/jetson/slash_ws/install/teleop_tools_msgs/lib:/usr/local/cuda/lib64:/usr/local/cuda/lib64:/usr/local/cuda/lib64:/usr/local/cuda/lib64:/usr/local/cuda-11.4/lib64:/usr/local/cuda/lib64:/usr/local/cuda/lib64:/usr/local/cuda/lib64:/usr/local/cuda/lib64:/home/jetson/slash_ws/install/teb_local_planner/lib:/home/jetson/slash_ws/install/teb_msgs/lib:/home/jetson/slash_ws/install/pointcloud_to_laserscan/lib:/home/jetson/slash_ws/install/fast_lio/lib:/home/jetson/slash_ws/install/livox_ros_driver2/lib:/home/jetson/slash_ws/install/linefit_ground_segmentation/lib:/home/jetson/slash_ws/install/costmap_converter/lib:/home/jetson/slash_ws/install/costmap_converter_msgs/lib:/usr/lib/aarch64-linux-gnu/gazebo-11/plugins:/opt/ros/foxy/opt/yaml_cpp_vendor/lib:/opt/ros/foxy/opt/rviz_ogre_vendor/lib:/opt/ros/foxy/lib/aarch64-linux-gnu:/opt/ros/foxy/lib:/usr/local/cuda-11.4/lib64 PYTHONPATH=/home/jetson/slash_ws/build/f1tenth_stack/prefix_override:/usr/lib/python3/dist-packages/colcon_core/task/python/colcon_distutils_commands:/home/jetson/slash_ws/install/f1tenth_stack/lib/python3.8/site-packages:/home/jetson/slash_ws/install/joy_teleop/lib/python3.8/site-packages:/home/jetson/slash_ws/install/vesc_msgs/lib/python3.8/site-packages:/home/jetson/slash_ws/install/teleop_tools_msgs/lib/python3.8/site-packages:/home/jetson/slash_ws/install/f1tenth_stack/lib/python3.8/site-packages:/home/jetson/slash_ws/install/twist_to_ackermann/lib/python3.8/site-packages:/home/jetson/slash_ws/install/teb_msgs/lib/python3.8/site-packages:/home/jetson/slash_ws/install/roboracer_china_2025/lib/python3.8/site-packages:/home/jetson/slash_ws/install/mouse_teleop/lib/python3.8/site-packages:/home/jetson/slash_ws/install/fast_lio/lib/python3.8/site-packages:/home/jetson/slash_ws/install/livox_ros_driver2/lib/python3.8/site-packages:/home/jetson/slash_ws/install/key_teleop/lib/python3.8/site-packages:/home/jetson/slash_ws/install/costmap_converter_msgs/lib/python3.8/site-packages:/opt/ros/foxy/lib/python3.8/site-packages /usr/bin/python3 -W ignore:setup.py install is deprecated -W ignore:easy_install command is deprecated setup.py egg_info --egg-base ../../../../build/f1tenth_stack build --build-base /home/jetson/slash_ws/build/f1tenth_stack/build install --record /home/jetson/slash_ws/build/f1tenth_stack/install.log --single-version-externally-managed install_data
[14.689s] INFO:colcon.colcon_core.shell:Creating package script '/home/jetson/slash_ws/install/f1tenth_stack/share/f1tenth_stack/package.sh'
[14.691s] INFO:colcon.colcon_core.shell:Creating package script '/home/jetson/slash_ws/install/f1tenth_stack/share/f1tenth_stack/package.bash'
[14.692s] INFO:colcon.colcon_core.shell:Creating package script '/home/jetson/slash_ws/install/f1tenth_stack/share/f1tenth_stack/package.zsh'
[14.693s] Level 1:colcon.colcon_core.environment:create_file_with_runtime_dependencies(/home/jetson/slash_ws/install/f1tenth_stack/share/colcon-core/packages/f1tenth_stack)
[14.694s] DEBUG:colcon.colcon_parallel_executor.executor.parallel:closing loop
[14.695s] DEBUG:colcon.colcon_parallel_executor.executor.parallel:loop closed
[14.695s] DEBUG:colcon.colcon_parallel_executor.executor.parallel:run_until_complete finished with '0'
[14.695s] DEBUG:colcon.colcon_core.event_reactor:joining thread
[14.713s] INFO:colcon.colcon_core.plugin_system:Skipping extension 'colcon_notification.desktop_notification.terminal_notifier': Not used on non-Darwin systems
[14.713s] INFO:colcon.colcon_core.plugin_system:Skipping extension 'colcon_notification.desktop_notification.win32': Not used on non-Windows systems
[14.714s] INFO:colcon.colcon_notification.desktop_notification:Sending desktop notification using 'notify2'
[14.758s] DEBUG:colcon.colcon_core.event_reactor:joined thread
[14.759s] INFO:colcon.colcon_core.shell:Creating prefix script '/home/jetson/slash_ws/install/local_setup.ps1'
[14.762s] INFO:colcon.colcon_core.shell:Creating prefix util module '/home/jetson/slash_ws/install/_local_setup_util_ps1.py'
[14.765s] INFO:colcon.colcon_core.shell:Creating prefix chain script '/home/jetson/slash_ws/install/setup.ps1'
[14.771s] INFO:colcon.colcon_core.shell:Creating prefix script '/home/jetson/slash_ws/install/local_setup.sh'
[14.774s] INFO:colcon.colcon_core.shell:Creating prefix util module '/home/jetson/slash_ws/install/_local_setup_util_sh.py'
[14.776s] INFO:colcon.colcon_core.shell:Creating prefix chain script '/home/jetson/slash_ws/install/setup.sh'
[14.782s] INFO:colcon.colcon_core.shell:Creating prefix script '/home/jetson/slash_ws/install/local_setup.bash'
[14.784s] INFO:colcon.colcon_core.shell:Creating prefix chain script '/home/jetson/slash_ws/install/setup.bash'
[14.789s] INFO:colcon.colcon_core.shell:Creating prefix script '/home/jetson/slash_ws/install/local_setup.zsh'
[14.790s] INFO:colcon.colcon_core.shell:Creating prefix chain script '/home/jetson/slash_ws/install/setup.zsh'
