[0.380s] DEBUG:colcon:Command line arguments: ['/usr/bin/colcon', 'build']
[0.380s] DEBUG:colcon:Parsed command line arguments: Namespace(allow_overriding=[], ament_cmake_args=None, base_paths=['.'], build_base='build', catkin_cmake_args=None, catkin_skip_building_tests=False, cmake_args=None, cmake_clean_cache=False, cmake_clean_first=False, cmake_force_configure=False, cmake_target=None, cmake_target_skip_unavailable=False, continue_on_error=False, event_handlers=None, executor='parallel', ignore_user_meta=False, install_base='install', log_base=None, log_level=None, main=<bound method BuildVerb.main of <colcon_core.verb.build.BuildVerb object at 0xffffb2e81ee0>>, merge_install=False, metas=['./colcon.meta'], packages_above=None, packages_above_and_dependencies=None, packages_above_depth=None, packages_end=None, packages_ignore=None, packages_ignore_regex=None, packages_select=None, packages_select_build_failed=False, packages_select_by_dep=None, packages_select_regex=None, packages_select_test_failures=False, packages_skip=None, packages_skip_build_finished=False, packages_skip_by_dep=None, packages_skip_regex=None, packages_skip_test_passed=False, packages_skip_up_to=None, packages_start=None, packages_up_to=None, packages_up_to_regex=None, parallel_workers=8, paths=None, symlink_install=False, test_result_base=None, verb_extension=<colcon_core.verb.build.BuildVerb object at 0xffffb2e81ee0>, verb_name='build', verb_parser=<colcon_defaults.argument_parser.defaults.DefaultArgumentsDecorator object at 0xffffb2e8e700>)
[0.850s] Level 1:colcon.colcon_core.package_discovery:discover_packages(colcon_meta) check parameters
[0.851s] Level 1:colcon.colcon_core.package_discovery:discover_packages(recursive) check parameters
[0.851s] Level 1:colcon.colcon_core.package_discovery:discover_packages(ignore) check parameters
[0.851s] Level 1:colcon.colcon_core.package_discovery:discover_packages(path) check parameters
[0.851s] Level 1:colcon.colcon_core.package_discovery:discover_packages(colcon_meta) discover
[0.851s] Level 1:colcon.colcon_core.package_discovery:discover_packages(recursive) discover
[0.851s] INFO:colcon.colcon_core.package_discovery:Crawling recursively for packages in '/home/jetson/slash_ws'
[0.852s] Level 1:colcon.colcon_core.package_identification:_identify(.) by extensions ['ignore', 'ignore_ament_install']
[0.852s] Level 1:colcon.colcon_core.package_identification:_identify(.) by extension 'ignore'
[0.852s] Level 1:colcon.colcon_core.package_identification:_identify(.) by extension 'ignore_ament_install'
[0.852s] Level 1:colcon.colcon_core.package_identification:_identify(.) by extensions ['colcon_pkg']
[0.852s] Level 1:colcon.colcon_core.package_identification:_identify(.) by extension 'colcon_pkg'
[0.852s] Level 1:colcon.colcon_core.package_identification:_identify(.) by extensions ['colcon_meta']
[0.852s] Level 1:colcon.colcon_core.package_identification:_identify(.) by extension 'colcon_meta'
[0.852s] Level 1:colcon.colcon_core.package_identification:_identify(.) by extensions ['ros']
[0.852s] Level 1:colcon.colcon_core.package_identification:_identify(.) by extension 'ros'
[0.880s] Level 1:colcon.colcon_core.package_identification:_identify(.) by extensions ['cmake', 'python']
[0.880s] Level 1:colcon.colcon_core.package_identification:_identify(.) by extension 'cmake'
[0.880s] Level 1:colcon.colcon_core.package_identification:_identify(.) by extension 'python'
[0.880s] Level 1:colcon.colcon_core.package_identification:_identify(.) by extensions ['python_setup_py']
[0.880s] Level 1:colcon.colcon_core.package_identification:_identify(.) by extension 'python_setup_py'
[0.880s] Level 1:colcon.colcon_core.package_identification:_identify(battle) by extensions ['ignore', 'ignore_ament_install']
[0.881s] Level 1:colcon.colcon_core.package_identification:_identify(battle) by extension 'ignore'
[0.881s] Level 1:colcon.colcon_core.package_identification:_identify(battle) by extension 'ignore_ament_install'
[0.881s] Level 1:colcon.colcon_core.package_identification:_identify(battle) by extensions ['colcon_pkg']
[0.881s] Level 1:colcon.colcon_core.package_identification:_identify(battle) by extension 'colcon_pkg'
[0.881s] Level 1:colcon.colcon_core.package_identification:_identify(battle) by extensions ['colcon_meta']
[0.881s] Level 1:colcon.colcon_core.package_identification:_identify(battle) by extension 'colcon_meta'
[0.881s] Level 1:colcon.colcon_core.package_identification:_identify(battle) by extensions ['ros']
[0.881s] Level 1:colcon.colcon_core.package_identification:_identify(battle) by extension 'ros'
[0.881s] Level 1:colcon.colcon_core.package_identification:_identify(battle) by extensions ['cmake', 'python']
[0.882s] Level 1:colcon.colcon_core.package_identification:_identify(battle) by extension 'cmake'
[0.882s] Level 1:colcon.colcon_core.package_identification:_identify(battle) by extension 'python'
[0.882s] Level 1:colcon.colcon_core.package_identification:_identify(battle) by extensions ['python_setup_py']
[0.882s] Level 1:colcon.colcon_core.package_identification:_identify(battle) by extension 'python_setup_py'
[0.882s] Level 1:colcon.colcon_core.package_identification:_identify(build) by extensions ['ignore', 'ignore_ament_install']
[0.882s] Level 1:colcon.colcon_core.package_identification:_identify(build) by extension 'ignore'
[0.882s] Level 1:colcon.colcon_core.package_identification:_identify(build) ignored
[0.883s] Level 1:colcon.colcon_core.package_identification:_identify(chassis_response_test) by extensions ['ignore', 'ignore_ament_install']
[0.883s] Level 1:colcon.colcon_core.package_identification:_identify(chassis_response_test) by extension 'ignore'
[0.883s] Level 1:colcon.colcon_core.package_identification:_identify(chassis_response_test) by extension 'ignore_ament_install'
[0.883s] Level 1:colcon.colcon_core.package_identification:_identify(chassis_response_test) by extensions ['colcon_pkg']
[0.883s] Level 1:colcon.colcon_core.package_identification:_identify(chassis_response_test) by extension 'colcon_pkg'
[0.883s] Level 1:colcon.colcon_core.package_identification:_identify(chassis_response_test) by extensions ['colcon_meta']
[0.883s] Level 1:colcon.colcon_core.package_identification:_identify(chassis_response_test) by extension 'colcon_meta'
[0.883s] Level 1:colcon.colcon_core.package_identification:_identify(chassis_response_test) by extensions ['ros']
[0.883s] Level 1:colcon.colcon_core.package_identification:_identify(chassis_response_test) by extension 'ros'
[0.883s] Level 1:colcon.colcon_core.package_identification:_identify(chassis_response_test) by extensions ['cmake', 'python']
[0.884s] Level 1:colcon.colcon_core.package_identification:_identify(chassis_response_test) by extension 'cmake'
[0.884s] Level 1:colcon.colcon_core.package_identification:_identify(chassis_response_test) by extension 'python'
[0.884s] Level 1:colcon.colcon_core.package_identification:_identify(chassis_response_test) by extensions ['python_setup_py']
[0.884s] Level 1:colcon.colcon_core.package_identification:_identify(chassis_response_test) by extension 'python_setup_py'
[0.884s] Level 1:colcon.colcon_core.package_identification:_identify(chassis_test) by extensions ['ignore', 'ignore_ament_install']
[0.884s] Level 1:colcon.colcon_core.package_identification:_identify(chassis_test) by extension 'ignore'
[0.884s] Level 1:colcon.colcon_core.package_identification:_identify(chassis_test) by extension 'ignore_ament_install'
[0.884s] Level 1:colcon.colcon_core.package_identification:_identify(chassis_test) by extensions ['colcon_pkg']
[0.884s] Level 1:colcon.colcon_core.package_identification:_identify(chassis_test) by extension 'colcon_pkg'
[0.884s] Level 1:colcon.colcon_core.package_identification:_identify(chassis_test) by extensions ['colcon_meta']
[0.884s] Level 1:colcon.colcon_core.package_identification:_identify(chassis_test) by extension 'colcon_meta'
[0.885s] Level 1:colcon.colcon_core.package_identification:_identify(chassis_test) by extensions ['ros']
[0.885s] Level 1:colcon.colcon_core.package_identification:_identify(chassis_test) by extension 'ros'
[0.885s] Level 1:colcon.colcon_core.package_identification:_identify(chassis_test) by extensions ['cmake', 'python']
[0.885s] Level 1:colcon.colcon_core.package_identification:_identify(chassis_test) by extension 'cmake'
[0.885s] Level 1:colcon.colcon_core.package_identification:_identify(chassis_test) by extension 'python'
[0.885s] Level 1:colcon.colcon_core.package_identification:_identify(chassis_test) by extensions ['python_setup_py']
[0.885s] Level 1:colcon.colcon_core.package_identification:_identify(chassis_test) by extension 'python_setup_py'
[0.885s] Level 1:colcon.colcon_core.package_identification:_identify(install) by extensions ['ignore', 'ignore_ament_install']
[0.885s] Level 1:colcon.colcon_core.package_identification:_identify(install) by extension 'ignore'
[0.886s] Level 1:colcon.colcon_core.package_identification:_identify(install) ignored
[0.886s] Level 1:colcon.colcon_core.package_identification:_identify(log) by extensions ['ignore', 'ignore_ament_install']
[0.886s] Level 1:colcon.colcon_core.package_identification:_identify(log) by extension 'ignore'
[0.886s] Level 1:colcon.colcon_core.package_identification:_identify(log) ignored
[0.886s] Level 1:colcon.colcon_core.package_identification:_identify(rosbag2_2025_09_19-21_39_40) by extensions ['ignore', 'ignore_ament_install']
[0.886s] Level 1:colcon.colcon_core.package_identification:_identify(rosbag2_2025_09_19-21_39_40) by extension 'ignore'
[0.886s] Level 1:colcon.colcon_core.package_identification:_identify(rosbag2_2025_09_19-21_39_40) by extension 'ignore_ament_install'
[0.886s] Level 1:colcon.colcon_core.package_identification:_identify(rosbag2_2025_09_19-21_39_40) by extensions ['colcon_pkg']
[0.887s] Level 1:colcon.colcon_core.package_identification:_identify(rosbag2_2025_09_19-21_39_40) by extension 'colcon_pkg'
[0.887s] Level 1:colcon.colcon_core.package_identification:_identify(rosbag2_2025_09_19-21_39_40) by extensions ['colcon_meta']
[0.887s] Level 1:colcon.colcon_core.package_identification:_identify(rosbag2_2025_09_19-21_39_40) by extension 'colcon_meta'
[0.887s] Level 1:colcon.colcon_core.package_identification:_identify(rosbag2_2025_09_19-21_39_40) by extensions ['ros']
[0.887s] Level 1:colcon.colcon_core.package_identification:_identify(rosbag2_2025_09_19-21_39_40) by extension 'ros'
[0.887s] Level 1:colcon.colcon_core.package_identification:_identify(rosbag2_2025_09_19-21_39_40) by extensions ['cmake', 'python']
[0.887s] Level 1:colcon.colcon_core.package_identification:_identify(rosbag2_2025_09_19-21_39_40) by extension 'cmake'
[0.887s] Level 1:colcon.colcon_core.package_identification:_identify(rosbag2_2025_09_19-21_39_40) by extension 'python'
[0.887s] Level 1:colcon.colcon_core.package_identification:_identify(rosbag2_2025_09_19-21_39_40) by extensions ['python_setup_py']
[0.887s] Level 1:colcon.colcon_core.package_identification:_identify(rosbag2_2025_09_19-21_39_40) by extension 'python_setup_py'
[0.887s] Level 1:colcon.colcon_core.package_identification:_identify(rosbag2_2026_05_05-17_10_20) by extensions ['ignore', 'ignore_ament_install']
[0.888s] Level 1:colcon.colcon_core.package_identification:_identify(rosbag2_2026_05_05-17_10_20) by extension 'ignore'
[0.888s] Level 1:colcon.colcon_core.package_identification:_identify(rosbag2_2026_05_05-17_10_20) by extension 'ignore_ament_install'
[0.888s] Level 1:colcon.colcon_core.package_identification:_identify(rosbag2_2026_05_05-17_10_20) by extensions ['colcon_pkg']
[0.888s] Level 1:colcon.colcon_core.package_identification:_identify(rosbag2_2026_05_05-17_10_20) by extension 'colcon_pkg'
[0.888s] Level 1:colcon.colcon_core.package_identification:_identify(rosbag2_2026_05_05-17_10_20) by extensions ['colcon_meta']
[0.888s] Level 1:colcon.colcon_core.package_identification:_identify(rosbag2_2026_05_05-17_10_20) by extension 'colcon_meta'
[0.888s] Level 1:colcon.colcon_core.package_identification:_identify(rosbag2_2026_05_05-17_10_20) by extensions ['ros']
[0.888s] Level 1:colcon.colcon_core.package_identification:_identify(rosbag2_2026_05_05-17_10_20) by extension 'ros'
[0.888s] Level 1:colcon.colcon_core.package_identification:_identify(rosbag2_2026_05_05-17_10_20) by extensions ['cmake', 'python']
[0.888s] Level 1:colcon.colcon_core.package_identification:_identify(rosbag2_2026_05_05-17_10_20) by extension 'cmake'
[0.888s] Level 1:colcon.colcon_core.package_identification:_identify(rosbag2_2026_05_05-17_10_20) by extension 'python'
[0.888s] Level 1:colcon.colcon_core.package_identification:_identify(rosbag2_2026_05_05-17_10_20) by extensions ['python_setup_py']
[0.888s] Level 1:colcon.colcon_core.package_identification:_identify(rosbag2_2026_05_05-17_10_20) by extension 'python_setup_py'
[0.889s] Level 1:colcon.colcon_core.package_identification:_identify(rosbag2_2026_05_05-17_25_20) by extensions ['ignore', 'ignore_ament_install']
[0.889s] Level 1:colcon.colcon_core.package_identification:_identify(rosbag2_2026_05_05-17_25_20) by extension 'ignore'
[0.889s] Level 1:colcon.colcon_core.package_identification:_identify(rosbag2_2026_05_05-17_25_20) by extension 'ignore_ament_install'
[0.889s] Level 1:colcon.colcon_core.package_identification:_identify(rosbag2_2026_05_05-17_25_20) by extensions ['colcon_pkg']
[0.889s] Level 1:colcon.colcon_core.package_identification:_identify(rosbag2_2026_05_05-17_25_20) by extension 'colcon_pkg'
[0.889s] Level 1:colcon.colcon_core.package_identification:_identify(rosbag2_2026_05_05-17_25_20) by extensions ['colcon_meta']
[0.889s] Level 1:colcon.colcon_core.package_identification:_identify(rosbag2_2026_05_05-17_25_20) by extension 'colcon_meta'
[0.889s] Level 1:colcon.colcon_core.package_identification:_identify(rosbag2_2026_05_05-17_25_20) by extensions ['ros']
[0.889s] Level 1:colcon.colcon_core.package_identification:_identify(rosbag2_2026_05_05-17_25_20) by extension 'ros'
[0.889s] Level 1:colcon.colcon_core.package_identification:_identify(rosbag2_2026_05_05-17_25_20) by extensions ['cmake', 'python']
[0.889s] Level 1:colcon.colcon_core.package_identification:_identify(rosbag2_2026_05_05-17_25_20) by extension 'cmake'
[0.890s] Level 1:colcon.colcon_core.package_identification:_identify(rosbag2_2026_05_05-17_25_20) by extension 'python'
[0.890s] Level 1:colcon.colcon_core.package_identification:_identify(rosbag2_2026_05_05-17_25_20) by extensions ['python_setup_py']
[0.890s] Level 1:colcon.colcon_core.package_identification:_identify(rosbag2_2026_05_05-17_25_20) by extension 'python_setup_py'
[0.890s] Level 1:colcon.colcon_core.package_identification:_identify(rosbag2_2026_05_12-21_10_10) by extensions ['ignore', 'ignore_ament_install']
[0.890s] Level 1:colcon.colcon_core.package_identification:_identify(rosbag2_2026_05_12-21_10_10) by extension 'ignore'
[0.890s] Level 1:colcon.colcon_core.package_identification:_identify(rosbag2_2026_05_12-21_10_10) by extension 'ignore_ament_install'
[0.890s] Level 1:colcon.colcon_core.package_identification:_identify(rosbag2_2026_05_12-21_10_10) by extensions ['colcon_pkg']
[0.890s] Level 1:colcon.colcon_core.package_identification:_identify(rosbag2_2026_05_12-21_10_10) by extension 'colcon_pkg'
[0.890s] Level 1:colcon.colcon_core.package_identification:_identify(rosbag2_2026_05_12-21_10_10) by extensions ['colcon_meta']
[0.890s] Level 1:colcon.colcon_core.package_identification:_identify(rosbag2_2026_05_12-21_10_10) by extension 'colcon_meta'
[0.890s] Level 1:colcon.colcon_core.package_identification:_identify(rosbag2_2026_05_12-21_10_10) by extensions ['ros']
[0.891s] Level 1:colcon.colcon_core.package_identification:_identify(rosbag2_2026_05_12-21_10_10) by extension 'ros'
[0.891s] Level 1:colcon.colcon_core.package_identification:_identify(rosbag2_2026_05_12-21_10_10) by extensions ['cmake', 'python']
[0.891s] Level 1:colcon.colcon_core.package_identification:_identify(rosbag2_2026_05_12-21_10_10) by extension 'cmake'
[0.891s] Level 1:colcon.colcon_core.package_identification:_identify(rosbag2_2026_05_12-21_10_10) by extension 'python'
[0.891s] Level 1:colcon.colcon_core.package_identification:_identify(rosbag2_2026_05_12-21_10_10) by extensions ['python_setup_py']
[0.891s] Level 1:colcon.colcon_core.package_identification:_identify(rosbag2_2026_05_12-21_10_10) by extension 'python_setup_py'
[0.891s] Level 1:colcon.colcon_core.package_identification:_identify(src) by extensions ['ignore', 'ignore_ament_install']
[0.891s] Level 1:colcon.colcon_core.package_identification:_identify(src) by extension 'ignore'
[0.891s] Level 1:colcon.colcon_core.package_identification:_identify(src) by extension 'ignore_ament_install'
[0.891s] Level 1:colcon.colcon_core.package_identification:_identify(src) by extensions ['colcon_pkg']
[0.892s] Level 1:colcon.colcon_core.package_identification:_identify(src) by extension 'colcon_pkg'
[0.892s] Level 1:colcon.colcon_core.package_identification:_identify(src) by extensions ['colcon_meta']
[0.892s] Level 1:colcon.colcon_core.package_identification:_identify(src) by extension 'colcon_meta'
[0.892s] Level 1:colcon.colcon_core.package_identification:_identify(src) by extensions ['ros']
[0.892s] Level 1:colcon.colcon_core.package_identification:_identify(src) by extension 'ros'
[0.892s] Level 1:colcon.colcon_core.package_identification:_identify(src) by extensions ['cmake', 'python']
[0.892s] Level 1:colcon.colcon_core.package_identification:_identify(src) by extension 'cmake'
[0.892s] Level 1:colcon.colcon_core.package_identification:_identify(src) by extension 'python'
[0.892s] Level 1:colcon.colcon_core.package_identification:_identify(src) by extensions ['python_setup_py']
[0.892s] Level 1:colcon.colcon_core.package_identification:_identify(src) by extension 'python_setup_py'
[0.892s] Level 1:colcon.colcon_core.package_identification:_identify(src/slash_controller) by extensions ['ignore', 'ignore_ament_install']
[0.892s] Level 1:colcon.colcon_core.package_identification:_identify(src/slash_controller) by extension 'ignore'
[0.893s] Level 1:colcon.colcon_core.package_identification:_identify(src/slash_controller) by extension 'ignore_ament_install'
[0.893s] Level 1:colcon.colcon_core.package_identification:_identify(src/slash_controller) by extensions ['colcon_pkg']
[0.893s] Level 1:colcon.colcon_core.package_identification:_identify(src/slash_controller) by extension 'colcon_pkg'
[0.893s] Level 1:colcon.colcon_core.package_identification:_identify(src/slash_controller) by extensions ['colcon_meta']
[0.893s] Level 1:colcon.colcon_core.package_identification:_identify(src/slash_controller) by extension 'colcon_meta'
[0.893s] Level 1:colcon.colcon_core.package_identification:_identify(src/slash_controller) by extensions ['ros']
[0.893s] Level 1:colcon.colcon_core.package_identification:_identify(src/slash_controller) by extension 'ros'
[0.893s] Level 1:colcon.colcon_core.package_identification:_identify(src/slash_controller) by extensions ['cmake', 'python']
[0.893s] Level 1:colcon.colcon_core.package_identification:_identify(src/slash_controller) by extension 'cmake'
[0.893s] Level 1:colcon.colcon_core.package_identification:_identify(src/slash_controller) by extension 'python'
[0.893s] Level 1:colcon.colcon_core.package_identification:_identify(src/slash_controller) by extensions ['python_setup_py']
[0.893s] Level 1:colcon.colcon_core.package_identification:_identify(src/slash_controller) by extension 'python_setup_py'
[0.894s] Level 1:colcon.colcon_core.package_identification:_identify(src/slash_controller/simple_mpc) by extensions ['ignore', 'ignore_ament_install']
[0.894s] Level 1:colcon.colcon_core.package_identification:_identify(src/slash_controller/simple_mpc) by extension 'ignore'
[0.894s] Level 1:colcon.colcon_core.package_identification:_identify(src/slash_controller/simple_mpc) by extension 'ignore_ament_install'
[0.894s] Level 1:colcon.colcon_core.package_identification:_identify(src/slash_controller/simple_mpc) by extensions ['colcon_pkg']
[0.894s] Level 1:colcon.colcon_core.package_identification:_identify(src/slash_controller/simple_mpc) by extension 'colcon_pkg'
[0.894s] Level 1:colcon.colcon_core.package_identification:_identify(src/slash_controller/simple_mpc) by extensions ['colcon_meta']
[0.894s] Level 1:colcon.colcon_core.package_identification:_identify(src/slash_controller/simple_mpc) by extension 'colcon_meta'
[0.894s] Level 1:colcon.colcon_core.package_identification:_identify(src/slash_controller/simple_mpc) by extensions ['ros']
[0.894s] Level 1:colcon.colcon_core.package_identification:_identify(src/slash_controller/simple_mpc) by extension 'ros'
[0.899s] DEBUG:colcon.colcon_core.package_identification:Package 'src/slash_controller/simple_mpc' with type 'ros.ament_cmake' and name 'simple_mpc'
[0.900s] Level 1:colcon.colcon_core.package_identification:_identify(src/slash_hardware) by extensions ['ignore', 'ignore_ament_install']
[0.900s] Level 1:colcon.colcon_core.package_identification:_identify(src/slash_hardware) by extension 'ignore'
[0.900s] Level 1:colcon.colcon_core.package_identification:_identify(src/slash_hardware) by extension 'ignore_ament_install'
[0.900s] Level 1:colcon.colcon_core.package_identification:_identify(src/slash_hardware) by extensions ['colcon_pkg']
[0.900s] Level 1:colcon.colcon_core.package_identification:_identify(src/slash_hardware) by extension 'colcon_pkg'
[0.900s] Level 1:colcon.colcon_core.package_identification:_identify(src/slash_hardware) by extensions ['colcon_meta']
[0.900s] Level 1:colcon.colcon_core.package_identification:_identify(src/slash_hardware) by extension 'colcon_meta'
[0.900s] Level 1:colcon.colcon_core.package_identification:_identify(src/slash_hardware) by extensions ['ros']
[0.900s] Level 1:colcon.colcon_core.package_identification:_identify(src/slash_hardware) by extension 'ros'
[0.901s] Level 1:colcon.colcon_core.package_identification:_identify(src/slash_hardware) by extensions ['cmake', 'python']
[0.901s] Level 1:colcon.colcon_core.package_identification:_identify(src/slash_hardware) by extension 'cmake'
[0.901s] Level 1:colcon.colcon_core.package_identification:_identify(src/slash_hardware) by extension 'python'
[0.901s] Level 1:colcon.colcon_core.package_identification:_identify(src/slash_hardware) by extensions ['python_setup_py']
[0.901s] Level 1:colcon.colcon_core.package_identification:_identify(src/slash_hardware) by extension 'python_setup_py'
[0.901s] Level 1:colcon.colcon_core.package_identification:_identify(src/slash_hardware/f1tenth_system) by extensions ['ignore', 'ignore_ament_install']
[0.901s] Level 1:colcon.colcon_core.package_identification:_identify(src/slash_hardware/f1tenth_system) by extension 'ignore'
[0.901s] Level 1:colcon.colcon_core.package_identification:_identify(src/slash_hardware/f1tenth_system) by extension 'ignore_ament_install'
[0.901s] Level 1:colcon.colcon_core.package_identification:_identify(src/slash_hardware/f1tenth_system) by extensions ['colcon_pkg']
[0.902s] Level 1:colcon.colcon_core.package_identification:_identify(src/slash_hardware/f1tenth_system) by extension 'colcon_pkg'
[0.902s] Level 1:colcon.colcon_core.package_identification:_identify(src/slash_hardware/f1tenth_system) by extensions ['colcon_meta']
[0.902s] Level 1:colcon.colcon_core.package_identification:_identify(src/slash_hardware/f1tenth_system) by extension 'colcon_meta'
[0.902s] Level 1:colcon.colcon_core.package_identification:_identify(src/slash_hardware/f1tenth_system) by extensions ['ros']
[0.902s] Level 1:colcon.colcon_core.package_identification:_identify(src/slash_hardware/f1tenth_system) by extension 'ros'
[0.902s] Level 1:colcon.colcon_core.package_identification:_identify(src/slash_hardware/f1tenth_system) by extensions ['cmake', 'python']
[0.902s] Level 1:colcon.colcon_core.package_identification:_identify(src/slash_hardware/f1tenth_system) by extension 'cmake'
[0.902s] Level 1:colcon.colcon_core.package_identification:_identify(src/slash_hardware/f1tenth_system) by extension 'python'
[0.902s] Level 1:colcon.colcon_core.package_identification:_identify(src/slash_hardware/f1tenth_system) by extensions ['python_setup_py']
[0.902s] Level 1:colcon.colcon_core.package_identification:_identify(src/slash_hardware/f1tenth_system) by extension 'python_setup_py'
[0.903s] Level 1:colcon.colcon_core.package_identification:_identify(src/slash_hardware/f1tenth_system/ackermann_mux) by extensions ['ignore', 'ignore_ament_install']
[0.903s] Level 1:colcon.colcon_core.package_identification:_identify(src/slash_hardware/f1tenth_system/ackermann_mux) by extension 'ignore'
[0.903s] Level 1:colcon.colcon_core.package_identification:_identify(src/slash_hardware/f1tenth_system/ackermann_mux) by extension 'ignore_ament_install'
[0.903s] Level 1:colcon.colcon_core.package_identification:_identify(src/slash_hardware/f1tenth_system/ackermann_mux) by extensions ['colcon_pkg']
[0.903s] Level 1:colcon.colcon_core.package_identification:_identify(src/slash_hardware/f1tenth_system/ackermann_mux) by extension 'colcon_pkg'
[0.903s] Level 1:colcon.colcon_core.package_identification:_identify(src/slash_hardware/f1tenth_system/ackermann_mux) by extensions ['colcon_meta']
[0.903s] Level 1:colcon.colcon_core.package_identification:_identify(src/slash_hardware/f1tenth_system/ackermann_mux) by extension 'colcon_meta'
[0.903s] Level 1:colcon.colcon_core.package_identification:_identify(src/slash_hardware/f1tenth_system/ackermann_mux) by extensions ['ros']
[0.903s] Level 1:colcon.colcon_core.package_identification:_identify(src/slash_hardware/f1tenth_system/ackermann_mux) by extension 'ros'
[0.905s] DEBUG:colcon.colcon_core.package_identification:Package 'src/slash_hardware/f1tenth_system/ackermann_mux' with type 'ros.ament_cmake' and name 'ackermann_mux'
[0.905s] Level 1:colcon.colcon_core.package_identification:_identify(src/slash_hardware/f1tenth_system/f1tenth_stack) by extensions ['ignore', 'ignore_ament_install']
[0.906s] Level 1:colcon.colcon_core.package_identification:_identify(src/slash_hardware/f1tenth_system/f1tenth_stack) by extension 'ignore'
[0.906s] Level 1:colcon.colcon_core.package_identification:_identify(src/slash_hardware/f1tenth_system/f1tenth_stack) by extension 'ignore_ament_install'
[0.906s] Level 1:colcon.colcon_core.package_identification:_identify(src/slash_hardware/f1tenth_system/f1tenth_stack) by extensions ['colcon_pkg']
[0.906s] Level 1:colcon.colcon_core.package_identification:_identify(src/slash_hardware/f1tenth_system/f1tenth_stack) by extension 'colcon_pkg'
[0.906s] Level 1:colcon.colcon_core.package_identification:_identify(src/slash_hardware/f1tenth_system/f1tenth_stack) by extensions ['colcon_meta']
[0.906s] Level 1:colcon.colcon_core.package_identification:_identify(src/slash_hardware/f1tenth_system/f1tenth_stack) by extension 'colcon_meta'
[0.906s] Level 1:colcon.colcon_core.package_identification:_identify(src/slash_hardware/f1tenth_system/f1tenth_stack) by extensions ['ros']
[0.906s] Level 1:colcon.colcon_core.package_identification:_identify(src/slash_hardware/f1tenth_system/f1tenth_stack) by extension 'ros'
[0.908s] DEBUG:colcon.colcon_core.package_identification:Package 'src/slash_hardware/f1tenth_system/f1tenth_stack' with type 'ros.ament_python' and name 'f1tenth_stack'
[0.909s] Level 1:colcon.colcon_core.package_identification:_identify(src/slash_hardware/f1tenth_system/scripts) by extensions ['ignore', 'ignore_ament_install']
[0.909s] Level 1:colcon.colcon_core.package_identification:_identify(src/slash_hardware/f1tenth_system/scripts) by extension 'ignore'
[0.909s] Level 1:colcon.colcon_core.package_identification:_identify(src/slash_hardware/f1tenth_system/scripts) by extension 'ignore_ament_install'
[0.909s] Level 1:colcon.colcon_core.package_identification:_identify(src/slash_hardware/f1tenth_system/scripts) by extensions ['colcon_pkg']
[0.909s] Level 1:colcon.colcon_core.package_identification:_identify(src/slash_hardware/f1tenth_system/scripts) by extension 'colcon_pkg'
[0.909s] Level 1:colcon.colcon_core.package_identification:_identify(src/slash_hardware/f1tenth_system/scripts) by extensions ['colcon_meta']
[0.909s] Level 1:colcon.colcon_core.package_identification:_identify(src/slash_hardware/f1tenth_system/scripts) by extension 'colcon_meta'
[0.909s] Level 1:colcon.colcon_core.package_identification:_identify(src/slash_hardware/f1tenth_system/scripts) by extensions ['ros']
[0.909s] Level 1:colcon.colcon_core.package_identification:_identify(src/slash_hardware/f1tenth_system/scripts) by extension 'ros'
[0.910s] Level 1:colcon.colcon_core.package_identification:_identify(src/slash_hardware/f1tenth_system/scripts) by extensions ['cmake', 'python']
[0.910s] Level 1:colcon.colcon_core.package_identification:_identify(src/slash_hardware/f1tenth_system/scripts) by extension 'cmake'
[0.910s] Level 1:colcon.colcon_core.package_identification:_identify(src/slash_hardware/f1tenth_system/scripts) by extension 'python'
[0.910s] Level 1:colcon.colcon_core.package_identification:_identify(src/slash_hardware/f1tenth_system/scripts) by extensions ['python_setup_py']
[0.910s] Level 1:colcon.colcon_core.package_identification:_identify(src/slash_hardware/f1tenth_system/scripts) by extension 'python_setup_py'
[0.910s] Level 1:colcon.colcon_core.package_identification:_identify(src/slash_hardware/f1tenth_system/teleop_tools) by extensions ['ignore', 'ignore_ament_install']
[0.910s] Level 1:colcon.colcon_core.package_identification:_identify(src/slash_hardware/f1tenth_system/teleop_tools) by extension 'ignore'
[0.910s] Level 1:colcon.colcon_core.package_identification:_identify(src/slash_hardware/f1tenth_system/teleop_tools) by extension 'ignore_ament_install'
[0.911s] Level 1:colcon.colcon_core.package_identification:_identify(src/slash_hardware/f1tenth_system/teleop_tools) by extensions ['colcon_pkg']
[0.911s] Level 1:colcon.colcon_core.package_identification:_identify(src/slash_hardware/f1tenth_system/teleop_tools) by extension 'colcon_pkg'
[0.911s] Level 1:colcon.colcon_core.package_identification:_identify(src/slash_hardware/f1tenth_system/teleop_tools) by extensions ['colcon_meta']
[0.911s] Level 1:colcon.colcon_core.package_identification:_identify(src/slash_hardware/f1tenth_system/teleop_tools) by extension 'colcon_meta'
[0.911s] Level 1:colcon.colcon_core.package_identification:_identify(src/slash_hardware/f1tenth_system/teleop_tools) by extensions ['ros']
[0.911s] Level 1:colcon.colcon_core.package_identification:_identify(src/slash_hardware/f1tenth_system/teleop_tools) by extension 'ros'
[0.911s] Level 1:colcon.colcon_core.package_identification:_identify(src/slash_hardware/f1tenth_system/teleop_tools) by extensions ['cmake', 'python']
[0.911s] Level 1:colcon.colcon_core.package_identification:_identify(src/slash_hardware/f1tenth_system/teleop_tools) by extension 'cmake'
[0.911s] Level 1:colcon.colcon_core.package_identification:_identify(src/slash_hardware/f1tenth_system/teleop_tools) by extension 'python'
[0.911s] Level 1:colcon.colcon_core.package_identification:_identify(src/slash_hardware/f1tenth_system/teleop_tools) by extensions ['python_setup_py']
[0.911s] Level 1:colcon.colcon_core.package_identification:_identify(src/slash_hardware/f1tenth_system/teleop_tools) by extension 'python_setup_py'
[0.912s] Level 1:colcon.colcon_core.package_identification:_identify(src/slash_hardware/f1tenth_system/teleop_tools/joy_teleop) by extensions ['ignore', 'ignore_ament_install']
[0.912s] Level 1:colcon.colcon_core.package_identification:_identify(src/slash_hardware/f1tenth_system/teleop_tools/joy_teleop) by extension 'ignore'
[0.912s] Level 1:colcon.colcon_core.package_identification:_identify(src/slash_hardware/f1tenth_system/teleop_tools/joy_teleop) by extension 'ignore_ament_install'
[0.912s] Level 1:colcon.colcon_core.package_identification:_identify(src/slash_hardware/f1tenth_system/teleop_tools/joy_teleop) by extensions ['colcon_pkg']
[0.912s] Level 1:colcon.colcon_core.package_identification:_identify(src/slash_hardware/f1tenth_system/teleop_tools/joy_teleop) by extension 'colcon_pkg'
[0.912s] Level 1:colcon.colcon_core.package_identification:_identify(src/slash_hardware/f1tenth_system/teleop_tools/joy_teleop) by extensions ['colcon_meta']
[0.912s] Level 1:colcon.colcon_core.package_identification:_identify(src/slash_hardware/f1tenth_system/teleop_tools/joy_teleop) by extension 'colcon_meta'
[0.912s] Level 1:colcon.colcon_core.package_identification:_identify(src/slash_hardware/f1tenth_system/teleop_tools/joy_teleop) by extensions ['ros']
[0.912s] Level 1:colcon.colcon_core.package_identification:_identify(src/slash_hardware/f1tenth_system/teleop_tools/joy_teleop) by extension 'ros'
[0.914s] DEBUG:colcon.colcon_core.package_identification:Package 'src/slash_hardware/f1tenth_system/teleop_tools/joy_teleop' with type 'ros.ament_python' and name 'joy_teleop'
[0.914s] Level 1:colcon.colcon_core.package_identification:_identify(src/slash_hardware/f1tenth_system/teleop_tools/key_teleop) by extensions ['ignore', 'ignore_ament_install']
[0.914s] Level 1:colcon.colcon_core.package_identification:_identify(src/slash_hardware/f1tenth_system/teleop_tools/key_teleop) by extension 'ignore'
[0.914s] Level 1:colcon.colcon_core.package_identification:_identify(src/slash_hardware/f1tenth_system/teleop_tools/key_teleop) by extension 'ignore_ament_install'
[0.914s] Level 1:colcon.colcon_core.package_identification:_identify(src/slash_hardware/f1tenth_system/teleop_tools/key_teleop) by extensions ['colcon_pkg']
[0.914s] Level 1:colcon.colcon_core.package_identification:_identify(src/slash_hardware/f1tenth_system/teleop_tools/key_teleop) by extension 'colcon_pkg'
[0.915s] Level 1:colcon.colcon_core.package_identification:_identify(src/slash_hardware/f1tenth_system/teleop_tools/key_teleop) by extensions ['colcon_meta']
[0.915s] Level 1:colcon.colcon_core.package_identification:_identify(src/slash_hardware/f1tenth_system/teleop_tools/key_teleop) by extension 'colcon_meta'
[0.915s] Level 1:colcon.colcon_core.package_identification:_identify(src/slash_hardware/f1tenth_system/teleop_tools/key_teleop) by extensions ['ros']
[0.915s] Level 1:colcon.colcon_core.package_identification:_identify(src/slash_hardware/f1tenth_system/teleop_tools/key_teleop) by extension 'ros'
[0.916s] DEBUG:colcon.colcon_core.package_identification:Package 'src/slash_hardware/f1tenth_system/teleop_tools/key_teleop' with type 'ros.ament_python' and name 'key_teleop'
[0.916s] Level 1:colcon.colcon_core.package_identification:_identify(src/slash_hardware/f1tenth_system/teleop_tools/mouse_teleop) by extensions ['ignore', 'ignore_ament_install']
[0.916s] Level 1:colcon.colcon_core.package_identification:_identify(src/slash_hardware/f1tenth_system/teleop_tools/mouse_teleop) by extension 'ignore'
[0.916s] Level 1:colcon.colcon_core.package_identification:_identify(src/slash_hardware/f1tenth_system/teleop_tools/mouse_teleop) by extension 'ignore_ament_install'
[0.916s] Level 1:colcon.colcon_core.package_identification:_identify(src/slash_hardware/f1tenth_system/teleop_tools/mouse_teleop) by extensions ['colcon_pkg']
[0.917s] Level 1:colcon.colcon_core.package_identification:_identify(src/slash_hardware/f1tenth_system/teleop_tools/mouse_teleop) by extension 'colcon_pkg'
[0.917s] Level 1:colcon.colcon_core.package_identification:_identify(src/slash_hardware/f1tenth_system/teleop_tools/mouse_teleop) by extensions ['colcon_meta']
[0.917s] Level 1:colcon.colcon_core.package_identification:_identify(src/slash_hardware/f1tenth_system/teleop_tools/mouse_teleop) by extension 'colcon_meta'
[0.917s] Level 1:colcon.colcon_core.package_identification:_identify(src/slash_hardware/f1tenth_system/teleop_tools/mouse_teleop) by extensions ['ros']
[0.917s] Level 1:colcon.colcon_core.package_identification:_identify(src/slash_hardware/f1tenth_system/teleop_tools/mouse_teleop) by extension 'ros'
[0.918s] DEBUG:colcon.colcon_core.package_identification:Package 'src/slash_hardware/f1tenth_system/teleop_tools/mouse_teleop' with type 'ros.ament_python' and name 'mouse_teleop'
[0.918s] Level 1:colcon.colcon_core.package_identification:_identify(src/slash_hardware/f1tenth_system/teleop_tools/teleop_tools) by extensions ['ignore', 'ignore_ament_install']
[0.918s] Level 1:colcon.colcon_core.package_identification:_identify(src/slash_hardware/f1tenth_system/teleop_tools/teleop_tools) by extension 'ignore'
[0.918s] Level 1:colcon.colcon_core.package_identification:_identify(src/slash_hardware/f1tenth_system/teleop_tools/teleop_tools) by extension 'ignore_ament_install'
[0.918s] Level 1:colcon.colcon_core.package_identification:_identify(src/slash_hardware/f1tenth_system/teleop_tools/teleop_tools) by extensions ['colcon_pkg']
[0.919s] Level 1:colcon.colcon_core.package_identification:_identify(src/slash_hardware/f1tenth_system/teleop_tools/teleop_tools) by extension 'colcon_pkg'
[0.919s] Level 1:colcon.colcon_core.package_identification:_identify(src/slash_hardware/f1tenth_system/teleop_tools/teleop_tools) by extensions ['colcon_meta']
[0.919s] Level 1:colcon.colcon_core.package_identification:_identify(src/slash_hardware/f1tenth_system/teleop_tools/teleop_tools) by extension 'colcon_meta'
[0.919s] Level 1:colcon.colcon_core.package_identification:_identify(src/slash_hardware/f1tenth_system/teleop_tools/teleop_tools) by extensions ['ros']
[0.919s] Level 1:colcon.colcon_core.package_identification:_identify(src/slash_hardware/f1tenth_system/teleop_tools/teleop_tools) by extension 'ros'
[0.920s] DEBUG:colcon.colcon_core.package_identification:Package 'src/slash_hardware/f1tenth_system/teleop_tools/teleop_tools' with type 'ros.ament_cmake' and name 'teleop_tools'
[0.920s] Level 1:colcon.colcon_core.package_identification:_identify(src/slash_hardware/f1tenth_system/teleop_tools/teleop_tools_msgs) by extensions ['ignore', 'ignore_ament_install']
[0.920s] Level 1:colcon.colcon_core.package_identification:_identify(src/slash_hardware/f1tenth_system/teleop_tools/teleop_tools_msgs) by extension 'ignore'
[0.920s] Level 1:colcon.colcon_core.package_identification:_identify(src/slash_hardware/f1tenth_system/teleop_tools/teleop_tools_msgs) by extension 'ignore_ament_install'
[0.921s] Level 1:colcon.colcon_core.package_identification:_identify(src/slash_hardware/f1tenth_system/teleop_tools/teleop_tools_msgs) by extensions ['colcon_pkg']
[0.921s] Level 1:colcon.colcon_core.package_identification:_identify(src/slash_hardware/f1tenth_system/teleop_tools/teleop_tools_msgs) by extension 'colcon_pkg'
[0.921s] Level 1:colcon.colcon_core.package_identification:_identify(src/slash_hardware/f1tenth_system/teleop_tools/teleop_tools_msgs) by extensions ['colcon_meta']
[0.921s] Level 1:colcon.colcon_core.package_identification:_identify(src/slash_hardware/f1tenth_system/teleop_tools/teleop_tools_msgs) by extension 'colcon_meta'
[0.921s] Level 1:colcon.colcon_core.package_identification:_identify(src/slash_hardware/f1tenth_system/teleop_tools/teleop_tools_msgs) by extensions ['ros']
[0.921s] Level 1:colcon.colcon_core.package_identification:_identify(src/slash_hardware/f1tenth_system/teleop_tools/teleop_tools_msgs) by extension 'ros'
[0.922s] DEBUG:colcon.colcon_core.package_identification:Package 'src/slash_hardware/f1tenth_system/teleop_tools/teleop_tools_msgs' with type 'ros.ament_cmake' and name 'teleop_tools_msgs'
[0.922s] Level 1:colcon.colcon_core.package_identification:_identify(src/slash_hardware/f1tenth_system/vesc) by extensions ['ignore', 'ignore_ament_install']
[0.923s] Level 1:colcon.colcon_core.package_identification:_identify(src/slash_hardware/f1tenth_system/vesc) by extension 'ignore'
[0.923s] Level 1:colcon.colcon_core.package_identification:_identify(src/slash_hardware/f1tenth_system/vesc) by extension 'ignore_ament_install'
[0.923s] Level 1:colcon.colcon_core.package_identification:_identify(src/slash_hardware/f1tenth_system/vesc) by extensions ['colcon_pkg']
[0.923s] Level 1:colcon.colcon_core.package_identification:_identify(src/slash_hardware/f1tenth_system/vesc) by extension 'colcon_pkg'
[0.923s] Level 1:colcon.colcon_core.package_identification:_identify(src/slash_hardware/f1tenth_system/vesc) by extensions ['colcon_meta']
[0.923s] Level 1:colcon.colcon_core.package_identification:_identify(src/slash_hardware/f1tenth_system/vesc) by extension 'colcon_meta'
[0.923s] Level 1:colcon.colcon_core.package_identification:_identify(src/slash_hardware/f1tenth_system/vesc) by extensions ['ros']
[0.923s] Level 1:colcon.colcon_core.package_identification:_identify(src/slash_hardware/f1tenth_system/vesc) by extension 'ros'
[0.923s] Level 1:colcon.colcon_core.package_identification:_identify(src/slash_hardware/f1tenth_system/vesc) by extensions ['cmake', 'python']
[0.923s] Level 1:colcon.colcon_core.package_identification:_identify(src/slash_hardware/f1tenth_system/vesc) by extension 'cmake'
[0.924s] Level 1:colcon.colcon_core.package_identification:_identify(src/slash_hardware/f1tenth_system/vesc) by extension 'python'
[0.924s] Level 1:colcon.colcon_core.package_identification:_identify(src/slash_hardware/f1tenth_system/vesc) by extensions ['python_setup_py']
[0.924s] Level 1:colcon.colcon_core.package_identification:_identify(src/slash_hardware/f1tenth_system/vesc) by extension 'python_setup_py'
[0.924s] Level 1:colcon.colcon_core.package_identification:_identify(src/slash_hardware/f1tenth_system/vesc/vesc) by extensions ['ignore', 'ignore_ament_install']
[0.924s] Level 1:colcon.colcon_core.package_identification:_identify(src/slash_hardware/f1tenth_system/vesc/vesc) by extension 'ignore'
[0.924s] Level 1:colcon.colcon_core.package_identification:_identify(src/slash_hardware/f1tenth_system/vesc/vesc) by extension 'ignore_ament_install'
[0.924s] Level 1:colcon.colcon_core.package_identification:_identify(src/slash_hardware/f1tenth_system/vesc/vesc) by extensions ['colcon_pkg']
[0.925s] Level 1:colcon.colcon_core.package_identification:_identify(src/slash_hardware/f1tenth_system/vesc/vesc) by extension 'colcon_pkg'
[0.925s] Level 1:colcon.colcon_core.package_identification:_identify(src/slash_hardware/f1tenth_system/vesc/vesc) by extensions ['colcon_meta']
[0.925s] Level 1:colcon.colcon_core.package_identification:_identify(src/slash_hardware/f1tenth_system/vesc/vesc) by extension 'colcon_meta'
[0.925s] Level 1:colcon.colcon_core.package_identification:_identify(src/slash_hardware/f1tenth_system/vesc/vesc) by extensions ['ros']
[0.925s] Level 1:colcon.colcon_core.package_identification:_identify(src/slash_hardware/f1tenth_system/vesc/vesc) by extension 'ros'
[0.926s] DEBUG:colcon.colcon_core.package_identification:Package 'src/slash_hardware/f1tenth_system/vesc/vesc' with type 'ros.ament_cmake' and name 'vesc'
[0.926s] Level 1:colcon.colcon_core.package_identification:_identify(src/slash_hardware/f1tenth_system/vesc/vesc_ackermann) by extensions ['ignore', 'ignore_ament_install']
[0.926s] Level 1:colcon.colcon_core.package_identification:_identify(src/slash_hardware/f1tenth_system/vesc/vesc_ackermann) by extension 'ignore'
[0.927s] Level 1:colcon.colcon_core.package_identification:_identify(src/slash_hardware/f1tenth_system/vesc/vesc_ackermann) by extension 'ignore_ament_install'
[0.927s] Level 1:colcon.colcon_core.package_identification:_identify(src/slash_hardware/f1tenth_system/vesc/vesc_ackermann) by extensions ['colcon_pkg']
[0.927s] Level 1:colcon.colcon_core.package_identification:_identify(src/slash_hardware/f1tenth_system/vesc/vesc_ackermann) by extension 'colcon_pkg'
[0.927s] Level 1:colcon.colcon_core.package_identification:_identify(src/slash_hardware/f1tenth_system/vesc/vesc_ackermann) by extensions ['colcon_meta']
[0.927s] Level 1:colcon.colcon_core.package_identification:_identify(src/slash_hardware/f1tenth_system/vesc/vesc_ackermann) by extension 'colcon_meta'
[0.927s] Level 1:colcon.colcon_core.package_identification:_identify(src/slash_hardware/f1tenth_system/vesc/vesc_ackermann) by extensions ['ros']
[0.927s] Level 1:colcon.colcon_core.package_identification:_identify(src/slash_hardware/f1tenth_system/vesc/vesc_ackermann) by extension 'ros'
[0.929s] DEBUG:colcon.colcon_core.package_identification:Package 'src/slash_hardware/f1tenth_system/vesc/vesc_ackermann' with type 'ros.ament_cmake' and name 'vesc_ackermann'
[0.929s] Level 1:colcon.colcon_core.package_identification:_identify(src/slash_hardware/f1tenth_system/vesc/vesc_driver) by extensions ['ignore', 'ignore_ament_install']
[0.929s] Level 1:colcon.colcon_core.package_identification:_identify(src/slash_hardware/f1tenth_system/vesc/vesc_driver) by extension 'ignore'
[0.929s] Level 1:colcon.colcon_core.package_identification:_identify(src/slash_hardware/f1tenth_system/vesc/vesc_driver) by extension 'ignore_ament_install'
[0.930s] Level 1:colcon.colcon_core.package_identification:_identify(src/slash_hardware/f1tenth_system/vesc/vesc_driver) by extensions ['colcon_pkg']
[0.930s] Level 1:colcon.colcon_core.package_identification:_identify(src/slash_hardware/f1tenth_system/vesc/vesc_driver) by extension 'colcon_pkg'
[0.930s] Level 1:colcon.colcon_core.package_identification:_identify(src/slash_hardware/f1tenth_system/vesc/vesc_driver) by extensions ['colcon_meta']
[0.930s] Level 1:colcon.colcon_core.package_identification:_identify(src/slash_hardware/f1tenth_system/vesc/vesc_driver) by extension 'colcon_meta'
[0.930s] Level 1:colcon.colcon_core.package_identification:_identify(src/slash_hardware/f1tenth_system/vesc/vesc_driver) by extensions ['ros']
[0.930s] Level 1:colcon.colcon_core.package_identification:_identify(src/slash_hardware/f1tenth_system/vesc/vesc_driver) by extension 'ros'
[0.932s] DEBUG:colcon.colcon_core.package_identification:Package 'src/slash_hardware/f1tenth_system/vesc/vesc_driver' with type 'ros.ament_cmake' and name 'vesc_driver'
[0.932s] Level 1:colcon.colcon_core.package_identification:_identify(src/slash_hardware/f1tenth_system/vesc/vesc_msgs) by extensions ['ignore', 'ignore_ament_install']
[0.932s] Level 1:colcon.colcon_core.package_identification:_identify(src/slash_hardware/f1tenth_system/vesc/vesc_msgs) by extension 'ignore'
[0.932s] Level 1:colcon.colcon_core.package_identification:_identify(src/slash_hardware/f1tenth_system/vesc/vesc_msgs) by extension 'ignore_ament_install'
[0.933s] Level 1:colcon.colcon_core.package_identification:_identify(src/slash_hardware/f1tenth_system/vesc/vesc_msgs) by extensions ['colcon_pkg']
[0.933s] Level 1:colcon.colcon_core.package_identification:_identify(src/slash_hardware/f1tenth_system/vesc/vesc_msgs) by extension 'colcon_pkg'
[0.933s] Level 1:colcon.colcon_core.package_identification:_identify(src/slash_hardware/f1tenth_system/vesc/vesc_msgs) by extensions ['colcon_meta']
[0.933s] Level 1:colcon.colcon_core.package_identification:_identify(src/slash_hardware/f1tenth_system/vesc/vesc_msgs) by extension 'colcon_meta'
[0.933s] Level 1:colcon.colcon_core.package_identification:_identify(src/slash_hardware/f1tenth_system/vesc/vesc_msgs) by extensions ['ros']
[0.933s] Level 1:colcon.colcon_core.package_identification:_identify(src/slash_hardware/f1tenth_system/vesc/vesc_msgs) by extension 'ros'
[0.935s] DEBUG:colcon.colcon_core.package_identification:Package 'src/slash_hardware/f1tenth_system/vesc/vesc_msgs' with type 'ros.ament_cmake' and name 'vesc_msgs'
[0.935s] Level 1:colcon.colcon_core.package_identification:_identify(src/slash_hardware/livox_ros_driver2) by extensions ['ignore', 'ignore_ament_install']
[0.935s] Level 1:colcon.colcon_core.package_identification:_identify(src/slash_hardware/livox_ros_driver2) by extension 'ignore'
[0.935s] Level 1:colcon.colcon_core.package_identification:_identify(src/slash_hardware/livox_ros_driver2) by extension 'ignore_ament_install'
[0.935s] Level 1:colcon.colcon_core.package_identification:_identify(src/slash_hardware/livox_ros_driver2) by extensions ['colcon_pkg']
[0.935s] Level 1:colcon.colcon_core.package_identification:_identify(src/slash_hardware/livox_ros_driver2) by extension 'colcon_pkg'
[0.935s] Level 1:colcon.colcon_core.package_identification:_identify(src/slash_hardware/livox_ros_driver2) by extensions ['colcon_meta']
[0.935s] Level 1:colcon.colcon_core.package_identification:_identify(src/slash_hardware/livox_ros_driver2) by extension 'colcon_meta'
[0.936s] Level 1:colcon.colcon_core.package_identification:_identify(src/slash_hardware/livox_ros_driver2) by extensions ['ros']
[0.936s] Level 1:colcon.colcon_core.package_identification:_identify(src/slash_hardware/livox_ros_driver2) by extension 'ros'
[0.936s] Level 1:colcon.colcon_core.package_identification:_identify(src/slash_hardware/livox_ros_driver2) by extensions ['cmake', 'python']
[0.936s] Level 1:colcon.colcon_core.package_identification:_identify(src/slash_hardware/livox_ros_driver2) by extension 'cmake'
[0.936s] Level 1:colcon.colcon_core.package_identification:_identify(src/slash_hardware/livox_ros_driver2) by extension 'python'
[0.936s] Level 1:colcon.colcon_core.package_identification:_identify(src/slash_hardware/livox_ros_driver2) by extensions ['python_setup_py']
[0.936s] Level 1:colcon.colcon_core.package_identification:_identify(src/slash_hardware/livox_ros_driver2) by extension 'python_setup_py'
[0.936s] Level 1:colcon.colcon_core.package_identification:_identify(src/slash_hardware/livox_ros_driver2/src) by extensions ['ignore', 'ignore_ament_install']
[0.936s] Level 1:colcon.colcon_core.package_identification:_identify(src/slash_hardware/livox_ros_driver2/src) by extension 'ignore'
[0.936s] Level 1:colcon.colcon_core.package_identification:_identify(src/slash_hardware/livox_ros_driver2/src) by extension 'ignore_ament_install'
[0.937s] Level 1:colcon.colcon_core.package_identification:_identify(src/slash_hardware/livox_ros_driver2/src) by extensions ['colcon_pkg']
[0.937s] Level 1:colcon.colcon_core.package_identification:_identify(src/slash_hardware/livox_ros_driver2/src) by extension 'colcon_pkg'
[0.937s] Level 1:colcon.colcon_core.package_identification:_identify(src/slash_hardware/livox_ros_driver2/src) by extensions ['colcon_meta']
[0.937s] Level 1:colcon.colcon_core.package_identification:_identify(src/slash_hardware/livox_ros_driver2/src) by extension 'colcon_meta'
[0.937s] Level 1:colcon.colcon_core.package_identification:_identify(src/slash_hardware/livox_ros_driver2/src) by extensions ['ros']
[0.937s] Level 1:colcon.colcon_core.package_identification:_identify(src/slash_hardware/livox_ros_driver2/src) by extension 'ros'
[0.939s] DEBUG:colcon.colcon_core.package_identification:Package 'src/slash_hardware/livox_ros_driver2/src' with type 'ros.ament_cmake' and name 'livox_ros_driver2'
[0.939s] Level 1:colcon.colcon_core.package_identification:_identify(src/slash_localization) by extensions ['ignore', 'ignore_ament_install']
[0.939s] Level 1:colcon.colcon_core.package_identification:_identify(src/slash_localization) by extension 'ignore'
[0.939s] Level 1:colcon.colcon_core.package_identification:_identify(src/slash_localization) by extension 'ignore_ament_install'
[0.940s] Level 1:colcon.colcon_core.package_identification:_identify(src/slash_localization) by extensions ['colcon_pkg']
[0.940s] Level 1:colcon.colcon_core.package_identification:_identify(src/slash_localization) by extension 'colcon_pkg'
[0.940s] Level 1:colcon.colcon_core.package_identification:_identify(src/slash_localization) by extensions ['colcon_meta']
[0.940s] Level 1:colcon.colcon_core.package_identification:_identify(src/slash_localization) by extension 'colcon_meta'
[0.940s] Level 1:colcon.colcon_core.package_identification:_identify(src/slash_localization) by extensions ['ros']
[0.940s] Level 1:colcon.colcon_core.package_identification:_identify(src/slash_localization) by extension 'ros'
[0.940s] Level 1:colcon.colcon_core.package_identification:_identify(src/slash_localization) by extensions ['cmake', 'python']
[0.940s] Level 1:colcon.colcon_core.package_identification:_identify(src/slash_localization) by extension 'cmake'
[0.940s] Level 1:colcon.colcon_core.package_identification:_identify(src/slash_localization) by extension 'python'
[0.940s] Level 1:colcon.colcon_core.package_identification:_identify(src/slash_localization) by extensions ['python_setup_py']
[0.940s] Level 1:colcon.colcon_core.package_identification:_identify(src/slash_localization) by extension 'python_setup_py'
[0.941s] Level 1:colcon.colcon_core.package_identification:_identify(src/slash_localization/FAST_LIO) by extensions ['ignore', 'ignore_ament_install']
[0.941s] Level 1:colcon.colcon_core.package_identification:_identify(src/slash_localization/FAST_LIO) by extension 'ignore'
[0.941s] Level 1:colcon.colcon_core.package_identification:_identify(src/slash_localization/FAST_LIO) by extension 'ignore_ament_install'
[0.941s] Level 1:colcon.colcon_core.package_identification:_identify(src/slash_localization/FAST_LIO) by extensions ['colcon_pkg']
[0.941s] Level 1:colcon.colcon_core.package_identification:_identify(src/slash_localization/FAST_LIO) by extension 'colcon_pkg'
[0.941s] Level 1:colcon.colcon_core.package_identification:_identify(src/slash_localization/FAST_LIO) by extensions ['colcon_meta']
[0.941s] Level 1:colcon.colcon_core.package_identification:_identify(src/slash_localization/FAST_LIO) by extension 'colcon_meta'
[0.941s] Level 1:colcon.colcon_core.package_identification:_identify(src/slash_localization/FAST_LIO) by extensions ['ros']
[0.941s] Level 1:colcon.colcon_core.package_identification:_identify(src/slash_localization/FAST_LIO) by extension 'ros'
[0.943s] DEBUG:colcon.colcon_core.package_identification:Package 'src/slash_localization/FAST_LIO' with type 'ros.ament_cmake' and name 'fast_lio'
[0.944s] Level 1:colcon.colcon_core.package_identification:_identify(src/slash_navigation) by extensions ['ignore', 'ignore_ament_install']
[0.944s] Level 1:colcon.colcon_core.package_identification:_identify(src/slash_navigation) by extension 'ignore'
[0.944s] Level 1:colcon.colcon_core.package_identification:_identify(src/slash_navigation) by extension 'ignore_ament_install'
[0.944s] Level 1:colcon.colcon_core.package_identification:_identify(src/slash_navigation) by extensions ['colcon_pkg']
[0.944s] Level 1:colcon.colcon_core.package_identification:_identify(src/slash_navigation) by extension 'colcon_pkg'
[0.944s] Level 1:colcon.colcon_core.package_identification:_identify(src/slash_navigation) by extensions ['colcon_meta']
[0.944s] Level 1:colcon.colcon_core.package_identification:_identify(src/slash_navigation) by extension 'colcon_meta'
[0.944s] Level 1:colcon.colcon_core.package_identification:_identify(src/slash_navigation) by extensions ['ros']
[0.944s] Level 1:colcon.colcon_core.package_identification:_identify(src/slash_navigation) by extension 'ros'
[0.944s] Level 1:colcon.colcon_core.package_identification:_identify(src/slash_navigation) by extensions ['cmake', 'python']
[0.945s] Level 1:colcon.colcon_core.package_identification:_identify(src/slash_navigation) by extension 'cmake'
[0.945s] Level 1:colcon.colcon_core.package_identification:_identify(src/slash_navigation) by extension 'python'
[0.945s] Level 1:colcon.colcon_core.package_identification:_identify(src/slash_navigation) by extensions ['python_setup_py']
[0.945s] Level 1:colcon.colcon_core.package_identification:_identify(src/slash_navigation) by extension 'python_setup_py'
[0.945s] Level 1:colcon.colcon_core.package_identification:_identify(src/slash_navigation/costmap_converter) by extensions ['ignore', 'ignore_ament_install']
[0.945s] Level 1:colcon.colcon_core.package_identification:_identify(src/slash_navigation/costmap_converter) by extension 'ignore'
[0.945s] Level 1:colcon.colcon_core.package_identification:_identify(src/slash_navigation/costmap_converter) by extension 'ignore_ament_install'
[0.945s] Level 1:colcon.colcon_core.package_identification:_identify(src/slash_navigation/costmap_converter) by extensions ['colcon_pkg']
[0.945s] Level 1:colcon.colcon_core.package_identification:_identify(src/slash_navigation/costmap_converter) by extension 'colcon_pkg'
[0.945s] Level 1:colcon.colcon_core.package_identification:_identify(src/slash_navigation/costmap_converter) by extensions ['colcon_meta']
[0.945s] Level 1:colcon.colcon_core.package_identification:_identify(src/slash_navigation/costmap_converter) by extension 'colcon_meta'
[0.946s] Level 1:colcon.colcon_core.package_identification:_identify(src/slash_navigation/costmap_converter) by extensions ['ros']
[0.946s] Level 1:colcon.colcon_core.package_identification:_identify(src/slash_navigation/costmap_converter) by extension 'ros'
[0.946s] Level 1:colcon.colcon_core.package_identification:_identify(src/slash_navigation/costmap_converter) by extensions ['cmake', 'python']
[0.946s] Level 1:colcon.colcon_core.package_identification:_identify(src/slash_navigation/costmap_converter) by extension 'cmake'
[0.946s] Level 1:colcon.colcon_core.package_identification:_identify(src/slash_navigation/costmap_converter) by extension 'python'
[0.946s] Level 1:colcon.colcon_core.package_identification:_identify(src/slash_navigation/costmap_converter) by extensions ['python_setup_py']
[0.946s] Level 1:colcon.colcon_core.package_identification:_identify(src/slash_navigation/costmap_converter) by extension 'python_setup_py'
[0.946s] Level 1:colcon.colcon_core.package_identification:_identify(src/slash_navigation/costmap_converter/costmap_converter) by extensions ['ignore', 'ignore_ament_install']
[0.946s] Level 1:colcon.colcon_core.package_identification:_identify(src/slash_navigation/costmap_converter/costmap_converter) by extension 'ignore'
[0.946s] Level 1:colcon.colcon_core.package_identification:_identify(src/slash_navigation/costmap_converter/costmap_converter) by extension 'ignore_ament_install'
[0.947s] Level 1:colcon.colcon_core.package_identification:_identify(src/slash_navigation/costmap_converter/costmap_converter) by extensions ['colcon_pkg']
[0.947s] Level 1:colcon.colcon_core.package_identification:_identify(src/slash_navigation/costmap_converter/costmap_converter) by extension 'colcon_pkg'
[0.947s] Level 1:colcon.colcon_core.package_identification:_identify(src/slash_navigation/costmap_converter/costmap_converter) by extensions ['colcon_meta']
[0.947s] Level 1:colcon.colcon_core.package_identification:_identify(src/slash_navigation/costmap_converter/costmap_converter) by extension 'colcon_meta'
[0.947s] Level 1:colcon.colcon_core.package_identification:_identify(src/slash_navigation/costmap_converter/costmap_converter) by extensions ['ros']
[0.947s] Level 1:colcon.colcon_core.package_identification:_identify(src/slash_navigation/costmap_converter/costmap_converter) by extension 'ros'
[0.949s] DEBUG:colcon.colcon_core.package_identification:Package 'src/slash_navigation/costmap_converter/costmap_converter' with type 'ros.ament_cmake' and name 'costmap_converter'
[0.949s] Level 1:colcon.colcon_core.package_identification:_identify(src/slash_navigation/costmap_converter/costmap_converter_msgs) by extensions ['ignore', 'ignore_ament_install']
[0.949s] Level 1:colcon.colcon_core.package_identification:_identify(src/slash_navigation/costmap_converter/costmap_converter_msgs) by extension 'ignore'
[0.949s] Level 1:colcon.colcon_core.package_identification:_identify(src/slash_navigation/costmap_converter/costmap_converter_msgs) by extension 'ignore_ament_install'
[0.949s] Level 1:colcon.colcon_core.package_identification:_identify(src/slash_navigation/costmap_converter/costmap_converter_msgs) by extensions ['colcon_pkg']
[0.950s] Level 1:colcon.colcon_core.package_identification:_identify(src/slash_navigation/costmap_converter/costmap_converter_msgs) by extension 'colcon_pkg'
[0.950s] Level 1:colcon.colcon_core.package_identification:_identify(src/slash_navigation/costmap_converter/costmap_converter_msgs) by extensions ['colcon_meta']
[0.950s] Level 1:colcon.colcon_core.package_identification:_identify(src/slash_navigation/costmap_converter/costmap_converter_msgs) by extension 'colcon_meta'
[0.950s] Level 1:colcon.colcon_core.package_identification:_identify(src/slash_navigation/costmap_converter/costmap_converter_msgs) by extensions ['ros']
[0.950s] Level 1:colcon.colcon_core.package_identification:_identify(src/slash_navigation/costmap_converter/costmap_converter_msgs) by extension 'ros'
[0.951s] DEBUG:colcon.colcon_core.package_identification:Package 'src/slash_navigation/costmap_converter/costmap_converter_msgs' with type 'ros.ament_cmake' and name 'costmap_converter_msgs'
[0.952s] Level 1:colcon.colcon_core.package_identification:_identify(src/slash_navigation/creat_line) by extensions ['ignore', 'ignore_ament_install']
[0.952s] Level 1:colcon.colcon_core.package_identification:_identify(src/slash_navigation/creat_line) by extension 'ignore'
[0.952s] Level 1:colcon.colcon_core.package_identification:_identify(src/slash_navigation/creat_line) by extension 'ignore_ament_install'
[0.952s] Level 1:colcon.colcon_core.package_identification:_identify(src/slash_navigation/creat_line) by extensions ['colcon_pkg']
[0.952s] Level 1:colcon.colcon_core.package_identification:_identify(src/slash_navigation/creat_line) by extension 'colcon_pkg'
[0.952s] Level 1:colcon.colcon_core.package_identification:_identify(src/slash_navigation/creat_line) by extensions ['colcon_meta']
[0.952s] Level 1:colcon.colcon_core.package_identification:_identify(src/slash_navigation/creat_line) by extension 'colcon_meta'
[0.952s] Level 1:colcon.colcon_core.package_identification:_identify(src/slash_navigation/creat_line) by extensions ['ros']
[0.952s] Level 1:colcon.colcon_core.package_identification:_identify(src/slash_navigation/creat_line) by extension 'ros'
[0.952s] Level 1:colcon.colcon_core.package_identification:_identify(src/slash_navigation/creat_line) by extensions ['cmake', 'python']
[0.953s] Level 1:colcon.colcon_core.package_identification:_identify(src/slash_navigation/creat_line) by extension 'cmake'
[0.953s] Level 1:colcon.colcon_core.package_identification:_identify(src/slash_navigation/creat_line) by extension 'python'
[0.953s] Level 1:colcon.colcon_core.package_identification:_identify(src/slash_navigation/creat_line) by extensions ['python_setup_py']
[0.953s] Level 1:colcon.colcon_core.package_identification:_identify(src/slash_navigation/creat_line) by extension 'python_setup_py'
[0.953s] Level 1:colcon.colcon_core.package_identification:_identify(src/slash_navigation/roboracer_china_2025) by extensions ['ignore', 'ignore_ament_install']
[0.953s] Level 1:colcon.colcon_core.package_identification:_identify(src/slash_navigation/roboracer_china_2025) by extension 'ignore'
[0.953s] Level 1:colcon.colcon_core.package_identification:_identify(src/slash_navigation/roboracer_china_2025) by extension 'ignore_ament_install'
[0.953s] Level 1:colcon.colcon_core.package_identification:_identify(src/slash_navigation/roboracer_china_2025) by extensions ['colcon_pkg']
[0.953s] Level 1:colcon.colcon_core.package_identification:_identify(src/slash_navigation/roboracer_china_2025) by extension 'colcon_pkg'
[0.953s] Level 1:colcon.colcon_core.package_identification:_identify(src/slash_navigation/roboracer_china_2025) by extensions ['colcon_meta']
[0.954s] Level 1:colcon.colcon_core.package_identification:_identify(src/slash_navigation/roboracer_china_2025) by extension 'colcon_meta'
[0.954s] Level 1:colcon.colcon_core.package_identification:_identify(src/slash_navigation/roboracer_china_2025) by extensions ['ros']
[0.954s] Level 1:colcon.colcon_core.package_identification:_identify(src/slash_navigation/roboracer_china_2025) by extension 'ros'
[0.955s] DEBUG:colcon.colcon_core.package_identification:Package 'src/slash_navigation/roboracer_china_2025' with type 'ros.ament_python' and name 'roboracer_china_2025'
[0.955s] Level 1:colcon.colcon_core.package_identification:_identify(src/slash_navigation/slash_nav2) by extensions ['ignore', 'ignore_ament_install']
[0.955s] Level 1:colcon.colcon_core.package_identification:_identify(src/slash_navigation/slash_nav2) by extension 'ignore'
[0.955s] Level 1:colcon.colcon_core.package_identification:_identify(src/slash_navigation/slash_nav2) by extension 'ignore_ament_install'
[0.955s] Level 1:colcon.colcon_core.package_identification:_identify(src/slash_navigation/slash_nav2) by extensions ['colcon_pkg']
[0.955s] Level 1:colcon.colcon_core.package_identification:_identify(src/slash_navigation/slash_nav2) by extension 'colcon_pkg'
[0.956s] Level 1:colcon.colcon_core.package_identification:_identify(src/slash_navigation/slash_nav2) by extensions ['colcon_meta']
[0.956s] Level 1:colcon.colcon_core.package_identification:_identify(src/slash_navigation/slash_nav2) by extension 'colcon_meta'
[0.956s] Level 1:colcon.colcon_core.package_identification:_identify(src/slash_navigation/slash_nav2) by extensions ['ros']
[0.956s] Level 1:colcon.colcon_core.package_identification:_identify(src/slash_navigation/slash_nav2) by extension 'ros'
[0.957s] DEBUG:colcon.colcon_core.package_identification:Package 'src/slash_navigation/slash_nav2' with type 'ros.ament_cmake' and name 'slash_nav2'
[0.957s] Level 1:colcon.colcon_core.package_identification:_identify(src/slash_navigation/teb_local_planner) by extensions ['ignore', 'ignore_ament_install']
[0.957s] Level 1:colcon.colcon_core.package_identification:_identify(src/slash_navigation/teb_local_planner) by extension 'ignore'
[0.957s] Level 1:colcon.colcon_core.package_identification:_identify(src/slash_navigation/teb_local_planner) by extension 'ignore_ament_install'
[0.957s] Level 1:colcon.colcon_core.package_identification:_identify(src/slash_navigation/teb_local_planner) by extensions ['colcon_pkg']
[0.957s] Level 1:colcon.colcon_core.package_identification:_identify(src/slash_navigation/teb_local_planner) by extension 'colcon_pkg'
[0.957s] Level 1:colcon.colcon_core.package_identification:_identify(src/slash_navigation/teb_local_planner) by extensions ['colcon_meta']
[0.958s] Level 1:colcon.colcon_core.package_identification:_identify(src/slash_navigation/teb_local_planner) by extension 'colcon_meta'
[0.958s] Level 1:colcon.colcon_core.package_identification:_identify(src/slash_navigation/teb_local_planner) by extensions ['ros']
[0.958s] Level 1:colcon.colcon_core.package_identification:_identify(src/slash_navigation/teb_local_planner) by extension 'ros'
[0.958s] Level 1:colcon.colcon_core.package_identification:_identify(src/slash_navigation/teb_local_planner) by extensions ['cmake', 'python']
[0.958s] Level 1:colcon.colcon_core.package_identification:_identify(src/slash_navigation/teb_local_planner) by extension 'cmake'
[0.958s] Level 1:colcon.colcon_core.package_identification:_identify(src/slash_navigation/teb_local_planner) by extension 'python'
[0.958s] Level 1:colcon.colcon_core.package_identification:_identify(src/slash_navigation/teb_local_planner) by extensions ['python_setup_py']
[0.958s] Level 1:colcon.colcon_core.package_identification:_identify(src/slash_navigation/teb_local_planner) by extension 'python_setup_py'
[0.958s] Level 1:colcon.colcon_core.package_identification:_identify(src/slash_navigation/teb_local_planner/teb_local_planner) by extensions ['ignore', 'ignore_ament_install']
[0.958s] Level 1:colcon.colcon_core.package_identification:_identify(src/slash_navigation/teb_local_planner/teb_local_planner) by extension 'ignore'
[0.959s] Level 1:colcon.colcon_core.package_identification:_identify(src/slash_navigation/teb_local_planner/teb_local_planner) by extension 'ignore_ament_install'
[0.959s] Level 1:colcon.colcon_core.package_identification:_identify(src/slash_navigation/teb_local_planner/teb_local_planner) by extensions ['colcon_pkg']
[0.959s] Level 1:colcon.colcon_core.package_identification:_identify(src/slash_navigation/teb_local_planner/teb_local_planner) by extension 'colcon_pkg'
[0.959s] Level 1:colcon.colcon_core.package_identification:_identify(src/slash_navigation/teb_local_planner/teb_local_planner) by extensions ['colcon_meta']
[0.959s] Level 1:colcon.colcon_core.package_identification:_identify(src/slash_navigation/teb_local_planner/teb_local_planner) by extension 'colcon_meta'
[0.959s] Level 1:colcon.colcon_core.package_identification:_identify(src/slash_navigation/teb_local_planner/teb_local_planner) by extensions ['ros']
[0.959s] Level 1:colcon.colcon_core.package_identification:_identify(src/slash_navigation/teb_local_planner/teb_local_planner) by extension 'ros'
[0.962s] DEBUG:colcon.colcon_core.package_identification:Package 'src/slash_navigation/teb_local_planner/teb_local_planner' with type 'ros.ament_cmake' and name 'teb_local_planner'
[0.962s] Level 1:colcon.colcon_core.package_identification:_identify(src/slash_navigation/teb_local_planner/teb_msgs) by extensions ['ignore', 'ignore_ament_install']
[0.962s] Level 1:colcon.colcon_core.package_identification:_identify(src/slash_navigation/teb_local_planner/teb_msgs) by extension 'ignore'
[0.962s] Level 1:colcon.colcon_core.package_identification:_identify(src/slash_navigation/teb_local_planner/teb_msgs) by extension 'ignore_ament_install'
[0.963s] Level 1:colcon.colcon_core.package_identification:_identify(src/slash_navigation/teb_local_planner/teb_msgs) by extensions ['colcon_pkg']
[0.963s] Level 1:colcon.colcon_core.package_identification:_identify(src/slash_navigation/teb_local_planner/teb_msgs) by extension 'colcon_pkg'
[0.963s] Level 1:colcon.colcon_core.package_identification:_identify(src/slash_navigation/teb_local_planner/teb_msgs) by extensions ['colcon_meta']
[0.963s] Level 1:colcon.colcon_core.package_identification:_identify(src/slash_navigation/teb_local_planner/teb_msgs) by extension 'colcon_meta'
[0.963s] Level 1:colcon.colcon_core.package_identification:_identify(src/slash_navigation/teb_local_planner/teb_msgs) by extensions ['ros']
[0.963s] Level 1:colcon.colcon_core.package_identification:_identify(src/slash_navigation/teb_local_planner/teb_msgs) by extension 'ros'
[0.964s] DEBUG:colcon.colcon_core.package_identification:Package 'src/slash_navigation/teb_local_planner/teb_msgs' with type 'ros.ament_cmake' and name 'teb_msgs'
[0.965s] Level 1:colcon.colcon_core.package_identification:_identify(src/slash_perception) by extensions ['ignore', 'ignore_ament_install']
[0.965s] Level 1:colcon.colcon_core.package_identification:_identify(src/slash_perception) by extension 'ignore'
[0.965s] Level 1:colcon.colcon_core.package_identification:_identify(src/slash_perception) by extension 'ignore_ament_install'
[0.965s] Level 1:colcon.colcon_core.package_identification:_identify(src/slash_perception) by extensions ['colcon_pkg']
[0.965s] Level 1:colcon.colcon_core.package_identification:_identify(src/slash_perception) by extension 'colcon_pkg'
[0.965s] Level 1:colcon.colcon_core.package_identification:_identify(src/slash_perception) by extensions ['colcon_meta']
[0.965s] Level 1:colcon.colcon_core.package_identification:_identify(src/slash_perception) by extension 'colcon_meta'
[0.965s] Level 1:colcon.colcon_core.package_identification:_identify(src/slash_perception) by extensions ['ros']
[0.965s] Level 1:colcon.colcon_core.package_identification:_identify(src/slash_perception) by extension 'ros'
[0.965s] Level 1:colcon.colcon_core.package_identification:_identify(src/slash_perception) by extensions ['cmake', 'python']
[0.966s] Level 1:colcon.colcon_core.package_identification:_identify(src/slash_perception) by extension 'cmake'
[0.966s] Level 1:colcon.colcon_core.package_identification:_identify(src/slash_perception) by extension 'python'
[0.966s] Level 1:colcon.colcon_core.package_identification:_identify(src/slash_perception) by extensions ['python_setup_py']
[0.966s] Level 1:colcon.colcon_core.package_identification:_identify(src/slash_perception) by extension 'python_setup_py'
[0.966s] Level 1:colcon.colcon_core.package_identification:_identify(src/slash_perception/linefit_ground_segementation_ros2) by extensions ['ignore', 'ignore_ament_install']
[0.966s] Level 1:colcon.colcon_core.package_identification:_identify(src/slash_perception/linefit_ground_segementation_ros2) by extension 'ignore'
[0.966s] Level 1:colcon.colcon_core.package_identification:_identify(src/slash_perception/linefit_ground_segementation_ros2) by extension 'ignore_ament_install'
[0.966s] Level 1:colcon.colcon_core.package_identification:_identify(src/slash_perception/linefit_ground_segementation_ros2) by extensions ['colcon_pkg']
[0.966s] Level 1:colcon.colcon_core.package_identification:_identify(src/slash_perception/linefit_ground_segementation_ros2) by extension 'colcon_pkg'
[0.966s] Level 1:colcon.colcon_core.package_identification:_identify(src/slash_perception/linefit_ground_segementation_ros2) by extensions ['colcon_meta']
[0.966s] Level 1:colcon.colcon_core.package_identification:_identify(src/slash_perception/linefit_ground_segementation_ros2) by extension 'colcon_meta'
[0.967s] Level 1:colcon.colcon_core.package_identification:_identify(src/slash_perception/linefit_ground_segementation_ros2) by extensions ['ros']
[0.967s] Level 1:colcon.colcon_core.package_identification:_identify(src/slash_perception/linefit_ground_segementation_ros2) by extension 'ros'
[0.967s] Level 1:colcon.colcon_core.package_identification:_identify(src/slash_perception/linefit_ground_segementation_ros2) by extensions ['cmake', 'python']
[0.967s] Level 1:colcon.colcon_core.package_identification:_identify(src/slash_perception/linefit_ground_segementation_ros2) by extension 'cmake'
[0.967s] Level 1:colcon.colcon_core.package_identification:_identify(src/slash_perception/linefit_ground_segementation_ros2) by extension 'python'
[0.967s] Level 1:colcon.colcon_core.package_identification:_identify(src/slash_perception/linefit_ground_segementation_ros2) by extensions ['python_setup_py']
[0.967s] Level 1:colcon.colcon_core.package_identification:_identify(src/slash_perception/linefit_ground_segementation_ros2) by extension 'python_setup_py'
[0.967s] Level 1:colcon.colcon_core.package_identification:_identify(src/slash_perception/linefit_ground_segementation_ros2/doc) by extensions ['ignore', 'ignore_ament_install']
[0.967s] Level 1:colcon.colcon_core.package_identification:_identify(src/slash_perception/linefit_ground_segementation_ros2/doc) by extension 'ignore'
[0.968s] Level 1:colcon.colcon_core.package_identification:_identify(src/slash_perception/linefit_ground_segementation_ros2/doc) by extension 'ignore_ament_install'
[0.968s] Level 1:colcon.colcon_core.package_identification:_identify(src/slash_perception/linefit_ground_segementation_ros2/doc) by extensions ['colcon_pkg']
[0.968s] Level 1:colcon.colcon_core.package_identification:_identify(src/slash_perception/linefit_ground_segementation_ros2/doc) by extension 'colcon_pkg'
[0.968s] Level 1:colcon.colcon_core.package_identification:_identify(src/slash_perception/linefit_ground_segementation_ros2/doc) by extensions ['colcon_meta']
[0.968s] Level 1:colcon.colcon_core.package_identification:_identify(src/slash_perception/linefit_ground_segementation_ros2/doc) by extension 'colcon_meta'
[0.968s] Level 1:colcon.colcon_core.package_identification:_identify(src/slash_perception/linefit_ground_segementation_ros2/doc) by extensions ['ros']
[0.968s] Level 1:colcon.colcon_core.package_identification:_identify(src/slash_perception/linefit_ground_segementation_ros2/doc) by extension 'ros'
[0.968s] Level 1:colcon.colcon_core.package_identification:_identify(src/slash_perception/linefit_ground_segementation_ros2/doc) by extensions ['cmake', 'python']
[0.968s] Level 1:colcon.colcon_core.package_identification:_identify(src/slash_perception/linefit_ground_segementation_ros2/doc) by extension 'cmake'
[0.968s] Level 1:colcon.colcon_core.package_identification:_identify(src/slash_perception/linefit_ground_segementation_ros2/doc) by extension 'python'
[0.968s] Level 1:colcon.colcon_core.package_identification:_identify(src/slash_perception/linefit_ground_segementation_ros2/doc) by extensions ['python_setup_py']
[0.968s] Level 1:colcon.colcon_core.package_identification:_identify(src/slash_perception/linefit_ground_segementation_ros2/doc) by extension 'python_setup_py'
[0.969s] Level 1:colcon.colcon_core.package_identification:_identify(src/slash_perception/linefit_ground_segementation_ros2/linefit_ground_segmentation) by extensions ['ignore', 'ignore_ament_install']
[0.969s] Level 1:colcon.colcon_core.package_identification:_identify(src/slash_perception/linefit_ground_segementation_ros2/linefit_ground_segmentation) by extension 'ignore'
[0.969s] Level 1:colcon.colcon_core.package_identification:_identify(src/slash_perception/linefit_ground_segementation_ros2/linefit_ground_segmentation) by extension 'ignore_ament_install'
[0.969s] Level 1:colcon.colcon_core.package_identification:_identify(src/slash_perception/linefit_ground_segementation_ros2/linefit_ground_segmentation) by extensions ['colcon_pkg']
[0.969s] Level 1:colcon.colcon_core.package_identification:_identify(src/slash_perception/linefit_ground_segementation_ros2/linefit_ground_segmentation) by extension 'colcon_pkg'
[0.969s] Level 1:colcon.colcon_core.package_identification:_identify(src/slash_perception/linefit_ground_segementation_ros2/linefit_ground_segmentation) by extensions ['colcon_meta']
[0.969s] Level 1:colcon.colcon_core.package_identification:_identify(src/slash_perception/linefit_ground_segementation_ros2/linefit_ground_segmentation) by extension 'colcon_meta'
[0.969s] Level 1:colcon.colcon_core.package_identification:_identify(src/slash_perception/linefit_ground_segementation_ros2/linefit_ground_segmentation) by extensions ['ros']
[0.969s] Level 1:colcon.colcon_core.package_identification:_identify(src/slash_perception/linefit_ground_segementation_ros2/linefit_ground_segmentation) by extension 'ros'
[0.970s] DEBUG:colcon.colcon_core.package_identification:Package 'src/slash_perception/linefit_ground_segementation_ros2/linefit_ground_segmentation' with type 'ros.ament_cmake' and name 'linefit_ground_segmentation'
[0.971s] Level 1:colcon.colcon_core.package_identification:_identify(src/slash_perception/linefit_ground_segementation_ros2/linefit_ground_segmentation_ros) by extensions ['ignore', 'ignore_ament_install']
[0.971s] Level 1:colcon.colcon_core.package_identification:_identify(src/slash_perception/linefit_ground_segementation_ros2/linefit_ground_segmentation_ros) by extension 'ignore'
[0.971s] Level 1:colcon.colcon_core.package_identification:_identify(src/slash_perception/linefit_ground_segementation_ros2/linefit_ground_segmentation_ros) by extension 'ignore_ament_install'
[0.971s] Level 1:colcon.colcon_core.package_identification:_identify(src/slash_perception/linefit_ground_segementation_ros2/linefit_ground_segmentation_ros) by extensions ['colcon_pkg']
[0.971s] Level 1:colcon.colcon_core.package_identification:_identify(src/slash_perception/linefit_ground_segementation_ros2/linefit_ground_segmentation_ros) by extension 'colcon_pkg'
[0.971s] Level 1:colcon.colcon_core.package_identification:_identify(src/slash_perception/linefit_ground_segementation_ros2/linefit_ground_segmentation_ros) by extensions ['colcon_meta']
[0.971s] Level 1:colcon.colcon_core.package_identification:_identify(src/slash_perception/linefit_ground_segementation_ros2/linefit_ground_segmentation_ros) by extension 'colcon_meta'
[0.971s] Level 1:colcon.colcon_core.package_identification:_identify(src/slash_perception/linefit_ground_segementation_ros2/linefit_ground_segmentation_ros) by extensions ['ros']
[0.971s] Level 1:colcon.colcon_core.package_identification:_identify(src/slash_perception/linefit_ground_segementation_ros2/linefit_ground_segmentation_ros) by extension 'ros'
[0.973s] DEBUG:colcon.colcon_core.package_identification:Package 'src/slash_perception/linefit_ground_segementation_ros2/linefit_ground_segmentation_ros' with type 'ros.ament_cmake' and name 'linefit_ground_segmentation_ros'
[0.973s] Level 1:colcon.colcon_core.package_identification:_identify(src/slash_perception/pointcloud_to_laserscan) by extensions ['ignore', 'ignore_ament_install']
[0.973s] Level 1:colcon.colcon_core.package_identification:_identify(src/slash_perception/pointcloud_to_laserscan) by extension 'ignore'
[0.973s] Level 1:colcon.colcon_core.package_identification:_identify(src/slash_perception/pointcloud_to_laserscan) by extension 'ignore_ament_install'
[0.973s] Level 1:colcon.colcon_core.package_identification:_identify(src/slash_perception/pointcloud_to_laserscan) by extensions ['colcon_pkg']
[0.973s] Level 1:colcon.colcon_core.package_identification:_identify(src/slash_perception/pointcloud_to_laserscan) by extension 'colcon_pkg'
[0.974s] Level 1:colcon.colcon_core.package_identification:_identify(src/slash_perception/pointcloud_to_laserscan) by extensions ['colcon_meta']
[0.974s] Level 1:colcon.colcon_core.package_identification:_identify(src/slash_perception/pointcloud_to_laserscan) by extension 'colcon_meta'
[0.974s] Level 1:colcon.colcon_core.package_identification:_identify(src/slash_perception/pointcloud_to_laserscan) by extensions ['ros']
[0.974s] Level 1:colcon.colcon_core.package_identification:_identify(src/slash_perception/pointcloud_to_laserscan) by extension 'ros'
[0.976s] DEBUG:colcon.colcon_core.package_identification:Package 'src/slash_perception/pointcloud_to_laserscan' with type 'ros.ament_cmake' and name 'pointcloud_to_laserscan'
[0.976s] Level 1:colcon.colcon_core.package_identification:_identify(src/slash_perception/twist_to_ackermann) by extensions ['ignore', 'ignore_ament_install']
[0.976s] Level 1:colcon.colcon_core.package_identification:_identify(src/slash_perception/twist_to_ackermann) by extension 'ignore'
[0.976s] Level 1:colcon.colcon_core.package_identification:_identify(src/slash_perception/twist_to_ackermann) by extension 'ignore_ament_install'
[0.976s] Level 1:colcon.colcon_core.package_identification:_identify(src/slash_perception/twist_to_ackermann) by extensions ['colcon_pkg']
[0.976s] Level 1:colcon.colcon_core.package_identification:_identify(src/slash_perception/twist_to_ackermann) by extension 'colcon_pkg'
[0.976s] Level 1:colcon.colcon_core.package_identification:_identify(src/slash_perception/twist_to_ackermann) by extensions ['colcon_meta']
[0.977s] Level 1:colcon.colcon_core.package_identification:_identify(src/slash_perception/twist_to_ackermann) by extension 'colcon_meta'
[0.977s] Level 1:colcon.colcon_core.package_identification:_identify(src/slash_perception/twist_to_ackermann) by extensions ['ros']
[0.977s] Level 1:colcon.colcon_core.package_identification:_identify(src/slash_perception/twist_to_ackermann) by extension 'ros'
[0.978s] DEBUG:colcon.colcon_core.package_identification:Package 'src/slash_perception/twist_to_ackermann' with type 'ros.ament_python' and name 'twist_to_ackermann'
[0.978s] Level 1:colcon.colcon_core.package_discovery:discover_packages(recursive) using defaults
[0.978s] Level 1:colcon.colcon_core.package_discovery:discover_packages(ignore) discover
[0.978s] Level 1:colcon.colcon_core.package_discovery:discover_packages(ignore) using defaults
[0.978s] Level 1:colcon.colcon_core.package_discovery:discover_packages(path) discover
[0.978s] Level 1:colcon.colcon_core.package_discovery:discover_packages(path) using defaults
[1.025s] Level 1:colcon.colcon_core.package_discovery:discover_packages(prefix_path) check parameters
[1.025s] Level 1:colcon.colcon_core.package_discovery:discover_packages(prefix_path) discover
[1.032s] DEBUG:colcon.colcon_installed_package_information.package_discovery:Found 24 installed packages in /home/jetson/slash_ws/install
[1.034s] DEBUG:colcon.colcon_installed_package_information.package_discovery:Found 283 installed packages in /opt/ros/foxy
[1.037s] Level 1:colcon.colcon_core.package_discovery:discover_packages(prefix_path) using defaults
[1.123s] Level 5:colcon.colcon_core.verb:set package 'ackermann_mux' build argument 'cmake_args' from command line to 'None'
[1.123s] Level 5:colcon.colcon_core.verb:set package 'ackermann_mux' build argument 'cmake_target' from command line to 'None'
[1.123s] Level 5:colcon.colcon_core.verb:set package 'ackermann_mux' build argument 'cmake_target_skip_unavailable' from command line to 'False'
[1.123s] Level 5:colcon.colcon_core.verb:set package 'ackermann_mux' build argument 'cmake_clean_cache' from command line to 'False'
[1.123s] Level 5:colcon.colcon_core.verb:set package 'ackermann_mux' build argument 'cmake_clean_first' from command line to 'False'
[1.123s] Level 5:colcon.colcon_core.verb:set package 'ackermann_mux' build argument 'cmake_force_configure' from command line to 'False'
[1.124s] Level 5:colcon.colcon_core.verb:set package 'ackermann_mux' build argument 'ament_cmake_args' from command line to 'None'
[1.124s] Level 5:colcon.colcon_core.verb:set package 'ackermann_mux' build argument 'catkin_cmake_args' from command line to 'None'
[1.124s] Level 5:colcon.colcon_core.verb:set package 'ackermann_mux' build argument 'catkin_skip_building_tests' from command line to 'False'
[1.124s] DEBUG:colcon.colcon_core.verb:Building package 'ackermann_mux' with the following arguments: {'ament_cmake_args': None, 'build_base': '/home/jetson/slash_ws/build/ackermann_mux', 'catkin_cmake_args': None, 'catkin_skip_building_tests': False, 'cmake_args': None, 'cmake_clean_cache': False, 'cmake_clean_first': False, 'cmake_force_configure': False, 'cmake_target': None, 'cmake_target_skip_unavailable': False, 'install_base': '/home/jetson/slash_ws/install/ackermann_mux', 'merge_install': False, 'path': '/home/jetson/slash_ws/src/slash_hardware/f1tenth_system/ackermann_mux', 'symlink_install': False, 'test_result_base': None}
[1.124s] Level 5:colcon.colcon_core.verb:set package 'costmap_converter_msgs' build argument 'cmake_args' from command line to 'None'
[1.125s] Level 5:colcon.colcon_core.verb:set package 'costmap_converter_msgs' build argument 'cmake_target' from command line to 'None'
[1.125s] Level 5:colcon.colcon_core.verb:set package 'costmap_converter_msgs' build argument 'cmake_target_skip_unavailable' from command line to 'False'
[1.125s] Level 5:colcon.colcon_core.verb:set package 'costmap_converter_msgs' build argument 'cmake_clean_cache' from command line to 'False'
[1.125s] Level 5:colcon.colcon_core.verb:set package 'costmap_converter_msgs' build argument 'cmake_clean_first' from command line to 'False'
[1.125s] Level 5:colcon.colcon_core.verb:set package 'costmap_converter_msgs' build argument 'cmake_force_configure' from command line to 'False'
[1.125s] Level 5:colcon.colcon_core.verb:set package 'costmap_converter_msgs' build argument 'ament_cmake_args' from command line to 'None'
[1.125s] Level 5:colcon.colcon_core.verb:set package 'costmap_converter_msgs' build argument 'catkin_cmake_args' from command line to 'None'
[1.125s] Level 5:colcon.colcon_core.verb:set package 'costmap_converter_msgs' build argument 'catkin_skip_building_tests' from command line to 'False'
[1.125s] DEBUG:colcon.colcon_core.verb:Building package 'costmap_converter_msgs' with the following arguments: {'ament_cmake_args': None, 'build_base': '/home/jetson/slash_ws/build/costmap_converter_msgs', 'catkin_cmake_args': None, 'catkin_skip_building_tests': False, 'cmake_args': None, 'cmake_clean_cache': False, 'cmake_clean_first': False, 'cmake_force_configure': False, 'cmake_target': None, 'cmake_target_skip_unavailable': False, 'install_base': '/home/jetson/slash_ws/install/costmap_converter_msgs', 'merge_install': False, 'path': '/home/jetson/slash_ws/src/slash_navigation/costmap_converter/costmap_converter_msgs', 'symlink_install': False, 'test_result_base': None}
[1.126s] Level 5:colcon.colcon_core.verb:set package 'key_teleop' build argument 'cmake_args' from command line to 'None'
[1.126s] Level 5:colcon.colcon_core.verb:set package 'key_teleop' build argument 'cmake_target' from command line to 'None'
[1.126s] Level 5:colcon.colcon_core.verb:set package 'key_teleop' build argument 'cmake_target_skip_unavailable' from command line to 'False'
[1.126s] Level 5:colcon.colcon_core.verb:set package 'key_teleop' build argument 'cmake_clean_cache' from command line to 'False'
[1.126s] Level 5:colcon.colcon_core.verb:set package 'key_teleop' build argument 'cmake_clean_first' from command line to 'False'
[1.126s] Level 5:colcon.colcon_core.verb:set package 'key_teleop' build argument 'cmake_force_configure' from command line to 'False'
[1.126s] Level 5:colcon.colcon_core.verb:set package 'key_teleop' build argument 'ament_cmake_args' from command line to 'None'
[1.126s] Level 5:colcon.colcon_core.verb:set package 'key_teleop' build argument 'catkin_cmake_args' from command line to 'None'
[1.126s] Level 5:colcon.colcon_core.verb:set package 'key_teleop' build argument 'catkin_skip_building_tests' from command line to 'False'
[1.126s] DEBUG:colcon.colcon_core.verb:Building package 'key_teleop' with the following arguments: {'ament_cmake_args': None, 'build_base': '/home/jetson/slash_ws/build/key_teleop', 'catkin_cmake_args': None, 'catkin_skip_building_tests': False, 'cmake_args': None, 'cmake_clean_cache': False, 'cmake_clean_first': False, 'cmake_force_configure': False, 'cmake_target': None, 'cmake_target_skip_unavailable': False, 'install_base': '/home/jetson/slash_ws/install/key_teleop', 'merge_install': False, 'path': '/home/jetson/slash_ws/src/slash_hardware/f1tenth_system/teleop_tools/key_teleop', 'symlink_install': False, 'test_result_base': None}
[1.127s] Level 5:colcon.colcon_core.verb:set package 'linefit_ground_segmentation' build argument 'cmake_args' from command line to 'None'
[1.127s] Level 5:colcon.colcon_core.verb:set package 'linefit_ground_segmentation' build argument 'cmake_target' from command line to 'None'
[1.127s] Level 5:colcon.colcon_core.verb:set package 'linefit_ground_segmentation' build argument 'cmake_target_skip_unavailable' from command line to 'False'
[1.127s] Level 5:colcon.colcon_core.verb:set package 'linefit_ground_segmentation' build argument 'cmake_clean_cache' from command line to 'False'
[1.127s] Level 5:colcon.colcon_core.verb:set package 'linefit_ground_segmentation' build argument 'cmake_clean_first' from command line to 'False'
[1.127s] Level 5:colcon.colcon_core.verb:set package 'linefit_ground_segmentation' build argument 'cmake_force_configure' from command line to 'False'
[1.127s] Level 5:colcon.colcon_core.verb:set package 'linefit_ground_segmentation' build argument 'ament_cmake_args' from command line to 'None'
[1.127s] Level 5:colcon.colcon_core.verb:set package 'linefit_ground_segmentation' build argument 'catkin_cmake_args' from command line to 'None'
[1.127s] Level 5:colcon.colcon_core.verb:set package 'linefit_ground_segmentation' build argument 'catkin_skip_building_tests' from command line to 'False'
[1.127s] DEBUG:colcon.colcon_core.verb:Building package 'linefit_ground_segmentation' with the following arguments: {'ament_cmake_args': None, 'build_base': '/home/jetson/slash_ws/build/linefit_ground_segmentation', 'catkin_cmake_args': None, 'catkin_skip_building_tests': False, 'cmake_args': None, 'cmake_clean_cache': False, 'cmake_clean_first': False, 'cmake_force_configure': False, 'cmake_target': None, 'cmake_target_skip_unavailable': False, 'install_base': '/home/jetson/slash_ws/install/linefit_ground_segmentation', 'merge_install': False, 'path': '/home/jetson/slash_ws/src/slash_perception/linefit_ground_segementation_ros2/linefit_ground_segmentation', 'symlink_install': False, 'test_result_base': None}
[1.128s] Level 5:colcon.colcon_core.verb:set package 'livox_ros_driver2' build argument 'cmake_args' from command line to 'None'
[1.128s] Level 5:colcon.colcon_core.verb:set package 'livox_ros_driver2' build argument 'cmake_target' from command line to 'None'
[1.128s] Level 5:colcon.colcon_core.verb:set package 'livox_ros_driver2' build argument 'cmake_target_skip_unavailable' from command line to 'False'
[1.128s] Level 5:colcon.colcon_core.verb:set package 'livox_ros_driver2' build argument 'cmake_clean_cache' from command line to 'False'
[1.128s] Level 5:colcon.colcon_core.verb:set package 'livox_ros_driver2' build argument 'cmake_clean_first' from command line to 'False'
[1.128s] Level 5:colcon.colcon_core.verb:set package 'livox_ros_driver2' build argument 'cmake_force_configure' from command line to 'False'
[1.128s] Level 5:colcon.colcon_core.verb:set package 'livox_ros_driver2' build argument 'ament_cmake_args' from command line to 'None'
[1.128s] Level 5:colcon.colcon_core.verb:set package 'livox_ros_driver2' build argument 'catkin_cmake_args' from command line to 'None'
[1.128s] Level 5:colcon.colcon_core.verb:set package 'livox_ros_driver2' build argument 'catkin_skip_building_tests' from command line to 'False'
[1.128s] DEBUG:colcon.colcon_core.verb:Building package 'livox_ros_driver2' with the following arguments: {'ament_cmake_args': None, 'build_base': '/home/jetson/slash_ws/build/livox_ros_driver2', 'catkin_cmake_args': None, 'catkin_skip_building_tests': False, 'cmake_args': None, 'cmake_clean_cache': False, 'cmake_clean_first': False, 'cmake_force_configure': False, 'cmake_target': None, 'cmake_target_skip_unavailable': False, 'install_base': '/home/jetson/slash_ws/install/livox_ros_driver2', 'merge_install': False, 'path': '/home/jetson/slash_ws/src/slash_hardware/livox_ros_driver2/src', 'symlink_install': False, 'test_result_base': None}
[1.129s] Level 5:colcon.colcon_core.verb:set package 'mouse_teleop' build argument 'cmake_args' from command line to 'None'
[1.129s] Level 5:colcon.colcon_core.verb:set package 'mouse_teleop' build argument 'cmake_target' from command line to 'None'
[1.129s] Level 5:colcon.colcon_core.verb:set package 'mouse_teleop' build argument 'cmake_target_skip_unavailable' from command line to 'False'
[1.129s] Level 5:colcon.colcon_core.verb:set package 'mouse_teleop' build argument 'cmake_clean_cache' from command line to 'False'
[1.129s] Level 5:colcon.colcon_core.verb:set package 'mouse_teleop' build argument 'cmake_clean_first' from command line to 'False'
[1.129s] Level 5:colcon.colcon_core.verb:set package 'mouse_teleop' build argument 'cmake_force_configure' from command line to 'False'
[1.129s] Level 5:colcon.colcon_core.verb:set package 'mouse_teleop' build argument 'ament_cmake_args' from command line to 'None'
[1.129s] Level 5:colcon.colcon_core.verb:set package 'mouse_teleop' build argument 'catkin_cmake_args' from command line to 'None'
[1.129s] Level 5:colcon.colcon_core.verb:set package 'mouse_teleop' build argument 'catkin_skip_building_tests' from command line to 'False'
[1.129s] DEBUG:colcon.colcon_core.verb:Building package 'mouse_teleop' with the following arguments: {'ament_cmake_args': None, 'build_base': '/home/jetson/slash_ws/build/mouse_teleop', 'catkin_cmake_args': None, 'catkin_skip_building_tests': False, 'cmake_args': None, 'cmake_clean_cache': False, 'cmake_clean_first': False, 'cmake_force_configure': False, 'cmake_target': None, 'cmake_target_skip_unavailable': False, 'install_base': '/home/jetson/slash_ws/install/mouse_teleop', 'merge_install': False, 'path': '/home/jetson/slash_ws/src/slash_hardware/f1tenth_system/teleop_tools/mouse_teleop', 'symlink_install': False, 'test_result_base': None}
[1.130s] Level 5:colcon.colcon_core.verb:set package 'pointcloud_to_laserscan' build argument 'cmake_args' from command line to 'None'
[1.130s] Level 5:colcon.colcon_core.verb:set package 'pointcloud_to_laserscan' build argument 'cmake_target' from command line to 'None'
[1.130s] Level 5:colcon.colcon_core.verb:set package 'pointcloud_to_laserscan' build argument 'cmake_target_skip_unavailable' from command line to 'False'
[1.130s] Level 5:colcon.colcon_core.verb:set package 'pointcloud_to_laserscan' build argument 'cmake_clean_cache' from command line to 'False'
[1.130s] Level 5:colcon.colcon_core.verb:set package 'pointcloud_to_laserscan' build argument 'cmake_clean_first' from command line to 'False'
[1.130s] Level 5:colcon.colcon_core.verb:set package 'pointcloud_to_laserscan' build argument 'cmake_force_configure' from command line to 'False'
[1.130s] Level 5:colcon.colcon_core.verb:set package 'pointcloud_to_laserscan' build argument 'ament_cmake_args' from command line to 'None'
[1.130s] Level 5:colcon.colcon_core.verb:set package 'pointcloud_to_laserscan' build argument 'catkin_cmake_args' from command line to 'None'
[1.130s] Level 5:colcon.colcon_core.verb:set package 'pointcloud_to_laserscan' build argument 'catkin_skip_building_tests' from command line to 'False'
[1.130s] DEBUG:colcon.colcon_core.verb:Building package 'pointcloud_to_laserscan' with the following arguments: {'ament_cmake_args': None, 'build_base': '/home/jetson/slash_ws/build/pointcloud_to_laserscan', 'catkin_cmake_args': None, 'catkin_skip_building_tests': False, 'cmake_args': None, 'cmake_clean_cache': False, 'cmake_clean_first': False, 'cmake_force_configure': False, 'cmake_target': None, 'cmake_target_skip_unavailable': False, 'install_base': '/home/jetson/slash_ws/install/pointcloud_to_laserscan', 'merge_install': False, 'path': '/home/jetson/slash_ws/src/slash_perception/pointcloud_to_laserscan', 'symlink_install': False, 'test_result_base': None}
[1.131s] Level 5:colcon.colcon_core.verb:set package 'roboracer_china_2025' build argument 'cmake_args' from command line to 'None'
[1.131s] Level 5:colcon.colcon_core.verb:set package 'roboracer_china_2025' build argument 'cmake_target' from command line to 'None'
[1.131s] Level 5:colcon.colcon_core.verb:set package 'roboracer_china_2025' build argument 'cmake_target_skip_unavailable' from command line to 'False'
[1.131s] Level 5:colcon.colcon_core.verb:set package 'roboracer_china_2025' build argument 'cmake_clean_cache' from command line to 'False'
[1.131s] Level 5:colcon.colcon_core.verb:set package 'roboracer_china_2025' build argument 'cmake_clean_first' from command line to 'False'
[1.131s] Level 5:colcon.colcon_core.verb:set package 'roboracer_china_2025' build argument 'cmake_force_configure' from command line to 'False'
[1.131s] Level 5:colcon.colcon_core.verb:set package 'roboracer_china_2025' build argument 'ament_cmake_args' from command line to 'None'
[1.131s] Level 5:colcon.colcon_core.verb:set package 'roboracer_china_2025' build argument 'catkin_cmake_args' from command line to 'None'
[1.131s] Level 5:colcon.colcon_core.verb:set package 'roboracer_china_2025' build argument 'catkin_skip_building_tests' from command line to 'False'
[1.131s] DEBUG:colcon.colcon_core.verb:Building package 'roboracer_china_2025' with the following arguments: {'ament_cmake_args': None, 'build_base': '/home/jetson/slash_ws/build/roboracer_china_2025', 'catkin_cmake_args': None, 'catkin_skip_building_tests': False, 'cmake_args': None, 'cmake_clean_cache': False, 'cmake_clean_first': False, 'cmake_force_configure': False, 'cmake_target': None, 'cmake_target_skip_unavailable': False, 'install_base': '/home/jetson/slash_ws/install/roboracer_china_2025', 'merge_install': False, 'path': '/home/jetson/slash_ws/src/slash_navigation/roboracer_china_2025', 'symlink_install': False, 'test_result_base': None}
[1.132s] Level 5:colcon.colcon_core.verb:set package 'simple_mpc' build argument 'cmake_args' from command line to 'None'
[1.132s] Level 5:colcon.colcon_core.verb:set package 'simple_mpc' build argument 'cmake_target' from command line to 'None'
[1.132s] Level 5:colcon.colcon_core.verb:set package 'simple_mpc' build argument 'cmake_target_skip_unavailable' from command line to 'False'
[1.132s] Level 5:colcon.colcon_core.verb:set package 'simple_mpc' build argument 'cmake_clean_cache' from command line to 'False'
[1.132s] Level 5:colcon.colcon_core.verb:set package 'simple_mpc' build argument 'cmake_clean_first' from command line to 'False'
[1.132s] Level 5:colcon.colcon_core.verb:set package 'simple_mpc' build argument 'cmake_force_configure' from command line to 'False'
[1.132s] Level 5:colcon.colcon_core.verb:set package 'simple_mpc' build argument 'ament_cmake_args' from command line to 'None'
[1.132s] Level 5:colcon.colcon_core.verb:set package 'simple_mpc' build argument 'catkin_cmake_args' from command line to 'None'
[1.132s] Level 5:colcon.colcon_core.verb:set package 'simple_mpc' build argument 'catkin_skip_building_tests' from command line to 'False'
[1.132s] DEBUG:colcon.colcon_core.verb:Building package 'simple_mpc' with the following arguments: {'ament_cmake_args': None, 'build_base': '/home/jetson/slash_ws/build/simple_mpc', 'catkin_cmake_args': None, 'catkin_skip_building_tests': False, 'cmake_args': None, 'cmake_clean_cache': False, 'cmake_clean_first': False, 'cmake_force_configure': False, 'cmake_target': None, 'cmake_target_skip_unavailable': False, 'install_base': '/home/jetson/slash_ws/install/simple_mpc', 'merge_install': False, 'path': '/home/jetson/slash_ws/src/slash_controller/simple_mpc', 'symlink_install': False, 'test_result_base': None}
[1.133s] Level 5:colcon.colcon_core.verb:set package 'slash_nav2' build argument 'cmake_args' from command line to 'None'
[1.133s] Level 5:colcon.colcon_core.verb:set package 'slash_nav2' build argument 'cmake_target' from command line to 'None'
[1.133s] Level 5:colcon.colcon_core.verb:set package 'slash_nav2' build argument 'cmake_target_skip_unavailable' from command line to 'False'
[1.133s] Level 5:colcon.colcon_core.verb:set package 'slash_nav2' build argument 'cmake_clean_cache' from command line to 'False'
[1.133s] Level 5:colcon.colcon_core.verb:set package 'slash_nav2' build argument 'cmake_clean_first' from command line to 'False'
[1.133s] Level 5:colcon.colcon_core.verb:set package 'slash_nav2' build argument 'cmake_force_configure' from command line to 'False'
[1.133s] Level 5:colcon.colcon_core.verb:set package 'slash_nav2' build argument 'ament_cmake_args' from command line to 'None'
[1.133s] Level 5:colcon.colcon_core.verb:set package 'slash_nav2' build argument 'catkin_cmake_args' from command line to 'None'
[1.133s] Level 5:colcon.colcon_core.verb:set package 'slash_nav2' build argument 'catkin_skip_building_tests' from command line to 'False'
[1.133s] DEBUG:colcon.colcon_core.verb:Building package 'slash_nav2' with the following arguments: {'ament_cmake_args': None, 'build_base': '/home/jetson/slash_ws/build/slash_nav2', 'catkin_cmake_args': None, 'catkin_skip_building_tests': False, 'cmake_args': None, 'cmake_clean_cache': False, 'cmake_clean_first': False, 'cmake_force_configure': False, 'cmake_target': None, 'cmake_target_skip_unavailable': False, 'install_base': '/home/jetson/slash_ws/install/slash_nav2', 'merge_install': False, 'path': '/home/jetson/slash_ws/src/slash_navigation/slash_nav2', 'symlink_install': False, 'test_result_base': None}
[1.134s] Level 5:colcon.colcon_core.verb:set package 'teleop_tools_msgs' build argument 'cmake_args' from command line to 'None'
[1.134s] Level 5:colcon.colcon_core.verb:set package 'teleop_tools_msgs' build argument 'cmake_target' from command line to 'None'
[1.134s] Level 5:colcon.colcon_core.verb:set package 'teleop_tools_msgs' build argument 'cmake_target_skip_unavailable' from command line to 'False'
[1.134s] Level 5:colcon.colcon_core.verb:set package 'teleop_tools_msgs' build argument 'cmake_clean_cache' from command line to 'False'
[1.134s] Level 5:colcon.colcon_core.verb:set package 'teleop_tools_msgs' build argument 'cmake_clean_first' from command line to 'False'
[1.134s] Level 5:colcon.colcon_core.verb:set package 'teleop_tools_msgs' build argument 'cmake_force_configure' from command line to 'False'
[1.134s] Level 5:colcon.colcon_core.verb:set package 'teleop_tools_msgs' build argument 'ament_cmake_args' from command line to 'None'
[1.134s] Level 5:colcon.colcon_core.verb:set package 'teleop_tools_msgs' build argument 'catkin_cmake_args' from command line to 'None'
[1.134s] Level 5:colcon.colcon_core.verb:set package 'teleop_tools_msgs' build argument 'catkin_skip_building_tests' from command line to 'False'
[1.134s] DEBUG:colcon.colcon_core.verb:Building package 'teleop_tools_msgs' with the following arguments: {'ament_cmake_args': None, 'build_base': '/home/jetson/slash_ws/build/teleop_tools_msgs', 'catkin_cmake_args': None, 'catkin_skip_building_tests': False, 'cmake_args': None, 'cmake_clean_cache': False, 'cmake_clean_first': False, 'cmake_force_configure': False, 'cmake_target': None, 'cmake_target_skip_unavailable': False, 'install_base': '/home/jetson/slash_ws/install/teleop_tools_msgs', 'merge_install': False, 'path': '/home/jetson/slash_ws/src/slash_hardware/f1tenth_system/teleop_tools/teleop_tools_msgs', 'symlink_install': False, 'test_result_base': None}
[1.135s] Level 5:colcon.colcon_core.verb:set package 'twist_to_ackermann' build argument 'cmake_args' from command line to 'None'
[1.135s] Level 5:colcon.colcon_core.verb:set package 'twist_to_ackermann' build argument 'cmake_target' from command line to 'None'
[1.135s] Level 5:colcon.colcon_core.verb:set package 'twist_to_ackermann' build argument 'cmake_target_skip_unavailable' from command line to 'False'
[1.135s] Level 5:colcon.colcon_core.verb:set package 'twist_to_ackermann' build argument 'cmake_clean_cache' from command line to 'False'
[1.135s] Level 5:colcon.colcon_core.verb:set package 'twist_to_ackermann' build argument 'cmake_clean_first' from command line to 'False'
[1.135s] Level 5:colcon.colcon_core.verb:set package 'twist_to_ackermann' build argument 'cmake_force_configure' from command line to 'False'
[1.135s] Level 5:colcon.colcon_core.verb:set package 'twist_to_ackermann' build argument 'ament_cmake_args' from command line to 'None'
[1.135s] Level 5:colcon.colcon_core.verb:set package 'twist_to_ackermann' build argument 'catkin_cmake_args' from command line to 'None'
[1.135s] Level 5:colcon.colcon_core.verb:set package 'twist_to_ackermann' build argument 'catkin_skip_building_tests' from command line to 'False'
[1.135s] DEBUG:colcon.colcon_core.verb:Building package 'twist_to_ackermann' with the following arguments: {'ament_cmake_args': None, 'build_base': '/home/jetson/slash_ws/build/twist_to_ackermann', 'catkin_cmake_args': None, 'catkin_skip_building_tests': False, 'cmake_args': None, 'cmake_clean_cache': False, 'cmake_clean_first': False, 'cmake_force_configure': False, 'cmake_target': None, 'cmake_target_skip_unavailable': False, 'install_base': '/home/jetson/slash_ws/install/twist_to_ackermann', 'merge_install': False, 'path': '/home/jetson/slash_ws/src/slash_perception/twist_to_ackermann', 'symlink_install': False, 'test_result_base': None}
[1.136s] Level 5:colcon.colcon_core.verb:set package 'vesc_msgs' build argument 'cmake_args' from command line to 'None'
[1.136s] Level 5:colcon.colcon_core.verb:set package 'vesc_msgs' build argument 'cmake_target' from command line to 'None'
[1.136s] Level 5:colcon.colcon_core.verb:set package 'vesc_msgs' build argument 'cmake_target_skip_unavailable' from command line to 'False'
[1.136s] Level 5:colcon.colcon_core.verb:set package 'vesc_msgs' build argument 'cmake_clean_cache' from command line to 'False'
[1.136s] Level 5:colcon.colcon_core.verb:set package 'vesc_msgs' build argument 'cmake_clean_first' from command line to 'False'
[1.136s] Level 5:colcon.colcon_core.verb:set package 'vesc_msgs' build argument 'cmake_force_configure' from command line to 'False'
[1.136s] Level 5:colcon.colcon_core.verb:set package 'vesc_msgs' build argument 'ament_cmake_args' from command line to 'None'
[1.136s] Level 5:colcon.colcon_core.verb:set package 'vesc_msgs' build argument 'catkin_cmake_args' from command line to 'None'
[1.136s] Level 5:colcon.colcon_core.verb:set package 'vesc_msgs' build argument 'catkin_skip_building_tests' from command line to 'False'
[1.136s] DEBUG:colcon.colcon_core.verb:Building package 'vesc_msgs' with the following arguments: {'ament_cmake_args': None, 'build_base': '/home/jetson/slash_ws/build/vesc_msgs', 'catkin_cmake_args': None, 'catkin_skip_building_tests': False, 'cmake_args': None, 'cmake_clean_cache': False, 'cmake_clean_first': False, 'cmake_force_configure': False, 'cmake_target': None, 'cmake_target_skip_unavailable': False, 'install_base': '/home/jetson/slash_ws/install/vesc_msgs', 'merge_install': False, 'path': '/home/jetson/slash_ws/src/slash_hardware/f1tenth_system/vesc/vesc_msgs', 'symlink_install': False, 'test_result_base': None}
[1.137s] Level 5:colcon.colcon_core.verb:set package 'costmap_converter' build argument 'cmake_args' from command line to 'None'
[1.137s] Level 5:colcon.colcon_core.verb:set package 'costmap_converter' build argument 'cmake_target' from command line to 'None'
[1.137s] Level 5:colcon.colcon_core.verb:set package 'costmap_converter' build argument 'cmake_target_skip_unavailable' from command line to 'False'
[1.137s] Level 5:colcon.colcon_core.verb:set package 'costmap_converter' build argument 'cmake_clean_cache' from command line to 'False'
[1.137s] Level 5:colcon.colcon_core.verb:set package 'costmap_converter' build argument 'cmake_clean_first' from command line to 'False'
[1.137s] Level 5:colcon.colcon_core.verb:set package 'costmap_converter' build argument 'cmake_force_configure' from command line to 'False'
[1.137s] Level 5:colcon.colcon_core.verb:set package 'costmap_converter' build argument 'ament_cmake_args' from command line to 'None'
[1.137s] Level 5:colcon.colcon_core.verb:set package 'costmap_converter' build argument 'catkin_cmake_args' from command line to 'None'
[1.137s] Level 5:colcon.colcon_core.verb:set package 'costmap_converter' build argument 'catkin_skip_building_tests' from command line to 'False'
[1.137s] DEBUG:colcon.colcon_core.verb:Building package 'costmap_converter' with the following arguments: {'ament_cmake_args': None, 'build_base': '/home/jetson/slash_ws/build/costmap_converter', 'catkin_cmake_args': None, 'catkin_skip_building_tests': False, 'cmake_args': None, 'cmake_clean_cache': False, 'cmake_clean_first': False, 'cmake_force_configure': False, 'cmake_target': None, 'cmake_target_skip_unavailable': False, 'install_base': '/home/jetson/slash_ws/install/costmap_converter', 'merge_install': False, 'path': '/home/jetson/slash_ws/src/slash_navigation/costmap_converter/costmap_converter', 'symlink_install': False, 'test_result_base': None}
[1.138s] Level 5:colcon.colcon_core.verb:set package 'fast_lio' build argument 'cmake_args' from command line to 'None'
[1.138s] Level 5:colcon.colcon_core.verb:set package 'fast_lio' build argument 'cmake_target' from command line to 'None'
[1.138s] Level 5:colcon.colcon_core.verb:set package 'fast_lio' build argument 'cmake_target_skip_unavailable' from command line to 'False'
[1.138s] Level 5:colcon.colcon_core.verb:set package 'fast_lio' build argument 'cmake_clean_cache' from command line to 'False'
[1.138s] Level 5:colcon.colcon_core.verb:set package 'fast_lio' build argument 'cmake_clean_first' from command line to 'False'
[1.138s] Level 5:colcon.colcon_core.verb:set package 'fast_lio' build argument 'cmake_force_configure' from command line to 'False'
[1.138s] Level 5:colcon.colcon_core.verb:set package 'fast_lio' build argument 'ament_cmake_args' from command line to 'None'
[1.138s] Level 5:colcon.colcon_core.verb:set package 'fast_lio' build argument 'catkin_cmake_args' from command line to 'None'
[1.138s] Level 5:colcon.colcon_core.verb:set package 'fast_lio' build argument 'catkin_skip_building_tests' from command line to 'False'
[1.138s] DEBUG:colcon.colcon_core.verb:Building package 'fast_lio' with the following arguments: {'ament_cmake_args': None, 'build_base': '/home/jetson/slash_ws/build/fast_lio', 'catkin_cmake_args': None, 'catkin_skip_building_tests': False, 'cmake_args': None, 'cmake_clean_cache': False, 'cmake_clean_first': False, 'cmake_force_configure': False, 'cmake_target': None, 'cmake_target_skip_unavailable': False, 'install_base': '/home/jetson/slash_ws/install/fast_lio', 'merge_install': False, 'path': '/home/jetson/slash_ws/src/slash_localization/FAST_LIO', 'symlink_install': False, 'test_result_base': None}
[1.139s] Level 5:colcon.colcon_core.verb:set package 'joy_teleop' build argument 'cmake_args' from command line to 'None'
[1.139s] Level 5:colcon.colcon_core.verb:set package 'joy_teleop' build argument 'cmake_target' from command line to 'None'
[1.139s] Level 5:colcon.colcon_core.verb:set package 'joy_teleop' build argument 'cmake_target_skip_unavailable' from command line to 'False'
[1.139s] Level 5:colcon.colcon_core.verb:set package 'joy_teleop' build argument 'cmake_clean_cache' from command line to 'False'
[1.139s] Level 5:colcon.colcon_core.verb:set package 'joy_teleop' build argument 'cmake_clean_first' from command line to 'False'
[1.139s] Level 5:colcon.colcon_core.verb:set package 'joy_teleop' build argument 'cmake_force_configure' from command line to 'False'
[1.139s] Level 5:colcon.colcon_core.verb:set package 'joy_teleop' build argument 'ament_cmake_args' from command line to 'None'
[1.139s] Level 5:colcon.colcon_core.verb:set package 'joy_teleop' build argument 'catkin_cmake_args' from command line to 'None'
[1.139s] Level 5:colcon.colcon_core.verb:set package 'joy_teleop' build argument 'catkin_skip_building_tests' from command line to 'False'
[1.139s] DEBUG:colcon.colcon_core.verb:Building package 'joy_teleop' with the following arguments: {'ament_cmake_args': None, 'build_base': '/home/jetson/slash_ws/build/joy_teleop', 'catkin_cmake_args': None, 'catkin_skip_building_tests': False, 'cmake_args': None, 'cmake_clean_cache': False, 'cmake_clean_first': False, 'cmake_force_configure': False, 'cmake_target': None, 'cmake_target_skip_unavailable': False, 'install_base': '/home/jetson/slash_ws/install/joy_teleop', 'merge_install': False, 'path': '/home/jetson/slash_ws/src/slash_hardware/f1tenth_system/teleop_tools/joy_teleop', 'symlink_install': False, 'test_result_base': None}
[1.140s] Level 5:colcon.colcon_core.verb:set package 'linefit_ground_segmentation_ros' build argument 'cmake_args' from command line to 'None'
[1.140s] Level 5:colcon.colcon_core.verb:set package 'linefit_ground_segmentation_ros' build argument 'cmake_target' from command line to 'None'
[1.140s] Level 5:colcon.colcon_core.verb:set package 'linefit_ground_segmentation_ros' build argument 'cmake_target_skip_unavailable' from command line to 'False'
[1.140s] Level 5:colcon.colcon_core.verb:set package 'linefit_ground_segmentation_ros' build argument 'cmake_clean_cache' from command line to 'False'
[1.140s] Level 5:colcon.colcon_core.verb:set package 'linefit_ground_segmentation_ros' build argument 'cmake_clean_first' from command line to 'False'
[1.140s] Level 5:colcon.colcon_core.verb:set package 'linefit_ground_segmentation_ros' build argument 'cmake_force_configure' from command line to 'False'
[1.140s] Level 5:colcon.colcon_core.verb:set package 'linefit_ground_segmentation_ros' build argument 'ament_cmake_args' from command line to 'None'
[1.140s] Level 5:colcon.colcon_core.verb:set package 'linefit_ground_segmentation_ros' build argument 'catkin_cmake_args' from command line to 'None'
[1.140s] Level 5:colcon.colcon_core.verb:set package 'linefit_ground_segmentation_ros' build argument 'catkin_skip_building_tests' from command line to 'False'
[1.140s] DEBUG:colcon.colcon_core.verb:Building package 'linefit_ground_segmentation_ros' with the following arguments: {'ament_cmake_args': None, 'build_base': '/home/jetson/slash_ws/build/linefit_ground_segmentation_ros', 'catkin_cmake_args': None, 'catkin_skip_building_tests': False, 'cmake_args': None, 'cmake_clean_cache': False, 'cmake_clean_first': False, 'cmake_force_configure': False, 'cmake_target': None, 'cmake_target_skip_unavailable': False, 'install_base': '/home/jetson/slash_ws/install/linefit_ground_segmentation_ros', 'merge_install': False, 'path': '/home/jetson/slash_ws/src/slash_perception/linefit_ground_segementation_ros2/linefit_ground_segmentation_ros', 'symlink_install': False, 'test_result_base': None}
[1.141s] Level 5:colcon.colcon_core.verb:set package 'teb_msgs' build argument 'cmake_args' from command line to 'None'
[1.141s] Level 5:colcon.colcon_core.verb:set package 'teb_msgs' build argument 'cmake_target' from command line to 'None'
[1.141s] Level 5:colcon.colcon_core.verb:set package 'teb_msgs' build argument 'cmake_target_skip_unavailable' from command line to 'False'
[1.141s] Level 5:colcon.colcon_core.verb:set package 'teb_msgs' build argument 'cmake_clean_cache' from command line to 'False'
[1.141s] Level 5:colcon.colcon_core.verb:set package 'teb_msgs' build argument 'cmake_clean_first' from command line to 'False'
[1.141s] Level 5:colcon.colcon_core.verb:set package 'teb_msgs' build argument 'cmake_force_configure' from command line to 'False'
[1.141s] Level 5:colcon.colcon_core.verb:set package 'teb_msgs' build argument 'ament_cmake_args' from command line to 'None'
[1.141s] Level 5:colcon.colcon_core.verb:set package 'teb_msgs' build argument 'catkin_cmake_args' from command line to 'None'
[1.141s] Level 5:colcon.colcon_core.verb:set package 'teb_msgs' build argument 'catkin_skip_building_tests' from command line to 'False'
[1.141s] DEBUG:colcon.colcon_core.verb:Building package 'teb_msgs' with the following arguments: {'ament_cmake_args': None, 'build_base': '/home/jetson/slash_ws/build/teb_msgs', 'catkin_cmake_args': None, 'catkin_skip_building_tests': False, 'cmake_args': None, 'cmake_clean_cache': False, 'cmake_clean_first': False, 'cmake_force_configure': False, 'cmake_target': None, 'cmake_target_skip_unavailable': False, 'install_base': '/home/jetson/slash_ws/install/teb_msgs', 'merge_install': False, 'path': '/home/jetson/slash_ws/src/slash_navigation/teb_local_planner/teb_msgs', 'symlink_install': False, 'test_result_base': None}
[1.142s] Level 5:colcon.colcon_core.verb:set package 'vesc_ackermann' build argument 'cmake_args' from command line to 'None'
[1.142s] Level 5:colcon.colcon_core.verb:set package 'vesc_ackermann' build argument 'cmake_target' from command line to 'None'
[1.142s] Level 5:colcon.colcon_core.verb:set package 'vesc_ackermann' build argument 'cmake_target_skip_unavailable' from command line to 'False'
[1.142s] Level 5:colcon.colcon_core.verb:set package 'vesc_ackermann' build argument 'cmake_clean_cache' from command line to 'False'
[1.142s] Level 5:colcon.colcon_core.verb:set package 'vesc_ackermann' build argument 'cmake_clean_first' from command line to 'False'
[1.142s] Level 5:colcon.colcon_core.verb:set package 'vesc_ackermann' build argument 'cmake_force_configure' from command line to 'False'
[1.142s] Level 5:colcon.colcon_core.verb:set package 'vesc_ackermann' build argument 'ament_cmake_args' from command line to 'None'
[1.142s] Level 5:colcon.colcon_core.verb:set package 'vesc_ackermann' build argument 'catkin_cmake_args' from command line to 'None'
[1.142s] Level 5:colcon.colcon_core.verb:set package 'vesc_ackermann' build argument 'catkin_skip_building_tests' from command line to 'False'
[1.142s] DEBUG:colcon.colcon_core.verb:Building package 'vesc_ackermann' with the following arguments: {'ament_cmake_args': None, 'build_base': '/home/jetson/slash_ws/build/vesc_ackermann', 'catkin_cmake_args': None, 'catkin_skip_building_tests': False, 'cmake_args': None, 'cmake_clean_cache': False, 'cmake_clean_first': False, 'cmake_force_configure': False, 'cmake_target': None, 'cmake_target_skip_unavailable': False, 'install_base': '/home/jetson/slash_ws/install/vesc_ackermann', 'merge_install': False, 'path': '/home/jetson/slash_ws/src/slash_hardware/f1tenth_system/vesc/vesc_ackermann', 'symlink_install': False, 'test_result_base': None}
[1.143s] Level 5:colcon.colcon_core.verb:set package 'vesc_driver' build argument 'cmake_args' from command line to 'None'
[1.143s] Level 5:colcon.colcon_core.verb:set package 'vesc_driver' build argument 'cmake_target' from command line to 'None'
[1.143s] Level 5:colcon.colcon_core.verb:set package 'vesc_driver' build argument 'cmake_target_skip_unavailable' from command line to 'False'
[1.143s] Level 5:colcon.colcon_core.verb:set package 'vesc_driver' build argument 'cmake_clean_cache' from command line to 'False'
[1.143s] Level 5:colcon.colcon_core.verb:set package 'vesc_driver' build argument 'cmake_clean_first' from command line to 'False'
[1.143s] Level 5:colcon.colcon_core.verb:set package 'vesc_driver' build argument 'cmake_force_configure' from command line to 'False'
[1.143s] Level 5:colcon.colcon_core.verb:set package 'vesc_driver' build argument 'ament_cmake_args' from command line to 'None'
[1.143s] Level 5:colcon.colcon_core.verb:set package 'vesc_driver' build argument 'catkin_cmake_args' from command line to 'None'
[1.143s] Level 5:colcon.colcon_core.verb:set package 'vesc_driver' build argument 'catkin_skip_building_tests' from command line to 'False'
[1.143s] DEBUG:colcon.colcon_core.verb:Building package 'vesc_driver' with the following arguments: {'ament_cmake_args': None, 'build_base': '/home/jetson/slash_ws/build/vesc_driver', 'catkin_cmake_args': None, 'catkin_skip_building_tests': False, 'cmake_args': None, 'cmake_clean_cache': False, 'cmake_clean_first': False, 'cmake_force_configure': False, 'cmake_target': None, 'cmake_target_skip_unavailable': False, 'install_base': '/home/jetson/slash_ws/install/vesc_driver', 'merge_install': False, 'path': '/home/jetson/slash_ws/src/slash_hardware/f1tenth_system/vesc/vesc_driver', 'symlink_install': False, 'test_result_base': None}
[1.144s] Level 5:colcon.colcon_core.verb:set package 'teb_local_planner' build argument 'cmake_args' from command line to 'None'
[1.144s] Level 5:colcon.colcon_core.verb:set package 'teb_local_planner' build argument 'cmake_target' from command line to 'None'
[1.144s] Level 5:colcon.colcon_core.verb:set package 'teb_local_planner' build argument 'cmake_target_skip_unavailable' from command line to 'False'
[1.144s] Level 5:colcon.colcon_core.verb:set package 'teb_local_planner' build argument 'cmake_clean_cache' from command line to 'False'
[1.144s] Level 5:colcon.colcon_core.verb:set package 'teb_local_planner' build argument 'cmake_clean_first' from command line to 'False'
[1.144s] Level 5:colcon.colcon_core.verb:set package 'teb_local_planner' build argument 'cmake_force_configure' from command line to 'False'
[1.144s] Level 5:colcon.colcon_core.verb:set package 'teb_local_planner' build argument 'ament_cmake_args' from command line to 'None'
[1.144s] Level 5:colcon.colcon_core.verb:set package 'teb_local_planner' build argument 'catkin_cmake_args' from command line to 'None'
[1.144s] Level 5:colcon.colcon_core.verb:set package 'teb_local_planner' build argument 'catkin_skip_building_tests' from command line to 'False'
[1.144s] DEBUG:colcon.colcon_core.verb:Building package 'teb_local_planner' with the following arguments: {'ament_cmake_args': None, 'build_base': '/home/jetson/slash_ws/build/teb_local_planner', 'catkin_cmake_args': None, 'catkin_skip_building_tests': False, 'cmake_args': None, 'cmake_clean_cache': False, 'cmake_clean_first': False, 'cmake_force_configure': False, 'cmake_target': None, 'cmake_target_skip_unavailable': False, 'install_base': '/home/jetson/slash_ws/install/teb_local_planner', 'merge_install': False, 'path': '/home/jetson/slash_ws/src/slash_navigation/teb_local_planner/teb_local_planner', 'symlink_install': False, 'test_result_base': None}
[1.145s] Level 5:colcon.colcon_core.verb:set package 'teleop_tools' build argument 'cmake_args' from command line to 'None'
[1.145s] Level 5:colcon.colcon_core.verb:set package 'teleop_tools' build argument 'cmake_target' from command line to 'None'
[1.145s] Level 5:colcon.colcon_core.verb:set package 'teleop_tools' build argument 'cmake_target_skip_unavailable' from command line to 'False'
[1.145s] Level 5:colcon.colcon_core.verb:set package 'teleop_tools' build argument 'cmake_clean_cache' from command line to 'False'
[1.145s] Level 5:colcon.colcon_core.verb:set package 'teleop_tools' build argument 'cmake_clean_first' from command line to 'False'
[1.145s] Level 5:colcon.colcon_core.verb:set package 'teleop_tools' build argument 'cmake_force_configure' from command line to 'False'
[1.145s] Level 5:colcon.colcon_core.verb:set package 'teleop_tools' build argument 'ament_cmake_args' from command line to 'None'
[1.145s] Level 5:colcon.colcon_core.verb:set package 'teleop_tools' build argument 'catkin_cmake_args' from command line to 'None'
[1.145s] Level 5:colcon.colcon_core.verb:set package 'teleop_tools' build argument 'catkin_skip_building_tests' from command line to 'False'
[1.145s] DEBUG:colcon.colcon_core.verb:Building package 'teleop_tools' with the following arguments: {'ament_cmake_args': None, 'build_base': '/home/jetson/slash_ws/build/teleop_tools', 'catkin_cmake_args': None, 'catkin_skip_building_tests': False, 'cmake_args': None, 'cmake_clean_cache': False, 'cmake_clean_first': False, 'cmake_force_configure': False, 'cmake_target': None, 'cmake_target_skip_unavailable': False, 'install_base': '/home/jetson/slash_ws/install/teleop_tools', 'merge_install': False, 'path': '/home/jetson/slash_ws/src/slash_hardware/f1tenth_system/teleop_tools/teleop_tools', 'symlink_install': False, 'test_result_base': None}
[1.146s] Level 5:colcon.colcon_core.verb:set package 'vesc' build argument 'cmake_args' from command line to 'None'
[1.146s] Level 5:colcon.colcon_core.verb:set package 'vesc' build argument 'cmake_target' from command line to 'None'
[1.146s] Level 5:colcon.colcon_core.verb:set package 'vesc' build argument 'cmake_target_skip_unavailable' from command line to 'False'
[1.146s] Level 5:colcon.colcon_core.verb:set package 'vesc' build argument 'cmake_clean_cache' from command line to 'False'
[1.146s] Level 5:colcon.colcon_core.verb:set package 'vesc' build argument 'cmake_clean_first' from command line to 'False'
[1.146s] Level 5:colcon.colcon_core.verb:set package 'vesc' build argument 'cmake_force_configure' from command line to 'False'
[1.146s] Level 5:colcon.colcon_core.verb:set package 'vesc' build argument 'ament_cmake_args' from command line to 'None'
[1.146s] Level 5:colcon.colcon_core.verb:set package 'vesc' build argument 'catkin_cmake_args' from command line to 'None'
[1.146s] Level 5:colcon.colcon_core.verb:set package 'vesc' build argument 'catkin_skip_building_tests' from command line to 'False'
[1.147s] DEBUG:colcon.colcon_core.verb:Building package 'vesc' with the following arguments: {'ament_cmake_args': None, 'build_base': '/home/jetson/slash_ws/build/vesc', 'catkin_cmake_args': None, 'catkin_skip_building_tests': False, 'cmake_args': None, 'cmake_clean_cache': False, 'cmake_clean_first': False, 'cmake_force_configure': False, 'cmake_target': None, 'cmake_target_skip_unavailable': False, 'install_base': '/home/jetson/slash_ws/install/vesc', 'merge_install': False, 'path': '/home/jetson/slash_ws/src/slash_hardware/f1tenth_system/vesc/vesc', 'symlink_install': False, 'test_result_base': None}
[1.147s] Level 5:colcon.colcon_core.verb:set package 'f1tenth_stack' build argument 'cmake_args' from command line to 'None'
[1.147s] Level 5:colcon.colcon_core.verb:set package 'f1tenth_stack' build argument 'cmake_target' from command line to 'None'
[1.147s] Level 5:colcon.colcon_core.verb:set package 'f1tenth_stack' build argument 'cmake_target_skip_unavailable' from command line to 'False'
[1.147s] Level 5:colcon.colcon_core.verb:set package 'f1tenth_stack' build argument 'cmake_clean_cache' from command line to 'False'
[1.147s] Level 5:colcon.colcon_core.verb:set package 'f1tenth_stack' build argument 'cmake_clean_first' from command line to 'False'
[1.147s] Level 5:colcon.colcon_core.verb:set package 'f1tenth_stack' build argument 'cmake_force_configure' from command line to 'False'
[1.147s] Level 5:colcon.colcon_core.verb:set package 'f1tenth_stack' build argument 'ament_cmake_args' from command line to 'None'
[1.147s] Level 5:colcon.colcon_core.verb:set package 'f1tenth_stack' build argument 'catkin_cmake_args' from command line to 'None'
[1.147s] Level 5:colcon.colcon_core.verb:set package 'f1tenth_stack' build argument 'catkin_skip_building_tests' from command line to 'False'
[1.148s] DEBUG:colcon.colcon_core.verb:Building package 'f1tenth_stack' with the following arguments: {'ament_cmake_args': None, 'build_base': '/home/jetson/slash_ws/build/f1tenth_stack', 'catkin_cmake_args': None, 'catkin_skip_building_tests': False, 'cmake_args': None, 'cmake_clean_cache': False, 'cmake_clean_first': False, 'cmake_force_configure': False, 'cmake_target': None, 'cmake_target_skip_unavailable': False, 'install_base': '/home/jetson/slash_ws/install/f1tenth_stack', 'merge_install': False, 'path': '/home/jetson/slash_ws/src/slash_hardware/f1tenth_system/f1tenth_stack', 'symlink_install': False, 'test_result_base': None}
[1.148s] INFO:colcon.colcon_core.executor:Executing jobs using 'parallel' executor
[1.151s] DEBUG:colcon.colcon_parallel_executor.executor.parallel:run_until_complete
[1.152s] INFO:colcon.colcon_ros.task.ament_cmake.build:Building ROS package in '/home/jetson/slash_ws/src/slash_hardware/f1tenth_system/vesc/vesc_msgs' with build type 'ament_cmake'
[1.152s] INFO:colcon.colcon_cmake.task.cmake.build:Building CMake package in '/home/jetson/slash_ws/src/slash_hardware/f1tenth_system/vesc/vesc_msgs'
[1.159s] INFO:colcon.colcon_core.plugin_system:Skipping extension 'colcon_core.shell.bat': Not used on non-Windows systems
[1.159s] INFO:colcon.colcon_core.shell:Skip shell extension 'powershell' for command environment: Not usable outside of PowerShell
[1.160s] DEBUG:colcon.colcon_core.shell:Skip shell extension 'dsv' for command environment
[1.177s] INFO:colcon.colcon_ros.task.ament_cmake.build:Building ROS package in '/home/jetson/slash_ws/src/slash_navigation/costmap_converter/costmap_converter_msgs' with build type 'ament_cmake'
[1.178s] INFO:colcon.colcon_cmake.task.cmake.build:Building CMake package in '/home/jetson/slash_ws/src/slash_navigation/costmap_converter/costmap_converter_msgs'
[1.180s] INFO:colcon.colcon_core.shell:Skip shell extension 'powershell' for command environment: Not usable outside of PowerShell
[1.180s] DEBUG:colcon.colcon_core.shell:Skip shell extension 'dsv' for command environment
[1.198s] INFO:colcon.colcon_ros.task.ament_cmake.build:Building ROS package in '/home/jetson/slash_ws/src/slash_hardware/f1tenth_system/teleop_tools/teleop_tools_msgs' with build type 'ament_cmake'
[1.199s] INFO:colcon.colcon_cmake.task.cmake.build:Building CMake package in '/home/jetson/slash_ws/src/slash_hardware/f1tenth_system/teleop_tools/teleop_tools_msgs'
[1.200s] INFO:colcon.colcon_core.shell:Skip shell extension 'powershell' for command environment: Not usable outside of PowerShell
[1.201s] DEBUG:colcon.colcon_core.shell:Skip shell extension 'dsv' for command environment
[1.218s] INFO:colcon.colcon_ros.task.ament_cmake.build:Building ROS package in '/home/jetson/slash_ws/src/slash_hardware/f1tenth_system/ackermann_mux' with build type 'ament_cmake'
[1.220s] INFO:colcon.colcon_cmake.task.cmake.build:Building CMake package in '/home/jetson/slash_ws/src/slash_hardware/f1tenth_system/ackermann_mux'
[1.221s] INFO:colcon.colcon_core.shell:Skip shell extension 'powershell' for command environment: Not usable outside of PowerShell
[1.221s] DEBUG:colcon.colcon_core.shell:Skip shell extension 'dsv' for command environment
[1.238s] INFO:colcon.colcon_ros.task.ament_python.build:Building ROS package in '/home/jetson/slash_ws/src/slash_hardware/f1tenth_system/teleop_tools/key_teleop' with build type 'ament_python'
[1.239s] Level 1:colcon.colcon_core.shell:create_environment_hook('key_teleop', 'ament_prefix_path')
[1.240s] INFO:colcon.colcon_core.shell:Creating environment hook '/home/jetson/slash_ws/install/key_teleop/share/key_teleop/hook/ament_prefix_path.ps1'
[1.245s] INFO:colcon.colcon_core.shell:Creating environment descriptor '/home/jetson/slash_ws/install/key_teleop/share/key_teleop/hook/ament_prefix_path.dsv'
[1.246s] INFO:colcon.colcon_core.shell:Creating environment hook '/home/jetson/slash_ws/install/key_teleop/share/key_teleop/hook/ament_prefix_path.sh'
[1.248s] INFO:colcon.colcon_core.shell:Skip shell extension 'powershell' for command environment: Not usable outside of PowerShell
[1.248s] DEBUG:colcon.colcon_core.shell:Skip shell extension 'dsv' for command environment
[1.270s] INFO:colcon.colcon_ros.task.ament_cmake.build:Building ROS package in '/home/jetson/slash_ws/src/slash_perception/linefit_ground_segementation_ros2/linefit_ground_segmentation' with build type 'ament_cmake'
[1.272s] INFO:colcon.colcon_cmake.task.cmake.build:Building CMake package in '/home/jetson/slash_ws/src/slash_perception/linefit_ground_segementation_ros2/linefit_ground_segmentation'
[1.274s] INFO:colcon.colcon_core.shell:Skip shell extension 'powershell' for command environment: Not usable outside of PowerShell
[1.274s] DEBUG:colcon.colcon_core.shell:Skip shell extension 'dsv' for command environment
[1.291s] INFO:colcon.colcon_ros.task.ament_cmake.build:Building ROS package in '/home/jetson/slash_ws/src/slash_hardware/livox_ros_driver2/src' with build type 'ament_cmake'
[1.292s] INFO:colcon.colcon_cmake.task.cmake.build:Building CMake package in '/home/jetson/slash_ws/src/slash_hardware/livox_ros_driver2/src'
[1.293s] INFO:colcon.colcon_core.shell:Skip shell extension 'powershell' for command environment: Not usable outside of PowerShell
[1.293s] DEBUG:colcon.colcon_core.shell:Skip shell extension 'dsv' for command environment
[1.312s] INFO:colcon.colcon_ros.task.ament_python.build:Building ROS package in '/home/jetson/slash_ws/src/slash_hardware/f1tenth_system/teleop_tools/mouse_teleop' with build type 'ament_python'
[1.313s] Level 1:colcon.colcon_core.shell:create_environment_hook('mouse_teleop', 'ament_prefix_path')
[1.314s] INFO:colcon.colcon_core.shell:Creating environment hook '/home/jetson/slash_ws/install/mouse_teleop/share/mouse_teleop/hook/ament_prefix_path.ps1'
[1.316s] INFO:colcon.colcon_core.shell:Creating environment descriptor '/home/jetson/slash_ws/install/mouse_teleop/share/mouse_teleop/hook/ament_prefix_path.dsv'
[1.316s] INFO:colcon.colcon_core.shell:Creating environment hook '/home/jetson/slash_ws/install/mouse_teleop/share/mouse_teleop/hook/ament_prefix_path.sh'
[1.318s] INFO:colcon.colcon_core.shell:Skip shell extension 'powershell' for command environment: Not usable outside of PowerShell
[1.318s] DEBUG:colcon.colcon_core.shell:Skip shell extension 'dsv' for command environment
[1.348s] DEBUG:colcon.colcon_core.event_handler.log_command:Invoking command in '/home/jetson/slash_ws/build/vesc_msgs': CMAKE_PREFIX_PATH=${CMAKE_PREFIX_PATH}:/home/jetson/slash_ws/install/f1tenth_stack:/home/jetson/slash_ws/install/twist_to_ackermann:/home/jetson/slash_ws/install/joy_teleop:/home/jetson/slash_ws/install/roboracer_china_2025:/home/jetson/slash_ws/install/mouse_teleop:/home/jetson/slash_ws/install/key_teleop:/opt/ros/foxy /usr/bin/cmake --build /home/jetson/slash_ws/build/vesc_msgs -- -j8 -l8
[1.373s] DEBUG:colcon.colcon_core.event_handler.log_command:Invoking command in '/home/jetson/slash_ws/build/costmap_converter_msgs': CMAKE_PREFIX_PATH=${CMAKE_PREFIX_PATH}:/home/jetson/slash_ws/install/f1tenth_stack:/home/jetson/slash_ws/install/twist_to_ackermann:/home/jetson/slash_ws/install/joy_teleop:/home/jetson/slash_ws/install/roboracer_china_2025:/home/jetson/slash_ws/install/mouse_teleop:/home/jetson/slash_ws/install/key_teleop:/opt/ros/foxy /usr/bin/cmake --build /home/jetson/slash_ws/build/costmap_converter_msgs -- -j8 -l8
[1.388s] DEBUG:colcon.colcon_core.event_handler.log_command:Invoking command in '/home/jetson/slash_ws/build/teleop_tools_msgs': CMAKE_PREFIX_PATH=${CMAKE_PREFIX_PATH}:/home/jetson/slash_ws/install/f1tenth_stack:/home/jetson/slash_ws/install/twist_to_ackermann:/home/jetson/slash_ws/install/joy_teleop:/home/jetson/slash_ws/install/roboracer_china_2025:/home/jetson/slash_ws/install/mouse_teleop:/home/jetson/slash_ws/install/key_teleop:/opt/ros/foxy /usr/bin/cmake --build /home/jetson/slash_ws/build/teleop_tools_msgs -- -j8 -l8
[1.403s] DEBUG:colcon.colcon_core.event_handler.log_command:Invoking command in '/home/jetson/slash_ws/build/ackermann_mux': CMAKE_PREFIX_PATH=${CMAKE_PREFIX_PATH}:/home/jetson/slash_ws/install/f1tenth_stack:/home/jetson/slash_ws/install/twist_to_ackermann:/home/jetson/slash_ws/install/joy_teleop:/home/jetson/slash_ws/install/roboracer_china_2025:/home/jetson/slash_ws/install/mouse_teleop:/home/jetson/slash_ws/install/key_teleop:/opt/ros/foxy /usr/bin/cmake --build /home/jetson/slash_ws/build/ackermann_mux -- -j8 -l8
[2.414s] INFO:colcon.colcon_core.task.python.build:Building Python package in '/home/jetson/slash_ws/src/slash_hardware/f1tenth_system/teleop_tools/key_teleop'
[2.415s] INFO:colcon.colcon_core.shell:Skip shell extension 'powershell' for command environment: Not usable outside of PowerShell
[2.416s] DEBUG:colcon.colcon_core.shell:Skip shell extension 'dsv' for command environment
[2.444s] DEBUG:colcon.colcon_core.event_handler.log_command:Invoking command in '/home/jetson/slash_ws/build/linefit_ground_segmentation': CMAKE_PREFIX_PATH=${CMAKE_PREFIX_PATH}:/home/jetson/slash_ws/install/f1tenth_stack:/home/jetson/slash_ws/install/twist_to_ackermann:/home/jetson/slash_ws/install/joy_teleop:/home/jetson/slash_ws/install/roboracer_china_2025:/home/jetson/slash_ws/install/mouse_teleop:/home/jetson/slash_ws/install/key_teleop:/opt/ros/foxy /usr/bin/cmake --build /home/jetson/slash_ws/build/linefit_ground_segmentation -- -j8 -l8
[2.459s] DEBUG:colcon.colcon_core.event_handler.log_command:Invoking command in '/home/jetson/slash_ws/build/livox_ros_driver2': CMAKE_PREFIX_PATH=${CMAKE_PREFIX_PATH}:/home/jetson/slash_ws/install/f1tenth_stack:/home/jetson/slash_ws/install/twist_to_ackermann:/home/jetson/slash_ws/install/joy_teleop:/home/jetson/slash_ws/install/roboracer_china_2025:/home/jetson/slash_ws/install/mouse_teleop:/home/jetson/slash_ws/install/key_teleop:/opt/ros/foxy /usr/bin/cmake --build /home/jetson/slash_ws/build/livox_ros_driver2 -- -j8 -l8
[3.254s] INFO:colcon.colcon_core.task.python.build:Building Python package in '/home/jetson/slash_ws/src/slash_hardware/f1tenth_system/teleop_tools/mouse_teleop'
[3.255s] INFO:colcon.colcon_core.shell:Skip shell extension 'powershell' for command environment: Not usable outside of PowerShell
[3.255s] DEBUG:colcon.colcon_core.shell:Skip shell extension 'dsv' for command environment
[3.278s] DEBUG:colcon.colcon_core.event_handler.log_command:Invoked command in '/home/jetson/slash_ws/build/costmap_converter_msgs' returned '0': CMAKE_PREFIX_PATH=${CMAKE_PREFIX_PATH}:/home/jetson/slash_ws/install/f1tenth_stack:/home/jetson/slash_ws/install/twist_to_ackermann:/home/jetson/slash_ws/install/joy_teleop:/home/jetson/slash_ws/install/roboracer_china_2025:/home/jetson/slash_ws/install/mouse_teleop:/home/jetson/slash_ws/install/key_teleop:/opt/ros/foxy /usr/bin/cmake --build /home/jetson/slash_ws/build/costmap_converter_msgs -- -j8 -l8
[3.316s] DEBUG:colcon.colcon_core.event_handler.log_command:Invoking command in '/home/jetson/slash_ws/build/costmap_converter_msgs': CMAKE_PREFIX_PATH=${CMAKE_PREFIX_PATH}:/home/jetson/slash_ws/install/f1tenth_stack:/home/jetson/slash_ws/install/twist_to_ackermann:/home/jetson/slash_ws/install/joy_teleop:/home/jetson/slash_ws/install/roboracer_china_2025:/home/jetson/slash_ws/install/mouse_teleop:/home/jetson/slash_ws/install/key_teleop:/opt/ros/foxy /usr/bin/cmake --install /home/jetson/slash_ws/build/costmap_converter_msgs
[3.321s] DEBUG:colcon.colcon_core.event_handler.log_command:Invoked command in '/home/jetson/slash_ws/build/vesc_msgs' returned '0': CMAKE_PREFIX_PATH=${CMAKE_PREFIX_PATH}:/home/jetson/slash_ws/install/f1tenth_stack:/home/jetson/slash_ws/install/twist_to_ackermann:/home/jetson/slash_ws/install/joy_teleop:/home/jetson/slash_ws/install/roboracer_china_2025:/home/jetson/slash_ws/install/mouse_teleop:/home/jetson/slash_ws/install/key_teleop:/opt/ros/foxy /usr/bin/cmake --build /home/jetson/slash_ws/build/vesc_msgs -- -j8 -l8
[3.328s] DEBUG:colcon.colcon_core.event_handler.log_command:Invoking command in '/home/jetson/slash_ws/build/vesc_msgs': CMAKE_PREFIX_PATH=${CMAKE_PREFIX_PATH}:/home/jetson/slash_ws/install/f1tenth_stack:/home/jetson/slash_ws/install/twist_to_ackermann:/home/jetson/slash_ws/install/joy_teleop:/home/jetson/slash_ws/install/roboracer_china_2025:/home/jetson/slash_ws/install/mouse_teleop:/home/jetson/slash_ws/install/key_teleop:/opt/ros/foxy /usr/bin/cmake --install /home/jetson/slash_ws/build/vesc_msgs
[3.333s] DEBUG:colcon.colcon_core.event_handler.log_command:Invoked command in '/home/jetson/slash_ws/build/teleop_tools_msgs' returned '0': CMAKE_PREFIX_PATH=${CMAKE_PREFIX_PATH}:/home/jetson/slash_ws/install/f1tenth_stack:/home/jetson/slash_ws/install/twist_to_ackermann:/home/jetson/slash_ws/install/joy_teleop:/home/jetson/slash_ws/install/roboracer_china_2025:/home/jetson/slash_ws/install/mouse_teleop:/home/jetson/slash_ws/install/key_teleop:/opt/ros/foxy /usr/bin/cmake --build /home/jetson/slash_ws/build/teleop_tools_msgs -- -j8 -l8
[3.342s] DEBUG:colcon.colcon_core.event_handler.log_command:Invoking command in '/home/jetson/slash_ws/build/teleop_tools_msgs': CMAKE_PREFIX_PATH=${CMAKE_PREFIX_PATH}:/home/jetson/slash_ws/install/f1tenth_stack:/home/jetson/slash_ws/install/twist_to_ackermann:/home/jetson/slash_ws/install/joy_teleop:/home/jetson/slash_ws/install/roboracer_china_2025:/home/jetson/slash_ws/install/mouse_teleop:/home/jetson/slash_ws/install/key_teleop:/opt/ros/foxy /usr/bin/cmake --install /home/jetson/slash_ws/build/teleop_tools_msgs
[3.348s] DEBUG:colcon.colcon_core.event_handler.log_command:Invoked command in '/home/jetson/slash_ws/build/ackermann_mux' returned '0': CMAKE_PREFIX_PATH=${CMAKE_PREFIX_PATH}:/home/jetson/slash_ws/install/f1tenth_stack:/home/jetson/slash_ws/install/twist_to_ackermann:/home/jetson/slash_ws/install/joy_teleop:/home/jetson/slash_ws/install/roboracer_china_2025:/home/jetson/slash_ws/install/mouse_teleop:/home/jetson/slash_ws/install/key_teleop:/opt/ros/foxy /usr/bin/cmake --build /home/jetson/slash_ws/build/ackermann_mux -- -j8 -l8
[3.357s] DEBUG:colcon.colcon_core.event_handler.log_command:Invoking command in '/home/jetson/slash_ws/build/ackermann_mux': CMAKE_PREFIX_PATH=${CMAKE_PREFIX_PATH}:/home/jetson/slash_ws/install/f1tenth_stack:/home/jetson/slash_ws/install/twist_to_ackermann:/home/jetson/slash_ws/install/joy_teleop:/home/jetson/slash_ws/install/roboracer_china_2025:/home/jetson/slash_ws/install/mouse_teleop:/home/jetson/slash_ws/install/key_teleop:/opt/ros/foxy /usr/bin/cmake --install /home/jetson/slash_ws/build/ackermann_mux
[3.404s] DEBUG:colcon.colcon_core.event_handler.log_command:Invoked command in '/home/jetson/slash_ws/build/linefit_ground_segmentation' returned '0': CMAKE_PREFIX_PATH=${CMAKE_PREFIX_PATH}:/home/jetson/slash_ws/install/f1tenth_stack:/home/jetson/slash_ws/install/twist_to_ackermann:/home/jetson/slash_ws/install/joy_teleop:/home/jetson/slash_ws/install/roboracer_china_2025:/home/jetson/slash_ws/install/mouse_teleop:/home/jetson/slash_ws/install/key_teleop:/opt/ros/foxy /usr/bin/cmake --build /home/jetson/slash_ws/build/linefit_ground_segmentation -- -j8 -l8
[3.466s] DEBUG:colcon.colcon_core.event_handler.log_command:Invoking command in '/home/jetson/slash_ws/build/linefit_ground_segmentation': CMAKE_PREFIX_PATH=${CMAKE_PREFIX_PATH}:/home/jetson/slash_ws/install/f1tenth_stack:/home/jetson/slash_ws/install/twist_to_ackermann:/home/jetson/slash_ws/install/joy_teleop:/home/jetson/slash_ws/install/roboracer_china_2025:/home/jetson/slash_ws/install/mouse_teleop:/home/jetson/slash_ws/install/key_teleop:/opt/ros/foxy /usr/bin/cmake --install /home/jetson/slash_ws/build/linefit_ground_segmentation
[3.471s] DEBUG:colcon.colcon_core.event_handler.log_command:Invoked command in '/home/jetson/slash_ws/build/livox_ros_driver2' returned '0': CMAKE_PREFIX_PATH=${CMAKE_PREFIX_PATH}:/home/jetson/slash_ws/install/f1tenth_stack:/home/jetson/slash_ws/install/twist_to_ackermann:/home/jetson/slash_ws/install/joy_teleop:/home/jetson/slash_ws/install/roboracer_china_2025:/home/jetson/slash_ws/install/mouse_teleop:/home/jetson/slash_ws/install/key_teleop:/opt/ros/foxy /usr/bin/cmake --build /home/jetson/slash_ws/build/livox_ros_driver2 -- -j8 -l8
[3.472s] DEBUG:colcon.colcon_core.event_handler.log_command:Invoking command in '/home/jetson/slash_ws/build/livox_ros_driver2': CMAKE_PREFIX_PATH=${CMAKE_PREFIX_PATH}:/home/jetson/slash_ws/install/f1tenth_stack:/home/jetson/slash_ws/install/twist_to_ackermann:/home/jetson/slash_ws/install/joy_teleop:/home/jetson/slash_ws/install/roboracer_china_2025:/home/jetson/slash_ws/install/mouse_teleop:/home/jetson/slash_ws/install/key_teleop:/opt/ros/foxy /usr/bin/cmake --install /home/jetson/slash_ws/build/livox_ros_driver2
[3.511s] Level 1:colcon.colcon_core.environment:create_environment_scripts_only(ackermann_mux)
[3.546s] Level 1:colcon.colcon_core.environment:checking '/home/jetson/slash_ws/install/ackermann_mux' for CMake module files
[3.551s] Level 1:colcon.colcon_core.environment:checking '/home/jetson/slash_ws/install/ackermann_mux' for CMake config files
[3.553s] Level 1:colcon.colcon_core.shell:create_environment_hook('ackermann_mux', 'cmake_prefix_path')
[3.555s] INFO:colcon.colcon_core.shell:Creating environment hook '/home/jetson/slash_ws/install/ackermann_mux/share/ackermann_mux/hook/cmake_prefix_path.ps1'
[3.559s] INFO:colcon.colcon_core.shell:Creating environment descriptor '/home/jetson/slash_ws/install/ackermann_mux/share/ackermann_mux/hook/cmake_prefix_path.dsv'
[3.571s] INFO:colcon.colcon_core.shell:Creating environment hook '/home/jetson/slash_ws/install/ackermann_mux/share/ackermann_mux/hook/cmake_prefix_path.sh'
[3.580s] Level 1:colcon.colcon_core.environment:checking '/home/jetson/slash_ws/install/ackermann_mux/lib'
[3.581s] Level 1:colcon.colcon_core.environment:checking '/home/jetson/slash_ws/install/ackermann_mux/bin'
[3.582s] Level 1:colcon.colcon_core.environment:checking '/home/jetson/slash_ws/install/ackermann_mux/lib/pkgconfig/ackermann_mux.pc'
[3.584s] Level 1:colcon.colcon_core.environment:checking '/home/jetson/slash_ws/install/ackermann_mux/lib/python3.8/site-packages'
[3.584s] Level 1:colcon.colcon_core.environment:checking '/home/jetson/slash_ws/install/ackermann_mux/bin'
[3.591s] INFO:colcon.colcon_core.shell:Creating package script '/home/jetson/slash_ws/install/ackermann_mux/share/ackermann_mux/package.ps1'
[3.600s] INFO:colcon.colcon_core.shell:Creating package descriptor '/home/jetson/slash_ws/install/ackermann_mux/share/ackermann_mux/package.dsv'
[3.605s] INFO:colcon.colcon_core.shell:Creating package script '/home/jetson/slash_ws/install/ackermann_mux/share/ackermann_mux/package.sh'
[3.610s] INFO:colcon.colcon_core.shell:Creating package script '/home/jetson/slash_ws/install/ackermann_mux/share/ackermann_mux/package.bash'
[3.612s] DEBUG:colcon.colcon_core.event_handler.log_command:Invoked command in '/home/jetson/slash_ws/build/ackermann_mux' returned '0': CMAKE_PREFIX_PATH=${CMAKE_PREFIX_PATH}:/home/jetson/slash_ws/install/f1tenth_stack:/home/jetson/slash_ws/install/twist_to_ackermann:/home/jetson/slash_ws/install/joy_teleop:/home/jetson/slash_ws/install/roboracer_china_2025:/home/jetson/slash_ws/install/mouse_teleop:/home/jetson/slash_ws/install/key_teleop:/opt/ros/foxy /usr/bin/cmake --install /home/jetson/slash_ws/build/ackermann_mux
[3.622s] INFO:colcon.colcon_core.shell:Creating package script '/home/jetson/slash_ws/install/ackermann_mux/share/ackermann_mux/package.zsh'
[3.625s] Level 1:colcon.colcon_core.environment:create_file_with_runtime_dependencies(/home/jetson/slash_ws/install/ackermann_mux/share/colcon-core/packages/ackermann_mux)
[3.628s] Level 1:colcon.colcon_core.environment:create_environment_scripts_only(ackermann_mux)
[3.630s] Level 1:colcon.colcon_core.environment:checking '/home/jetson/slash_ws/install/ackermann_mux' for CMake module files
[3.635s] Level 1:colcon.colcon_core.environment:checking '/home/jetson/slash_ws/install/ackermann_mux' for CMake config files
[3.636s] Level 1:colcon.colcon_core.shell:create_environment_hook('ackermann_mux', 'cmake_prefix_path')
[3.636s] INFO:colcon.colcon_core.shell:Creating environment hook '/home/jetson/slash_ws/install/ackermann_mux/share/ackermann_mux/hook/cmake_prefix_path.ps1'
[3.638s] INFO:colcon.colcon_core.shell:Creating environment descriptor '/home/jetson/slash_ws/install/ackermann_mux/share/ackermann_mux/hook/cmake_prefix_path.dsv'
[3.639s] INFO:colcon.colcon_core.shell:Creating environment hook '/home/jetson/slash_ws/install/ackermann_mux/share/ackermann_mux/hook/cmake_prefix_path.sh'
[3.641s] Level 1:colcon.colcon_core.environment:checking '/home/jetson/slash_ws/install/ackermann_mux/lib'
[3.641s] Level 1:colcon.colcon_core.environment:checking '/home/jetson/slash_ws/install/ackermann_mux/bin'
[3.641s] Level 1:colcon.colcon_core.environment:checking '/home/jetson/slash_ws/install/ackermann_mux/lib/pkgconfig/ackermann_mux.pc'
[3.642s] Level 1:colcon.colcon_core.environment:checking '/home/jetson/slash_ws/install/ackermann_mux/lib/python3.8/site-packages'
[3.642s] Level 1:colcon.colcon_core.environment:checking '/home/jetson/slash_ws/install/ackermann_mux/bin'
[3.646s] INFO:colcon.colcon_core.shell:Creating package script '/home/jetson/slash_ws/install/ackermann_mux/share/ackermann_mux/package.ps1'
[3.648s] INFO:colcon.colcon_core.shell:Creating package descriptor '/home/jetson/slash_ws/install/ackermann_mux/share/ackermann_mux/package.dsv'
[3.649s] INFO:colcon.colcon_core.shell:Creating package script '/home/jetson/slash_ws/install/ackermann_mux/share/ackermann_mux/package.sh'
[3.651s] INFO:colcon.colcon_core.shell:Creating package script '/home/jetson/slash_ws/install/ackermann_mux/share/ackermann_mux/package.bash'
[3.652s] INFO:colcon.colcon_core.shell:Creating package script '/home/jetson/slash_ws/install/ackermann_mux/share/ackermann_mux/package.zsh'
[3.653s] Level 1:colcon.colcon_core.environment:create_file_with_runtime_dependencies(/home/jetson/slash_ws/install/ackermann_mux/share/colcon-core/packages/ackermann_mux)
[3.657s] Level 1:colcon.colcon_core.environment:create_environment_scripts_only(costmap_converter_msgs)
[3.659s] DEBUG:colcon.colcon_core.event_handler.log_command:Invoked command in '/home/jetson/slash_ws/build/costmap_converter_msgs' returned '0': CMAKE_PREFIX_PATH=${CMAKE_PREFIX_PATH}:/home/jetson/slash_ws/install/f1tenth_stack:/home/jetson/slash_ws/install/twist_to_ackermann:/home/jetson/slash_ws/install/joy_teleop:/home/jetson/slash_ws/install/roboracer_china_2025:/home/jetson/slash_ws/install/mouse_teleop:/home/jetson/slash_ws/install/key_teleop:/opt/ros/foxy /usr/bin/cmake --install /home/jetson/slash_ws/build/costmap_converter_msgs
[3.660s] Level 1:colcon.colcon_core.environment:checking '/home/jetson/slash_ws/install/costmap_converter_msgs' for CMake module files
[3.661s] Level 1:colcon.colcon_core.environment:checking '/home/jetson/slash_ws/install/costmap_converter_msgs' for CMake config files
[3.662s] Level 1:colcon.colcon_core.shell:create_environment_hook('costmap_converter_msgs', 'cmake_prefix_path')
[3.663s] INFO:colcon.colcon_core.shell:Creating environment hook '/home/jetson/slash_ws/install/costmap_converter_msgs/share/costmap_converter_msgs/hook/cmake_prefix_path.ps1'
[3.664s] INFO:colcon.colcon_core.shell:Creating environment descriptor '/home/jetson/slash_ws/install/costmap_converter_msgs/share/costmap_converter_msgs/hook/cmake_prefix_path.dsv'
[3.665s] INFO:colcon.colcon_core.shell:Creating environment hook '/home/jetson/slash_ws/install/costmap_converter_msgs/share/costmap_converter_msgs/hook/cmake_prefix_path.sh'
[3.666s] Level 1:colcon.colcon_core.environment:checking '/home/jetson/slash_ws/install/costmap_converter_msgs/lib'
[3.667s] Level 1:colcon.colcon_core.shell:create_environment_hook('costmap_converter_msgs', 'ld_library_path_lib')
[3.667s] INFO:colcon.colcon_core.shell:Creating environment hook '/home/jetson/slash_ws/install/costmap_converter_msgs/share/costmap_converter_msgs/hook/ld_library_path_lib.ps1'
[3.668s] INFO:colcon.colcon_core.shell:Creating environment descriptor '/home/jetson/slash_ws/install/costmap_converter_msgs/share/costmap_converter_msgs/hook/ld_library_path_lib.dsv'
[3.669s] INFO:colcon.colcon_core.shell:Creating environment hook '/home/jetson/slash_ws/install/costmap_converter_msgs/share/costmap_converter_msgs/hook/ld_library_path_lib.sh'
[3.670s] Level 1:colcon.colcon_core.environment:checking '/home/jetson/slash_ws/install/costmap_converter_msgs/bin'
[3.671s] Level 1:colcon.colcon_core.environment:checking '/home/jetson/slash_ws/install/costmap_converter_msgs/lib/pkgconfig/costmap_converter_msgs.pc'
[3.671s] Level 1:colcon.colcon_core.environment:checking '/home/jetson/slash_ws/install/costmap_converter_msgs/lib/python3.8/site-packages'
[3.671s] Level 1:colcon.colcon_core.shell:create_environment_hook('costmap_converter_msgs', 'pythonpath')
[3.672s] INFO:colcon.colcon_core.shell:Creating environment hook '/home/jetson/slash_ws/install/costmap_converter_msgs/share/costmap_converter_msgs/hook/pythonpath.ps1'
[3.673s] INFO:colcon.colcon_core.shell:Creating environment descriptor '/home/jetson/slash_ws/install/costmap_converter_msgs/share/costmap_converter_msgs/hook/pythonpath.dsv'
[3.673s] INFO:colcon.colcon_core.shell:Creating environment hook '/home/jetson/slash_ws/install/costmap_converter_msgs/share/costmap_converter_msgs/hook/pythonpath.sh'
[3.675s] Level 1:colcon.colcon_core.environment:checking '/home/jetson/slash_ws/install/costmap_converter_msgs/bin'
[3.675s] INFO:colcon.colcon_core.shell:Creating package script '/home/jetson/slash_ws/install/costmap_converter_msgs/share/costmap_converter_msgs/package.ps1'
[3.678s] INFO:colcon.colcon_core.shell:Creating package descriptor '/home/jetson/slash_ws/install/costmap_converter_msgs/share/costmap_converter_msgs/package.dsv'
[3.679s] INFO:colcon.colcon_core.shell:Creating package script '/home/jetson/slash_ws/install/costmap_converter_msgs/share/costmap_converter_msgs/package.sh'
[3.680s] INFO:colcon.colcon_core.shell:Creating package script '/home/jetson/slash_ws/install/costmap_converter_msgs/share/costmap_converter_msgs/package.bash'
[3.680s] INFO:colcon.colcon_core.shell:Creating package script '/home/jetson/slash_ws/install/costmap_converter_msgs/share/costmap_converter_msgs/package.zsh'
[3.681s] Level 1:colcon.colcon_core.environment:create_file_with_runtime_dependencies(/home/jetson/slash_ws/install/costmap_converter_msgs/share/colcon-core/packages/costmap_converter_msgs)
[3.683s] Level 1:colcon.colcon_core.environment:create_environment_scripts_only(costmap_converter_msgs)
[3.683s] Level 1:colcon.colcon_core.environment:checking '/home/jetson/slash_ws/install/costmap_converter_msgs' for CMake module files
[3.684s] Level 1:colcon.colcon_core.environment:checking '/home/jetson/slash_ws/install/costmap_converter_msgs' for CMake config files
[3.685s] Level 1:colcon.colcon_core.shell:create_environment_hook('costmap_converter_msgs', 'cmake_prefix_path')
[3.685s] INFO:colcon.colcon_core.shell:Creating environment hook '/home/jetson/slash_ws/install/costmap_converter_msgs/share/costmap_converter_msgs/hook/cmake_prefix_path.ps1'
[3.687s] INFO:colcon.colcon_core.shell:Creating environment descriptor '/home/jetson/slash_ws/install/costmap_converter_msgs/share/costmap_converter_msgs/hook/cmake_prefix_path.dsv'
[3.687s] INFO:colcon.colcon_core.shell:Creating environment hook '/home/jetson/slash_ws/install/costmap_converter_msgs/share/costmap_converter_msgs/hook/cmake_prefix_path.sh'
[3.688s] Level 1:colcon.colcon_core.environment:checking '/home/jetson/slash_ws/install/costmap_converter_msgs/lib'
[3.689s] Level 1:colcon.colcon_core.shell:create_environment_hook('costmap_converter_msgs', 'ld_library_path_lib')
[3.690s] INFO:colcon.colcon_core.shell:Creating environment hook '/home/jetson/slash_ws/install/costmap_converter_msgs/share/costmap_converter_msgs/hook/ld_library_path_lib.ps1'
[3.692s] INFO:colcon.colcon_core.shell:Creating environment descriptor '/home/jetson/slash_ws/install/costmap_converter_msgs/share/costmap_converter_msgs/hook/ld_library_path_lib.dsv'
[3.693s] INFO:colcon.colcon_core.shell:Creating environment hook '/home/jetson/slash_ws/install/costmap_converter_msgs/share/costmap_converter_msgs/hook/ld_library_path_lib.sh'
[3.694s] Level 1:colcon.colcon_core.environment:checking '/home/jetson/slash_ws/install/costmap_converter_msgs/bin'
[3.694s] Level 1:colcon.colcon_core.environment:checking '/home/jetson/slash_ws/install/costmap_converter_msgs/lib/pkgconfig/costmap_converter_msgs.pc'
[3.694s] Level 1:colcon.colcon_core.environment:checking '/home/jetson/slash_ws/install/costmap_converter_msgs/lib/python3.8/site-packages'
[3.695s] Level 1:colcon.colcon_core.shell:create_environment_hook('costmap_converter_msgs', 'pythonpath')
[3.695s] INFO:colcon.colcon_core.shell:Creating environment hook '/home/jetson/slash_ws/install/costmap_converter_msgs/share/costmap_converter_msgs/hook/pythonpath.ps1'
[3.696s] INFO:colcon.colcon_core.shell:Creating environment descriptor '/home/jetson/slash_ws/install/costmap_converter_msgs/share/costmap_converter_msgs/hook/pythonpath.dsv'
[3.697s] INFO:colcon.colcon_core.shell:Creating environment hook '/home/jetson/slash_ws/install/costmap_converter_msgs/share/costmap_converter_msgs/hook/pythonpath.sh'
[3.699s] Level 1:colcon.colcon_core.environment:checking '/home/jetson/slash_ws/install/costmap_converter_msgs/bin'
[3.700s] INFO:colcon.colcon_core.shell:Creating package script '/home/jetson/slash_ws/install/costmap_converter_msgs/share/costmap_converter_msgs/package.ps1'
[3.702s] INFO:colcon.colcon_core.shell:Creating package descriptor '/home/jetson/slash_ws/install/costmap_converter_msgs/share/costmap_converter_msgs/package.dsv'
[3.703s] INFO:colcon.colcon_core.shell:Creating package script '/home/jetson/slash_ws/install/costmap_converter_msgs/share/costmap_converter_msgs/package.sh'
[3.704s] INFO:colcon.colcon_core.shell:Creating package script '/home/jetson/slash_ws/install/costmap_converter_msgs/share/costmap_converter_msgs/package.bash'
[3.705s] INFO:colcon.colcon_core.shell:Creating package script '/home/jetson/slash_ws/install/costmap_converter_msgs/share/costmap_converter_msgs/package.zsh'
[3.706s] Level 1:colcon.colcon_core.environment:create_file_with_runtime_dependencies(/home/jetson/slash_ws/install/costmap_converter_msgs/share/colcon-core/packages/costmap_converter_msgs)
[3.707s] Level 1:colcon.colcon_core.environment:create_environment_scripts_only(linefit_ground_segmentation)
[3.710s] DEBUG:colcon.colcon_core.event_handler.log_command:Invoked command in '/home/jetson/slash_ws/build/linefit_ground_segmentation' returned '0': CMAKE_PREFIX_PATH=${CMAKE_PREFIX_PATH}:/home/jetson/slash_ws/install/f1tenth_stack:/home/jetson/slash_ws/install/twist_to_ackermann:/home/jetson/slash_ws/install/joy_teleop:/home/jetson/slash_ws/install/roboracer_china_2025:/home/jetson/slash_ws/install/mouse_teleop:/home/jetson/slash_ws/install/key_teleop:/opt/ros/foxy /usr/bin/cmake --install /home/jetson/slash_ws/build/linefit_ground_segmentation
[3.711s] Level 1:colcon.colcon_core.environment:checking '/home/jetson/slash_ws/install/linefit_ground_segmentation' for CMake module files
[3.712s] Level 1:colcon.colcon_core.environment:checking '/home/jetson/slash_ws/install/linefit_ground_segmentation' for CMake config files
[3.713s] Level 1:colcon.colcon_core.shell:create_environment_hook('linefit_ground_segmentation', 'cmake_prefix_path')
[3.713s] INFO:colcon.colcon_core.shell:Creating environment hook '/home/jetson/slash_ws/install/linefit_ground_segmentation/share/linefit_ground_segmentation/hook/cmake_prefix_path.ps1'
[3.714s] INFO:colcon.colcon_core.shell:Creating environment descriptor '/home/jetson/slash_ws/install/linefit_ground_segmentation/share/linefit_ground_segmentation/hook/cmake_prefix_path.dsv'
[3.716s] INFO:colcon.colcon_core.shell:Creating environment hook '/home/jetson/slash_ws/install/linefit_ground_segmentation/share/linefit_ground_segmentation/hook/cmake_prefix_path.sh'
[3.717s] Level 1:colcon.colcon_core.environment:checking '/home/jetson/slash_ws/install/linefit_ground_segmentation/lib'
[3.717s] Level 1:colcon.colcon_core.shell:create_environment_hook('linefit_ground_segmentation', 'ld_library_path_lib')
[3.718s] INFO:colcon.colcon_core.shell:Creating environment hook '/home/jetson/slash_ws/install/linefit_ground_segmentation/share/linefit_ground_segmentation/hook/ld_library_path_lib.ps1'
[3.719s] INFO:colcon.colcon_core.shell:Creating environment descriptor '/home/jetson/slash_ws/install/linefit_ground_segmentation/share/linefit_ground_segmentation/hook/ld_library_path_lib.dsv'
[3.719s] INFO:colcon.colcon_core.shell:Creating environment hook '/home/jetson/slash_ws/install/linefit_ground_segmentation/share/linefit_ground_segmentation/hook/ld_library_path_lib.sh'
[3.720s] Level 1:colcon.colcon_core.environment:checking '/home/jetson/slash_ws/install/linefit_ground_segmentation/bin'
[3.720s] Level 1:colcon.colcon_core.environment:checking '/home/jetson/slash_ws/install/linefit_ground_segmentation/lib/pkgconfig/linefit_ground_segmentation.pc'
[3.721s] Level 1:colcon.colcon_core.environment:checking '/home/jetson/slash_ws/install/linefit_ground_segmentation/lib/python3.8/site-packages'
[3.721s] Level 1:colcon.colcon_core.environment:checking '/home/jetson/slash_ws/install/linefit_ground_segmentation/bin'
[3.722s] INFO:colcon.colcon_core.shell:Creating package script '/home/jetson/slash_ws/install/linefit_ground_segmentation/share/linefit_ground_segmentation/package.ps1'
[3.724s] INFO:colcon.colcon_core.shell:Creating package descriptor '/home/jetson/slash_ws/install/linefit_ground_segmentation/share/linefit_ground_segmentation/package.dsv'
[3.725s] INFO:colcon.colcon_core.shell:Creating package script '/home/jetson/slash_ws/install/linefit_ground_segmentation/share/linefit_ground_segmentation/package.sh'
[3.726s] INFO:colcon.colcon_core.shell:Creating package script '/home/jetson/slash_ws/install/linefit_ground_segmentation/share/linefit_ground_segmentation/package.bash'
[3.726s] INFO:colcon.colcon_core.shell:Creating package script '/home/jetson/slash_ws/install/linefit_ground_segmentation/share/linefit_ground_segmentation/package.zsh'
[3.727s] Level 1:colcon.colcon_core.environment:create_file_with_runtime_dependencies(/home/jetson/slash_ws/install/linefit_ground_segmentation/share/colcon-core/packages/linefit_ground_segmentation)
[3.729s] Level 1:colcon.colcon_core.environment:create_environment_scripts_only(linefit_ground_segmentation)
[3.729s] Level 1:colcon.colcon_core.environment:checking '/home/jetson/slash_ws/install/linefit_ground_segmentation' for CMake module files
[3.730s] Level 1:colcon.colcon_core.environment:checking '/home/jetson/slash_ws/install/linefit_ground_segmentation' for CMake config files
[3.731s] Level 1:colcon.colcon_core.shell:create_environment_hook('linefit_ground_segmentation', 'cmake_prefix_path')
[3.731s] INFO:colcon.colcon_core.shell:Creating environment hook '/home/jetson/slash_ws/install/linefit_ground_segmentation/share/linefit_ground_segmentation/hook/cmake_prefix_path.ps1'
[3.732s] INFO:colcon.colcon_core.shell:Creating environment descriptor '/home/jetson/slash_ws/install/linefit_ground_segmentation/share/linefit_ground_segmentation/hook/cmake_prefix_path.dsv'
[3.733s] INFO:colcon.colcon_core.shell:Creating environment hook '/home/jetson/slash_ws/install/linefit_ground_segmentation/share/linefit_ground_segmentation/hook/cmake_prefix_path.sh'
[3.735s] Level 1:colcon.colcon_core.environment:checking '/home/jetson/slash_ws/install/linefit_ground_segmentation/lib'
[3.735s] Level 1:colcon.colcon_core.shell:create_environment_hook('linefit_ground_segmentation', 'ld_library_path_lib')
[3.736s] INFO:colcon.colcon_core.shell:Creating environment hook '/home/jetson/slash_ws/install/linefit_ground_segmentation/share/linefit_ground_segmentation/hook/ld_library_path_lib.ps1'
[3.737s] INFO:colcon.colcon_core.shell:Creating environment descriptor '/home/jetson/slash_ws/install/linefit_ground_segmentation/share/linefit_ground_segmentation/hook/ld_library_path_lib.dsv'
[3.738s] INFO:colcon.colcon_core.shell:Creating environment hook '/home/jetson/slash_ws/install/linefit_ground_segmentation/share/linefit_ground_segmentation/hook/ld_library_path_lib.sh'
[3.739s] Level 1:colcon.colcon_core.environment:checking '/home/jetson/slash_ws/install/linefit_ground_segmentation/bin'
[3.739s] Level 1:colcon.colcon_core.environment:checking '/home/jetson/slash_ws/install/linefit_ground_segmentation/lib/pkgconfig/linefit_ground_segmentation.pc'
[3.740s] Level 1:colcon.colcon_core.environment:checking '/home/jetson/slash_ws/install/linefit_ground_segmentation/lib/python3.8/site-packages'
[3.740s] Level 1:colcon.colcon_core.environment:checking '/home/jetson/slash_ws/install/linefit_ground_segmentation/bin'
[3.741s] INFO:colcon.colcon_core.shell:Creating package script '/home/jetson/slash_ws/install/linefit_ground_segmentation/share/linefit_ground_segmentation/package.ps1'
[3.743s] INFO:colcon.colcon_core.shell:Creating package descriptor '/home/jetson/slash_ws/install/linefit_ground_segmentation/share/linefit_ground_segmentation/package.dsv'
[3.744s] INFO:colcon.colcon_core.shell:Creating package script '/home/jetson/slash_ws/install/linefit_ground_segmentation/share/linefit_ground_segmentation/package.sh'
[3.765s] INFO:colcon.colcon_core.shell:Creating package script '/home/jetson/slash_ws/install/linefit_ground_segmentation/share/linefit_ground_segmentation/package.bash'
[3.768s] INFO:colcon.colcon_core.shell:Creating package script '/home/jetson/slash_ws/install/linefit_ground_segmentation/share/linefit_ground_segmentation/package.zsh'
[3.769s] Level 1:colcon.colcon_core.environment:create_file_with_runtime_dependencies(/home/jetson/slash_ws/install/linefit_ground_segmentation/share/colcon-core/packages/linefit_ground_segmentation)
[3.774s] INFO:colcon.colcon_ros.task.ament_cmake.build:Building ROS package in '/home/jetson/slash_ws/src/slash_perception/pointcloud_to_laserscan' with build type 'ament_cmake'
[3.775s] INFO:colcon.colcon_cmake.task.cmake.build:Building CMake package in '/home/jetson/slash_ws/src/slash_perception/pointcloud_to_laserscan'
[3.776s] INFO:colcon.colcon_core.shell:Skip shell extension 'powershell' for command environment: Not usable outside of PowerShell
[3.776s] DEBUG:colcon.colcon_core.shell:Skip shell extension 'dsv' for command environment
[3.806s] INFO:colcon.colcon_ros.task.ament_cmake.build:Building ROS package in '/home/jetson/slash_ws/src/slash_navigation/costmap_converter/costmap_converter' with build type 'ament_cmake'
[3.806s] INFO:colcon.colcon_cmake.task.cmake.build:Building CMake package in '/home/jetson/slash_ws/src/slash_navigation/costmap_converter/costmap_converter'
[3.807s] INFO:colcon.colcon_core.shell:Skip shell extension 'powershell' for command environment: Not usable outside of PowerShell
[3.808s] DEBUG:colcon.colcon_core.shell:Skip shell extension 'dsv' for command environment
[3.830s] INFO:colcon.colcon_ros.task.ament_cmake.build:Building ROS package in '/home/jetson/slash_ws/src/slash_navigation/teb_local_planner/teb_msgs' with build type 'ament_cmake'
[3.832s] INFO:colcon.colcon_cmake.task.cmake.build:Building CMake package in '/home/jetson/slash_ws/src/slash_navigation/teb_local_planner/teb_msgs'
[3.834s] INFO:colcon.colcon_core.shell:Skip shell extension 'powershell' for command environment: Not usable outside of PowerShell
[3.834s] DEBUG:colcon.colcon_core.shell:Skip shell extension 'dsv' for command environment
[3.858s] Level 1:colcon.colcon_core.environment:create_environment_scripts_only(teleop_tools_msgs)
[3.860s] DEBUG:colcon.colcon_core.event_handler.log_command:Invoked command in '/home/jetson/slash_ws/build/teleop_tools_msgs' returned '0': CMAKE_PREFIX_PATH=${CMAKE_PREFIX_PATH}:/home/jetson/slash_ws/install/f1tenth_stack:/home/jetson/slash_ws/install/twist_to_ackermann:/home/jetson/slash_ws/install/joy_teleop:/home/jetson/slash_ws/install/roboracer_china_2025:/home/jetson/slash_ws/install/mouse_teleop:/home/jetson/slash_ws/install/key_teleop:/opt/ros/foxy /usr/bin/cmake --install /home/jetson/slash_ws/build/teleop_tools_msgs
[3.863s] Level 1:colcon.colcon_core.environment:checking '/home/jetson/slash_ws/install/teleop_tools_msgs' for CMake module files
[3.865s] Level 1:colcon.colcon_core.environment:checking '/home/jetson/slash_ws/install/teleop_tools_msgs' for CMake config files
[3.868s] Level 1:colcon.colcon_core.shell:create_environment_hook('teleop_tools_msgs', 'cmake_prefix_path')
[3.869s] INFO:colcon.colcon_core.shell:Creating environment hook '/home/jetson/slash_ws/install/teleop_tools_msgs/share/teleop_tools_msgs/hook/cmake_prefix_path.ps1'
[3.872s] INFO:colcon.colcon_core.shell:Creating environment descriptor '/home/jetson/slash_ws/install/teleop_tools_msgs/share/teleop_tools_msgs/hook/cmake_prefix_path.dsv'
[3.873s] INFO:colcon.colcon_core.shell:Creating environment hook '/home/jetson/slash_ws/install/teleop_tools_msgs/share/teleop_tools_msgs/hook/cmake_prefix_path.sh'
[3.875s] Level 1:colcon.colcon_core.environment:checking '/home/jetson/slash_ws/install/teleop_tools_msgs/lib'
[3.875s] Level 1:colcon.colcon_core.shell:create_environment_hook('teleop_tools_msgs', 'ld_library_path_lib')
[3.876s] INFO:colcon.colcon_core.shell:Creating environment hook '/home/jetson/slash_ws/install/teleop_tools_msgs/share/teleop_tools_msgs/hook/ld_library_path_lib.ps1'
[3.877s] INFO:colcon.colcon_core.shell:Creating environment descriptor '/home/jetson/slash_ws/install/teleop_tools_msgs/share/teleop_tools_msgs/hook/ld_library_path_lib.dsv'
[3.877s] INFO:colcon.colcon_core.shell:Creating environment hook '/home/jetson/slash_ws/install/teleop_tools_msgs/share/teleop_tools_msgs/hook/ld_library_path_lib.sh'
[3.878s] Level 1:colcon.colcon_core.environment:checking '/home/jetson/slash_ws/install/teleop_tools_msgs/bin'
[3.879s] Level 1:colcon.colcon_core.environment:checking '/home/jetson/slash_ws/install/teleop_tools_msgs/lib/pkgconfig/teleop_tools_msgs.pc'
[3.879s] Level 1:colcon.colcon_core.environment:checking '/home/jetson/slash_ws/install/teleop_tools_msgs/lib/python3.8/site-packages'
[3.879s] Level 1:colcon.colcon_core.shell:create_environment_hook('teleop_tools_msgs', 'pythonpath')
[3.880s] INFO:colcon.colcon_core.shell:Creating environment hook '/home/jetson/slash_ws/install/teleop_tools_msgs/share/teleop_tools_msgs/hook/pythonpath.ps1'
[3.881s] INFO:colcon.colcon_core.shell:Creating environment descriptor '/home/jetson/slash_ws/install/teleop_tools_msgs/share/teleop_tools_msgs/hook/pythonpath.dsv'
[3.881s] INFO:colcon.colcon_core.shell:Creating environment hook '/home/jetson/slash_ws/install/teleop_tools_msgs/share/teleop_tools_msgs/hook/pythonpath.sh'
[3.883s] Level 1:colcon.colcon_core.environment:checking '/home/jetson/slash_ws/install/teleop_tools_msgs/bin'
[3.884s] INFO:colcon.colcon_core.shell:Creating package script '/home/jetson/slash_ws/install/teleop_tools_msgs/share/teleop_tools_msgs/package.ps1'
[3.885s] INFO:colcon.colcon_core.shell:Creating package descriptor '/home/jetson/slash_ws/install/teleop_tools_msgs/share/teleop_tools_msgs/package.dsv'
[3.886s] INFO:colcon.colcon_core.shell:Creating package script '/home/jetson/slash_ws/install/teleop_tools_msgs/share/teleop_tools_msgs/package.sh'
[3.887s] INFO:colcon.colcon_core.shell:Creating package script '/home/jetson/slash_ws/install/teleop_tools_msgs/share/teleop_tools_msgs/package.bash'
[3.888s] INFO:colcon.colcon_core.shell:Creating package script '/home/jetson/slash_ws/install/teleop_tools_msgs/share/teleop_tools_msgs/package.zsh'
[3.889s] Level 1:colcon.colcon_core.environment:create_file_with_runtime_dependencies(/home/jetson/slash_ws/install/teleop_tools_msgs/share/colcon-core/packages/teleop_tools_msgs)
[3.891s] Level 1:colcon.colcon_core.environment:create_environment_scripts_only(teleop_tools_msgs)
[3.891s] Level 1:colcon.colcon_core.environment:checking '/home/jetson/slash_ws/install/teleop_tools_msgs' for CMake module files
[3.892s] Level 1:colcon.colcon_core.environment:checking '/home/jetson/slash_ws/install/teleop_tools_msgs' for CMake config files
[3.893s] Level 1:colcon.colcon_core.shell:create_environment_hook('teleop_tools_msgs', 'cmake_prefix_path')
[3.894s] INFO:colcon.colcon_core.shell:Creating environment hook '/home/jetson/slash_ws/install/teleop_tools_msgs/share/teleop_tools_msgs/hook/cmake_prefix_path.ps1'
[3.895s] INFO:colcon.colcon_core.shell:Creating environment descriptor '/home/jetson/slash_ws/install/teleop_tools_msgs/share/teleop_tools_msgs/hook/cmake_prefix_path.dsv'
[3.896s] INFO:colcon.colcon_core.shell:Creating environment hook '/home/jetson/slash_ws/install/teleop_tools_msgs/share/teleop_tools_msgs/hook/cmake_prefix_path.sh'
[3.898s] Level 1:colcon.colcon_core.environment:checking '/home/jetson/slash_ws/install/teleop_tools_msgs/lib'
[3.898s] Level 1:colcon.colcon_core.shell:create_environment_hook('teleop_tools_msgs', 'ld_library_path_lib')
[3.899s] INFO:colcon.colcon_core.shell:Creating environment hook '/home/jetson/slash_ws/install/teleop_tools_msgs/share/teleop_tools_msgs/hook/ld_library_path_lib.ps1'
[3.900s] INFO:colcon.colcon_core.shell:Creating environment descriptor '/home/jetson/slash_ws/install/teleop_tools_msgs/share/teleop_tools_msgs/hook/ld_library_path_lib.dsv'
[3.901s] INFO:colcon.colcon_core.shell:Creating environment hook '/home/jetson/slash_ws/install/teleop_tools_msgs/share/teleop_tools_msgs/hook/ld_library_path_lib.sh'
[3.902s] Level 1:colcon.colcon_core.environment:checking '/home/jetson/slash_ws/install/teleop_tools_msgs/bin'
[3.902s] Level 1:colcon.colcon_core.environment:checking '/home/jetson/slash_ws/install/teleop_tools_msgs/lib/pkgconfig/teleop_tools_msgs.pc'
[3.902s] Level 1:colcon.colcon_core.environment:checking '/home/jetson/slash_ws/install/teleop_tools_msgs/lib/python3.8/site-packages'
[3.902s] Level 1:colcon.colcon_core.shell:create_environment_hook('teleop_tools_msgs', 'pythonpath')
[3.904s] INFO:colcon.colcon_core.shell:Creating environment hook '/home/jetson/slash_ws/install/teleop_tools_msgs/share/teleop_tools_msgs/hook/pythonpath.ps1'
[3.906s] INFO:colcon.colcon_core.shell:Creating environment descriptor '/home/jetson/slash_ws/install/teleop_tools_msgs/share/teleop_tools_msgs/hook/pythonpath.dsv'
[3.907s] INFO:colcon.colcon_core.shell:Creating environment hook '/home/jetson/slash_ws/install/teleop_tools_msgs/share/teleop_tools_msgs/hook/pythonpath.sh'
[3.908s] Level 1:colcon.colcon_core.environment:checking '/home/jetson/slash_ws/install/teleop_tools_msgs/bin'
[3.909s] INFO:colcon.colcon_core.shell:Creating package script '/home/jetson/slash_ws/install/teleop_tools_msgs/share/teleop_tools_msgs/package.ps1'
[3.910s] INFO:colcon.colcon_core.shell:Creating package descriptor '/home/jetson/slash_ws/install/teleop_tools_msgs/share/teleop_tools_msgs/package.dsv'
[3.911s] INFO:colcon.colcon_core.shell:Creating package script '/home/jetson/slash_ws/install/teleop_tools_msgs/share/teleop_tools_msgs/package.sh'
[3.912s] INFO:colcon.colcon_core.shell:Creating package script '/home/jetson/slash_ws/install/teleop_tools_msgs/share/teleop_tools_msgs/package.bash'
[3.913s] INFO:colcon.colcon_core.shell:Creating package script '/home/jetson/slash_ws/install/teleop_tools_msgs/share/teleop_tools_msgs/package.zsh'
[3.914s] Level 1:colcon.colcon_core.environment:create_file_with_runtime_dependencies(/home/jetson/slash_ws/install/teleop_tools_msgs/share/colcon-core/packages/teleop_tools_msgs)
[3.915s] Level 1:colcon.colcon_core.environment:create_environment_scripts_only(vesc_msgs)
[3.916s] Level 1:colcon.colcon_core.environment:checking '/home/jetson/slash_ws/install/vesc_msgs' for CMake module files
[3.918s] DEBUG:colcon.colcon_core.event_handler.log_command:Invoked command in '/home/jetson/slash_ws/build/vesc_msgs' returned '0': CMAKE_PREFIX_PATH=${CMAKE_PREFIX_PATH}:/home/jetson/slash_ws/install/f1tenth_stack:/home/jetson/slash_ws/install/twist_to_ackermann:/home/jetson/slash_ws/install/joy_teleop:/home/jetson/slash_ws/install/roboracer_china_2025:/home/jetson/slash_ws/install/mouse_teleop:/home/jetson/slash_ws/install/key_teleop:/opt/ros/foxy /usr/bin/cmake --install /home/jetson/slash_ws/build/vesc_msgs
[3.919s] Level 1:colcon.colcon_core.environment:checking '/home/jetson/slash_ws/install/vesc_msgs' for CMake config files
[3.920s] Level 1:colcon.colcon_core.shell:create_environment_hook('vesc_msgs', 'cmake_prefix_path')
[3.921s] INFO:colcon.colcon_core.shell:Creating environment hook '/home/jetson/slash_ws/install/vesc_msgs/share/vesc_msgs/hook/cmake_prefix_path.ps1'
[3.922s] INFO:colcon.colcon_core.shell:Creating environment descriptor '/home/jetson/slash_ws/install/vesc_msgs/share/vesc_msgs/hook/cmake_prefix_path.dsv'
[3.923s] INFO:colcon.colcon_core.shell:Creating environment hook '/home/jetson/slash_ws/install/vesc_msgs/share/vesc_msgs/hook/cmake_prefix_path.sh'
[3.924s] Level 1:colcon.colcon_core.environment:checking '/home/jetson/slash_ws/install/vesc_msgs/lib'
[3.924s] Level 1:colcon.colcon_core.shell:create_environment_hook('vesc_msgs', 'ld_library_path_lib')
[3.925s] INFO:colcon.colcon_core.shell:Creating environment hook '/home/jetson/slash_ws/install/vesc_msgs/share/vesc_msgs/hook/ld_library_path_lib.ps1'
[3.925s] INFO:colcon.colcon_core.shell:Creating environment descriptor '/home/jetson/slash_ws/install/vesc_msgs/share/vesc_msgs/hook/ld_library_path_lib.dsv'
[3.926s] INFO:colcon.colcon_core.shell:Creating environment hook '/home/jetson/slash_ws/install/vesc_msgs/share/vesc_msgs/hook/ld_library_path_lib.sh'
[3.927s] Level 1:colcon.colcon_core.environment:checking '/home/jetson/slash_ws/install/vesc_msgs/bin'
[3.927s] Level 1:colcon.colcon_core.environment:checking '/home/jetson/slash_ws/install/vesc_msgs/lib/pkgconfig/vesc_msgs.pc'
[3.928s] Level 1:colcon.colcon_core.environment:checking '/home/jetson/slash_ws/install/vesc_msgs/lib/python3.8/site-packages'
[3.928s] Level 1:colcon.colcon_core.shell:create_environment_hook('vesc_msgs', 'pythonpath')
[3.928s] INFO:colcon.colcon_core.shell:Creating environment hook '/home/jetson/slash_ws/install/vesc_msgs/share/vesc_msgs/hook/pythonpath.ps1'
[3.929s] INFO:colcon.colcon_core.shell:Creating environment descriptor '/home/jetson/slash_ws/install/vesc_msgs/share/vesc_msgs/hook/pythonpath.dsv'
[3.930s] INFO:colcon.colcon_core.shell:Creating environment hook '/home/jetson/slash_ws/install/vesc_msgs/share/vesc_msgs/hook/pythonpath.sh'
[3.931s] Level 1:colcon.colcon_core.environment:checking '/home/jetson/slash_ws/install/vesc_msgs/bin'
[3.932s] INFO:colcon.colcon_core.shell:Creating package script '/home/jetson/slash_ws/install/vesc_msgs/share/vesc_msgs/package.ps1'
[3.933s] INFO:colcon.colcon_core.shell:Creating package descriptor '/home/jetson/slash_ws/install/vesc_msgs/share/vesc_msgs/package.dsv'
[3.934s] INFO:colcon.colcon_core.shell:Creating package script '/home/jetson/slash_ws/install/vesc_msgs/share/vesc_msgs/package.sh'
[3.935s] INFO:colcon.colcon_core.shell:Creating package script '/home/jetson/slash_ws/install/vesc_msgs/share/vesc_msgs/package.bash'
[3.936s] INFO:colcon.colcon_core.shell:Creating package script '/home/jetson/slash_ws/install/vesc_msgs/share/vesc_msgs/package.zsh'
[3.937s] Level 1:colcon.colcon_core.environment:create_file_with_runtime_dependencies(/home/jetson/slash_ws/install/vesc_msgs/share/colcon-core/packages/vesc_msgs)
[3.939s] Level 1:colcon.colcon_core.environment:create_environment_scripts_only(vesc_msgs)
[3.939s] Level 1:colcon.colcon_core.environment:checking '/home/jetson/slash_ws/install/vesc_msgs' for CMake module files
[3.940s] Level 1:colcon.colcon_core.environment:checking '/home/jetson/slash_ws/install/vesc_msgs' for CMake config files
[3.941s] Level 1:colcon.colcon_core.shell:create_environment_hook('vesc_msgs', 'cmake_prefix_path')
[3.942s] INFO:colcon.colcon_core.shell:Creating environment hook '/home/jetson/slash_ws/install/vesc_msgs/share/vesc_msgs/hook/cmake_prefix_path.ps1'
[3.943s] INFO:colcon.colcon_core.shell:Creating environment descriptor '/home/jetson/slash_ws/install/vesc_msgs/share/vesc_msgs/hook/cmake_prefix_path.dsv'
[3.943s] INFO:colcon.colcon_core.shell:Creating environment hook '/home/jetson/slash_ws/install/vesc_msgs/share/vesc_msgs/hook/cmake_prefix_path.sh'
[3.945s] Level 1:colcon.colcon_core.environment:checking '/home/jetson/slash_ws/install/vesc_msgs/lib'
[3.945s] Level 1:colcon.colcon_core.shell:create_environment_hook('vesc_msgs', 'ld_library_path_lib')
[3.945s] INFO:colcon.colcon_core.shell:Creating environment hook '/home/jetson/slash_ws/install/vesc_msgs/share/vesc_msgs/hook/ld_library_path_lib.ps1'
[3.946s] INFO:colcon.colcon_core.shell:Creating environment descriptor '/home/jetson/slash_ws/install/vesc_msgs/share/vesc_msgs/hook/ld_library_path_lib.dsv'
[3.947s] INFO:colcon.colcon_core.shell:Creating environment hook '/home/jetson/slash_ws/install/vesc_msgs/share/vesc_msgs/hook/ld_library_path_lib.sh'
[3.948s] Level 1:colcon.colcon_core.environment:checking '/home/jetson/slash_ws/install/vesc_msgs/bin'
[3.948s] Level 1:colcon.colcon_core.environment:checking '/home/jetson/slash_ws/install/vesc_msgs/lib/pkgconfig/vesc_msgs.pc'
[3.948s] Level 1:colcon.colcon_core.environment:checking '/home/jetson/slash_ws/install/vesc_msgs/lib/python3.8/site-packages'
[3.948s] Level 1:colcon.colcon_core.shell:create_environment_hook('vesc_msgs', 'pythonpath')
[3.949s] INFO:colcon.colcon_core.shell:Creating environment hook '/home/jetson/slash_ws/install/vesc_msgs/share/vesc_msgs/hook/pythonpath.ps1'
[3.950s] INFO:colcon.colcon_core.shell:Creating environment descriptor '/home/jetson/slash_ws/install/vesc_msgs/share/vesc_msgs/hook/pythonpath.dsv'
[3.950s] INFO:colcon.colcon_core.shell:Creating environment hook '/home/jetson/slash_ws/install/vesc_msgs/share/vesc_msgs/hook/pythonpath.sh'
[3.951s] Level 1:colcon.colcon_core.environment:checking '/home/jetson/slash_ws/install/vesc_msgs/bin'
[3.952s] INFO:colcon.colcon_core.shell:Creating package script '/home/jetson/slash_ws/install/vesc_msgs/share/vesc_msgs/package.ps1'
[3.955s] INFO:colcon.colcon_core.shell:Creating package descriptor '/home/jetson/slash_ws/install/vesc_msgs/share/vesc_msgs/package.dsv'
[3.956s] INFO:colcon.colcon_core.shell:Creating package script '/home/jetson/slash_ws/install/vesc_msgs/share/vesc_msgs/package.sh'
[3.957s] INFO:colcon.colcon_core.shell:Creating package script '/home/jetson/slash_ws/install/vesc_msgs/share/vesc_msgs/package.bash'
[3.958s] INFO:colcon.colcon_core.shell:Creating package script '/home/jetson/slash_ws/install/vesc_msgs/share/vesc_msgs/package.zsh'
[3.959s] Level 1:colcon.colcon_core.environment:create_file_with_runtime_dependencies(/home/jetson/slash_ws/install/vesc_msgs/share/colcon-core/packages/vesc_msgs)
[3.960s] Level 1:colcon.colcon_core.environment:create_environment_scripts_only(livox_ros_driver2)
[3.962s] DEBUG:colcon.colcon_core.event_handler.log_command:Invoked command in '/home/jetson/slash_ws/build/livox_ros_driver2' returned '0': CMAKE_PREFIX_PATH=${CMAKE_PREFIX_PATH}:/home/jetson/slash_ws/install/f1tenth_stack:/home/jetson/slash_ws/install/twist_to_ackermann:/home/jetson/slash_ws/install/joy_teleop:/home/jetson/slash_ws/install/roboracer_china_2025:/home/jetson/slash_ws/install/mouse_teleop:/home/jetson/slash_ws/install/key_teleop:/opt/ros/foxy /usr/bin/cmake --install /home/jetson/slash_ws/build/livox_ros_driver2
[3.963s] Level 1:colcon.colcon_core.environment:checking '/home/jetson/slash_ws/install/livox_ros_driver2' for CMake module files
[3.964s] Level 1:colcon.colcon_core.environment:checking '/home/jetson/slash_ws/install/livox_ros_driver2' for CMake config files
[3.965s] Level 1:colcon.colcon_core.shell:create_environment_hook('livox_ros_driver2', 'cmake_prefix_path')
[3.965s] INFO:colcon.colcon_core.shell:Creating environment hook '/home/jetson/slash_ws/install/livox_ros_driver2/share/livox_ros_driver2/hook/cmake_prefix_path.ps1'
[3.967s] INFO:colcon.colcon_core.shell:Creating environment descriptor '/home/jetson/slash_ws/install/livox_ros_driver2/share/livox_ros_driver2/hook/cmake_prefix_path.dsv'
[3.968s] INFO:colcon.colcon_core.shell:Creating environment hook '/home/jetson/slash_ws/install/livox_ros_driver2/share/livox_ros_driver2/hook/cmake_prefix_path.sh'
[3.969s] Level 1:colcon.colcon_core.environment:checking '/home/jetson/slash_ws/install/livox_ros_driver2/lib'
[3.969s] Level 1:colcon.colcon_core.shell:create_environment_hook('livox_ros_driver2', 'ld_library_path_lib')
[3.970s] INFO:colcon.colcon_core.shell:Creating environment hook '/home/jetson/slash_ws/install/livox_ros_driver2/share/livox_ros_driver2/hook/ld_library_path_lib.ps1'
[3.972s] INFO:colcon.colcon_core.shell:Creating environment descriptor '/home/jetson/slash_ws/install/livox_ros_driver2/share/livox_ros_driver2/hook/ld_library_path_lib.dsv'
[3.973s] INFO:colcon.colcon_core.shell:Creating environment hook '/home/jetson/slash_ws/install/livox_ros_driver2/share/livox_ros_driver2/hook/ld_library_path_lib.sh'
[3.973s] Level 1:colcon.colcon_core.environment:checking '/home/jetson/slash_ws/install/livox_ros_driver2/bin'
[3.974s] Level 1:colcon.colcon_core.environment:checking '/home/jetson/slash_ws/install/livox_ros_driver2/lib/pkgconfig/livox_ros_driver2.pc'
[3.974s] Level 1:colcon.colcon_core.environment:checking '/home/jetson/slash_ws/install/livox_ros_driver2/lib/python3.8/site-packages'
[3.974s] Level 1:colcon.colcon_core.shell:create_environment_hook('livox_ros_driver2', 'pythonpath')
[3.975s] INFO:colcon.colcon_core.shell:Creating environment hook '/home/jetson/slash_ws/install/livox_ros_driver2/share/livox_ros_driver2/hook/pythonpath.ps1'
[3.975s] INFO:colcon.colcon_core.shell:Creating environment descriptor '/home/jetson/slash_ws/install/livox_ros_driver2/share/livox_ros_driver2/hook/pythonpath.dsv'
[3.976s] INFO:colcon.colcon_core.shell:Creating environment hook '/home/jetson/slash_ws/install/livox_ros_driver2/share/livox_ros_driver2/hook/pythonpath.sh'
[3.977s] Level 1:colcon.colcon_core.environment:checking '/home/jetson/slash_ws/install/livox_ros_driver2/bin'
[3.978s] INFO:colcon.colcon_core.shell:Creating package script '/home/jetson/slash_ws/install/livox_ros_driver2/share/livox_ros_driver2/package.ps1'
[3.980s] INFO:colcon.colcon_core.shell:Creating package descriptor '/home/jetson/slash_ws/install/livox_ros_driver2/share/livox_ros_driver2/package.dsv'
[3.981s] INFO:colcon.colcon_core.shell:Creating package script '/home/jetson/slash_ws/install/livox_ros_driver2/share/livox_ros_driver2/package.sh'
[3.982s] INFO:colcon.colcon_core.shell:Creating package script '/home/jetson/slash_ws/install/livox_ros_driver2/share/livox_ros_driver2/package.bash'
[3.982s] INFO:colcon.colcon_core.shell:Creating package script '/home/jetson/slash_ws/install/livox_ros_driver2/share/livox_ros_driver2/package.zsh'
[3.983s] Level 1:colcon.colcon_core.environment:create_file_with_runtime_dependencies(/home/jetson/slash_ws/install/livox_ros_driver2/share/colcon-core/packages/livox_ros_driver2)
[3.985s] Level 1:colcon.colcon_core.environment:create_environment_scripts_only(livox_ros_driver2)
[3.985s] Level 1:colcon.colcon_core.environment:checking '/home/jetson/slash_ws/install/livox_ros_driver2' for CMake module files
[3.986s] Level 1:colcon.colcon_core.environment:checking '/home/jetson/slash_ws/install/livox_ros_driver2' for CMake config files
[3.987s] Level 1:colcon.colcon_core.shell:create_environment_hook('livox_ros_driver2', 'cmake_prefix_path')
[3.987s] INFO:colcon.colcon_core.shell:Creating environment hook '/home/jetson/slash_ws/install/livox_ros_driver2/share/livox_ros_driver2/hook/cmake_prefix_path.ps1'
[3.989s] INFO:colcon.colcon_core.shell:Creating environment descriptor '/home/jetson/slash_ws/install/livox_ros_driver2/share/livox_ros_driver2/hook/cmake_prefix_path.dsv'
[3.989s] INFO:colcon.colcon_core.shell:Creating environment hook '/home/jetson/slash_ws/install/livox_ros_driver2/share/livox_ros_driver2/hook/cmake_prefix_path.sh'
[3.991s] Level 1:colcon.colcon_core.environment:checking '/home/jetson/slash_ws/install/livox_ros_driver2/lib'
[3.991s] Level 1:colcon.colcon_core.shell:create_environment_hook('livox_ros_driver2', 'ld_library_path_lib')
[3.991s] INFO:colcon.colcon_core.shell:Creating environment hook '/home/jetson/slash_ws/install/livox_ros_driver2/share/livox_ros_driver2/hook/ld_library_path_lib.ps1'
[3.992s] INFO:colcon.colcon_core.shell:Creating environment descriptor '/home/jetson/slash_ws/install/livox_ros_driver2/share/livox_ros_driver2/hook/ld_library_path_lib.dsv'
[3.993s] INFO:colcon.colcon_core.shell:Creating environment hook '/home/jetson/slash_ws/install/livox_ros_driver2/share/livox_ros_driver2/hook/ld_library_path_lib.sh'
[3.994s] Level 1:colcon.colcon_core.environment:checking '/home/jetson/slash_ws/install/livox_ros_driver2/bin'
[3.994s] Level 1:colcon.colcon_core.environment:checking '/home/jetson/slash_ws/install/livox_ros_driver2/lib/pkgconfig/livox_ros_driver2.pc'
[3.994s] Level 1:colcon.colcon_core.environment:checking '/home/jetson/slash_ws/install/livox_ros_driver2/lib/python3.8/site-packages'
[3.994s] Level 1:colcon.colcon_core.shell:create_environment_hook('livox_ros_driver2', 'pythonpath')
[3.995s] INFO:colcon.colcon_core.shell:Creating environment hook '/home/jetson/slash_ws/install/livox_ros_driver2/share/livox_ros_driver2/hook/pythonpath.ps1'
[3.996s] INFO:colcon.colcon_core.shell:Creating environment descriptor '/home/jetson/slash_ws/install/livox_ros_driver2/share/livox_ros_driver2/hook/pythonpath.dsv'
[3.997s] INFO:colcon.colcon_core.shell:Creating environment hook '/home/jetson/slash_ws/install/livox_ros_driver2/share/livox_ros_driver2/hook/pythonpath.sh'
[3.998s] Level 1:colcon.colcon_core.environment:checking '/home/jetson/slash_ws/install/livox_ros_driver2/bin'
[3.999s] INFO:colcon.colcon_core.shell:Creating package script '/home/jetson/slash_ws/install/livox_ros_driver2/share/livox_ros_driver2/package.ps1'
[4.000s] INFO:colcon.colcon_core.shell:Creating package descriptor '/home/jetson/slash_ws/install/livox_ros_driver2/share/livox_ros_driver2/package.dsv'
[4.002s] INFO:colcon.colcon_core.shell:Creating package script '/home/jetson/slash_ws/install/livox_ros_driver2/share/livox_ros_driver2/package.sh'
[4.003s] INFO:colcon.colcon_core.shell:Creating package script '/home/jetson/slash_ws/install/livox_ros_driver2/share/livox_ros_driver2/package.bash'
[4.004s] INFO:colcon.colcon_core.shell:Creating package script '/home/jetson/slash_ws/install/livox_ros_driver2/share/livox_ros_driver2/package.zsh'
[4.007s] Level 1:colcon.colcon_core.environment:create_file_with_runtime_dependencies(/home/jetson/slash_ws/install/livox_ros_driver2/share/colcon-core/packages/livox_ros_driver2)
[4.010s] INFO:colcon.colcon_ros.task.ament_python.build:Building ROS package in '/home/jetson/slash_ws/src/slash_hardware/f1tenth_system/teleop_tools/joy_teleop' with build type 'ament_python'
[4.010s] Level 1:colcon.colcon_core.shell:create_environment_hook('joy_teleop', 'ament_prefix_path')
[4.011s] INFO:colcon.colcon_core.shell:Creating environment hook '/home/jetson/slash_ws/install/joy_teleop/share/joy_teleop/hook/ament_prefix_path.ps1'
[4.012s] INFO:colcon.colcon_core.shell:Creating environment descriptor '/home/jetson/slash_ws/install/joy_teleop/share/joy_teleop/hook/ament_prefix_path.dsv'
[4.013s] INFO:colcon.colcon_core.shell:Creating environment hook '/home/jetson/slash_ws/install/joy_teleop/share/joy_teleop/hook/ament_prefix_path.sh'
[4.015s] INFO:colcon.colcon_core.shell:Skip shell extension 'powershell' for command environment: Not usable outside of PowerShell
[4.015s] DEBUG:colcon.colcon_core.shell:Skip shell extension 'dsv' for command environment
[4.036s] INFO:colcon.colcon_ros.task.ament_cmake.build:Building ROS package in '/home/jetson/slash_ws/src/slash_hardware/f1tenth_system/vesc/vesc_ackermann' with build type 'ament_cmake'
[4.037s] INFO:colcon.colcon_cmake.task.cmake.build:Building CMake package in '/home/jetson/slash_ws/src/slash_hardware/f1tenth_system/vesc/vesc_ackermann'
[4.038s] INFO:colcon.colcon_core.shell:Skip shell extension 'powershell' for command environment: Not usable outside of PowerShell
[4.038s] DEBUG:colcon.colcon_core.shell:Skip shell extension 'dsv' for command environment
[4.071s] INFO:colcon.colcon_ros.task.ament_cmake.build:Building ROS package in '/home/jetson/slash_ws/src/slash_hardware/f1tenth_system/vesc/vesc_driver' with build type 'ament_cmake'
[4.073s] INFO:colcon.colcon_cmake.task.cmake.build:Building CMake package in '/home/jetson/slash_ws/src/slash_hardware/f1tenth_system/vesc/vesc_driver'
[4.074s] INFO:colcon.colcon_core.shell:Skip shell extension 'powershell' for command environment: Not usable outside of PowerShell
[4.074s] DEBUG:colcon.colcon_core.shell:Skip shell extension 'dsv' for command environment
[4.113s] DEBUG:colcon.colcon_core.event_handler.log_command:Invoking command in '/home/jetson/slash_ws/build/pointcloud_to_laserscan': CMAKE_PREFIX_PATH=${CMAKE_PREFIX_PATH}:/home/jetson/slash_ws/install/f1tenth_stack:/home/jetson/slash_ws/install/twist_to_ackermann:/home/jetson/slash_ws/install/joy_teleop:/home/jetson/slash_ws/install/roboracer_china_2025:/home/jetson/slash_ws/install/mouse_teleop:/home/jetson/slash_ws/install/key_teleop:/opt/ros/foxy /usr/bin/cmake --build /home/jetson/slash_ws/build/pointcloud_to_laserscan -- -j8 -l8
[4.145s] DEBUG:colcon.colcon_core.event_handler.log_command:Invoking command in '/home/jetson/slash_ws/build/costmap_converter': CMAKE_PREFIX_PATH=/home/jetson/slash_ws/install/costmap_converter_msgs:/home/jetson/slash_ws/install/vesc:/home/jetson/slash_ws/install/vesc_driver:/home/jetson/slash_ws/install/vesc_ackermann:/home/jetson/slash_ws/install/vesc_msgs:/home/jetson/slash_ws/install/teleop_tools:/home/jetson/slash_ws/install/teleop_tools_msgs:/home/jetson/slash_ws/install/teb_local_planner:/home/jetson/slash_ws/install/teb_msgs:/home/jetson/slash_ws/install/slash_nav2:/home/jetson/slash_ws/install/simple_mpc:/home/jetson/slash_ws/install/pointcloud_to_laserscan:/home/jetson/slash_ws/install/fast_lio:/home/jetson/slash_ws/install/livox_ros_driver2:/home/jetson/slash_ws/install/linefit_ground_segmentation_ros:/home/jetson/slash_ws/install/linefit_ground_segmentation:/home/jetson/slash_ws/install/costmap_converter:/home/jetson/slash_ws/install/ackermann_mux:/home/jetson/slash_ws/install/f1tenth_stack:/home/jetson/slash_ws/install/twist_to_ackermann:/home/jetson/slash_ws/install/joy_teleop:/home/jetson/slash_ws/install/roboracer_china_2025:/home/jetson/slash_ws/install/mouse_teleop:/home/jetson/slash_ws/install/key_teleop:/opt/ros/foxy LD_LIBRARY_PATH=/home/jetson/slash_ws/install/costmap_converter_msgs/lib:/usr/local/cuda/lib64:/usr/local/cuda/lib64:/usr/local/cuda/lib64:/usr/local/cuda/lib64:/usr/local/cuda-11.4/lib64:/usr/local/cuda/lib64:/usr/local/cuda/lib64:/usr/local/cuda/lib64:/usr/local/cuda/lib64:/home/jetson/slash_ws/install/vesc_driver/lib:/home/jetson/slash_ws/install/vesc_ackermann/lib:/home/jetson/slash_ws/install/vesc_msgs/lib:/home/jetson/slash_ws/install/teleop_tools_msgs/lib:/home/jetson/slash_ws/install/teb_local_planner/lib:/home/jetson/slash_ws/install/teb_msgs/lib:/home/jetson/slash_ws/install/pointcloud_to_laserscan/lib:/home/jetson/slash_ws/install/fast_lio/lib:/home/jetson/slash_ws/install/livox_ros_driver2/lib:/home/jetson/slash_ws/install/linefit_ground_segmentation/lib:/home/jetson/slash_ws/install/costmap_converter/lib:/usr/lib/aarch64-linux-gnu/gazebo-11/plugins:/opt/ros/foxy/opt/yaml_cpp_vendor/lib:/opt/ros/foxy/opt/rviz_ogre_vendor/lib:/opt/ros/foxy/lib/aarch64-linux-gnu:/opt/ros/foxy/lib:/usr/local/cuda-11.4/lib64 PYTHONPATH=/home/jetson/slash_ws/install/costmap_converter_msgs/lib/python3.8/site-packages:/home/jetson/slash_ws/install/f1tenth_stack/lib/python3.8/site-packages:/home/jetson/slash_ws/install/vesc_msgs/lib/python3.8/site-packages:/home/jetson/slash_ws/install/twist_to_ackermann/lib/python3.8/site-packages:/home/jetson/slash_ws/install/joy_teleop/lib/python3.8/site-packages:/home/jetson/slash_ws/install/teleop_tools_msgs/lib/python3.8/site-packages:/home/jetson/slash_ws/install/teb_msgs/lib/python3.8/site-packages:/home/jetson/slash_ws/install/roboracer_china_2025/lib/python3.8/site-packages:/home/jetson/slash_ws/install/mouse_teleop/lib/python3.8/site-packages:/home/jetson/slash_ws/install/fast_lio/lib/python3.8/site-packages:/home/jetson/slash_ws/install/livox_ros_driver2/lib/python3.8/site-packages:/home/jetson/slash_ws/install/key_teleop/lib/python3.8/site-packages:/opt/ros/foxy/lib/python3.8/site-packages /usr/bin/cmake --build /home/jetson/slash_ws/build/costmap_converter -- -j8 -l8
[4.173s] DEBUG:colcon.colcon_core.event_handler.log_command:Invoking command in '/home/jetson/slash_ws/build/teb_msgs': CMAKE_PREFIX_PATH=/home/jetson/slash_ws/install/costmap_converter_msgs:/home/jetson/slash_ws/install/vesc:/home/jetson/slash_ws/install/vesc_driver:/home/jetson/slash_ws/install/vesc_ackermann:/home/jetson/slash_ws/install/vesc_msgs:/home/jetson/slash_ws/install/teleop_tools:/home/jetson/slash_ws/install/teleop_tools_msgs:/home/jetson/slash_ws/install/teb_local_planner:/home/jetson/slash_ws/install/teb_msgs:/home/jetson/slash_ws/install/slash_nav2:/home/jetson/slash_ws/install/simple_mpc:/home/jetson/slash_ws/install/pointcloud_to_laserscan:/home/jetson/slash_ws/install/fast_lio:/home/jetson/slash_ws/install/livox_ros_driver2:/home/jetson/slash_ws/install/linefit_ground_segmentation_ros:/home/jetson/slash_ws/install/linefit_ground_segmentation:/home/jetson/slash_ws/install/costmap_converter:/home/jetson/slash_ws/install/ackermann_mux:/home/jetson/slash_ws/install/f1tenth_stack:/home/jetson/slash_ws/install/twist_to_ackermann:/home/jetson/slash_ws/install/joy_teleop:/home/jetson/slash_ws/install/roboracer_china_2025:/home/jetson/slash_ws/install/mouse_teleop:/home/jetson/slash_ws/install/key_teleop:/opt/ros/foxy LD_LIBRARY_PATH=/home/jetson/slash_ws/install/costmap_converter_msgs/lib:/usr/local/cuda/lib64:/usr/local/cuda/lib64:/usr/local/cuda/lib64:/usr/local/cuda/lib64:/usr/local/cuda-11.4/lib64:/usr/local/cuda/lib64:/usr/local/cuda/lib64:/usr/local/cuda/lib64:/usr/local/cuda/lib64:/home/jetson/slash_ws/install/vesc_driver/lib:/home/jetson/slash_ws/install/vesc_ackermann/lib:/home/jetson/slash_ws/install/vesc_msgs/lib:/home/jetson/slash_ws/install/teleop_tools_msgs/lib:/home/jetson/slash_ws/install/teb_local_planner/lib:/home/jetson/slash_ws/install/teb_msgs/lib:/home/jetson/slash_ws/install/pointcloud_to_laserscan/lib:/home/jetson/slash_ws/install/fast_lio/lib:/home/jetson/slash_ws/install/livox_ros_driver2/lib:/home/jetson/slash_ws/install/linefit_ground_segmentation/lib:/home/jetson/slash_ws/install/costmap_converter/lib:/usr/lib/aarch64-linux-gnu/gazebo-11/plugins:/opt/ros/foxy/opt/yaml_cpp_vendor/lib:/opt/ros/foxy/opt/rviz_ogre_vendor/lib:/opt/ros/foxy/lib/aarch64-linux-gnu:/opt/ros/foxy/lib:/usr/local/cuda-11.4/lib64 PYTHONPATH=/home/jetson/slash_ws/install/costmap_converter_msgs/lib/python3.8/site-packages:/home/jetson/slash_ws/install/f1tenth_stack/lib/python3.8/site-packages:/home/jetson/slash_ws/install/vesc_msgs/lib/python3.8/site-packages:/home/jetson/slash_ws/install/twist_to_ackermann/lib/python3.8/site-packages:/home/jetson/slash_ws/install/joy_teleop/lib/python3.8/site-packages:/home/jetson/slash_ws/install/teleop_tools_msgs/lib/python3.8/site-packages:/home/jetson/slash_ws/install/teb_msgs/lib/python3.8/site-packages:/home/jetson/slash_ws/install/roboracer_china_2025/lib/python3.8/site-packages:/home/jetson/slash_ws/install/mouse_teleop/lib/python3.8/site-packages:/home/jetson/slash_ws/install/fast_lio/lib/python3.8/site-packages:/home/jetson/slash_ws/install/livox_ros_driver2/lib/python3.8/site-packages:/home/jetson/slash_ws/install/key_teleop/lib/python3.8/site-packages:/opt/ros/foxy/lib/python3.8/site-packages /usr/bin/cmake --build /home/jetson/slash_ws/build/teb_msgs -- -j8 -l8
[5.280s] INFO:colcon.colcon_core.task.python.build:Building Python package in '/home/jetson/slash_ws/src/slash_hardware/f1tenth_system/teleop_tools/joy_teleop'
[5.282s] INFO:colcon.colcon_core.shell:Skip shell extension 'powershell' for command environment: Not usable outside of PowerShell
[5.282s] DEBUG:colcon.colcon_core.shell:Skip shell extension 'dsv' for command environment
[5.315s] DEBUG:colcon.colcon_core.event_handler.log_command:Invoking command in '/home/jetson/slash_ws/build/vesc_ackermann': CMAKE_PREFIX_PATH=/home/jetson/slash_ws/install/vesc_msgs:/home/jetson/slash_ws/install/vesc:/home/jetson/slash_ws/install/vesc_driver:/home/jetson/slash_ws/install/vesc_ackermann:/home/jetson/slash_ws/install/teleop_tools:/home/jetson/slash_ws/install/teleop_tools_msgs:/home/jetson/slash_ws/install/teb_local_planner:/home/jetson/slash_ws/install/teb_msgs:/home/jetson/slash_ws/install/slash_nav2:/home/jetson/slash_ws/install/simple_mpc:/home/jetson/slash_ws/install/pointcloud_to_laserscan:/home/jetson/slash_ws/install/fast_lio:/home/jetson/slash_ws/install/livox_ros_driver2:/home/jetson/slash_ws/install/linefit_ground_segmentation_ros:/home/jetson/slash_ws/install/linefit_ground_segmentation:/home/jetson/slash_ws/install/costmap_converter:/home/jetson/slash_ws/install/costmap_converter_msgs:/home/jetson/slash_ws/install/ackermann_mux:/home/jetson/slash_ws/install/f1tenth_stack:/home/jetson/slash_ws/install/twist_to_ackermann:/home/jetson/slash_ws/install/joy_teleop:/home/jetson/slash_ws/install/roboracer_china_2025:/home/jetson/slash_ws/install/mouse_teleop:/home/jetson/slash_ws/install/key_teleop:/opt/ros/foxy LD_LIBRARY_PATH=/home/jetson/slash_ws/install/vesc_msgs/lib:/usr/local/cuda/lib64:/usr/local/cuda/lib64:/usr/local/cuda/lib64:/usr/local/cuda/lib64:/usr/local/cuda-11.4/lib64:/usr/local/cuda/lib64:/usr/local/cuda/lib64:/usr/local/cuda/lib64:/usr/local/cuda/lib64:/home/jetson/slash_ws/install/vesc_driver/lib:/home/jetson/slash_ws/install/vesc_ackermann/lib:/home/jetson/slash_ws/install/teleop_tools_msgs/lib:/home/jetson/slash_ws/install/teb_local_planner/lib:/home/jetson/slash_ws/install/teb_msgs/lib:/home/jetson/slash_ws/install/pointcloud_to_laserscan/lib:/home/jetson/slash_ws/install/fast_lio/lib:/home/jetson/slash_ws/install/livox_ros_driver2/lib:/home/jetson/slash_ws/install/linefit_ground_segmentation/lib:/home/jetson/slash_ws/install/costmap_converter/lib:/home/jetson/slash_ws/install/costmap_converter_msgs/lib:/usr/lib/aarch64-linux-gnu/gazebo-11/plugins:/opt/ros/foxy/opt/yaml_cpp_vendor/lib:/opt/ros/foxy/opt/rviz_ogre_vendor/lib:/opt/ros/foxy/lib/aarch64-linux-gnu:/opt/ros/foxy/lib:/usr/local/cuda-11.4/lib64 PYTHONPATH=/home/jetson/slash_ws/install/vesc_msgs/lib/python3.8/site-packages:/home/jetson/slash_ws/install/f1tenth_stack/lib/python3.8/site-packages:/home/jetson/slash_ws/install/twist_to_ackermann/lib/python3.8/site-packages:/home/jetson/slash_ws/install/joy_teleop/lib/python3.8/site-packages:/home/jetson/slash_ws/install/teleop_tools_msgs/lib/python3.8/site-packages:/home/jetson/slash_ws/install/teb_msgs/lib/python3.8/site-packages:/home/jetson/slash_ws/install/roboracer_china_2025/lib/python3.8/site-packages:/home/jetson/slash_ws/install/mouse_teleop/lib/python3.8/site-packages:/home/jetson/slash_ws/install/fast_lio/lib/python3.8/site-packages:/home/jetson/slash_ws/install/livox_ros_driver2/lib/python3.8/site-packages:/home/jetson/slash_ws/install/key_teleop/lib/python3.8/site-packages:/home/jetson/slash_ws/install/costmap_converter_msgs/lib/python3.8/site-packages:/opt/ros/foxy/lib/python3.8/site-packages /usr/bin/cmake --build /home/jetson/slash_ws/build/vesc_ackermann -- -j8 -l8
[5.331s] DEBUG:colcon.colcon_core.event_handler.log_command:Invoking command in '/home/jetson/slash_ws/build/vesc_driver': CMAKE_PREFIX_PATH=/home/jetson/slash_ws/install/vesc_msgs:/home/jetson/slash_ws/install/vesc:/home/jetson/slash_ws/install/vesc_driver:/home/jetson/slash_ws/install/vesc_ackermann:/home/jetson/slash_ws/install/teleop_tools:/home/jetson/slash_ws/install/teleop_tools_msgs:/home/jetson/slash_ws/install/teb_local_planner:/home/jetson/slash_ws/install/teb_msgs:/home/jetson/slash_ws/install/slash_nav2:/home/jetson/slash_ws/install/simple_mpc:/home/jetson/slash_ws/install/pointcloud_to_laserscan:/home/jetson/slash_ws/install/fast_lio:/home/jetson/slash_ws/install/livox_ros_driver2:/home/jetson/slash_ws/install/linefit_ground_segmentation_ros:/home/jetson/slash_ws/install/linefit_ground_segmentation:/home/jetson/slash_ws/install/costmap_converter:/home/jetson/slash_ws/install/costmap_converter_msgs:/home/jetson/slash_ws/install/ackermann_mux:/home/jetson/slash_ws/install/f1tenth_stack:/home/jetson/slash_ws/install/twist_to_ackermann:/home/jetson/slash_ws/install/joy_teleop:/home/jetson/slash_ws/install/roboracer_china_2025:/home/jetson/slash_ws/install/mouse_teleop:/home/jetson/slash_ws/install/key_teleop:/opt/ros/foxy LD_LIBRARY_PATH=/home/jetson/slash_ws/install/vesc_msgs/lib:/usr/local/cuda/lib64:/usr/local/cuda/lib64:/usr/local/cuda/lib64:/usr/local/cuda/lib64:/usr/local/cuda-11.4/lib64:/usr/local/cuda/lib64:/usr/local/cuda/lib64:/usr/local/cuda/lib64:/usr/local/cuda/lib64:/home/jetson/slash_ws/install/vesc_driver/lib:/home/jetson/slash_ws/install/vesc_ackermann/lib:/home/jetson/slash_ws/install/teleop_tools_msgs/lib:/home/jetson/slash_ws/install/teb_local_planner/lib:/home/jetson/slash_ws/install/teb_msgs/lib:/home/jetson/slash_ws/install/pointcloud_to_laserscan/lib:/home/jetson/slash_ws/install/fast_lio/lib:/home/jetson/slash_ws/install/livox_ros_driver2/lib:/home/jetson/slash_ws/install/linefit_ground_segmentation/lib:/home/jetson/slash_ws/install/costmap_converter/lib:/home/jetson/slash_ws/install/costmap_converter_msgs/lib:/usr/lib/aarch64-linux-gnu/gazebo-11/plugins:/opt/ros/foxy/opt/yaml_cpp_vendor/lib:/opt/ros/foxy/opt/rviz_ogre_vendor/lib:/opt/ros/foxy/lib/aarch64-linux-gnu:/opt/ros/foxy/lib:/usr/local/cuda-11.4/lib64 PYTHONPATH=/home/jetson/slash_ws/install/vesc_msgs/lib/python3.8/site-packages:/home/jetson/slash_ws/install/f1tenth_stack/lib/python3.8/site-packages:/home/jetson/slash_ws/install/twist_to_ackermann/lib/python3.8/site-packages:/home/jetson/slash_ws/install/joy_teleop/lib/python3.8/site-packages:/home/jetson/slash_ws/install/teleop_tools_msgs/lib/python3.8/site-packages:/home/jetson/slash_ws/install/teb_msgs/lib/python3.8/site-packages:/home/jetson/slash_ws/install/roboracer_china_2025/lib/python3.8/site-packages:/home/jetson/slash_ws/install/mouse_teleop/lib/python3.8/site-packages:/home/jetson/slash_ws/install/fast_lio/lib/python3.8/site-packages:/home/jetson/slash_ws/install/livox_ros_driver2/lib/python3.8/site-packages:/home/jetson/slash_ws/install/key_teleop/lib/python3.8/site-packages:/home/jetson/slash_ws/install/costmap_converter_msgs/lib/python3.8/site-packages:/opt/ros/foxy/lib/python3.8/site-packages /usr/bin/cmake --build /home/jetson/slash_ws/build/vesc_driver -- -j8 -l8
[5.343s] DEBUG:colcon.colcon_core.event_handler.log_command:Invoked command in '/home/jetson/slash_ws/build/costmap_converter' returned '0': CMAKE_PREFIX_PATH=/home/jetson/slash_ws/install/costmap_converter_msgs:/home/jetson/slash_ws/install/vesc:/home/jetson/slash_ws/install/vesc_driver:/home/jetson/slash_ws/install/vesc_ackermann:/home/jetson/slash_ws/install/vesc_msgs:/home/jetson/slash_ws/install/teleop_tools:/home/jetson/slash_ws/install/teleop_tools_msgs:/home/jetson/slash_ws/install/teb_local_planner:/home/jetson/slash_ws/install/teb_msgs:/home/jetson/slash_ws/install/slash_nav2:/home/jetson/slash_ws/install/simple_mpc:/home/jetson/slash_ws/install/pointcloud_to_laserscan:/home/jetson/slash_ws/install/fast_lio:/home/jetson/slash_ws/install/livox_ros_driver2:/home/jetson/slash_ws/install/linefit_ground_segmentation_ros:/home/jetson/slash_ws/install/linefit_ground_segmentation:/home/jetson/slash_ws/install/costmap_converter:/home/jetson/slash_ws/install/ackermann_mux:/home/jetson/slash_ws/install/f1tenth_stack:/home/jetson/slash_ws/install/twist_to_ackermann:/home/jetson/slash_ws/install/joy_teleop:/home/jetson/slash_ws/install/roboracer_china_2025:/home/jetson/slash_ws/install/mouse_teleop:/home/jetson/slash_ws/install/key_teleop:/opt/ros/foxy LD_LIBRARY_PATH=/home/jetson/slash_ws/install/costmap_converter_msgs/lib:/usr/local/cuda/lib64:/usr/local/cuda/lib64:/usr/local/cuda/lib64:/usr/local/cuda/lib64:/usr/local/cuda-11.4/lib64:/usr/local/cuda/lib64:/usr/local/cuda/lib64:/usr/local/cuda/lib64:/usr/local/cuda/lib64:/home/jetson/slash_ws/install/vesc_driver/lib:/home/jetson/slash_ws/install/vesc_ackermann/lib:/home/jetson/slash_ws/install/vesc_msgs/lib:/home/jetson/slash_ws/install/teleop_tools_msgs/lib:/home/jetson/slash_ws/install/teb_local_planner/lib:/home/jetson/slash_ws/install/teb_msgs/lib:/home/jetson/slash_ws/install/pointcloud_to_laserscan/lib:/home/jetson/slash_ws/install/fast_lio/lib:/home/jetson/slash_ws/install/livox_ros_driver2/lib:/home/jetson/slash_ws/install/linefit_ground_segmentation/lib:/home/jetson/slash_ws/install/costmap_converter/lib:/usr/lib/aarch64-linux-gnu/gazebo-11/plugins:/opt/ros/foxy/opt/yaml_cpp_vendor/lib:/opt/ros/foxy/opt/rviz_ogre_vendor/lib:/opt/ros/foxy/lib/aarch64-linux-gnu:/opt/ros/foxy/lib:/usr/local/cuda-11.4/lib64 PYTHONPATH=/home/jetson/slash_ws/install/costmap_converter_msgs/lib/python3.8/site-packages:/home/jetson/slash_ws/install/f1tenth_stack/lib/python3.8/site-packages:/home/jetson/slash_ws/install/vesc_msgs/lib/python3.8/site-packages:/home/jetson/slash_ws/install/twist_to_ackermann/lib/python3.8/site-packages:/home/jetson/slash_ws/install/joy_teleop/lib/python3.8/site-packages:/home/jetson/slash_ws/install/teleop_tools_msgs/lib/python3.8/site-packages:/home/jetson/slash_ws/install/teb_msgs/lib/python3.8/site-packages:/home/jetson/slash_ws/install/roboracer_china_2025/lib/python3.8/site-packages:/home/jetson/slash_ws/install/mouse_teleop/lib/python3.8/site-packages:/home/jetson/slash_ws/install/fast_lio/lib/python3.8/site-packages:/home/jetson/slash_ws/install/livox_ros_driver2/lib/python3.8/site-packages:/home/jetson/slash_ws/install/key_teleop/lib/python3.8/site-packages:/opt/ros/foxy/lib/python3.8/site-packages /usr/bin/cmake --build /home/jetson/slash_ws/build/costmap_converter -- -j8 -l8
[5.352s] DEBUG:colcon.colcon_core.event_handler.log_command:Invoking command in '/home/jetson/slash_ws/build/costmap_converter': CMAKE_PREFIX_PATH=/home/jetson/slash_ws/install/costmap_converter_msgs:/home/jetson/slash_ws/install/vesc:/home/jetson/slash_ws/install/vesc_driver:/home/jetson/slash_ws/install/vesc_ackermann:/home/jetson/slash_ws/install/vesc_msgs:/home/jetson/slash_ws/install/teleop_tools:/home/jetson/slash_ws/install/teleop_tools_msgs:/home/jetson/slash_ws/install/teb_local_planner:/home/jetson/slash_ws/install/teb_msgs:/home/jetson/slash_ws/install/slash_nav2:/home/jetson/slash_ws/install/simple_mpc:/home/jetson/slash_ws/install/pointcloud_to_laserscan:/home/jetson/slash_ws/install/fast_lio:/home/jetson/slash_ws/install/livox_ros_driver2:/home/jetson/slash_ws/install/linefit_ground_segmentation_ros:/home/jetson/slash_ws/install/linefit_ground_segmentation:/home/jetson/slash_ws/install/costmap_converter:/home/jetson/slash_ws/install/ackermann_mux:/home/jetson/slash_ws/install/f1tenth_stack:/home/jetson/slash_ws/install/twist_to_ackermann:/home/jetson/slash_ws/install/joy_teleop:/home/jetson/slash_ws/install/roboracer_china_2025:/home/jetson/slash_ws/install/mouse_teleop:/home/jetson/slash_ws/install/key_teleop:/opt/ros/foxy LD_LIBRARY_PATH=/home/jetson/slash_ws/install/costmap_converter_msgs/lib:/usr/local/cuda/lib64:/usr/local/cuda/lib64:/usr/local/cuda/lib64:/usr/local/cuda/lib64:/usr/local/cuda-11.4/lib64:/usr/local/cuda/lib64:/usr/local/cuda/lib64:/usr/local/cuda/lib64:/usr/local/cuda/lib64:/home/jetson/slash_ws/install/vesc_driver/lib:/home/jetson/slash_ws/install/vesc_ackermann/lib:/home/jetson/slash_ws/install/vesc_msgs/lib:/home/jetson/slash_ws/install/teleop_tools_msgs/lib:/home/jetson/slash_ws/install/teb_local_planner/lib:/home/jetson/slash_ws/install/teb_msgs/lib:/home/jetson/slash_ws/install/pointcloud_to_laserscan/lib:/home/jetson/slash_ws/install/fast_lio/lib:/home/jetson/slash_ws/install/livox_ros_driver2/lib:/home/jetson/slash_ws/install/linefit_ground_segmentation/lib:/home/jetson/slash_ws/install/costmap_converter/lib:/usr/lib/aarch64-linux-gnu/gazebo-11/plugins:/opt/ros/foxy/opt/yaml_cpp_vendor/lib:/opt/ros/foxy/opt/rviz_ogre_vendor/lib:/opt/ros/foxy/lib/aarch64-linux-gnu:/opt/ros/foxy/lib:/usr/local/cuda-11.4/lib64 PYTHONPATH=/home/jetson/slash_ws/install/costmap_converter_msgs/lib/python3.8/site-packages:/home/jetson/slash_ws/install/f1tenth_stack/lib/python3.8/site-packages:/home/jetson/slash_ws/install/vesc_msgs/lib/python3.8/site-packages:/home/jetson/slash_ws/install/twist_to_ackermann/lib/python3.8/site-packages:/home/jetson/slash_ws/install/joy_teleop/lib/python3.8/site-packages:/home/jetson/slash_ws/install/teleop_tools_msgs/lib/python3.8/site-packages:/home/jetson/slash_ws/install/teb_msgs/lib/python3.8/site-packages:/home/jetson/slash_ws/install/roboracer_china_2025/lib/python3.8/site-packages:/home/jetson/slash_ws/install/mouse_teleop/lib/python3.8/site-packages:/home/jetson/slash_ws/install/fast_lio/lib/python3.8/site-packages:/home/jetson/slash_ws/install/livox_ros_driver2/lib/python3.8/site-packages:/home/jetson/slash_ws/install/key_teleop/lib/python3.8/site-packages:/opt/ros/foxy/lib/python3.8/site-packages /usr/bin/cmake --install /home/jetson/slash_ws/build/costmap_converter
[5.358s] DEBUG:colcon.colcon_core.event_handler.log_command:Invoked command in '/home/jetson/slash_ws/build/pointcloud_to_laserscan' returned '0': CMAKE_PREFIX_PATH=${CMAKE_PREFIX_PATH}:/home/jetson/slash_ws/install/f1tenth_stack:/home/jetson/slash_ws/install/twist_to_ackermann:/home/jetson/slash_ws/install/joy_teleop:/home/jetson/slash_ws/install/roboracer_china_2025:/home/jetson/slash_ws/install/mouse_teleop:/home/jetson/slash_ws/install/key_teleop:/opt/ros/foxy /usr/bin/cmake --build /home/jetson/slash_ws/build/pointcloud_to_laserscan -- -j8 -l8
[5.363s] DEBUG:colcon.colcon_core.event_handler.log_command:Invoking command in '/home/jetson/slash_ws/build/pointcloud_to_laserscan': CMAKE_PREFIX_PATH=${CMAKE_PREFIX_PATH}:/home/jetson/slash_ws/install/f1tenth_stack:/home/jetson/slash_ws/install/twist_to_ackermann:/home/jetson/slash_ws/install/joy_teleop:/home/jetson/slash_ws/install/roboracer_china_2025:/home/jetson/slash_ws/install/mouse_teleop:/home/jetson/slash_ws/install/key_teleop:/opt/ros/foxy /usr/bin/cmake --install /home/jetson/slash_ws/build/pointcloud_to_laserscan
[5.378s] DEBUG:colcon.colcon_core.event_handler.log_command:Invoked command in '/home/jetson/slash_ws/build/teb_msgs' returned '0': CMAKE_PREFIX_PATH=/home/jetson/slash_ws/install/costmap_converter_msgs:/home/jetson/slash_ws/install/vesc:/home/jetson/slash_ws/install/vesc_driver:/home/jetson/slash_ws/install/vesc_ackermann:/home/jetson/slash_ws/install/vesc_msgs:/home/jetson/slash_ws/install/teleop_tools:/home/jetson/slash_ws/install/teleop_tools_msgs:/home/jetson/slash_ws/install/teb_local_planner:/home/jetson/slash_ws/install/teb_msgs:/home/jetson/slash_ws/install/slash_nav2:/home/jetson/slash_ws/install/simple_mpc:/home/jetson/slash_ws/install/pointcloud_to_laserscan:/home/jetson/slash_ws/install/fast_lio:/home/jetson/slash_ws/install/livox_ros_driver2:/home/jetson/slash_ws/install/linefit_ground_segmentation_ros:/home/jetson/slash_ws/install/linefit_ground_segmentation:/home/jetson/slash_ws/install/costmap_converter:/home/jetson/slash_ws/install/ackermann_mux:/home/jetson/slash_ws/install/f1tenth_stack:/home/jetson/slash_ws/install/twist_to_ackermann:/home/jetson/slash_ws/install/joy_teleop:/home/jetson/slash_ws/install/roboracer_china_2025:/home/jetson/slash_ws/install/mouse_teleop:/home/jetson/slash_ws/install/key_teleop:/opt/ros/foxy LD_LIBRARY_PATH=/home/jetson/slash_ws/install/costmap_converter_msgs/lib:/usr/local/cuda/lib64:/usr/local/cuda/lib64:/usr/local/cuda/lib64:/usr/local/cuda/lib64:/usr/local/cuda-11.4/lib64:/usr/local/cuda/lib64:/usr/local/cuda/lib64:/usr/local/cuda/lib64:/usr/local/cuda/lib64:/home/jetson/slash_ws/install/vesc_driver/lib:/home/jetson/slash_ws/install/vesc_ackermann/lib:/home/jetson/slash_ws/install/vesc_msgs/lib:/home/jetson/slash_ws/install/teleop_tools_msgs/lib:/home/jetson/slash_ws/install/teb_local_planner/lib:/home/jetson/slash_ws/install/teb_msgs/lib:/home/jetson/slash_ws/install/pointcloud_to_laserscan/lib:/home/jetson/slash_ws/install/fast_lio/lib:/home/jetson/slash_ws/install/livox_ros_driver2/lib:/home/jetson/slash_ws/install/linefit_ground_segmentation/lib:/home/jetson/slash_ws/install/costmap_converter/lib:/usr/lib/aarch64-linux-gnu/gazebo-11/plugins:/opt/ros/foxy/opt/yaml_cpp_vendor/lib:/opt/ros/foxy/opt/rviz_ogre_vendor/lib:/opt/ros/foxy/lib/aarch64-linux-gnu:/opt/ros/foxy/lib:/usr/local/cuda-11.4/lib64 PYTHONPATH=/home/jetson/slash_ws/install/costmap_converter_msgs/lib/python3.8/site-packages:/home/jetson/slash_ws/install/f1tenth_stack/lib/python3.8/site-packages:/home/jetson/slash_ws/install/vesc_msgs/lib/python3.8/site-packages:/home/jetson/slash_ws/install/twist_to_ackermann/lib/python3.8/site-packages:/home/jetson/slash_ws/install/joy_teleop/lib/python3.8/site-packages:/home/jetson/slash_ws/install/teleop_tools_msgs/lib/python3.8/site-packages:/home/jetson/slash_ws/install/teb_msgs/lib/python3.8/site-packages:/home/jetson/slash_ws/install/roboracer_china_2025/lib/python3.8/site-packages:/home/jetson/slash_ws/install/mouse_teleop/lib/python3.8/site-packages:/home/jetson/slash_ws/install/fast_lio/lib/python3.8/site-packages:/home/jetson/slash_ws/install/livox_ros_driver2/lib/python3.8/site-packages:/home/jetson/slash_ws/install/key_teleop/lib/python3.8/site-packages:/opt/ros/foxy/lib/python3.8/site-packages /usr/bin/cmake --build /home/jetson/slash_ws/build/teb_msgs -- -j8 -l8
[5.391s] DEBUG:colcon.colcon_core.event_handler.log_command:Invoking command in '/home/jetson/slash_ws/build/teb_msgs': CMAKE_PREFIX_PATH=/home/jetson/slash_ws/install/costmap_converter_msgs:/home/jetson/slash_ws/install/vesc:/home/jetson/slash_ws/install/vesc_driver:/home/jetson/slash_ws/install/vesc_ackermann:/home/jetson/slash_ws/install/vesc_msgs:/home/jetson/slash_ws/install/teleop_tools:/home/jetson/slash_ws/install/teleop_tools_msgs:/home/jetson/slash_ws/install/teb_local_planner:/home/jetson/slash_ws/install/teb_msgs:/home/jetson/slash_ws/install/slash_nav2:/home/jetson/slash_ws/install/simple_mpc:/home/jetson/slash_ws/install/pointcloud_to_laserscan:/home/jetson/slash_ws/install/fast_lio:/home/jetson/slash_ws/install/livox_ros_driver2:/home/jetson/slash_ws/install/linefit_ground_segmentation_ros:/home/jetson/slash_ws/install/linefit_ground_segmentation:/home/jetson/slash_ws/install/costmap_converter:/home/jetson/slash_ws/install/ackermann_mux:/home/jetson/slash_ws/install/f1tenth_stack:/home/jetson/slash_ws/install/twist_to_ackermann:/home/jetson/slash_ws/install/joy_teleop:/home/jetson/slash_ws/install/roboracer_china_2025:/home/jetson/slash_ws/install/mouse_teleop:/home/jetson/slash_ws/install/key_teleop:/opt/ros/foxy LD_LIBRARY_PATH=/home/jetson/slash_ws/install/costmap_converter_msgs/lib:/usr/local/cuda/lib64:/usr/local/cuda/lib64:/usr/local/cuda/lib64:/usr/local/cuda/lib64:/usr/local/cuda-11.4/lib64:/usr/local/cuda/lib64:/usr/local/cuda/lib64:/usr/local/cuda/lib64:/usr/local/cuda/lib64:/home/jetson/slash_ws/install/vesc_driver/lib:/home/jetson/slash_ws/install/vesc_ackermann/lib:/home/jetson/slash_ws/install/vesc_msgs/lib:/home/jetson/slash_ws/install/teleop_tools_msgs/lib:/home/jetson/slash_ws/install/teb_local_planner/lib:/home/jetson/slash_ws/install/teb_msgs/lib:/home/jetson/slash_ws/install/pointcloud_to_laserscan/lib:/home/jetson/slash_ws/install/fast_lio/lib:/home/jetson/slash_ws/install/livox_ros_driver2/lib:/home/jetson/slash_ws/install/linefit_ground_segmentation/lib:/home/jetson/slash_ws/install/costmap_converter/lib:/usr/lib/aarch64-linux-gnu/gazebo-11/plugins:/opt/ros/foxy/opt/yaml_cpp_vendor/lib:/opt/ros/foxy/opt/rviz_ogre_vendor/lib:/opt/ros/foxy/lib/aarch64-linux-gnu:/opt/ros/foxy/lib:/usr/local/cuda-11.4/lib64 PYTHONPATH=/home/jetson/slash_ws/install/costmap_converter_msgs/lib/python3.8/site-packages:/home/jetson/slash_ws/install/f1tenth_stack/lib/python3.8/site-packages:/home/jetson/slash_ws/install/vesc_msgs/lib/python3.8/site-packages:/home/jetson/slash_ws/install/twist_to_ackermann/lib/python3.8/site-packages:/home/jetson/slash_ws/install/joy_teleop/lib/python3.8/site-packages:/home/jetson/slash_ws/install/teleop_tools_msgs/lib/python3.8/site-packages:/home/jetson/slash_ws/install/teb_msgs/lib/python3.8/site-packages:/home/jetson/slash_ws/install/roboracer_china_2025/lib/python3.8/site-packages:/home/jetson/slash_ws/install/mouse_teleop/lib/python3.8/site-packages:/home/jetson/slash_ws/install/fast_lio/lib/python3.8/site-packages:/home/jetson/slash_ws/install/livox_ros_driver2/lib/python3.8/site-packages:/home/jetson/slash_ws/install/key_teleop/lib/python3.8/site-packages:/opt/ros/foxy/lib/python3.8/site-packages /usr/bin/cmake --install /home/jetson/slash_ws/build/teb_msgs
[5.419s] DEBUG:colcon.colcon_core.event_handler.log_command:Invoking command in '/home/jetson/slash_ws/src/slash_hardware/f1tenth_system/teleop_tools/key_teleop': PYTHONPATH=/home/jetson/slash_ws/build/key_teleop/prefix_override:/usr/lib/python3/dist-packages/colcon_core/task/python/colcon_distutils_commands:/home/jetson/slash_ws/install/key_teleop/lib/python3.8/site-packages:${PYTHONPATH} /usr/bin/python3 -W ignore:setup.py install is deprecated -W ignore:easy_install command is deprecated setup.py egg_info --egg-base ../../../../../build/key_teleop build --build-base /home/jetson/slash_ws/build/key_teleop/build install --record /home/jetson/slash_ws/build/key_teleop/install.log --single-version-externally-managed install_data
[5.508s] DEBUG:colcon.colcon_core.event_handler.log_command:Invoking command in '/home/jetson/slash_ws/src/slash_hardware/f1tenth_system/teleop_tools/mouse_teleop': PYTHONPATH=/home/jetson/slash_ws/build/mouse_teleop/prefix_override:/usr/lib/python3/dist-packages/colcon_core/task/python/colcon_distutils_commands:/home/jetson/slash_ws/install/mouse_teleop/lib/python3.8/site-packages:${PYTHONPATH} /usr/bin/python3 -W ignore:setup.py install is deprecated -W ignore:easy_install command is deprecated setup.py egg_info --egg-base ../../../../../build/mouse_teleop build --build-base /home/jetson/slash_ws/build/mouse_teleop/build install --record /home/jetson/slash_ws/build/mouse_teleop/install.log --single-version-externally-managed install_data
[5.509s] Level 1:colcon.colcon_core.environment:create_environment_scripts_only(costmap_converter)
[5.511s] Level 1:colcon.colcon_core.environment:checking '/home/jetson/slash_ws/install/costmap_converter' for CMake module files
[5.512s] Level 1:colcon.colcon_core.environment:checking '/home/jetson/slash_ws/install/costmap_converter' for CMake config files
[5.512s] Level 1:colcon.colcon_core.shell:create_environment_hook('costmap_converter', 'cmake_prefix_path')
[5.513s] INFO:colcon.colcon_core.shell:Creating environment hook '/home/jetson/slash_ws/install/costmap_converter/share/costmap_converter/hook/cmake_prefix_path.ps1'
[5.515s] INFO:colcon.colcon_core.shell:Creating environment descriptor '/home/jetson/slash_ws/install/costmap_converter/share/costmap_converter/hook/cmake_prefix_path.dsv'
[5.516s] INFO:colcon.colcon_core.shell:Creating environment hook '/home/jetson/slash_ws/install/costmap_converter/share/costmap_converter/hook/cmake_prefix_path.sh'
[5.520s] Level 1:colcon.colcon_core.environment:checking '/home/jetson/slash_ws/install/costmap_converter/lib'
[5.520s] Level 1:colcon.colcon_core.shell:create_environment_hook('costmap_converter', 'ld_library_path_lib')
[5.521s] INFO:colcon.colcon_core.shell:Creating environment hook '/home/jetson/slash_ws/install/costmap_converter/share/costmap_converter/hook/ld_library_path_lib.ps1'
[5.524s] DEBUG:colcon.colcon_core.event_handler.log_command:Invoked command in '/home/jetson/slash_ws/build/costmap_converter' returned '0': CMAKE_PREFIX_PATH=/home/jetson/slash_ws/install/costmap_converter_msgs:/home/jetson/slash_ws/install/vesc:/home/jetson/slash_ws/install/vesc_driver:/home/jetson/slash_ws/install/vesc_ackermann:/home/jetson/slash_ws/install/vesc_msgs:/home/jetson/slash_ws/install/teleop_tools:/home/jetson/slash_ws/install/teleop_tools_msgs:/home/jetson/slash_ws/install/teb_local_planner:/home/jetson/slash_ws/install/teb_msgs:/home/jetson/slash_ws/install/slash_nav2:/home/jetson/slash_ws/install/simple_mpc:/home/jetson/slash_ws/install/pointcloud_to_laserscan:/home/jetson/slash_ws/install/fast_lio:/home/jetson/slash_ws/install/livox_ros_driver2:/home/jetson/slash_ws/install/linefit_ground_segmentation_ros:/home/jetson/slash_ws/install/linefit_ground_segmentation:/home/jetson/slash_ws/install/costmap_converter:/home/jetson/slash_ws/install/ackermann_mux:/home/jetson/slash_ws/install/f1tenth_stack:/home/jetson/slash_ws/install/twist_to_ackermann:/home/jetson/slash_ws/install/joy_teleop:/home/jetson/slash_ws/install/roboracer_china_2025:/home/jetson/slash_ws/install/mouse_teleop:/home/jetson/slash_ws/install/key_teleop:/opt/ros/foxy LD_LIBRARY_PATH=/home/jetson/slash_ws/install/costmap_converter_msgs/lib:/usr/local/cuda/lib64:/usr/local/cuda/lib64:/usr/local/cuda/lib64:/usr/local/cuda/lib64:/usr/local/cuda-11.4/lib64:/usr/local/cuda/lib64:/usr/local/cuda/lib64:/usr/local/cuda/lib64:/usr/local/cuda/lib64:/home/jetson/slash_ws/install/vesc_driver/lib:/home/jetson/slash_ws/install/vesc_ackermann/lib:/home/jetson/slash_ws/install/vesc_msgs/lib:/home/jetson/slash_ws/install/teleop_tools_msgs/lib:/home/jetson/slash_ws/install/teb_local_planner/lib:/home/jetson/slash_ws/install/teb_msgs/lib:/home/jetson/slash_ws/install/pointcloud_to_laserscan/lib:/home/jetson/slash_ws/install/fast_lio/lib:/home/jetson/slash_ws/install/livox_ros_driver2/lib:/home/jetson/slash_ws/install/linefit_ground_segmentation/lib:/home/jetson/slash_ws/install/costmap_converter/lib:/usr/lib/aarch64-linux-gnu/gazebo-11/plugins:/opt/ros/foxy/opt/yaml_cpp_vendor/lib:/opt/ros/foxy/opt/rviz_ogre_vendor/lib:/opt/ros/foxy/lib/aarch64-linux-gnu:/opt/ros/foxy/lib:/usr/local/cuda-11.4/lib64 PYTHONPATH=/home/jetson/slash_ws/install/costmap_converter_msgs/lib/python3.8/site-packages:/home/jetson/slash_ws/install/f1tenth_stack/lib/python3.8/site-packages:/home/jetson/slash_ws/install/vesc_msgs/lib/python3.8/site-packages:/home/jetson/slash_ws/install/twist_to_ackermann/lib/python3.8/site-packages:/home/jetson/slash_ws/install/joy_teleop/lib/python3.8/site-packages:/home/jetson/slash_ws/install/teleop_tools_msgs/lib/python3.8/site-packages:/home/jetson/slash_ws/install/teb_msgs/lib/python3.8/site-packages:/home/jetson/slash_ws/install/roboracer_china_2025/lib/python3.8/site-packages:/home/jetson/slash_ws/install/mouse_teleop/lib/python3.8/site-packages:/home/jetson/slash_ws/install/fast_lio/lib/python3.8/site-packages:/home/jetson/slash_ws/install/livox_ros_driver2/lib/python3.8/site-packages:/home/jetson/slash_ws/install/key_teleop/lib/python3.8/site-packages:/opt/ros/foxy/lib/python3.8/site-packages /usr/bin/cmake --install /home/jetson/slash_ws/build/costmap_converter
[5.527s] INFO:colcon.colcon_core.shell:Creating environment descriptor '/home/jetson/slash_ws/install/costmap_converter/share/costmap_converter/hook/ld_library_path_lib.dsv'
[5.534s] INFO:colcon.colcon_core.shell:Creating environment hook '/home/jetson/slash_ws/install/costmap_converter/share/costmap_converter/hook/ld_library_path_lib.sh'
[5.543s] Level 1:colcon.colcon_core.environment:checking '/home/jetson/slash_ws/install/costmap_converter/bin'
[5.544s] Level 1:colcon.colcon_core.shell:create_environment_hook('costmap_converter', 'path')
[5.544s] INFO:colcon.colcon_core.shell:Creating environment hook '/home/jetson/slash_ws/install/costmap_converter/share/costmap_converter/hook/path.ps1'
[5.547s] INFO:colcon.colcon_core.shell:Creating environment descriptor '/home/jetson/slash_ws/install/costmap_converter/share/costmap_converter/hook/path.dsv'
[5.552s] INFO:colcon.colcon_core.shell:Creating environment hook '/home/jetson/slash_ws/install/costmap_converter/share/costmap_converter/hook/path.sh'
[5.555s] Level 1:colcon.colcon_core.environment:checking '/home/jetson/slash_ws/install/costmap_converter/lib/pkgconfig/costmap_converter.pc'
[5.556s] Level 1:colcon.colcon_core.environment:checking '/home/jetson/slash_ws/install/costmap_converter/lib/python3.8/site-packages'
[5.556s] Level 1:colcon.colcon_core.environment:checking '/home/jetson/slash_ws/install/costmap_converter/bin'
[5.557s] Level 1:colcon.colcon_core.shell:create_environment_hook('costmap_converter', 'pythonscriptspath')
[5.557s] INFO:colcon.colcon_core.shell:Creating environment hook '/home/jetson/slash_ws/install/costmap_converter/share/costmap_converter/hook/pythonscriptspath.ps1'
[5.558s] INFO:colcon.colcon_core.shell:Creating environment descriptor '/home/jetson/slash_ws/install/costmap_converter/share/costmap_converter/hook/pythonscriptspath.dsv'
[5.560s] INFO:colcon.colcon_core.shell:Creating environment hook '/home/jetson/slash_ws/install/costmap_converter/share/costmap_converter/hook/pythonscriptspath.sh'
[5.562s] INFO:colcon.colcon_core.shell:Creating package script '/home/jetson/slash_ws/install/costmap_converter/share/costmap_converter/package.ps1'
[5.565s] INFO:colcon.colcon_core.shell:Creating package descriptor '/home/jetson/slash_ws/install/costmap_converter/share/costmap_converter/package.dsv'
[5.566s] INFO:colcon.colcon_core.shell:Creating package script '/home/jetson/slash_ws/install/costmap_converter/share/costmap_converter/package.sh'
[5.568s] INFO:colcon.colcon_core.shell:Creating package script '/home/jetson/slash_ws/install/costmap_converter/share/costmap_converter/package.bash'
[5.568s] INFO:colcon.colcon_core.shell:Creating package script '/home/jetson/slash_ws/install/costmap_converter/share/costmap_converter/package.zsh'
[5.569s] Level 1:colcon.colcon_core.environment:create_file_with_runtime_dependencies(/home/jetson/slash_ws/install/costmap_converter/share/colcon-core/packages/costmap_converter)
[5.571s] Level 1:colcon.colcon_core.environment:create_environment_scripts_only(costmap_converter)
[5.572s] Level 1:colcon.colcon_core.environment:checking '/home/jetson/slash_ws/install/costmap_converter' for CMake module files
[5.573s] Level 1:colcon.colcon_core.environment:checking '/home/jetson/slash_ws/install/costmap_converter' for CMake config files
[5.573s] Level 1:colcon.colcon_core.shell:create_environment_hook('costmap_converter', 'cmake_prefix_path')
[5.574s] INFO:colcon.colcon_core.shell:Creating environment hook '/home/jetson/slash_ws/install/costmap_converter/share/costmap_converter/hook/cmake_prefix_path.ps1'
[5.575s] INFO:colcon.colcon_core.shell:Creating environment descriptor '/home/jetson/slash_ws/install/costmap_converter/share/costmap_converter/hook/cmake_prefix_path.dsv'
[5.576s] INFO:colcon.colcon_core.shell:Creating environment hook '/home/jetson/slash_ws/install/costmap_converter/share/costmap_converter/hook/cmake_prefix_path.sh'
[5.578s] Level 1:colcon.colcon_core.environment:checking '/home/jetson/slash_ws/install/costmap_converter/lib'
[5.578s] Level 1:colcon.colcon_core.shell:create_environment_hook('costmap_converter', 'ld_library_path_lib')
[5.579s] INFO:colcon.colcon_core.shell:Creating environment hook '/home/jetson/slash_ws/install/costmap_converter/share/costmap_converter/hook/ld_library_path_lib.ps1'
[5.582s] INFO:colcon.colcon_core.shell:Creating environment descriptor '/home/jetson/slash_ws/install/costmap_converter/share/costmap_converter/hook/ld_library_path_lib.dsv'
[5.584s] INFO:colcon.colcon_core.shell:Creating environment hook '/home/jetson/slash_ws/install/costmap_converter/share/costmap_converter/hook/ld_library_path_lib.sh'
[5.585s] Level 1:colcon.colcon_core.environment:checking '/home/jetson/slash_ws/install/costmap_converter/bin'
[5.586s] Level 1:colcon.colcon_core.shell:create_environment_hook('costmap_converter', 'path')
[5.586s] INFO:colcon.colcon_core.shell:Creating environment hook '/home/jetson/slash_ws/install/costmap_converter/share/costmap_converter/hook/path.ps1'
[5.588s] INFO:colcon.colcon_core.shell:Creating environment descriptor '/home/jetson/slash_ws/install/costmap_converter/share/costmap_converter/hook/path.dsv'
[5.588s] INFO:colcon.colcon_core.shell:Creating environment hook '/home/jetson/slash_ws/install/costmap_converter/share/costmap_converter/hook/path.sh'
[5.590s] Level 1:colcon.colcon_core.environment:checking '/home/jetson/slash_ws/install/costmap_converter/lib/pkgconfig/costmap_converter.pc'
[5.590s] Level 1:colcon.colcon_core.environment:checking '/home/jetson/slash_ws/install/costmap_converter/lib/python3.8/site-packages'
[5.590s] Level 1:colcon.colcon_core.environment:checking '/home/jetson/slash_ws/install/costmap_converter/bin'
[5.591s] Level 1:colcon.colcon_core.shell:create_environment_hook('costmap_converter', 'pythonscriptspath')
[5.591s] INFO:colcon.colcon_core.shell:Creating environment hook '/home/jetson/slash_ws/install/costmap_converter/share/costmap_converter/hook/pythonscriptspath.ps1'
[5.593s] INFO:colcon.colcon_core.shell:Creating environment descriptor '/home/jetson/slash_ws/install/costmap_converter/share/costmap_converter/hook/pythonscriptspath.dsv'
[5.595s] INFO:colcon.colcon_core.shell:Creating environment hook '/home/jetson/slash_ws/install/costmap_converter/share/costmap_converter/hook/pythonscriptspath.sh'
[5.597s] INFO:colcon.colcon_core.shell:Creating package script '/home/jetson/slash_ws/install/costmap_converter/share/costmap_converter/package.ps1'
[5.599s] INFO:colcon.colcon_core.shell:Creating package descriptor '/home/jetson/slash_ws/install/costmap_converter/share/costmap_converter/package.dsv'
[5.601s] INFO:colcon.colcon_core.shell:Creating package script '/home/jetson/slash_ws/install/costmap_converter/share/costmap_converter/package.sh'
[5.603s] INFO:colcon.colcon_core.shell:Creating package script '/home/jetson/slash_ws/install/costmap_converter/share/costmap_converter/package.bash'
[5.606s] INFO:colcon.colcon_core.shell:Creating package script '/home/jetson/slash_ws/install/costmap_converter/share/costmap_converter/package.zsh'
[5.607s] Level 1:colcon.colcon_core.environment:create_file_with_runtime_dependencies(/home/jetson/slash_ws/install/costmap_converter/share/colcon-core/packages/costmap_converter)
[5.612s] INFO:colcon.colcon_ros.task.ament_python.build:Building ROS package in '/home/jetson/slash_ws/src/slash_navigation/roboracer_china_2025' with build type 'ament_python'
[5.613s] Level 1:colcon.colcon_core.shell:create_environment_hook('roboracer_china_2025', 'ament_prefix_path')
[5.614s] INFO:colcon.colcon_core.shell:Creating environment hook '/home/jetson/slash_ws/install/roboracer_china_2025/share/roboracer_china_2025/hook/ament_prefix_path.ps1'
[5.616s] INFO:colcon.colcon_core.shell:Creating environment descriptor '/home/jetson/slash_ws/install/roboracer_china_2025/share/roboracer_china_2025/hook/ament_prefix_path.dsv'
[5.617s] INFO:colcon.colcon_core.shell:Creating environment hook '/home/jetson/slash_ws/install/roboracer_china_2025/share/roboracer_china_2025/hook/ament_prefix_path.sh'
[5.619s] INFO:colcon.colcon_core.shell:Skip shell extension 'powershell' for command environment: Not usable outside of PowerShell
[5.619s] DEBUG:colcon.colcon_core.shell:Skip shell extension 'dsv' for command environment
[5.658s] Level 1:colcon.colcon_core.environment:create_environment_scripts_only(pointcloud_to_laserscan)
[5.659s] Level 1:colcon.colcon_core.environment:checking '/home/jetson/slash_ws/install/pointcloud_to_laserscan' for CMake module files
[5.663s] DEBUG:colcon.colcon_core.event_handler.log_command:Invoked command in '/home/jetson/slash_ws/build/pointcloud_to_laserscan' returned '0': CMAKE_PREFIX_PATH=${CMAKE_PREFIX_PATH}:/home/jetson/slash_ws/install/f1tenth_stack:/home/jetson/slash_ws/install/twist_to_ackermann:/home/jetson/slash_ws/install/joy_teleop:/home/jetson/slash_ws/install/roboracer_china_2025:/home/jetson/slash_ws/install/mouse_teleop:/home/jetson/slash_ws/install/key_teleop:/opt/ros/foxy /usr/bin/cmake --install /home/jetson/slash_ws/build/pointcloud_to_laserscan
[5.664s] Level 1:colcon.colcon_core.environment:checking '/home/jetson/slash_ws/install/pointcloud_to_laserscan' for CMake config files
[5.665s] Level 1:colcon.colcon_core.shell:create_environment_hook('pointcloud_to_laserscan', 'cmake_prefix_path')
[5.667s] INFO:colcon.colcon_core.shell:Creating environment hook '/home/jetson/slash_ws/install/pointcloud_to_laserscan/share/pointcloud_to_laserscan/hook/cmake_prefix_path.ps1'
[5.669s] INFO:colcon.colcon_core.shell:Creating environment descriptor '/home/jetson/slash_ws/install/pointcloud_to_laserscan/share/pointcloud_to_laserscan/hook/cmake_prefix_path.dsv'
[5.671s] INFO:colcon.colcon_core.shell:Creating environment hook '/home/jetson/slash_ws/install/pointcloud_to_laserscan/share/pointcloud_to_laserscan/hook/cmake_prefix_path.sh'
[5.674s] Level 1:colcon.colcon_core.environment:checking '/home/jetson/slash_ws/install/pointcloud_to_laserscan/lib'
[5.675s] Level 1:colcon.colcon_core.shell:create_environment_hook('pointcloud_to_laserscan', 'ld_library_path_lib')
[5.676s] INFO:colcon.colcon_core.shell:Creating environment hook '/home/jetson/slash_ws/install/pointcloud_to_laserscan/share/pointcloud_to_laserscan/hook/ld_library_path_lib.ps1'
[5.678s] INFO:colcon.colcon_core.shell:Creating environment descriptor '/home/jetson/slash_ws/install/pointcloud_to_laserscan/share/pointcloud_to_laserscan/hook/ld_library_path_lib.dsv'
[5.679s] INFO:colcon.colcon_core.shell:Creating environment hook '/home/jetson/slash_ws/install/pointcloud_to_laserscan/share/pointcloud_to_laserscan/hook/ld_library_path_lib.sh'
[5.680s] Level 1:colcon.colcon_core.environment:checking '/home/jetson/slash_ws/install/pointcloud_to_laserscan/bin'
[5.681s] Level 1:colcon.colcon_core.environment:checking '/home/jetson/slash_ws/install/pointcloud_to_laserscan/lib/pkgconfig/pointcloud_to_laserscan.pc'
[5.681s] Level 1:colcon.colcon_core.environment:checking '/home/jetson/slash_ws/install/pointcloud_to_laserscan/lib/python3.8/site-packages'
[5.683s] Level 1:colcon.colcon_core.environment:checking '/home/jetson/slash_ws/install/pointcloud_to_laserscan/bin'
[5.684s] INFO:colcon.colcon_core.shell:Creating package script '/home/jetson/slash_ws/install/pointcloud_to_laserscan/share/pointcloud_to_laserscan/package.ps1'
[5.686s] INFO:colcon.colcon_core.shell:Creating package descriptor '/home/jetson/slash_ws/install/pointcloud_to_laserscan/share/pointcloud_to_laserscan/package.dsv'
[5.689s] INFO:colcon.colcon_core.shell:Creating package script '/home/jetson/slash_ws/install/pointcloud_to_laserscan/share/pointcloud_to_laserscan/package.sh'
[5.690s] INFO:colcon.colcon_core.shell:Creating package script '/home/jetson/slash_ws/install/pointcloud_to_laserscan/share/pointcloud_to_laserscan/package.bash'
[5.693s] INFO:colcon.colcon_core.shell:Creating package script '/home/jetson/slash_ws/install/pointcloud_to_laserscan/share/pointcloud_to_laserscan/package.zsh'
[5.695s] Level 1:colcon.colcon_core.environment:create_file_with_runtime_dependencies(/home/jetson/slash_ws/install/pointcloud_to_laserscan/share/colcon-core/packages/pointcloud_to_laserscan)
[5.697s] Level 1:colcon.colcon_core.environment:create_environment_scripts_only(pointcloud_to_laserscan)
[5.698s] Level 1:colcon.colcon_core.environment:checking '/home/jetson/slash_ws/install/pointcloud_to_laserscan' for CMake module files
[5.699s] Level 1:colcon.colcon_core.environment:checking '/home/jetson/slash_ws/install/pointcloud_to_laserscan' for CMake config files
[5.700s] Level 1:colcon.colcon_core.shell:create_environment_hook('pointcloud_to_laserscan', 'cmake_prefix_path')
[5.700s] INFO:colcon.colcon_core.shell:Creating environment hook '/home/jetson/slash_ws/install/pointcloud_to_laserscan/share/pointcloud_to_laserscan/hook/cmake_prefix_path.ps1'
[5.702s] INFO:colcon.colcon_core.shell:Creating environment descriptor '/home/jetson/slash_ws/install/pointcloud_to_laserscan/share/pointcloud_to_laserscan/hook/cmake_prefix_path.dsv'
[5.705s] INFO:colcon.colcon_core.shell:Creating environment hook '/home/jetson/slash_ws/install/pointcloud_to_laserscan/share/pointcloud_to_laserscan/hook/cmake_prefix_path.sh'
[5.707s] Level 1:colcon.colcon_core.environment:checking '/home/jetson/slash_ws/install/pointcloud_to_laserscan/lib'
[5.707s] Level 1:colcon.colcon_core.shell:create_environment_hook('pointcloud_to_laserscan', 'ld_library_path_lib')
[5.708s] INFO:colcon.colcon_core.shell:Creating environment hook '/home/jetson/slash_ws/install/pointcloud_to_laserscan/share/pointcloud_to_laserscan/hook/ld_library_path_lib.ps1'
[5.709s] INFO:colcon.colcon_core.shell:Creating environment descriptor '/home/jetson/slash_ws/install/pointcloud_to_laserscan/share/pointcloud_to_laserscan/hook/ld_library_path_lib.dsv'
[5.710s] INFO:colcon.colcon_core.shell:Creating environment hook '/home/jetson/slash_ws/install/pointcloud_to_laserscan/share/pointcloud_to_laserscan/hook/ld_library_path_lib.sh'
[5.712s] Level 1:colcon.colcon_core.environment:checking '/home/jetson/slash_ws/install/pointcloud_to_laserscan/bin'
[5.712s] Level 1:colcon.colcon_core.environment:checking '/home/jetson/slash_ws/install/pointcloud_to_laserscan/lib/pkgconfig/pointcloud_to_laserscan.pc'
[5.712s] Level 1:colcon.colcon_core.environment:checking '/home/jetson/slash_ws/install/pointcloud_to_laserscan/lib/python3.8/site-packages'
[5.713s] Level 1:colcon.colcon_core.environment:checking '/home/jetson/slash_ws/install/pointcloud_to_laserscan/bin'
[5.714s] INFO:colcon.colcon_core.shell:Creating package script '/home/jetson/slash_ws/install/pointcloud_to_laserscan/share/pointcloud_to_laserscan/package.ps1'
[5.716s] INFO:colcon.colcon_core.shell:Creating package descriptor '/home/jetson/slash_ws/install/pointcloud_to_laserscan/share/pointcloud_to_laserscan/package.dsv'
[5.718s] INFO:colcon.colcon_core.shell:Creating package script '/home/jetson/slash_ws/install/pointcloud_to_laserscan/share/pointcloud_to_laserscan/package.sh'
[5.720s] INFO:colcon.colcon_core.shell:Creating package script '/home/jetson/slash_ws/install/pointcloud_to_laserscan/share/pointcloud_to_laserscan/package.bash'
[5.721s] INFO:colcon.colcon_core.shell:Creating package script '/home/jetson/slash_ws/install/pointcloud_to_laserscan/share/pointcloud_to_laserscan/package.zsh'
[5.724s] Level 1:colcon.colcon_core.environment:create_file_with_runtime_dependencies(/home/jetson/slash_ws/install/pointcloud_to_laserscan/share/colcon-core/packages/pointcloud_to_laserscan)
[5.728s] INFO:colcon.colcon_ros.task.ament_cmake.build:Building ROS package in '/home/jetson/slash_ws/src/slash_controller/simple_mpc' with build type 'ament_cmake'
[5.729s] INFO:colcon.colcon_cmake.task.cmake.build:Building CMake package in '/home/jetson/slash_ws/src/slash_controller/simple_mpc'
[5.730s] INFO:colcon.colcon_core.shell:Skip shell extension 'powershell' for command environment: Not usable outside of PowerShell
[5.731s] DEBUG:colcon.colcon_core.shell:Skip shell extension 'dsv' for command environment
[5.765s] Level 1:colcon.colcon_core.environment:create_environment_scripts_only(teb_msgs)
[5.766s] Level 1:colcon.colcon_core.environment:checking '/home/jetson/slash_ws/install/teb_msgs' for CMake module files
[5.769s] Level 1:colcon.colcon_core.environment:checking '/home/jetson/slash_ws/install/teb_msgs' for CMake config files
[5.770s] Level 1:colcon.colcon_core.shell:create_environment_hook('teb_msgs', 'cmake_prefix_path')
[5.771s] INFO:colcon.colcon_core.shell:Creating environment hook '/home/jetson/slash_ws/install/teb_msgs/share/teb_msgs/hook/cmake_prefix_path.ps1'
[5.774s] INFO:colcon.colcon_core.shell:Creating environment descriptor '/home/jetson/slash_ws/install/teb_msgs/share/teb_msgs/hook/cmake_prefix_path.dsv'
[5.774s] DEBUG:colcon.colcon_core.event_handler.log_command:Invoked command in '/home/jetson/slash_ws/build/teb_msgs' returned '0': CMAKE_PREFIX_PATH=/home/jetson/slash_ws/install/costmap_converter_msgs:/home/jetson/slash_ws/install/vesc:/home/jetson/slash_ws/install/vesc_driver:/home/jetson/slash_ws/install/vesc_ackermann:/home/jetson/slash_ws/install/vesc_msgs:/home/jetson/slash_ws/install/teleop_tools:/home/jetson/slash_ws/install/teleop_tools_msgs:/home/jetson/slash_ws/install/teb_local_planner:/home/jetson/slash_ws/install/teb_msgs:/home/jetson/slash_ws/install/slash_nav2:/home/jetson/slash_ws/install/simple_mpc:/home/jetson/slash_ws/install/pointcloud_to_laserscan:/home/jetson/slash_ws/install/fast_lio:/home/jetson/slash_ws/install/livox_ros_driver2:/home/jetson/slash_ws/install/linefit_ground_segmentation_ros:/home/jetson/slash_ws/install/linefit_ground_segmentation:/home/jetson/slash_ws/install/costmap_converter:/home/jetson/slash_ws/install/ackermann_mux:/home/jetson/slash_ws/install/f1tenth_stack:/home/jetson/slash_ws/install/twist_to_ackermann:/home/jetson/slash_ws/install/joy_teleop:/home/jetson/slash_ws/install/roboracer_china_2025:/home/jetson/slash_ws/install/mouse_teleop:/home/jetson/slash_ws/install/key_teleop:/opt/ros/foxy LD_LIBRARY_PATH=/home/jetson/slash_ws/install/costmap_converter_msgs/lib:/usr/local/cuda/lib64:/usr/local/cuda/lib64:/usr/local/cuda/lib64:/usr/local/cuda/lib64:/usr/local/cuda-11.4/lib64:/usr/local/cuda/lib64:/usr/local/cuda/lib64:/usr/local/cuda/lib64:/usr/local/cuda/lib64:/home/jetson/slash_ws/install/vesc_driver/lib:/home/jetson/slash_ws/install/vesc_ackermann/lib:/home/jetson/slash_ws/install/vesc_msgs/lib:/home/jetson/slash_ws/install/teleop_tools_msgs/lib:/home/jetson/slash_ws/install/teb_local_planner/lib:/home/jetson/slash_ws/install/teb_msgs/lib:/home/jetson/slash_ws/install/pointcloud_to_laserscan/lib:/home/jetson/slash_ws/install/fast_lio/lib:/home/jetson/slash_ws/install/livox_ros_driver2/lib:/home/jetson/slash_ws/install/linefit_ground_segmentation/lib:/home/jetson/slash_ws/install/costmap_converter/lib:/usr/lib/aarch64-linux-gnu/gazebo-11/plugins:/opt/ros/foxy/opt/yaml_cpp_vendor/lib:/opt/ros/foxy/opt/rviz_ogre_vendor/lib:/opt/ros/foxy/lib/aarch64-linux-gnu:/opt/ros/foxy/lib:/usr/local/cuda-11.4/lib64 PYTHONPATH=/home/jetson/slash_ws/install/costmap_converter_msgs/lib/python3.8/site-packages:/home/jetson/slash_ws/install/f1tenth_stack/lib/python3.8/site-packages:/home/jetson/slash_ws/install/vesc_msgs/lib/python3.8/site-packages:/home/jetson/slash_ws/install/twist_to_ackermann/lib/python3.8/site-packages:/home/jetson/slash_ws/install/joy_teleop/lib/python3.8/site-packages:/home/jetson/slash_ws/install/teleop_tools_msgs/lib/python3.8/site-packages:/home/jetson/slash_ws/install/teb_msgs/lib/python3.8/site-packages:/home/jetson/slash_ws/install/roboracer_china_2025/lib/python3.8/site-packages:/home/jetson/slash_ws/install/mouse_teleop/lib/python3.8/site-packages:/home/jetson/slash_ws/install/fast_lio/lib/python3.8/site-packages:/home/jetson/slash_ws/install/livox_ros_driver2/lib/python3.8/site-packages:/home/jetson/slash_ws/install/key_teleop/lib/python3.8/site-packages:/opt/ros/foxy/lib/python3.8/site-packages /usr/bin/cmake --install /home/jetson/slash_ws/build/teb_msgs
[5.776s] INFO:colcon.colcon_core.shell:Creating environment hook '/home/jetson/slash_ws/install/teb_msgs/share/teb_msgs/hook/cmake_prefix_path.sh'
[5.779s] Level 1:colcon.colcon_core.environment:checking '/home/jetson/slash_ws/install/teb_msgs/lib'
[5.780s] Level 1:colcon.colcon_core.shell:create_environment_hook('teb_msgs', 'ld_library_path_lib')
[5.782s] INFO:colcon.colcon_core.shell:Creating environment hook '/home/jetson/slash_ws/install/teb_msgs/share/teb_msgs/hook/ld_library_path_lib.ps1'
[5.783s] INFO:colcon.colcon_core.shell:Creating environment descriptor '/home/jetson/slash_ws/install/teb_msgs/share/teb_msgs/hook/ld_library_path_lib.dsv'
[5.784s] INFO:colcon.colcon_core.shell:Creating environment hook '/home/jetson/slash_ws/install/teb_msgs/share/teb_msgs/hook/ld_library_path_lib.sh'
[5.785s] Level 1:colcon.colcon_core.environment:checking '/home/jetson/slash_ws/install/teb_msgs/bin'
[5.785s] Level 1:colcon.colcon_core.environment:checking '/home/jetson/slash_ws/install/teb_msgs/lib/pkgconfig/teb_msgs.pc'
[5.786s] Level 1:colcon.colcon_core.environment:checking '/home/jetson/slash_ws/install/teb_msgs/lib/python3.8/site-packages'
[5.786s] Level 1:colcon.colcon_core.shell:create_environment_hook('teb_msgs', 'pythonpath')
[5.787s] INFO:colcon.colcon_core.shell:Creating environment hook '/home/jetson/slash_ws/install/teb_msgs/share/teb_msgs/hook/pythonpath.ps1'
[5.788s] INFO:colcon.colcon_core.shell:Creating environment descriptor '/home/jetson/slash_ws/install/teb_msgs/share/teb_msgs/hook/pythonpath.dsv'
[5.788s] INFO:colcon.colcon_core.shell:Creating environment hook '/home/jetson/slash_ws/install/teb_msgs/share/teb_msgs/hook/pythonpath.sh'
[5.790s] Level 1:colcon.colcon_core.environment:checking '/home/jetson/slash_ws/install/teb_msgs/bin'
[5.790s] INFO:colcon.colcon_core.shell:Creating package script '/home/jetson/slash_ws/install/teb_msgs/share/teb_msgs/package.ps1'
[5.794s] INFO:colcon.colcon_core.shell:Creating package descriptor '/home/jetson/slash_ws/install/teb_msgs/share/teb_msgs/package.dsv'
[5.796s] INFO:colcon.colcon_core.shell:Creating package script '/home/jetson/slash_ws/install/teb_msgs/share/teb_msgs/package.sh'
[5.798s] INFO:colcon.colcon_core.shell:Creating package script '/home/jetson/slash_ws/install/teb_msgs/share/teb_msgs/package.bash'
[5.799s] INFO:colcon.colcon_core.shell:Creating package script '/home/jetson/slash_ws/install/teb_msgs/share/teb_msgs/package.zsh'
[5.800s] Level 1:colcon.colcon_core.environment:create_file_with_runtime_dependencies(/home/jetson/slash_ws/install/teb_msgs/share/colcon-core/packages/teb_msgs)
[5.802s] Level 1:colcon.colcon_core.environment:create_environment_scripts_only(teb_msgs)
[5.803s] Level 1:colcon.colcon_core.environment:checking '/home/jetson/slash_ws/install/teb_msgs' for CMake module files
[5.804s] Level 1:colcon.colcon_core.environment:checking '/home/jetson/slash_ws/install/teb_msgs' for CMake config files
[5.805s] Level 1:colcon.colcon_core.shell:create_environment_hook('teb_msgs', 'cmake_prefix_path')
[5.806s] INFO:colcon.colcon_core.shell:Creating environment hook '/home/jetson/slash_ws/install/teb_msgs/share/teb_msgs/hook/cmake_prefix_path.ps1'
[5.811s] INFO:colcon.colcon_core.shell:Creating environment descriptor '/home/jetson/slash_ws/install/teb_msgs/share/teb_msgs/hook/cmake_prefix_path.dsv'
[5.812s] INFO:colcon.colcon_core.shell:Creating environment hook '/home/jetson/slash_ws/install/teb_msgs/share/teb_msgs/hook/cmake_prefix_path.sh'
[5.814s] Level 1:colcon.colcon_core.environment:checking '/home/jetson/slash_ws/install/teb_msgs/lib'
[5.814s] Level 1:colcon.colcon_core.shell:create_environment_hook('teb_msgs', 'ld_library_path_lib')
[5.815s] INFO:colcon.colcon_core.shell:Creating environment hook '/home/jetson/slash_ws/install/teb_msgs/share/teb_msgs/hook/ld_library_path_lib.ps1'
[5.816s] INFO:colcon.colcon_core.shell:Creating environment descriptor '/home/jetson/slash_ws/install/teb_msgs/share/teb_msgs/hook/ld_library_path_lib.dsv'
[5.817s] INFO:colcon.colcon_core.shell:Creating environment hook '/home/jetson/slash_ws/install/teb_msgs/share/teb_msgs/hook/ld_library_path_lib.sh'
[5.819s] Level 1:colcon.colcon_core.environment:checking '/home/jetson/slash_ws/install/teb_msgs/bin'
[5.819s] Level 1:colcon.colcon_core.environment:checking '/home/jetson/slash_ws/install/teb_msgs/lib/pkgconfig/teb_msgs.pc'
[5.819s] Level 1:colcon.colcon_core.environment:checking '/home/jetson/slash_ws/install/teb_msgs/lib/python3.8/site-packages'
[5.819s] Level 1:colcon.colcon_core.shell:create_environment_hook('teb_msgs', 'pythonpath')
[5.820s] INFO:colcon.colcon_core.shell:Creating environment hook '/home/jetson/slash_ws/install/teb_msgs/share/teb_msgs/hook/pythonpath.ps1'
[5.821s] INFO:colcon.colcon_core.shell:Creating environment descriptor '/home/jetson/slash_ws/install/teb_msgs/share/teb_msgs/hook/pythonpath.dsv'
[5.822s] INFO:colcon.colcon_core.shell:Creating environment hook '/home/jetson/slash_ws/install/teb_msgs/share/teb_msgs/hook/pythonpath.sh'
[5.823s] Level 1:colcon.colcon_core.environment:checking '/home/jetson/slash_ws/install/teb_msgs/bin'
[5.824s] INFO:colcon.colcon_core.shell:Creating package script '/home/jetson/slash_ws/install/teb_msgs/share/teb_msgs/package.ps1'
[5.839s] INFO:colcon.colcon_core.shell:Creating package descriptor '/home/jetson/slash_ws/install/teb_msgs/share/teb_msgs/package.dsv'
[5.841s] INFO:colcon.colcon_core.shell:Creating package script '/home/jetson/slash_ws/install/teb_msgs/share/teb_msgs/package.sh'
[5.842s] INFO:colcon.colcon_core.shell:Creating package script '/home/jetson/slash_ws/install/teb_msgs/share/teb_msgs/package.bash'
[5.844s] INFO:colcon.colcon_core.shell:Creating package script '/home/jetson/slash_ws/install/teb_msgs/share/teb_msgs/package.zsh'
[5.845s] Level 1:colcon.colcon_core.environment:create_file_with_runtime_dependencies(/home/jetson/slash_ws/install/teb_msgs/share/colcon-core/packages/teb_msgs)
[5.848s] INFO:colcon.colcon_ros.task.ament_cmake.build:Building ROS package in '/home/jetson/slash_ws/src/slash_navigation/slash_nav2' with build type 'ament_cmake'
[5.849s] INFO:colcon.colcon_cmake.task.cmake.build:Building CMake package in '/home/jetson/slash_ws/src/slash_navigation/slash_nav2'
[5.850s] INFO:colcon.colcon_core.shell:Skip shell extension 'powershell' for command environment: Not usable outside of PowerShell
[5.850s] DEBUG:colcon.colcon_core.shell:Skip shell extension 'dsv' for command environment
[5.899s] DEBUG:colcon.colcon_core.event_handler.log_command:Invoked command in '/home/jetson/slash_ws/build/vesc_ackermann' returned '0': CMAKE_PREFIX_PATH=/home/jetson/slash_ws/install/vesc_msgs:/home/jetson/slash_ws/install/vesc:/home/jetson/slash_ws/install/vesc_driver:/home/jetson/slash_ws/install/vesc_ackermann:/home/jetson/slash_ws/install/teleop_tools:/home/jetson/slash_ws/install/teleop_tools_msgs:/home/jetson/slash_ws/install/teb_local_planner:/home/jetson/slash_ws/install/teb_msgs:/home/jetson/slash_ws/install/slash_nav2:/home/jetson/slash_ws/install/simple_mpc:/home/jetson/slash_ws/install/pointcloud_to_laserscan:/home/jetson/slash_ws/install/fast_lio:/home/jetson/slash_ws/install/livox_ros_driver2:/home/jetson/slash_ws/install/linefit_ground_segmentation_ros:/home/jetson/slash_ws/install/linefit_ground_segmentation:/home/jetson/slash_ws/install/costmap_converter:/home/jetson/slash_ws/install/costmap_converter_msgs:/home/jetson/slash_ws/install/ackermann_mux:/home/jetson/slash_ws/install/f1tenth_stack:/home/jetson/slash_ws/install/twist_to_ackermann:/home/jetson/slash_ws/install/joy_teleop:/home/jetson/slash_ws/install/roboracer_china_2025:/home/jetson/slash_ws/install/mouse_teleop:/home/jetson/slash_ws/install/key_teleop:/opt/ros/foxy LD_LIBRARY_PATH=/home/jetson/slash_ws/install/vesc_msgs/lib:/usr/local/cuda/lib64:/usr/local/cuda/lib64:/usr/local/cuda/lib64:/usr/local/cuda/lib64:/usr/local/cuda-11.4/lib64:/usr/local/cuda/lib64:/usr/local/cuda/lib64:/usr/local/cuda/lib64:/usr/local/cuda/lib64:/home/jetson/slash_ws/install/vesc_driver/lib:/home/jetson/slash_ws/install/vesc_ackermann/lib:/home/jetson/slash_ws/install/teleop_tools_msgs/lib:/home/jetson/slash_ws/install/teb_local_planner/lib:/home/jetson/slash_ws/install/teb_msgs/lib:/home/jetson/slash_ws/install/pointcloud_to_laserscan/lib:/home/jetson/slash_ws/install/fast_lio/lib:/home/jetson/slash_ws/install/livox_ros_driver2/lib:/home/jetson/slash_ws/install/linefit_ground_segmentation/lib:/home/jetson/slash_ws/install/costmap_converter/lib:/home/jetson/slash_ws/install/costmap_converter_msgs/lib:/usr/lib/aarch64-linux-gnu/gazebo-11/plugins:/opt/ros/foxy/opt/yaml_cpp_vendor/lib:/opt/ros/foxy/opt/rviz_ogre_vendor/lib:/opt/ros/foxy/lib/aarch64-linux-gnu:/opt/ros/foxy/lib:/usr/local/cuda-11.4/lib64 PYTHONPATH=/home/jetson/slash_ws/install/vesc_msgs/lib/python3.8/site-packages:/home/jetson/slash_ws/install/f1tenth_stack/lib/python3.8/site-packages:/home/jetson/slash_ws/install/twist_to_ackermann/lib/python3.8/site-packages:/home/jetson/slash_ws/install/joy_teleop/lib/python3.8/site-packages:/home/jetson/slash_ws/install/teleop_tools_msgs/lib/python3.8/site-packages:/home/jetson/slash_ws/install/teb_msgs/lib/python3.8/site-packages:/home/jetson/slash_ws/install/roboracer_china_2025/lib/python3.8/site-packages:/home/jetson/slash_ws/install/mouse_teleop/lib/python3.8/site-packages:/home/jetson/slash_ws/install/fast_lio/lib/python3.8/site-packages:/home/jetson/slash_ws/install/livox_ros_driver2/lib/python3.8/site-packages:/home/jetson/slash_ws/install/key_teleop/lib/python3.8/site-packages:/home/jetson/slash_ws/install/costmap_converter_msgs/lib/python3.8/site-packages:/opt/ros/foxy/lib/python3.8/site-packages /usr/bin/cmake --build /home/jetson/slash_ws/build/vesc_ackermann -- -j8 -l8
[5.910s] DEBUG:colcon.colcon_core.event_handler.log_command:Invoking command in '/home/jetson/slash_ws/build/vesc_ackermann': CMAKE_PREFIX_PATH=/home/jetson/slash_ws/install/vesc_msgs:/home/jetson/slash_ws/install/vesc:/home/jetson/slash_ws/install/vesc_driver:/home/jetson/slash_ws/install/vesc_ackermann:/home/jetson/slash_ws/install/teleop_tools:/home/jetson/slash_ws/install/teleop_tools_msgs:/home/jetson/slash_ws/install/teb_local_planner:/home/jetson/slash_ws/install/teb_msgs:/home/jetson/slash_ws/install/slash_nav2:/home/jetson/slash_ws/install/simple_mpc:/home/jetson/slash_ws/install/pointcloud_to_laserscan:/home/jetson/slash_ws/install/fast_lio:/home/jetson/slash_ws/install/livox_ros_driver2:/home/jetson/slash_ws/install/linefit_ground_segmentation_ros:/home/jetson/slash_ws/install/linefit_ground_segmentation:/home/jetson/slash_ws/install/costmap_converter:/home/jetson/slash_ws/install/costmap_converter_msgs:/home/jetson/slash_ws/install/ackermann_mux:/home/jetson/slash_ws/install/f1tenth_stack:/home/jetson/slash_ws/install/twist_to_ackermann:/home/jetson/slash_ws/install/joy_teleop:/home/jetson/slash_ws/install/roboracer_china_2025:/home/jetson/slash_ws/install/mouse_teleop:/home/jetson/slash_ws/install/key_teleop:/opt/ros/foxy LD_LIBRARY_PATH=/home/jetson/slash_ws/install/vesc_msgs/lib:/usr/local/cuda/lib64:/usr/local/cuda/lib64:/usr/local/cuda/lib64:/usr/local/cuda/lib64:/usr/local/cuda-11.4/lib64:/usr/local/cuda/lib64:/usr/local/cuda/lib64:/usr/local/cuda/lib64:/usr/local/cuda/lib64:/home/jetson/slash_ws/install/vesc_driver/lib:/home/jetson/slash_ws/install/vesc_ackermann/lib:/home/jetson/slash_ws/install/teleop_tools_msgs/lib:/home/jetson/slash_ws/install/teb_local_planner/lib:/home/jetson/slash_ws/install/teb_msgs/lib:/home/jetson/slash_ws/install/pointcloud_to_laserscan/lib:/home/jetson/slash_ws/install/fast_lio/lib:/home/jetson/slash_ws/install/livox_ros_driver2/lib:/home/jetson/slash_ws/install/linefit_ground_segmentation/lib:/home/jetson/slash_ws/install/costmap_converter/lib:/home/jetson/slash_ws/install/costmap_converter_msgs/lib:/usr/lib/aarch64-linux-gnu/gazebo-11/plugins:/opt/ros/foxy/opt/yaml_cpp_vendor/lib:/opt/ros/foxy/opt/rviz_ogre_vendor/lib:/opt/ros/foxy/lib/aarch64-linux-gnu:/opt/ros/foxy/lib:/usr/local/cuda-11.4/lib64 PYTHONPATH=/home/jetson/slash_ws/install/vesc_msgs/lib/python3.8/site-packages:/home/jetson/slash_ws/install/f1tenth_stack/lib/python3.8/site-packages:/home/jetson/slash_ws/install/twist_to_ackermann/lib/python3.8/site-packages:/home/jetson/slash_ws/install/joy_teleop/lib/python3.8/site-packages:/home/jetson/slash_ws/install/teleop_tools_msgs/lib/python3.8/site-packages:/home/jetson/slash_ws/install/teb_msgs/lib/python3.8/site-packages:/home/jetson/slash_ws/install/roboracer_china_2025/lib/python3.8/site-packages:/home/jetson/slash_ws/install/mouse_teleop/lib/python3.8/site-packages:/home/jetson/slash_ws/install/fast_lio/lib/python3.8/site-packages:/home/jetson/slash_ws/install/livox_ros_driver2/lib/python3.8/site-packages:/home/jetson/slash_ws/install/key_teleop/lib/python3.8/site-packages:/home/jetson/slash_ws/install/costmap_converter_msgs/lib/python3.8/site-packages:/opt/ros/foxy/lib/python3.8/site-packages /usr/bin/cmake --install /home/jetson/slash_ws/build/vesc_ackermann
[6.895s] INFO:colcon.colcon_core.task.python.build:Building Python package in '/home/jetson/slash_ws/src/slash_navigation/roboracer_china_2025'
[6.897s] INFO:colcon.colcon_core.shell:Skip shell extension 'powershell' for command environment: Not usable outside of PowerShell
[6.897s] DEBUG:colcon.colcon_core.shell:Skip shell extension 'dsv' for command environment
[6.952s] DEBUG:colcon.colcon_core.event_handler.log_command:Invoking command in '/home/jetson/slash_ws/build/simple_mpc': CMAKE_PREFIX_PATH=${CMAKE_PREFIX_PATH}:/home/jetson/slash_ws/install/f1tenth_stack:/home/jetson/slash_ws/install/twist_to_ackermann:/home/jetson/slash_ws/install/joy_teleop:/home/jetson/slash_ws/install/roboracer_china_2025:/home/jetson/slash_ws/install/mouse_teleop:/home/jetson/slash_ws/install/key_teleop:/opt/ros/foxy /usr/bin/cmake --build /home/jetson/slash_ws/build/simple_mpc -- -j8 -l8
[6.993s] DEBUG:colcon.colcon_core.event_handler.log_command:Invoked command in '/home/jetson/slash_ws/build/vesc_driver' returned '0': CMAKE_PREFIX_PATH=/home/jetson/slash_ws/install/vesc_msgs:/home/jetson/slash_ws/install/vesc:/home/jetson/slash_ws/install/vesc_driver:/home/jetson/slash_ws/install/vesc_ackermann:/home/jetson/slash_ws/install/teleop_tools:/home/jetson/slash_ws/install/teleop_tools_msgs:/home/jetson/slash_ws/install/teb_local_planner:/home/jetson/slash_ws/install/teb_msgs:/home/jetson/slash_ws/install/slash_nav2:/home/jetson/slash_ws/install/simple_mpc:/home/jetson/slash_ws/install/pointcloud_to_laserscan:/home/jetson/slash_ws/install/fast_lio:/home/jetson/slash_ws/install/livox_ros_driver2:/home/jetson/slash_ws/install/linefit_ground_segmentation_ros:/home/jetson/slash_ws/install/linefit_ground_segmentation:/home/jetson/slash_ws/install/costmap_converter:/home/jetson/slash_ws/install/costmap_converter_msgs:/home/jetson/slash_ws/install/ackermann_mux:/home/jetson/slash_ws/install/f1tenth_stack:/home/jetson/slash_ws/install/twist_to_ackermann:/home/jetson/slash_ws/install/joy_teleop:/home/jetson/slash_ws/install/roboracer_china_2025:/home/jetson/slash_ws/install/mouse_teleop:/home/jetson/slash_ws/install/key_teleop:/opt/ros/foxy LD_LIBRARY_PATH=/home/jetson/slash_ws/install/vesc_msgs/lib:/usr/local/cuda/lib64:/usr/local/cuda/lib64:/usr/local/cuda/lib64:/usr/local/cuda/lib64:/usr/local/cuda-11.4/lib64:/usr/local/cuda/lib64:/usr/local/cuda/lib64:/usr/local/cuda/lib64:/usr/local/cuda/lib64:/home/jetson/slash_ws/install/vesc_driver/lib:/home/jetson/slash_ws/install/vesc_ackermann/lib:/home/jetson/slash_ws/install/teleop_tools_msgs/lib:/home/jetson/slash_ws/install/teb_local_planner/lib:/home/jetson/slash_ws/install/teb_msgs/lib:/home/jetson/slash_ws/install/pointcloud_to_laserscan/lib:/home/jetson/slash_ws/install/fast_lio/lib:/home/jetson/slash_ws/install/livox_ros_driver2/lib:/home/jetson/slash_ws/install/linefit_ground_segmentation/lib:/home/jetson/slash_ws/install/costmap_converter/lib:/home/jetson/slash_ws/install/costmap_converter_msgs/lib:/usr/lib/aarch64-linux-gnu/gazebo-11/plugins:/opt/ros/foxy/opt/yaml_cpp_vendor/lib:/opt/ros/foxy/opt/rviz_ogre_vendor/lib:/opt/ros/foxy/lib/aarch64-linux-gnu:/opt/ros/foxy/lib:/usr/local/cuda-11.4/lib64 PYTHONPATH=/home/jetson/slash_ws/install/vesc_msgs/lib/python3.8/site-packages:/home/jetson/slash_ws/install/f1tenth_stack/lib/python3.8/site-packages:/home/jetson/slash_ws/install/twist_to_ackermann/lib/python3.8/site-packages:/home/jetson/slash_ws/install/joy_teleop/lib/python3.8/site-packages:/home/jetson/slash_ws/install/teleop_tools_msgs/lib/python3.8/site-packages:/home/jetson/slash_ws/install/teb_msgs/lib/python3.8/site-packages:/home/jetson/slash_ws/install/roboracer_china_2025/lib/python3.8/site-packages:/home/jetson/slash_ws/install/mouse_teleop/lib/python3.8/site-packages:/home/jetson/slash_ws/install/fast_lio/lib/python3.8/site-packages:/home/jetson/slash_ws/install/livox_ros_driver2/lib/python3.8/site-packages:/home/jetson/slash_ws/install/key_teleop/lib/python3.8/site-packages:/home/jetson/slash_ws/install/costmap_converter_msgs/lib/python3.8/site-packages:/opt/ros/foxy/lib/python3.8/site-packages /usr/bin/cmake --build /home/jetson/slash_ws/build/vesc_driver -- -j8 -l8
[6.999s] DEBUG:colcon.colcon_core.event_handler.log_command:Invoking command in '/home/jetson/slash_ws/build/vesc_driver': CMAKE_PREFIX_PATH=/home/jetson/slash_ws/install/vesc_msgs:/home/jetson/slash_ws/install/vesc:/home/jetson/slash_ws/install/vesc_driver:/home/jetson/slash_ws/install/vesc_ackermann:/home/jetson/slash_ws/install/teleop_tools:/home/jetson/slash_ws/install/teleop_tools_msgs:/home/jetson/slash_ws/install/teb_local_planner:/home/jetson/slash_ws/install/teb_msgs:/home/jetson/slash_ws/install/slash_nav2:/home/jetson/slash_ws/install/simple_mpc:/home/jetson/slash_ws/install/pointcloud_to_laserscan:/home/jetson/slash_ws/install/fast_lio:/home/jetson/slash_ws/install/livox_ros_driver2:/home/jetson/slash_ws/install/linefit_ground_segmentation_ros:/home/jetson/slash_ws/install/linefit_ground_segmentation:/home/jetson/slash_ws/install/costmap_converter:/home/jetson/slash_ws/install/costmap_converter_msgs:/home/jetson/slash_ws/install/ackermann_mux:/home/jetson/slash_ws/install/f1tenth_stack:/home/jetson/slash_ws/install/twist_to_ackermann:/home/jetson/slash_ws/install/joy_teleop:/home/jetson/slash_ws/install/roboracer_china_2025:/home/jetson/slash_ws/install/mouse_teleop:/home/jetson/slash_ws/install/key_teleop:/opt/ros/foxy LD_LIBRARY_PATH=/home/jetson/slash_ws/install/vesc_msgs/lib:/usr/local/cuda/lib64:/usr/local/cuda/lib64:/usr/local/cuda/lib64:/usr/local/cuda/lib64:/usr/local/cuda-11.4/lib64:/usr/local/cuda/lib64:/usr/local/cuda/lib64:/usr/local/cuda/lib64:/usr/local/cuda/lib64:/home/jetson/slash_ws/install/vesc_driver/lib:/home/jetson/slash_ws/install/vesc_ackermann/lib:/home/jetson/slash_ws/install/teleop_tools_msgs/lib:/home/jetson/slash_ws/install/teb_local_planner/lib:/home/jetson/slash_ws/install/teb_msgs/lib:/home/jetson/slash_ws/install/pointcloud_to_laserscan/lib:/home/jetson/slash_ws/install/fast_lio/lib:/home/jetson/slash_ws/install/livox_ros_driver2/lib:/home/jetson/slash_ws/install/linefit_ground_segmentation/lib:/home/jetson/slash_ws/install/costmap_converter/lib:/home/jetson/slash_ws/install/costmap_converter_msgs/lib:/usr/lib/aarch64-linux-gnu/gazebo-11/plugins:/opt/ros/foxy/opt/yaml_cpp_vendor/lib:/opt/ros/foxy/opt/rviz_ogre_vendor/lib:/opt/ros/foxy/lib/aarch64-linux-gnu:/opt/ros/foxy/lib:/usr/local/cuda-11.4/lib64 PYTHONPATH=/home/jetson/slash_ws/install/vesc_msgs/lib/python3.8/site-packages:/home/jetson/slash_ws/install/f1tenth_stack/lib/python3.8/site-packages:/home/jetson/slash_ws/install/twist_to_ackermann/lib/python3.8/site-packages:/home/jetson/slash_ws/install/joy_teleop/lib/python3.8/site-packages:/home/jetson/slash_ws/install/teleop_tools_msgs/lib/python3.8/site-packages:/home/jetson/slash_ws/install/teb_msgs/lib/python3.8/site-packages:/home/jetson/slash_ws/install/roboracer_china_2025/lib/python3.8/site-packages:/home/jetson/slash_ws/install/mouse_teleop/lib/python3.8/site-packages:/home/jetson/slash_ws/install/fast_lio/lib/python3.8/site-packages:/home/jetson/slash_ws/install/livox_ros_driver2/lib/python3.8/site-packages:/home/jetson/slash_ws/install/key_teleop/lib/python3.8/site-packages:/home/jetson/slash_ws/install/costmap_converter_msgs/lib/python3.8/site-packages:/opt/ros/foxy/lib/python3.8/site-packages /usr/bin/cmake --install /home/jetson/slash_ws/build/vesc_driver
[7.042s] DEBUG:colcon.colcon_core.event_handler.log_command:Invoking command in '/home/jetson/slash_ws/build/slash_nav2': CMAKE_PREFIX_PATH=${CMAKE_PREFIX_PATH}:/home/jetson/slash_ws/install/f1tenth_stack:/home/jetson/slash_ws/install/twist_to_ackermann:/home/jetson/slash_ws/install/joy_teleop:/home/jetson/slash_ws/install/roboracer_china_2025:/home/jetson/slash_ws/install/mouse_teleop:/home/jetson/slash_ws/install/key_teleop:/opt/ros/foxy /usr/bin/cmake --build /home/jetson/slash_ws/build/slash_nav2 -- -j8 -l8
[7.076s] Level 1:colcon.colcon_core.environment:create_environment_scripts_only(vesc_ackermann)
[7.080s] Level 1:colcon.colcon_core.environment:checking '/home/jetson/slash_ws/install/vesc_ackermann' for CMake module files
[7.081s] DEBUG:colcon.colcon_core.event_handler.log_command:Invoked command in '/home/jetson/slash_ws/build/vesc_ackermann' returned '0': CMAKE_PREFIX_PATH=/home/jetson/slash_ws/install/vesc_msgs:/home/jetson/slash_ws/install/vesc:/home/jetson/slash_ws/install/vesc_driver:/home/jetson/slash_ws/install/vesc_ackermann:/home/jetson/slash_ws/install/teleop_tools:/home/jetson/slash_ws/install/teleop_tools_msgs:/home/jetson/slash_ws/install/teb_local_planner:/home/jetson/slash_ws/install/teb_msgs:/home/jetson/slash_ws/install/slash_nav2:/home/jetson/slash_ws/install/simple_mpc:/home/jetson/slash_ws/install/pointcloud_to_laserscan:/home/jetson/slash_ws/install/fast_lio:/home/jetson/slash_ws/install/livox_ros_driver2:/home/jetson/slash_ws/install/linefit_ground_segmentation_ros:/home/jetson/slash_ws/install/linefit_ground_segmentation:/home/jetson/slash_ws/install/costmap_converter:/home/jetson/slash_ws/install/costmap_converter_msgs:/home/jetson/slash_ws/install/ackermann_mux:/home/jetson/slash_ws/install/f1tenth_stack:/home/jetson/slash_ws/install/twist_to_ackermann:/home/jetson/slash_ws/install/joy_teleop:/home/jetson/slash_ws/install/roboracer_china_2025:/home/jetson/slash_ws/install/mouse_teleop:/home/jetson/slash_ws/install/key_teleop:/opt/ros/foxy LD_LIBRARY_PATH=/home/jetson/slash_ws/install/vesc_msgs/lib:/usr/local/cuda/lib64:/usr/local/cuda/lib64:/usr/local/cuda/lib64:/usr/local/cuda/lib64:/usr/local/cuda-11.4/lib64:/usr/local/cuda/lib64:/usr/local/cuda/lib64:/usr/local/cuda/lib64:/usr/local/cuda/lib64:/home/jetson/slash_ws/install/vesc_driver/lib:/home/jetson/slash_ws/install/vesc_ackermann/lib:/home/jetson/slash_ws/install/teleop_tools_msgs/lib:/home/jetson/slash_ws/install/teb_local_planner/lib:/home/jetson/slash_ws/install/teb_msgs/lib:/home/jetson/slash_ws/install/pointcloud_to_laserscan/lib:/home/jetson/slash_ws/install/fast_lio/lib:/home/jetson/slash_ws/install/livox_ros_driver2/lib:/home/jetson/slash_ws/install/linefit_ground_segmentation/lib:/home/jetson/slash_ws/install/costmap_converter/lib:/home/jetson/slash_ws/install/costmap_converter_msgs/lib:/usr/lib/aarch64-linux-gnu/gazebo-11/plugins:/opt/ros/foxy/opt/yaml_cpp_vendor/lib:/opt/ros/foxy/opt/rviz_ogre_vendor/lib:/opt/ros/foxy/lib/aarch64-linux-gnu:/opt/ros/foxy/lib:/usr/local/cuda-11.4/lib64 PYTHONPATH=/home/jetson/slash_ws/install/vesc_msgs/lib/python3.8/site-packages:/home/jetson/slash_ws/install/f1tenth_stack/lib/python3.8/site-packages:/home/jetson/slash_ws/install/twist_to_ackermann/lib/python3.8/site-packages:/home/jetson/slash_ws/install/joy_teleop/lib/python3.8/site-packages:/home/jetson/slash_ws/install/teleop_tools_msgs/lib/python3.8/site-packages:/home/jetson/slash_ws/install/teb_msgs/lib/python3.8/site-packages:/home/jetson/slash_ws/install/roboracer_china_2025/lib/python3.8/site-packages:/home/jetson/slash_ws/install/mouse_teleop/lib/python3.8/site-packages:/home/jetson/slash_ws/install/fast_lio/lib/python3.8/site-packages:/home/jetson/slash_ws/install/livox_ros_driver2/lib/python3.8/site-packages:/home/jetson/slash_ws/install/key_teleop/lib/python3.8/site-packages:/home/jetson/slash_ws/install/costmap_converter_msgs/lib/python3.8/site-packages:/opt/ros/foxy/lib/python3.8/site-packages /usr/bin/cmake --install /home/jetson/slash_ws/build/vesc_ackermann
[7.085s] Level 1:colcon.colcon_core.environment:checking '/home/jetson/slash_ws/install/vesc_ackermann' for CMake config files
[7.087s] Level 1:colcon.colcon_core.shell:create_environment_hook('vesc_ackermann', 'cmake_prefix_path')
[7.089s] INFO:colcon.colcon_core.shell:Creating environment hook '/home/jetson/slash_ws/install/vesc_ackermann/share/vesc_ackermann/hook/cmake_prefix_path.ps1'
[7.093s] INFO:colcon.colcon_core.shell:Creating environment descriptor '/home/jetson/slash_ws/install/vesc_ackermann/share/vesc_ackermann/hook/cmake_prefix_path.dsv'
[7.096s] INFO:colcon.colcon_core.shell:Creating environment hook '/home/jetson/slash_ws/install/vesc_ackermann/share/vesc_ackermann/hook/cmake_prefix_path.sh'
[7.110s] Level 1:colcon.colcon_core.environment:checking '/home/jetson/slash_ws/install/vesc_ackermann/lib'
[7.110s] Level 1:colcon.colcon_core.shell:create_environment_hook('vesc_ackermann', 'ld_library_path_lib')
[7.111s] INFO:colcon.colcon_core.shell:Creating environment hook '/home/jetson/slash_ws/install/vesc_ackermann/share/vesc_ackermann/hook/ld_library_path_lib.ps1'
[7.112s] INFO:colcon.colcon_core.shell:Creating environment descriptor '/home/jetson/slash_ws/install/vesc_ackermann/share/vesc_ackermann/hook/ld_library_path_lib.dsv'
[7.113s] INFO:colcon.colcon_core.shell:Creating environment hook '/home/jetson/slash_ws/install/vesc_ackermann/share/vesc_ackermann/hook/ld_library_path_lib.sh'
[7.115s] Level 1:colcon.colcon_core.environment:checking '/home/jetson/slash_ws/install/vesc_ackermann/bin'
[7.115s] Level 1:colcon.colcon_core.environment:checking '/home/jetson/slash_ws/install/vesc_ackermann/lib/pkgconfig/vesc_ackermann.pc'
[7.115s] Level 1:colcon.colcon_core.environment:checking '/home/jetson/slash_ws/install/vesc_ackermann/lib/python3.8/site-packages'
[7.116s] Level 1:colcon.colcon_core.environment:checking '/home/jetson/slash_ws/install/vesc_ackermann/bin'
[7.117s] INFO:colcon.colcon_core.shell:Creating package script '/home/jetson/slash_ws/install/vesc_ackermann/share/vesc_ackermann/package.ps1'
[7.121s] INFO:colcon.colcon_core.shell:Creating package descriptor '/home/jetson/slash_ws/install/vesc_ackermann/share/vesc_ackermann/package.dsv'
[7.128s] INFO:colcon.colcon_core.shell:Creating package script '/home/jetson/slash_ws/install/vesc_ackermann/share/vesc_ackermann/package.sh'
[7.130s] INFO:colcon.colcon_core.shell:Creating package script '/home/jetson/slash_ws/install/vesc_ackermann/share/vesc_ackermann/package.bash'
[7.135s] INFO:colcon.colcon_core.shell:Creating package script '/home/jetson/slash_ws/install/vesc_ackermann/share/vesc_ackermann/package.zsh'
[7.137s] Level 1:colcon.colcon_core.environment:create_file_with_runtime_dependencies(/home/jetson/slash_ws/install/vesc_ackermann/share/colcon-core/packages/vesc_ackermann)
[7.153s] Level 1:colcon.colcon_core.environment:create_environment_scripts_only(vesc_ackermann)
[7.154s] Level 1:colcon.colcon_core.environment:checking '/home/jetson/slash_ws/install/vesc_ackermann' for CMake module files
[7.155s] Level 1:colcon.colcon_core.environment:checking '/home/jetson/slash_ws/install/vesc_ackermann' for CMake config files
[7.155s] Level 1:colcon.colcon_core.shell:create_environment_hook('vesc_ackermann', 'cmake_prefix_path')
[7.156s] INFO:colcon.colcon_core.shell:Creating environment hook '/home/jetson/slash_ws/install/vesc_ackermann/share/vesc_ackermann/hook/cmake_prefix_path.ps1'
[7.157s] INFO:colcon.colcon_core.shell:Creating environment descriptor '/home/jetson/slash_ws/install/vesc_ackermann/share/vesc_ackermann/hook/cmake_prefix_path.dsv'
[7.158s] INFO:colcon.colcon_core.shell:Creating environment hook '/home/jetson/slash_ws/install/vesc_ackermann/share/vesc_ackermann/hook/cmake_prefix_path.sh'
[7.160s] Level 1:colcon.colcon_core.environment:checking '/home/jetson/slash_ws/install/vesc_ackermann/lib'
[7.161s] Level 1:colcon.colcon_core.shell:create_environment_hook('vesc_ackermann', 'ld_library_path_lib')
[7.161s] INFO:colcon.colcon_core.shell:Creating environment hook '/home/jetson/slash_ws/install/vesc_ackermann/share/vesc_ackermann/hook/ld_library_path_lib.ps1'
[7.162s] INFO:colcon.colcon_core.shell:Creating environment descriptor '/home/jetson/slash_ws/install/vesc_ackermann/share/vesc_ackermann/hook/ld_library_path_lib.dsv'
[7.172s] INFO:colcon.colcon_core.shell:Creating environment hook '/home/jetson/slash_ws/install/vesc_ackermann/share/vesc_ackermann/hook/ld_library_path_lib.sh'
[7.173s] Level 1:colcon.colcon_core.environment:checking '/home/jetson/slash_ws/install/vesc_ackermann/bin'
[7.174s] Level 1:colcon.colcon_core.environment:checking '/home/jetson/slash_ws/install/vesc_ackermann/lib/pkgconfig/vesc_ackermann.pc'
[7.174s] Level 1:colcon.colcon_core.environment:checking '/home/jetson/slash_ws/install/vesc_ackermann/lib/python3.8/site-packages'
[7.175s] Level 1:colcon.colcon_core.environment:checking '/home/jetson/slash_ws/install/vesc_ackermann/bin'
[7.176s] INFO:colcon.colcon_core.shell:Creating package script '/home/jetson/slash_ws/install/vesc_ackermann/share/vesc_ackermann/package.ps1'
[7.178s] INFO:colcon.colcon_core.shell:Creating package descriptor '/home/jetson/slash_ws/install/vesc_ackermann/share/vesc_ackermann/package.dsv'
[7.182s] INFO:colcon.colcon_core.shell:Creating package script '/home/jetson/slash_ws/install/vesc_ackermann/share/vesc_ackermann/package.sh'
[7.184s] INFO:colcon.colcon_core.shell:Creating package script '/home/jetson/slash_ws/install/vesc_ackermann/share/vesc_ackermann/package.bash'
[7.199s] INFO:colcon.colcon_core.shell:Creating package script '/home/jetson/slash_ws/install/vesc_ackermann/share/vesc_ackermann/package.zsh'
[7.200s] Level 1:colcon.colcon_core.environment:create_file_with_runtime_dependencies(/home/jetson/slash_ws/install/vesc_ackermann/share/colcon-core/packages/vesc_ackermann)
[7.204s] INFO:colcon.colcon_ros.task.ament_python.build:Building ROS package in '/home/jetson/slash_ws/src/slash_perception/twist_to_ackermann' with build type 'ament_python'
[7.204s] Level 1:colcon.colcon_core.shell:create_environment_hook('twist_to_ackermann', 'ament_prefix_path')
[7.206s] INFO:colcon.colcon_core.shell:Creating environment hook '/home/jetson/slash_ws/install/twist_to_ackermann/share/twist_to_ackermann/hook/ament_prefix_path.ps1'
[7.209s] INFO:colcon.colcon_core.shell:Creating environment descriptor '/home/jetson/slash_ws/install/twist_to_ackermann/share/twist_to_ackermann/hook/ament_prefix_path.dsv'
[7.210s] INFO:colcon.colcon_core.shell:Creating environment hook '/home/jetson/slash_ws/install/twist_to_ackermann/share/twist_to_ackermann/hook/ament_prefix_path.sh'
[7.212s] INFO:colcon.colcon_core.shell:Skip shell extension 'powershell' for command environment: Not usable outside of PowerShell
[7.212s] DEBUG:colcon.colcon_core.shell:Skip shell extension 'dsv' for command environment
[7.310s] DEBUG:colcon.colcon_core.event_handler.log_command:Invoked command in '/home/jetson/slash_ws/build/simple_mpc' returned '0': CMAKE_PREFIX_PATH=${CMAKE_PREFIX_PATH}:/home/jetson/slash_ws/install/f1tenth_stack:/home/jetson/slash_ws/install/twist_to_ackermann:/home/jetson/slash_ws/install/joy_teleop:/home/jetson/slash_ws/install/roboracer_china_2025:/home/jetson/slash_ws/install/mouse_teleop:/home/jetson/slash_ws/install/key_teleop:/opt/ros/foxy /usr/bin/cmake --build /home/jetson/slash_ws/build/simple_mpc -- -j8 -l8
[7.323s] DEBUG:colcon.colcon_core.event_handler.log_command:Invoking command in '/home/jetson/slash_ws/build/simple_mpc': CMAKE_PREFIX_PATH=${CMAKE_PREFIX_PATH}:/home/jetson/slash_ws/install/f1tenth_stack:/home/jetson/slash_ws/install/twist_to_ackermann:/home/jetson/slash_ws/install/joy_teleop:/home/jetson/slash_ws/install/roboracer_china_2025:/home/jetson/slash_ws/install/mouse_teleop:/home/jetson/slash_ws/install/key_teleop:/opt/ros/foxy /usr/bin/cmake --install /home/jetson/slash_ws/build/simple_mpc
[7.346s] Level 1:colcon.colcon_core.environment:create_environment_scripts_only(vesc_driver)
[7.347s] Level 1:colcon.colcon_core.environment:checking '/home/jetson/slash_ws/install/vesc_driver' for CMake module files
[7.348s] Level 1:colcon.colcon_core.environment:checking '/home/jetson/slash_ws/install/vesc_driver' for CMake config files
[7.349s] Level 1:colcon.colcon_core.shell:create_environment_hook('vesc_driver', 'cmake_prefix_path')
[7.350s] INFO:colcon.colcon_core.shell:Creating environment hook '/home/jetson/slash_ws/install/vesc_driver/share/vesc_driver/hook/cmake_prefix_path.ps1'
[7.353s] INFO:colcon.colcon_core.shell:Creating environment descriptor '/home/jetson/slash_ws/install/vesc_driver/share/vesc_driver/hook/cmake_prefix_path.dsv'
[7.354s] INFO:colcon.colcon_core.shell:Creating environment hook '/home/jetson/slash_ws/install/vesc_driver/share/vesc_driver/hook/cmake_prefix_path.sh'
[7.351s] DEBUG:colcon.colcon_core.event_handler.log_command:Invoked command in '/home/jetson/slash_ws/build/vesc_driver' returned '0': CMAKE_PREFIX_PATH=/home/jetson/slash_ws/install/vesc_msgs:/home/jetson/slash_ws/install/vesc:/home/jetson/slash_ws/install/vesc_driver:/home/jetson/slash_ws/install/vesc_ackermann:/home/jetson/slash_ws/install/teleop_tools:/home/jetson/slash_ws/install/teleop_tools_msgs:/home/jetson/slash_ws/install/teb_local_planner:/home/jetson/slash_ws/install/teb_msgs:/home/jetson/slash_ws/install/slash_nav2:/home/jetson/slash_ws/install/simple_mpc:/home/jetson/slash_ws/install/pointcloud_to_laserscan:/home/jetson/slash_ws/install/fast_lio:/home/jetson/slash_ws/install/livox_ros_driver2:/home/jetson/slash_ws/install/linefit_ground_segmentation_ros:/home/jetson/slash_ws/install/linefit_ground_segmentation:/home/jetson/slash_ws/install/costmap_converter:/home/jetson/slash_ws/install/costmap_converter_msgs:/home/jetson/slash_ws/install/ackermann_mux:/home/jetson/slash_ws/install/f1tenth_stack:/home/jetson/slash_ws/install/twist_to_ackermann:/home/jetson/slash_ws/install/joy_teleop:/home/jetson/slash_ws/install/roboracer_china_2025:/home/jetson/slash_ws/install/mouse_teleop:/home/jetson/slash_ws/install/key_teleop:/opt/ros/foxy LD_LIBRARY_PATH=/home/jetson/slash_ws/install/vesc_msgs/lib:/usr/local/cuda/lib64:/usr/local/cuda/lib64:/usr/local/cuda/lib64:/usr/local/cuda/lib64:/usr/local/cuda-11.4/lib64:/usr/local/cuda/lib64:/usr/local/cuda/lib64:/usr/local/cuda/lib64:/usr/local/cuda/lib64:/home/jetson/slash_ws/install/vesc_driver/lib:/home/jetson/slash_ws/install/vesc_ackermann/lib:/home/jetson/slash_ws/install/teleop_tools_msgs/lib:/home/jetson/slash_ws/install/teb_local_planner/lib:/home/jetson/slash_ws/install/teb_msgs/lib:/home/jetson/slash_ws/install/pointcloud_to_laserscan/lib:/home/jetson/slash_ws/install/fast_lio/lib:/home/jetson/slash_ws/install/livox_ros_driver2/lib:/home/jetson/slash_ws/install/linefit_ground_segmentation/lib:/home/jetson/slash_ws/install/costmap_converter/lib:/home/jetson/slash_ws/install/costmap_converter_msgs/lib:/usr/lib/aarch64-linux-gnu/gazebo-11/plugins:/opt/ros/foxy/opt/yaml_cpp_vendor/lib:/opt/ros/foxy/opt/rviz_ogre_vendor/lib:/opt/ros/foxy/lib/aarch64-linux-gnu:/opt/ros/foxy/lib:/usr/local/cuda-11.4/lib64 PYTHONPATH=/home/jetson/slash_ws/install/vesc_msgs/lib/python3.8/site-packages:/home/jetson/slash_ws/install/f1tenth_stack/lib/python3.8/site-packages:/home/jetson/slash_ws/install/twist_to_ackermann/lib/python3.8/site-packages:/home/jetson/slash_ws/install/joy_teleop/lib/python3.8/site-packages:/home/jetson/slash_ws/install/teleop_tools_msgs/lib/python3.8/site-packages:/home/jetson/slash_ws/install/teb_msgs/lib/python3.8/site-packages:/home/jetson/slash_ws/install/roboracer_china_2025/lib/python3.8/site-packages:/home/jetson/slash_ws/install/mouse_teleop/lib/python3.8/site-packages:/home/jetson/slash_ws/install/fast_lio/lib/python3.8/site-packages:/home/jetson/slash_ws/install/livox_ros_driver2/lib/python3.8/site-packages:/home/jetson/slash_ws/install/key_teleop/lib/python3.8/site-packages:/home/jetson/slash_ws/install/costmap_converter_msgs/lib/python3.8/site-packages:/opt/ros/foxy/lib/python3.8/site-packages /usr/bin/cmake --install /home/jetson/slash_ws/build/vesc_driver
[7.358s] Level 1:colcon.colcon_core.environment:checking '/home/jetson/slash_ws/install/vesc_driver/lib'
[7.358s] Level 1:colcon.colcon_core.shell:create_environment_hook('vesc_driver', 'ld_library_path_lib')
[7.359s] INFO:colcon.colcon_core.shell:Creating environment hook '/home/jetson/slash_ws/install/vesc_driver/share/vesc_driver/hook/ld_library_path_lib.ps1'
[7.364s] INFO:colcon.colcon_core.shell:Creating environment descriptor '/home/jetson/slash_ws/install/vesc_driver/share/vesc_driver/hook/ld_library_path_lib.dsv'
[7.369s] INFO:colcon.colcon_core.shell:Creating environment hook '/home/jetson/slash_ws/install/vesc_driver/share/vesc_driver/hook/ld_library_path_lib.sh'
[7.373s] Level 1:colcon.colcon_core.environment:checking '/home/jetson/slash_ws/install/vesc_driver/bin'
[7.374s] Level 1:colcon.colcon_core.environment:checking '/home/jetson/slash_ws/install/vesc_driver/lib/pkgconfig/vesc_driver.pc'
[7.379s] Level 1:colcon.colcon_core.environment:checking '/home/jetson/slash_ws/install/vesc_driver/lib/python3.8/site-packages'
[7.380s] Level 1:colcon.colcon_core.environment:checking '/home/jetson/slash_ws/install/vesc_driver/bin'
[7.381s] INFO:colcon.colcon_core.shell:Creating package script '/home/jetson/slash_ws/install/vesc_driver/share/vesc_driver/package.ps1'
[7.383s] INFO:colcon.colcon_core.shell:Creating package descriptor '/home/jetson/slash_ws/install/vesc_driver/share/vesc_driver/package.dsv'
[7.389s] INFO:colcon.colcon_core.shell:Creating package script '/home/jetson/slash_ws/install/vesc_driver/share/vesc_driver/package.sh'
[7.391s] INFO:colcon.colcon_core.shell:Creating package script '/home/jetson/slash_ws/install/vesc_driver/share/vesc_driver/package.bash'
[7.399s] INFO:colcon.colcon_core.shell:Creating package script '/home/jetson/slash_ws/install/vesc_driver/share/vesc_driver/package.zsh'
[7.401s] Level 1:colcon.colcon_core.environment:create_file_with_runtime_dependencies(/home/jetson/slash_ws/install/vesc_driver/share/colcon-core/packages/vesc_driver)
[7.402s] Level 1:colcon.colcon_core.environment:create_environment_scripts_only(vesc_driver)
[7.403s] Level 1:colcon.colcon_core.environment:checking '/home/jetson/slash_ws/install/vesc_driver' for CMake module files
[7.404s] Level 1:colcon.colcon_core.environment:checking '/home/jetson/slash_ws/install/vesc_driver' for CMake config files
[7.405s] Level 1:colcon.colcon_core.shell:create_environment_hook('vesc_driver', 'cmake_prefix_path')
[7.405s] INFO:colcon.colcon_core.shell:Creating environment hook '/home/jetson/slash_ws/install/vesc_driver/share/vesc_driver/hook/cmake_prefix_path.ps1'
[7.407s] INFO:colcon.colcon_core.shell:Creating environment descriptor '/home/jetson/slash_ws/install/vesc_driver/share/vesc_driver/hook/cmake_prefix_path.dsv'
[7.408s] INFO:colcon.colcon_core.shell:Creating environment hook '/home/jetson/slash_ws/install/vesc_driver/share/vesc_driver/hook/cmake_prefix_path.sh'
[7.409s] Level 1:colcon.colcon_core.environment:checking '/home/jetson/slash_ws/install/vesc_driver/lib'
[7.410s] Level 1:colcon.colcon_core.shell:create_environment_hook('vesc_driver', 'ld_library_path_lib')
[7.410s] INFO:colcon.colcon_core.shell:Creating environment hook '/home/jetson/slash_ws/install/vesc_driver/share/vesc_driver/hook/ld_library_path_lib.ps1'
[7.411s] INFO:colcon.colcon_core.shell:Creating environment descriptor '/home/jetson/slash_ws/install/vesc_driver/share/vesc_driver/hook/ld_library_path_lib.dsv'
[7.413s] INFO:colcon.colcon_core.shell:Creating environment hook '/home/jetson/slash_ws/install/vesc_driver/share/vesc_driver/hook/ld_library_path_lib.sh'
[7.415s] Level 1:colcon.colcon_core.environment:checking '/home/jetson/slash_ws/install/vesc_driver/bin'
[7.415s] Level 1:colcon.colcon_core.environment:checking '/home/jetson/slash_ws/install/vesc_driver/lib/pkgconfig/vesc_driver.pc'
[7.416s] Level 1:colcon.colcon_core.environment:checking '/home/jetson/slash_ws/install/vesc_driver/lib/python3.8/site-packages'
[7.416s] Level 1:colcon.colcon_core.environment:checking '/home/jetson/slash_ws/install/vesc_driver/bin'
[7.417s] INFO:colcon.colcon_core.shell:Creating package script '/home/jetson/slash_ws/install/vesc_driver/share/vesc_driver/package.ps1'
[7.418s] INFO:colcon.colcon_core.shell:Creating package descriptor '/home/jetson/slash_ws/install/vesc_driver/share/vesc_driver/package.dsv'
[7.420s] INFO:colcon.colcon_core.shell:Creating package script '/home/jetson/slash_ws/install/vesc_driver/share/vesc_driver/package.sh'
[7.421s] INFO:colcon.colcon_core.shell:Creating package script '/home/jetson/slash_ws/install/vesc_driver/share/vesc_driver/package.bash'
[7.422s] INFO:colcon.colcon_core.shell:Creating package script '/home/jetson/slash_ws/install/vesc_driver/share/vesc_driver/package.zsh'
[7.423s] Level 1:colcon.colcon_core.environment:create_file_with_runtime_dependencies(/home/jetson/slash_ws/install/vesc_driver/share/colcon-core/packages/vesc_driver)
[7.433s] INFO:colcon.colcon_ros.task.ament_cmake.build:Building ROS package in '/home/jetson/slash_ws/src/slash_hardware/f1tenth_system/vesc/vesc' with build type 'ament_cmake'
[7.434s] INFO:colcon.colcon_cmake.task.cmake.build:Building CMake package in '/home/jetson/slash_ws/src/slash_hardware/f1tenth_system/vesc/vesc'
[7.435s] INFO:colcon.colcon_core.shell:Skip shell extension 'powershell' for command environment: Not usable outside of PowerShell
[7.436s] DEBUG:colcon.colcon_core.shell:Skip shell extension 'dsv' for command environment
[7.477s] Level 1:colcon.colcon_core.environment:checking '/home/jetson/slash_ws/install/mouse_teleop' for CMake module files
[7.478s] DEBUG:colcon.colcon_core.event_handler.log_command:Invoked command in '/home/jetson/slash_ws/src/slash_hardware/f1tenth_system/teleop_tools/mouse_teleop' returned '0': PYTHONPATH=/home/jetson/slash_ws/build/mouse_teleop/prefix_override:/usr/lib/python3/dist-packages/colcon_core/task/python/colcon_distutils_commands:/home/jetson/slash_ws/install/mouse_teleop/lib/python3.8/site-packages:${PYTHONPATH} /usr/bin/python3 -W ignore:setup.py install is deprecated -W ignore:easy_install command is deprecated setup.py egg_info --egg-base ../../../../../build/mouse_teleop build --build-base /home/jetson/slash_ws/build/mouse_teleop/build install --record /home/jetson/slash_ws/build/mouse_teleop/install.log --single-version-externally-managed install_data
[7.481s] Level 1:colcon.colcon_core.environment:checking '/home/jetson/slash_ws/install/mouse_teleop' for CMake config files
[7.482s] Level 1:colcon.colcon_core.environment:checking '/home/jetson/slash_ws/install/mouse_teleop/lib'
[7.483s] Level 1:colcon.colcon_core.environment:checking '/home/jetson/slash_ws/install/mouse_teleop/bin'
[7.484s] Level 1:colcon.colcon_core.environment:checking '/home/jetson/slash_ws/install/mouse_teleop/lib/pkgconfig/mouse_teleop.pc'
[7.484s] Level 1:colcon.colcon_core.environment:checking '/home/jetson/slash_ws/install/mouse_teleop/lib/python3.8/site-packages'
[7.484s] Level 1:colcon.colcon_core.shell:create_environment_hook('mouse_teleop', 'pythonpath')
[7.485s] INFO:colcon.colcon_core.shell:Creating environment hook '/home/jetson/slash_ws/install/mouse_teleop/share/mouse_teleop/hook/pythonpath.ps1'
[7.486s] INFO:colcon.colcon_core.shell:Creating environment descriptor '/home/jetson/slash_ws/install/mouse_teleop/share/mouse_teleop/hook/pythonpath.dsv'
[7.487s] INFO:colcon.colcon_core.shell:Creating environment hook '/home/jetson/slash_ws/install/mouse_teleop/share/mouse_teleop/hook/pythonpath.sh'
[7.489s] Level 1:colcon.colcon_core.environment:checking '/home/jetson/slash_ws/install/mouse_teleop/bin'
[7.489s] Level 1:colcon.colcon_core.environment:create_environment_scripts_only(mouse_teleop)
[7.489s] INFO:colcon.colcon_core.shell:Creating package script '/home/jetson/slash_ws/install/mouse_teleop/share/mouse_teleop/package.ps1'
[7.491s] INFO:colcon.colcon_core.shell:Creating package descriptor '/home/jetson/slash_ws/install/mouse_teleop/share/mouse_teleop/package.dsv'
[7.492s] INFO:colcon.colcon_core.shell:Creating package script '/home/jetson/slash_ws/install/mouse_teleop/share/mouse_teleop/package.sh'
[7.493s] INFO:colcon.colcon_core.shell:Creating package script '/home/jetson/slash_ws/install/mouse_teleop/share/mouse_teleop/package.bash'
[7.494s] INFO:colcon.colcon_core.shell:Creating package script '/home/jetson/slash_ws/install/mouse_teleop/share/mouse_teleop/package.zsh'
[7.495s] Level 1:colcon.colcon_core.environment:create_file_with_runtime_dependencies(/home/jetson/slash_ws/install/mouse_teleop/share/colcon-core/packages/mouse_teleop)
[7.506s] DEBUG:colcon.colcon_core.event_handler.log_command:Invoked command in '/home/jetson/slash_ws/build/slash_nav2' returned '0': CMAKE_PREFIX_PATH=${CMAKE_PREFIX_PATH}:/home/jetson/slash_ws/install/f1tenth_stack:/home/jetson/slash_ws/install/twist_to_ackermann:/home/jetson/slash_ws/install/joy_teleop:/home/jetson/slash_ws/install/roboracer_china_2025:/home/jetson/slash_ws/install/mouse_teleop:/home/jetson/slash_ws/install/key_teleop:/opt/ros/foxy /usr/bin/cmake --build /home/jetson/slash_ws/build/slash_nav2 -- -j8 -l8
[7.508s] DEBUG:colcon.colcon_core.event_handler.log_command:Invoking command in '/home/jetson/slash_ws/build/slash_nav2': CMAKE_PREFIX_PATH=${CMAKE_PREFIX_PATH}:/home/jetson/slash_ws/install/f1tenth_stack:/home/jetson/slash_ws/install/twist_to_ackermann:/home/jetson/slash_ws/install/joy_teleop:/home/jetson/slash_ws/install/roboracer_china_2025:/home/jetson/slash_ws/install/mouse_teleop:/home/jetson/slash_ws/install/key_teleop:/opt/ros/foxy /usr/bin/cmake --install /home/jetson/slash_ws/build/slash_nav2
[7.515s] Level 1:colcon.colcon_core.environment:checking '/home/jetson/slash_ws/install/key_teleop' for CMake module files
[7.516s] DEBUG:colcon.colcon_core.event_handler.log_command:Invoked command in '/home/jetson/slash_ws/src/slash_hardware/f1tenth_system/teleop_tools/key_teleop' returned '0': PYTHONPATH=/home/jetson/slash_ws/build/key_teleop/prefix_override:/usr/lib/python3/dist-packages/colcon_core/task/python/colcon_distutils_commands:/home/jetson/slash_ws/install/key_teleop/lib/python3.8/site-packages:${PYTHONPATH} /usr/bin/python3 -W ignore:setup.py install is deprecated -W ignore:easy_install command is deprecated setup.py egg_info --egg-base ../../../../../build/key_teleop build --build-base /home/jetson/slash_ws/build/key_teleop/build install --record /home/jetson/slash_ws/build/key_teleop/install.log --single-version-externally-managed install_data
[7.517s] Level 1:colcon.colcon_core.environment:checking '/home/jetson/slash_ws/install/key_teleop' for CMake config files
[7.518s] Level 1:colcon.colcon_core.environment:checking '/home/jetson/slash_ws/install/key_teleop/lib'
[7.519s] Level 1:colcon.colcon_core.environment:checking '/home/jetson/slash_ws/install/key_teleop/bin'
[7.519s] Level 1:colcon.colcon_core.environment:checking '/home/jetson/slash_ws/install/key_teleop/lib/pkgconfig/key_teleop.pc'
[7.519s] Level 1:colcon.colcon_core.environment:checking '/home/jetson/slash_ws/install/key_teleop/lib/python3.8/site-packages'
[7.520s] Level 1:colcon.colcon_core.shell:create_environment_hook('key_teleop', 'pythonpath')
[7.520s] INFO:colcon.colcon_core.shell:Creating environment hook '/home/jetson/slash_ws/install/key_teleop/share/key_teleop/hook/pythonpath.ps1'
[7.524s] INFO:colcon.colcon_core.shell:Creating environment descriptor '/home/jetson/slash_ws/install/key_teleop/share/key_teleop/hook/pythonpath.dsv'
[7.525s] INFO:colcon.colcon_core.shell:Creating environment hook '/home/jetson/slash_ws/install/key_teleop/share/key_teleop/hook/pythonpath.sh'
[7.526s] Level 1:colcon.colcon_core.environment:checking '/home/jetson/slash_ws/install/key_teleop/bin'
[7.527s] Level 1:colcon.colcon_core.environment:create_environment_scripts_only(key_teleop)
[7.527s] INFO:colcon.colcon_core.shell:Creating package script '/home/jetson/slash_ws/install/key_teleop/share/key_teleop/package.ps1'
[7.529s] INFO:colcon.colcon_core.shell:Creating package descriptor '/home/jetson/slash_ws/install/key_teleop/share/key_teleop/package.dsv'
[7.530s] INFO:colcon.colcon_core.shell:Creating package script '/home/jetson/slash_ws/install/key_teleop/share/key_teleop/package.sh'
[7.531s] INFO:colcon.colcon_core.shell:Creating package script '/home/jetson/slash_ws/install/key_teleop/share/key_teleop/package.bash'
[7.532s] INFO:colcon.colcon_core.shell:Creating package script '/home/jetson/slash_ws/install/key_teleop/share/key_teleop/package.zsh'
[7.533s] Level 1:colcon.colcon_core.environment:create_file_with_runtime_dependencies(/home/jetson/slash_ws/install/key_teleop/share/colcon-core/packages/key_teleop)
[7.535s] INFO:colcon.colcon_ros.task.ament_cmake.build:Building ROS package in '/home/jetson/slash_ws/src/slash_localization/FAST_LIO' with build type 'ament_cmake'
[7.536s] INFO:colcon.colcon_cmake.task.cmake.build:Building CMake package in '/home/jetson/slash_ws/src/slash_localization/FAST_LIO'
[7.537s] INFO:colcon.colcon_core.shell:Skip shell extension 'powershell' for command environment: Not usable outside of PowerShell
[7.537s] DEBUG:colcon.colcon_core.shell:Skip shell extension 'dsv' for command environment
[7.565s] INFO:colcon.colcon_ros.task.ament_cmake.build:Building ROS package in '/home/jetson/slash_ws/src/slash_perception/linefit_ground_segementation_ros2/linefit_ground_segmentation_ros' with build type 'ament_cmake'
[7.566s] INFO:colcon.colcon_cmake.task.cmake.build:Building CMake package in '/home/jetson/slash_ws/src/slash_perception/linefit_ground_segementation_ros2/linefit_ground_segmentation_ros'
[7.567s] INFO:colcon.colcon_core.shell:Skip shell extension 'powershell' for command environment: Not usable outside of PowerShell
[7.567s] DEBUG:colcon.colcon_core.shell:Skip shell extension 'dsv' for command environment
[7.588s] Level 1:colcon.colcon_core.environment:create_environment_scripts_only(simple_mpc)
[7.591s] Level 1:colcon.colcon_core.environment:checking '/home/jetson/slash_ws/install/simple_mpc' for CMake module files
[7.591s] DEBUG:colcon.colcon_core.event_handler.log_command:Invoked command in '/home/jetson/slash_ws/build/simple_mpc' returned '0': CMAKE_PREFIX_PATH=${CMAKE_PREFIX_PATH}:/home/jetson/slash_ws/install/f1tenth_stack:/home/jetson/slash_ws/install/twist_to_ackermann:/home/jetson/slash_ws/install/joy_teleop:/home/jetson/slash_ws/install/roboracer_china_2025:/home/jetson/slash_ws/install/mouse_teleop:/home/jetson/slash_ws/install/key_teleop:/opt/ros/foxy /usr/bin/cmake --install /home/jetson/slash_ws/build/simple_mpc
[7.593s] Level 1:colcon.colcon_core.environment:checking '/home/jetson/slash_ws/install/simple_mpc' for CMake config files
[7.595s] Level 1:colcon.colcon_core.shell:create_environment_hook('simple_mpc', 'cmake_prefix_path')
[7.596s] INFO:colcon.colcon_core.shell:Creating environment hook '/home/jetson/slash_ws/install/simple_mpc/share/simple_mpc/hook/cmake_prefix_path.ps1'
[7.598s] INFO:colcon.colcon_core.shell:Creating environment descriptor '/home/jetson/slash_ws/install/simple_mpc/share/simple_mpc/hook/cmake_prefix_path.dsv'
[7.600s] INFO:colcon.colcon_core.shell:Creating environment hook '/home/jetson/slash_ws/install/simple_mpc/share/simple_mpc/hook/cmake_prefix_path.sh'
[7.602s] Level 1:colcon.colcon_core.environment:checking '/home/jetson/slash_ws/install/simple_mpc/lib'
[7.602s] Level 1:colcon.colcon_core.environment:checking '/home/jetson/slash_ws/install/simple_mpc/bin'
[7.602s] Level 1:colcon.colcon_core.environment:checking '/home/jetson/slash_ws/install/simple_mpc/lib/pkgconfig/simple_mpc.pc'
[7.603s] Level 1:colcon.colcon_core.environment:checking '/home/jetson/slash_ws/install/simple_mpc/lib/python3.8/site-packages'
[7.604s] Level 1:colcon.colcon_core.environment:checking '/home/jetson/slash_ws/install/simple_mpc/bin'
[7.604s] INFO:colcon.colcon_core.shell:Creating package script '/home/jetson/slash_ws/install/simple_mpc/share/simple_mpc/package.ps1'
[7.606s] INFO:colcon.colcon_core.shell:Creating package descriptor '/home/jetson/slash_ws/install/simple_mpc/share/simple_mpc/package.dsv'
[7.607s] INFO:colcon.colcon_core.shell:Creating package script '/home/jetson/slash_ws/install/simple_mpc/share/simple_mpc/package.sh'
[7.608s] INFO:colcon.colcon_core.shell:Creating package script '/home/jetson/slash_ws/install/simple_mpc/share/simple_mpc/package.bash'
[7.609s] INFO:colcon.colcon_core.shell:Creating package script '/home/jetson/slash_ws/install/simple_mpc/share/simple_mpc/package.zsh'
[7.610s] Level 1:colcon.colcon_core.environment:create_file_with_runtime_dependencies(/home/jetson/slash_ws/install/simple_mpc/share/colcon-core/packages/simple_mpc)
[7.611s] Level 1:colcon.colcon_core.environment:create_environment_scripts_only(simple_mpc)
[7.612s] Level 1:colcon.colcon_core.environment:checking '/home/jetson/slash_ws/install/simple_mpc' for CMake module files
[7.613s] Level 1:colcon.colcon_core.environment:checking '/home/jetson/slash_ws/install/simple_mpc' for CMake config files
[7.614s] Level 1:colcon.colcon_core.shell:create_environment_hook('simple_mpc', 'cmake_prefix_path')
[7.615s] INFO:colcon.colcon_core.shell:Creating environment hook '/home/jetson/slash_ws/install/simple_mpc/share/simple_mpc/hook/cmake_prefix_path.ps1'
[7.618s] INFO:colcon.colcon_core.shell:Creating environment descriptor '/home/jetson/slash_ws/install/simple_mpc/share/simple_mpc/hook/cmake_prefix_path.dsv'
[7.620s] INFO:colcon.colcon_core.shell:Creating environment hook '/home/jetson/slash_ws/install/simple_mpc/share/simple_mpc/hook/cmake_prefix_path.sh'
[7.623s] Level 1:colcon.colcon_core.environment:checking '/home/jetson/slash_ws/install/simple_mpc/lib'
[7.624s] Level 1:colcon.colcon_core.environment:checking '/home/jetson/slash_ws/install/simple_mpc/bin'
[7.624s] Level 1:colcon.colcon_core.environment:checking '/home/jetson/slash_ws/install/simple_mpc/lib/pkgconfig/simple_mpc.pc'
[7.625s] Level 1:colcon.colcon_core.environment:checking '/home/jetson/slash_ws/install/simple_mpc/lib/python3.8/site-packages'
[7.626s] Level 1:colcon.colcon_core.environment:checking '/home/jetson/slash_ws/install/simple_mpc/bin'
[7.628s] INFO:colcon.colcon_core.shell:Creating package script '/home/jetson/slash_ws/install/simple_mpc/share/simple_mpc/package.ps1'
[7.630s] INFO:colcon.colcon_core.shell:Creating package descriptor '/home/jetson/slash_ws/install/simple_mpc/share/simple_mpc/package.dsv'
[7.631s] INFO:colcon.colcon_core.shell:Creating package script '/home/jetson/slash_ws/install/simple_mpc/share/simple_mpc/package.sh'
[7.632s] INFO:colcon.colcon_core.shell:Creating package script '/home/jetson/slash_ws/install/simple_mpc/share/simple_mpc/package.bash'
[7.634s] INFO:colcon.colcon_core.shell:Creating package script '/home/jetson/slash_ws/install/simple_mpc/share/simple_mpc/package.zsh'
[7.635s] Level 1:colcon.colcon_core.environment:create_file_with_runtime_dependencies(/home/jetson/slash_ws/install/simple_mpc/share/colcon-core/packages/simple_mpc)
[8.465s] INFO:colcon.colcon_core.task.python.build:Building Python package in '/home/jetson/slash_ws/src/slash_perception/twist_to_ackermann'
[8.467s] INFO:colcon.colcon_core.shell:Skip shell extension 'powershell' for command environment: Not usable outside of PowerShell
[8.467s] DEBUG:colcon.colcon_core.shell:Skip shell extension 'dsv' for command environment
[8.497s] INFO:colcon.colcon_ros.task.ament_cmake.build:Building ROS package in '/home/jetson/slash_ws/src/slash_navigation/teb_local_planner/teb_local_planner' with build type 'ament_cmake'
[8.500s] INFO:colcon.colcon_cmake.task.cmake.build:Building CMake package in '/home/jetson/slash_ws/src/slash_navigation/teb_local_planner/teb_local_planner'
[8.501s] INFO:colcon.colcon_core.shell:Skip shell extension 'powershell' for command environment: Not usable outside of PowerShell
[8.514s] DEBUG:colcon.colcon_core.shell:Skip shell extension 'dsv' for command environment
[8.592s] DEBUG:colcon.colcon_core.event_handler.log_command:Invoking command in '/home/jetson/slash_ws/src/slash_hardware/f1tenth_system/teleop_tools/joy_teleop': CMAKE_PREFIX_PATH=/home/jetson/slash_ws/install/teleop_tools_msgs:/home/jetson/slash_ws/install/vesc:/home/jetson/slash_ws/install/vesc_driver:/home/jetson/slash_ws/install/vesc_ackermann:/home/jetson/slash_ws/install/vesc_msgs:/home/jetson/slash_ws/install/teleop_tools:/home/jetson/slash_ws/install/teb_local_planner:/home/jetson/slash_ws/install/teb_msgs:/home/jetson/slash_ws/install/slash_nav2:/home/jetson/slash_ws/install/simple_mpc:/home/jetson/slash_ws/install/pointcloud_to_laserscan:/home/jetson/slash_ws/install/fast_lio:/home/jetson/slash_ws/install/livox_ros_driver2:/home/jetson/slash_ws/install/linefit_ground_segmentation_ros:/home/jetson/slash_ws/install/linefit_ground_segmentation:/home/jetson/slash_ws/install/costmap_converter:/home/jetson/slash_ws/install/costmap_converter_msgs:/home/jetson/slash_ws/install/ackermann_mux LD_LIBRARY_PATH=/home/jetson/slash_ws/install/teleop_tools_msgs/lib:/usr/local/cuda/lib64:/usr/local/cuda/lib64:/usr/local/cuda/lib64:/usr/local/cuda/lib64:/usr/local/cuda-11.4/lib64:/usr/local/cuda/lib64:/usr/local/cuda/lib64:/usr/local/cuda/lib64:/usr/local/cuda/lib64:/home/jetson/slash_ws/install/vesc_driver/lib:/home/jetson/slash_ws/install/vesc_ackermann/lib:/home/jetson/slash_ws/install/vesc_msgs/lib:/home/jetson/slash_ws/install/teb_local_planner/lib:/home/jetson/slash_ws/install/teb_msgs/lib:/home/jetson/slash_ws/install/pointcloud_to_laserscan/lib:/home/jetson/slash_ws/install/fast_lio/lib:/home/jetson/slash_ws/install/livox_ros_driver2/lib:/home/jetson/slash_ws/install/linefit_ground_segmentation/lib:/home/jetson/slash_ws/install/costmap_converter/lib:/home/jetson/slash_ws/install/costmap_converter_msgs/lib:/usr/lib/aarch64-linux-gnu/gazebo-11/plugins:/opt/ros/foxy/opt/yaml_cpp_vendor/lib:/opt/ros/foxy/opt/rviz_ogre_vendor/lib:/opt/ros/foxy/lib/aarch64-linux-gnu:/opt/ros/foxy/lib:/usr/local/cuda-11.4/lib64 PYTHONPATH=/home/jetson/slash_ws/build/joy_teleop/prefix_override:/usr/lib/python3/dist-packages/colcon_core/task/python/colcon_distutils_commands:/home/jetson/slash_ws/install/joy_teleop/lib/python3.8/site-packages:/home/jetson/slash_ws/install/teleop_tools_msgs/lib/python3.8/site-packages:/home/jetson/slash_ws/install/f1tenth_stack/lib/python3.8/site-packages:/home/jetson/slash_ws/install/vesc_msgs/lib/python3.8/site-packages:/home/jetson/slash_ws/install/twist_to_ackermann/lib/python3.8/site-packages:/home/jetson/slash_ws/install/joy_teleop/lib/python3.8/site-packages:/home/jetson/slash_ws/install/teb_msgs/lib/python3.8/site-packages:/home/jetson/slash_ws/install/roboracer_china_2025/lib/python3.8/site-packages:/home/jetson/slash_ws/install/mouse_teleop/lib/python3.8/site-packages:/home/jetson/slash_ws/install/fast_lio/lib/python3.8/site-packages:/home/jetson/slash_ws/install/livox_ros_driver2/lib/python3.8/site-packages:/home/jetson/slash_ws/install/key_teleop/lib/python3.8/site-packages:/home/jetson/slash_ws/install/costmap_converter_msgs/lib/python3.8/site-packages:/opt/ros/foxy/lib/python3.8/site-packages /usr/bin/python3 -W ignore:setup.py install is deprecated -W ignore:easy_install command is deprecated setup.py egg_info --egg-base ../../../../../build/joy_teleop build --build-base /home/jetson/slash_ws/build/joy_teleop/build install --record /home/jetson/slash_ws/build/joy_teleop/install.log --single-version-externally-managed install_data
[8.629s] Level 1:colcon.colcon_core.environment:create_environment_scripts_only(slash_nav2)
[8.630s] Level 1:colcon.colcon_core.environment:checking '/home/jetson/slash_ws/install/slash_nav2' for CMake module files
[8.632s] Level 1:colcon.colcon_core.environment:checking '/home/jetson/slash_ws/install/slash_nav2' for CMake config files
[8.633s] Level 1:colcon.colcon_core.shell:create_environment_hook('slash_nav2', 'cmake_prefix_path')
[8.633s] INFO:colcon.colcon_core.shell:Creating environment hook '/home/jetson/slash_ws/install/slash_nav2/share/slash_nav2/hook/cmake_prefix_path.ps1'
[8.635s] INFO:colcon.colcon_core.shell:Creating environment descriptor '/home/jetson/slash_ws/install/slash_nav2/share/slash_nav2/hook/cmake_prefix_path.dsv'
[8.636s] INFO:colcon.colcon_core.shell:Creating environment hook '/home/jetson/slash_ws/install/slash_nav2/share/slash_nav2/hook/cmake_prefix_path.sh'
[8.638s] Level 1:colcon.colcon_core.environment:checking '/home/jetson/slash_ws/install/slash_nav2/bin'
[8.638s] DEBUG:colcon.colcon_core.event_handler.log_command:Invoked command in '/home/jetson/slash_ws/build/slash_nav2' returned '0': CMAKE_PREFIX_PATH=${CMAKE_PREFIX_PATH}:/home/jetson/slash_ws/install/f1tenth_stack:/home/jetson/slash_ws/install/twist_to_ackermann:/home/jetson/slash_ws/install/joy_teleop:/home/jetson/slash_ws/install/roboracer_china_2025:/home/jetson/slash_ws/install/mouse_teleop:/home/jetson/slash_ws/install/key_teleop:/opt/ros/foxy /usr/bin/cmake --install /home/jetson/slash_ws/build/slash_nav2
[8.639s] Level 1:colcon.colcon_core.environment:checking '/home/jetson/slash_ws/install/slash_nav2/lib/pkgconfig/slash_nav2.pc'
[8.639s] Level 1:colcon.colcon_core.environment:checking '/home/jetson/slash_ws/install/slash_nav2/lib/python3.8/site-packages'
[8.640s] Level 1:colcon.colcon_core.environment:checking '/home/jetson/slash_ws/install/slash_nav2/bin'
[8.640s] INFO:colcon.colcon_core.shell:Creating package script '/home/jetson/slash_ws/install/slash_nav2/share/slash_nav2/package.ps1'
[8.642s] INFO:colcon.colcon_core.shell:Creating package descriptor '/home/jetson/slash_ws/install/slash_nav2/share/slash_nav2/package.dsv'
[8.646s] INFO:colcon.colcon_core.shell:Creating package script '/home/jetson/slash_ws/install/slash_nav2/share/slash_nav2/package.sh'
[8.648s] INFO:colcon.colcon_core.shell:Creating package script '/home/jetson/slash_ws/install/slash_nav2/share/slash_nav2/package.bash'
[8.655s] INFO:colcon.colcon_core.shell:Creating package script '/home/jetson/slash_ws/install/slash_nav2/share/slash_nav2/package.zsh'
[8.656s] Level 1:colcon.colcon_core.environment:create_file_with_runtime_dependencies(/home/jetson/slash_ws/install/slash_nav2/share/colcon-core/packages/slash_nav2)
[8.657s] Level 1:colcon.colcon_core.environment:create_environment_scripts_only(slash_nav2)
[8.658s] Level 1:colcon.colcon_core.environment:checking '/home/jetson/slash_ws/install/slash_nav2' for CMake module files
[8.659s] Level 1:colcon.colcon_core.environment:checking '/home/jetson/slash_ws/install/slash_nav2' for CMake config files
[8.659s] Level 1:colcon.colcon_core.shell:create_environment_hook('slash_nav2', 'cmake_prefix_path')
[8.660s] INFO:colcon.colcon_core.shell:Creating environment hook '/home/jetson/slash_ws/install/slash_nav2/share/slash_nav2/hook/cmake_prefix_path.ps1'
[8.663s] INFO:colcon.colcon_core.shell:Creating environment descriptor '/home/jetson/slash_ws/install/slash_nav2/share/slash_nav2/hook/cmake_prefix_path.dsv'
[8.665s] INFO:colcon.colcon_core.shell:Creating environment hook '/home/jetson/slash_ws/install/slash_nav2/share/slash_nav2/hook/cmake_prefix_path.sh'
[8.671s] Level 1:colcon.colcon_core.environment:checking '/home/jetson/slash_ws/install/slash_nav2/bin'
[8.671s] Level 1:colcon.colcon_core.environment:checking '/home/jetson/slash_ws/install/slash_nav2/lib/pkgconfig/slash_nav2.pc'
[8.674s] Level 1:colcon.colcon_core.environment:checking '/home/jetson/slash_ws/install/slash_nav2/lib/python3.8/site-packages'
[8.675s] Level 1:colcon.colcon_core.environment:checking '/home/jetson/slash_ws/install/slash_nav2/bin'
[8.675s] INFO:colcon.colcon_core.shell:Creating package script '/home/jetson/slash_ws/install/slash_nav2/share/slash_nav2/package.ps1'
[8.677s] INFO:colcon.colcon_core.shell:Creating package descriptor '/home/jetson/slash_ws/install/slash_nav2/share/slash_nav2/package.dsv'
[8.679s] INFO:colcon.colcon_core.shell:Creating package script '/home/jetson/slash_ws/install/slash_nav2/share/slash_nav2/package.sh'
[8.680s] INFO:colcon.colcon_core.shell:Creating package script '/home/jetson/slash_ws/install/slash_nav2/share/slash_nav2/package.bash'
[8.681s] INFO:colcon.colcon_core.shell:Creating package script '/home/jetson/slash_ws/install/slash_nav2/share/slash_nav2/package.zsh'
[8.681s] Level 1:colcon.colcon_core.environment:create_file_with_runtime_dependencies(/home/jetson/slash_ws/install/slash_nav2/share/colcon-core/packages/slash_nav2)
[8.691s] DEBUG:colcon.colcon_core.event_handler.log_command:Invoking command in '/home/jetson/slash_ws/build/vesc': CMAKE_PREFIX_PATH=/home/jetson/slash_ws/install/vesc_driver:/home/jetson/slash_ws/install/vesc_ackermann:/home/jetson/slash_ws/install/vesc_msgs:/home/jetson/slash_ws/install/vesc:/home/jetson/slash_ws/install/teleop_tools:/home/jetson/slash_ws/install/teleop_tools_msgs:/home/jetson/slash_ws/install/teb_local_planner:/home/jetson/slash_ws/install/teb_msgs:/home/jetson/slash_ws/install/slash_nav2:/home/jetson/slash_ws/install/simple_mpc:/home/jetson/slash_ws/install/pointcloud_to_laserscan:/home/jetson/slash_ws/install/fast_lio:/home/jetson/slash_ws/install/livox_ros_driver2:/home/jetson/slash_ws/install/linefit_ground_segmentation_ros:/home/jetson/slash_ws/install/linefit_ground_segmentation:/home/jetson/slash_ws/install/costmap_converter:/home/jetson/slash_ws/install/costmap_converter_msgs:/home/jetson/slash_ws/install/ackermann_mux:/home/jetson/slash_ws/install/f1tenth_stack:/home/jetson/slash_ws/install/twist_to_ackermann:/home/jetson/slash_ws/install/joy_teleop:/home/jetson/slash_ws/install/roboracer_china_2025:/home/jetson/slash_ws/install/mouse_teleop:/home/jetson/slash_ws/install/key_teleop:/opt/ros/foxy LD_LIBRARY_PATH=/home/jetson/slash_ws/install/vesc_driver/lib:/home/jetson/slash_ws/install/vesc_ackermann/lib:/home/jetson/slash_ws/install/vesc_msgs/lib:/usr/local/cuda/lib64:/usr/local/cuda/lib64:/usr/local/cuda/lib64:/usr/local/cuda/lib64:/usr/local/cuda-11.4/lib64:/usr/local/cuda/lib64:/usr/local/cuda/lib64:/usr/local/cuda/lib64:/usr/local/cuda/lib64:/home/jetson/slash_ws/install/teleop_tools_msgs/lib:/home/jetson/slash_ws/install/teb_local_planner/lib:/home/jetson/slash_ws/install/teb_msgs/lib:/home/jetson/slash_ws/install/pointcloud_to_laserscan/lib:/home/jetson/slash_ws/install/fast_lio/lib:/home/jetson/slash_ws/install/livox_ros_driver2/lib:/home/jetson/slash_ws/install/linefit_ground_segmentation/lib:/home/jetson/slash_ws/install/costmap_converter/lib:/home/jetson/slash_ws/install/costmap_converter_msgs/lib:/usr/lib/aarch64-linux-gnu/gazebo-11/plugins:/opt/ros/foxy/opt/yaml_cpp_vendor/lib:/opt/ros/foxy/opt/rviz_ogre_vendor/lib:/opt/ros/foxy/lib/aarch64-linux-gnu:/opt/ros/foxy/lib:/usr/local/cuda-11.4/lib64 PYTHONPATH=/home/jetson/slash_ws/install/vesc_msgs/lib/python3.8/site-packages:/home/jetson/slash_ws/install/f1tenth_stack/lib/python3.8/site-packages:/home/jetson/slash_ws/install/twist_to_ackermann/lib/python3.8/site-packages:/home/jetson/slash_ws/install/joy_teleop/lib/python3.8/site-packages:/home/jetson/slash_ws/install/teleop_tools_msgs/lib/python3.8/site-packages:/home/jetson/slash_ws/install/teb_msgs/lib/python3.8/site-packages:/home/jetson/slash_ws/install/roboracer_china_2025/lib/python3.8/site-packages:/home/jetson/slash_ws/install/mouse_teleop/lib/python3.8/site-packages:/home/jetson/slash_ws/install/fast_lio/lib/python3.8/site-packages:/home/jetson/slash_ws/install/livox_ros_driver2/lib/python3.8/site-packages:/home/jetson/slash_ws/install/key_teleop/lib/python3.8/site-packages:/home/jetson/slash_ws/install/costmap_converter_msgs/lib/python3.8/site-packages:/opt/ros/foxy/lib/python3.8/site-packages /usr/bin/cmake --build /home/jetson/slash_ws/build/vesc -- -j8 -l8
[8.719s] DEBUG:colcon.colcon_core.event_handler.log_command:Invoking command in '/home/jetson/slash_ws/build/fast_lio': CMAKE_PREFIX_PATH=/home/jetson/slash_ws/install/livox_ros_driver2:/home/jetson/slash_ws/install/vesc:/home/jetson/slash_ws/install/vesc_driver:/home/jetson/slash_ws/install/vesc_ackermann:/home/jetson/slash_ws/install/vesc_msgs:/home/jetson/slash_ws/install/teleop_tools:/home/jetson/slash_ws/install/teleop_tools_msgs:/home/jetson/slash_ws/install/teb_local_planner:/home/jetson/slash_ws/install/teb_msgs:/home/jetson/slash_ws/install/slash_nav2:/home/jetson/slash_ws/install/simple_mpc:/home/jetson/slash_ws/install/pointcloud_to_laserscan:/home/jetson/slash_ws/install/fast_lio:/home/jetson/slash_ws/install/linefit_ground_segmentation_ros:/home/jetson/slash_ws/install/linefit_ground_segmentation:/home/jetson/slash_ws/install/costmap_converter:/home/jetson/slash_ws/install/costmap_converter_msgs:/home/jetson/slash_ws/install/ackermann_mux:/home/jetson/slash_ws/install/f1tenth_stack:/home/jetson/slash_ws/install/twist_to_ackermann:/home/jetson/slash_ws/install/joy_teleop:/home/jetson/slash_ws/install/roboracer_china_2025:/home/jetson/slash_ws/install/mouse_teleop:/home/jetson/slash_ws/install/key_teleop:/opt/ros/foxy LD_LIBRARY_PATH=/home/jetson/slash_ws/install/livox_ros_driver2/lib:/usr/local/cuda/lib64:/usr/local/cuda/lib64:/usr/local/cuda/lib64:/usr/local/cuda/lib64:/usr/local/cuda-11.4/lib64:/usr/local/cuda/lib64:/usr/local/cuda/lib64:/usr/local/cuda/lib64:/usr/local/cuda/lib64:/home/jetson/slash_ws/install/vesc_driver/lib:/home/jetson/slash_ws/install/vesc_ackermann/lib:/home/jetson/slash_ws/install/vesc_msgs/lib:/home/jetson/slash_ws/install/teleop_tools_msgs/lib:/home/jetson/slash_ws/install/teb_local_planner/lib:/home/jetson/slash_ws/install/teb_msgs/lib:/home/jetson/slash_ws/install/pointcloud_to_laserscan/lib:/home/jetson/slash_ws/install/fast_lio/lib:/home/jetson/slash_ws/install/linefit_ground_segmentation/lib:/home/jetson/slash_ws/install/costmap_converter/lib:/home/jetson/slash_ws/install/costmap_converter_msgs/lib:/usr/lib/aarch64-linux-gnu/gazebo-11/plugins:/opt/ros/foxy/opt/yaml_cpp_vendor/lib:/opt/ros/foxy/opt/rviz_ogre_vendor/lib:/opt/ros/foxy/lib/aarch64-linux-gnu:/opt/ros/foxy/lib:/usr/local/cuda-11.4/lib64 PYTHONPATH=/home/jetson/slash_ws/install/livox_ros_driver2/lib/python3.8/site-packages:/home/jetson/slash_ws/install/f1tenth_stack/lib/python3.8/site-packages:/home/jetson/slash_ws/install/vesc_msgs/lib/python3.8/site-packages:/home/jetson/slash_ws/install/twist_to_ackermann/lib/python3.8/site-packages:/home/jetson/slash_ws/install/joy_teleop/lib/python3.8/site-packages:/home/jetson/slash_ws/install/teleop_tools_msgs/lib/python3.8/site-packages:/home/jetson/slash_ws/install/teb_msgs/lib/python3.8/site-packages:/home/jetson/slash_ws/install/roboracer_china_2025/lib/python3.8/site-packages:/home/jetson/slash_ws/install/mouse_teleop/lib/python3.8/site-packages:/home/jetson/slash_ws/install/fast_lio/lib/python3.8/site-packages:/home/jetson/slash_ws/install/key_teleop/lib/python3.8/site-packages:/home/jetson/slash_ws/install/costmap_converter_msgs/lib/python3.8/site-packages:/opt/ros/foxy/lib/python3.8/site-packages /usr/bin/cmake --build /home/jetson/slash_ws/build/fast_lio -- -j8 -l8
[8.759s] DEBUG:colcon.colcon_core.event_handler.log_command:Invoking command in '/home/jetson/slash_ws/build/linefit_ground_segmentation_ros': CMAKE_PREFIX_PATH=/home/jetson/slash_ws/install/linefit_ground_segmentation:/home/jetson/slash_ws/install/vesc:/home/jetson/slash_ws/install/vesc_driver:/home/jetson/slash_ws/install/vesc_ackermann:/home/jetson/slash_ws/install/vesc_msgs:/home/jetson/slash_ws/install/teleop_tools:/home/jetson/slash_ws/install/teleop_tools_msgs:/home/jetson/slash_ws/install/teb_local_planner:/home/jetson/slash_ws/install/teb_msgs:/home/jetson/slash_ws/install/slash_nav2:/home/jetson/slash_ws/install/simple_mpc:/home/jetson/slash_ws/install/pointcloud_to_laserscan:/home/jetson/slash_ws/install/fast_lio:/home/jetson/slash_ws/install/livox_ros_driver2:/home/jetson/slash_ws/install/linefit_ground_segmentation_ros:/home/jetson/slash_ws/install/costmap_converter:/home/jetson/slash_ws/install/costmap_converter_msgs:/home/jetson/slash_ws/install/ackermann_mux:/home/jetson/slash_ws/install/f1tenth_stack:/home/jetson/slash_ws/install/twist_to_ackermann:/home/jetson/slash_ws/install/joy_teleop:/home/jetson/slash_ws/install/roboracer_china_2025:/home/jetson/slash_ws/install/mouse_teleop:/home/jetson/slash_ws/install/key_teleop:/opt/ros/foxy LD_LIBRARY_PATH=/home/jetson/slash_ws/install/linefit_ground_segmentation/lib:/usr/local/cuda/lib64:/usr/local/cuda/lib64:/usr/local/cuda/lib64:/usr/local/cuda/lib64:/usr/local/cuda-11.4/lib64:/usr/local/cuda/lib64:/usr/local/cuda/lib64:/usr/local/cuda/lib64:/usr/local/cuda/lib64:/home/jetson/slash_ws/install/vesc_driver/lib:/home/jetson/slash_ws/install/vesc_ackermann/lib:/home/jetson/slash_ws/install/vesc_msgs/lib:/home/jetson/slash_ws/install/teleop_tools_msgs/lib:/home/jetson/slash_ws/install/teb_local_planner/lib:/home/jetson/slash_ws/install/teb_msgs/lib:/home/jetson/slash_ws/install/pointcloud_to_laserscan/lib:/home/jetson/slash_ws/install/fast_lio/lib:/home/jetson/slash_ws/install/livox_ros_driver2/lib:/home/jetson/slash_ws/install/costmap_converter/lib:/home/jetson/slash_ws/install/costmap_converter_msgs/lib:/usr/lib/aarch64-linux-gnu/gazebo-11/plugins:/opt/ros/foxy/opt/yaml_cpp_vendor/lib:/opt/ros/foxy/opt/rviz_ogre_vendor/lib:/opt/ros/foxy/lib/aarch64-linux-gnu:/opt/ros/foxy/lib:/usr/local/cuda-11.4/lib64 /usr/bin/cmake --build /home/jetson/slash_ws/build/linefit_ground_segmentation_ros -- -j8 -l8
[8.847s] DEBUG:colcon.colcon_core.event_handler.log_command:Invoking command in '/home/jetson/slash_ws/build/teb_local_planner': CMAKE_PREFIX_PATH=/home/jetson/slash_ws/install/teb_msgs:/home/jetson/slash_ws/install/costmap_converter:/home/jetson/slash_ws/install/costmap_converter_msgs:/home/jetson/slash_ws/install/vesc:/home/jetson/slash_ws/install/vesc_driver:/home/jetson/slash_ws/install/vesc_ackermann:/home/jetson/slash_ws/install/vesc_msgs:/home/jetson/slash_ws/install/teleop_tools:/home/jetson/slash_ws/install/teleop_tools_msgs:/home/jetson/slash_ws/install/teb_local_planner:/home/jetson/slash_ws/install/slash_nav2:/home/jetson/slash_ws/install/simple_mpc:/home/jetson/slash_ws/install/pointcloud_to_laserscan:/home/jetson/slash_ws/install/fast_lio:/home/jetson/slash_ws/install/livox_ros_driver2:/home/jetson/slash_ws/install/linefit_ground_segmentation_ros:/home/jetson/slash_ws/install/linefit_ground_segmentation:/home/jetson/slash_ws/install/ackermann_mux:/home/jetson/slash_ws/install/f1tenth_stack:/home/jetson/slash_ws/install/twist_to_ackermann:/home/jetson/slash_ws/install/joy_teleop:/home/jetson/slash_ws/install/roboracer_china_2025:/home/jetson/slash_ws/install/mouse_teleop:/home/jetson/slash_ws/install/key_teleop:/opt/ros/foxy LD_LIBRARY_PATH=/home/jetson/slash_ws/install/teb_msgs/lib:/home/jetson/slash_ws/install/costmap_converter/lib:/home/jetson/slash_ws/install/costmap_converter_msgs/lib:/usr/local/cuda/lib64:/usr/local/cuda/lib64:/usr/local/cuda/lib64:/usr/local/cuda/lib64:/usr/local/cuda-11.4/lib64:/usr/local/cuda/lib64:/usr/local/cuda/lib64:/usr/local/cuda/lib64:/usr/local/cuda/lib64:/home/jetson/slash_ws/install/vesc_driver/lib:/home/jetson/slash_ws/install/vesc_ackermann/lib:/home/jetson/slash_ws/install/vesc_msgs/lib:/home/jetson/slash_ws/install/teleop_tools_msgs/lib:/home/jetson/slash_ws/install/teb_local_planner/lib:/home/jetson/slash_ws/install/pointcloud_to_laserscan/lib:/home/jetson/slash_ws/install/fast_lio/lib:/home/jetson/slash_ws/install/livox_ros_driver2/lib:/home/jetson/slash_ws/install/linefit_ground_segmentation/lib:/usr/lib/aarch64-linux-gnu/gazebo-11/plugins:/opt/ros/foxy/opt/yaml_cpp_vendor/lib:/opt/ros/foxy/opt/rviz_ogre_vendor/lib:/opt/ros/foxy/lib/aarch64-linux-gnu:/opt/ros/foxy/lib:/usr/local/cuda-11.4/lib64 PATH=/home/jetson/slash_ws/install/costmap_converter/bin:/usr/local/cuda/bin:/usr/local/cuda/bin:/usr/local/cuda/bin:/usr/local/cuda/bin:/usr/local/cuda-11.4/bin:/home/jetson/.local/bin:/home/jetson/.nvm/versions/node/v22.22.2/bin:/usr/local/cuda/bin:/usr/local/cuda/bin:/usr/local/cuda/bin:/usr/local/cuda/bin:/opt/ros/foxy/bin:/home/jetson/miniforge3/condabin:/usr/local/cuda-11.4/bin:/home/jetson/.local/bin:/usr/local/sbin:/usr/local/bin:/usr/sbin:/usr/bin:/sbin:/bin:/usr/games:/usr/local/games:/snap/bin:/home/jetson/.vscode/extensions/ms-python.debugpy-2026.6.0-linux-arm64/bundled/scripts/noConfigScripts:/home/jetson/.config/Code/User/globalStorage/github.copilot-chat/debugCommand PYTHONPATH=/home/jetson/slash_ws/install/teb_msgs/lib/python3.8/site-packages:/home/jetson/slash_ws/install/costmap_converter_msgs/lib/python3.8/site-packages:/home/jetson/slash_ws/install/f1tenth_stack/lib/python3.8/site-packages:/home/jetson/slash_ws/install/vesc_msgs/lib/python3.8/site-packages:/home/jetson/slash_ws/install/twist_to_ackermann/lib/python3.8/site-packages:/home/jetson/slash_ws/install/joy_teleop/lib/python3.8/site-packages:/home/jetson/slash_ws/install/teleop_tools_msgs/lib/python3.8/site-packages:/home/jetson/slash_ws/install/roboracer_china_2025/lib/python3.8/site-packages:/home/jetson/slash_ws/install/mouse_teleop/lib/python3.8/site-packages:/home/jetson/slash_ws/install/fast_lio/lib/python3.8/site-packages:/home/jetson/slash_ws/install/livox_ros_driver2/lib/python3.8/site-packages:/home/jetson/slash_ws/install/key_teleop/lib/python3.8/site-packages:/opt/ros/foxy/lib/python3.8/site-packages /usr/bin/cmake --build /home/jetson/slash_ws/build/teb_local_planner -- -j8 -l8
[9.020s] DEBUG:colcon.colcon_core.event_handler.log_command:Invoking command in '/home/jetson/slash_ws/src/slash_navigation/roboracer_china_2025': PYTHONPATH=/home/jetson/slash_ws/build/roboracer_china_2025/prefix_override:/usr/lib/python3/dist-packages/colcon_core/task/python/colcon_distutils_commands:/home/jetson/slash_ws/install/roboracer_china_2025/lib/python3.8/site-packages:${PYTHONPATH} /usr/bin/python3 -W ignore:setup.py install is deprecated -W ignore:easy_install command is deprecated setup.py egg_info --egg-base ../../../build/roboracer_china_2025 build --build-base /home/jetson/slash_ws/build/roboracer_china_2025/build install --record /home/jetson/slash_ws/build/roboracer_china_2025/install.log --install-scripts $base/lib/roboracer_china_2025 --single-version-externally-managed install_data
[9.122s] DEBUG:colcon.colcon_core.event_handler.log_command:Invoked command in '/home/jetson/slash_ws/build/vesc' returned '0': CMAKE_PREFIX_PATH=/home/jetson/slash_ws/install/vesc_driver:/home/jetson/slash_ws/install/vesc_ackermann:/home/jetson/slash_ws/install/vesc_msgs:/home/jetson/slash_ws/install/vesc:/home/jetson/slash_ws/install/teleop_tools:/home/jetson/slash_ws/install/teleop_tools_msgs:/home/jetson/slash_ws/install/teb_local_planner:/home/jetson/slash_ws/install/teb_msgs:/home/jetson/slash_ws/install/slash_nav2:/home/jetson/slash_ws/install/simple_mpc:/home/jetson/slash_ws/install/pointcloud_to_laserscan:/home/jetson/slash_ws/install/fast_lio:/home/jetson/slash_ws/install/livox_ros_driver2:/home/jetson/slash_ws/install/linefit_ground_segmentation_ros:/home/jetson/slash_ws/install/linefit_ground_segmentation:/home/jetson/slash_ws/install/costmap_converter:/home/jetson/slash_ws/install/costmap_converter_msgs:/home/jetson/slash_ws/install/ackermann_mux:/home/jetson/slash_ws/install/f1tenth_stack:/home/jetson/slash_ws/install/twist_to_ackermann:/home/jetson/slash_ws/install/joy_teleop:/home/jetson/slash_ws/install/roboracer_china_2025:/home/jetson/slash_ws/install/mouse_teleop:/home/jetson/slash_ws/install/key_teleop:/opt/ros/foxy LD_LIBRARY_PATH=/home/jetson/slash_ws/install/vesc_driver/lib:/home/jetson/slash_ws/install/vesc_ackermann/lib:/home/jetson/slash_ws/install/vesc_msgs/lib:/usr/local/cuda/lib64:/usr/local/cuda/lib64:/usr/local/cuda/lib64:/usr/local/cuda/lib64:/usr/local/cuda-11.4/lib64:/usr/local/cuda/lib64:/usr/local/cuda/lib64:/usr/local/cuda/lib64:/usr/local/cuda/lib64:/home/jetson/slash_ws/install/teleop_tools_msgs/lib:/home/jetson/slash_ws/install/teb_local_planner/lib:/home/jetson/slash_ws/install/teb_msgs/lib:/home/jetson/slash_ws/install/pointcloud_to_laserscan/lib:/home/jetson/slash_ws/install/fast_lio/lib:/home/jetson/slash_ws/install/livox_ros_driver2/lib:/home/jetson/slash_ws/install/linefit_ground_segmentation/lib:/home/jetson/slash_ws/install/costmap_converter/lib:/home/jetson/slash_ws/install/costmap_converter_msgs/lib:/usr/lib/aarch64-linux-gnu/gazebo-11/plugins:/opt/ros/foxy/opt/yaml_cpp_vendor/lib:/opt/ros/foxy/opt/rviz_ogre_vendor/lib:/opt/ros/foxy/lib/aarch64-linux-gnu:/opt/ros/foxy/lib:/usr/local/cuda-11.4/lib64 PYTHONPATH=/home/jetson/slash_ws/install/vesc_msgs/lib/python3.8/site-packages:/home/jetson/slash_ws/install/f1tenth_stack/lib/python3.8/site-packages:/home/jetson/slash_ws/install/twist_to_ackermann/lib/python3.8/site-packages:/home/jetson/slash_ws/install/joy_teleop/lib/python3.8/site-packages:/home/jetson/slash_ws/install/teleop_tools_msgs/lib/python3.8/site-packages:/home/jetson/slash_ws/install/teb_msgs/lib/python3.8/site-packages:/home/jetson/slash_ws/install/roboracer_china_2025/lib/python3.8/site-packages:/home/jetson/slash_ws/install/mouse_teleop/lib/python3.8/site-packages:/home/jetson/slash_ws/install/fast_lio/lib/python3.8/site-packages:/home/jetson/slash_ws/install/livox_ros_driver2/lib/python3.8/site-packages:/home/jetson/slash_ws/install/key_teleop/lib/python3.8/site-packages:/home/jetson/slash_ws/install/costmap_converter_msgs/lib/python3.8/site-packages:/opt/ros/foxy/lib/python3.8/site-packages /usr/bin/cmake --build /home/jetson/slash_ws/build/vesc -- -j8 -l8
[9.126s] DEBUG:colcon.colcon_core.event_handler.log_command:Invoking command in '/home/jetson/slash_ws/build/vesc': CMAKE_PREFIX_PATH=/home/jetson/slash_ws/install/vesc_driver:/home/jetson/slash_ws/install/vesc_ackermann:/home/jetson/slash_ws/install/vesc_msgs:/home/jetson/slash_ws/install/vesc:/home/jetson/slash_ws/install/teleop_tools:/home/jetson/slash_ws/install/teleop_tools_msgs:/home/jetson/slash_ws/install/teb_local_planner:/home/jetson/slash_ws/install/teb_msgs:/home/jetson/slash_ws/install/slash_nav2:/home/jetson/slash_ws/install/simple_mpc:/home/jetson/slash_ws/install/pointcloud_to_laserscan:/home/jetson/slash_ws/install/fast_lio:/home/jetson/slash_ws/install/livox_ros_driver2:/home/jetson/slash_ws/install/linefit_ground_segmentation_ros:/home/jetson/slash_ws/install/linefit_ground_segmentation:/home/jetson/slash_ws/install/costmap_converter:/home/jetson/slash_ws/install/costmap_converter_msgs:/home/jetson/slash_ws/install/ackermann_mux:/home/jetson/slash_ws/install/f1tenth_stack:/home/jetson/slash_ws/install/twist_to_ackermann:/home/jetson/slash_ws/install/joy_teleop:/home/jetson/slash_ws/install/roboracer_china_2025:/home/jetson/slash_ws/install/mouse_teleop:/home/jetson/slash_ws/install/key_teleop:/opt/ros/foxy LD_LIBRARY_PATH=/home/jetson/slash_ws/install/vesc_driver/lib:/home/jetson/slash_ws/install/vesc_ackermann/lib:/home/jetson/slash_ws/install/vesc_msgs/lib:/usr/local/cuda/lib64:/usr/local/cuda/lib64:/usr/local/cuda/lib64:/usr/local/cuda/lib64:/usr/local/cuda-11.4/lib64:/usr/local/cuda/lib64:/usr/local/cuda/lib64:/usr/local/cuda/lib64:/usr/local/cuda/lib64:/home/jetson/slash_ws/install/teleop_tools_msgs/lib:/home/jetson/slash_ws/install/teb_local_planner/lib:/home/jetson/slash_ws/install/teb_msgs/lib:/home/jetson/slash_ws/install/pointcloud_to_laserscan/lib:/home/jetson/slash_ws/install/fast_lio/lib:/home/jetson/slash_ws/install/livox_ros_driver2/lib:/home/jetson/slash_ws/install/linefit_ground_segmentation/lib:/home/jetson/slash_ws/install/costmap_converter/lib:/home/jetson/slash_ws/install/costmap_converter_msgs/lib:/usr/lib/aarch64-linux-gnu/gazebo-11/plugins:/opt/ros/foxy/opt/yaml_cpp_vendor/lib:/opt/ros/foxy/opt/rviz_ogre_vendor/lib:/opt/ros/foxy/lib/aarch64-linux-gnu:/opt/ros/foxy/lib:/usr/local/cuda-11.4/lib64 PYTHONPATH=/home/jetson/slash_ws/install/vesc_msgs/lib/python3.8/site-packages:/home/jetson/slash_ws/install/f1tenth_stack/lib/python3.8/site-packages:/home/jetson/slash_ws/install/twist_to_ackermann/lib/python3.8/site-packages:/home/jetson/slash_ws/install/joy_teleop/lib/python3.8/site-packages:/home/jetson/slash_ws/install/teleop_tools_msgs/lib/python3.8/site-packages:/home/jetson/slash_ws/install/teb_msgs/lib/python3.8/site-packages:/home/jetson/slash_ws/install/roboracer_china_2025/lib/python3.8/site-packages:/home/jetson/slash_ws/install/mouse_teleop/lib/python3.8/site-packages:/home/jetson/slash_ws/install/fast_lio/lib/python3.8/site-packages:/home/jetson/slash_ws/install/livox_ros_driver2/lib/python3.8/site-packages:/home/jetson/slash_ws/install/key_teleop/lib/python3.8/site-packages:/home/jetson/slash_ws/install/costmap_converter_msgs/lib/python3.8/site-packages:/opt/ros/foxy/lib/python3.8/site-packages /usr/bin/cmake --install /home/jetson/slash_ws/build/vesc
[9.217s] Level 1:colcon.colcon_core.environment:create_environment_scripts_only(vesc)
[9.219s] Level 1:colcon.colcon_core.environment:checking '/home/jetson/slash_ws/install/vesc' for CMake module files
[9.220s] DEBUG:colcon.colcon_core.event_handler.log_command:Invoked command in '/home/jetson/slash_ws/build/vesc' returned '0': CMAKE_PREFIX_PATH=/home/jetson/slash_ws/install/vesc_driver:/home/jetson/slash_ws/install/vesc_ackermann:/home/jetson/slash_ws/install/vesc_msgs:/home/jetson/slash_ws/install/vesc:/home/jetson/slash_ws/install/teleop_tools:/home/jetson/slash_ws/install/teleop_tools_msgs:/home/jetson/slash_ws/install/teb_local_planner:/home/jetson/slash_ws/install/teb_msgs:/home/jetson/slash_ws/install/slash_nav2:/home/jetson/slash_ws/install/simple_mpc:/home/jetson/slash_ws/install/pointcloud_to_laserscan:/home/jetson/slash_ws/install/fast_lio:/home/jetson/slash_ws/install/livox_ros_driver2:/home/jetson/slash_ws/install/linefit_ground_segmentation_ros:/home/jetson/slash_ws/install/linefit_ground_segmentation:/home/jetson/slash_ws/install/costmap_converter:/home/jetson/slash_ws/install/costmap_converter_msgs:/home/jetson/slash_ws/install/ackermann_mux:/home/jetson/slash_ws/install/f1tenth_stack:/home/jetson/slash_ws/install/twist_to_ackermann:/home/jetson/slash_ws/install/joy_teleop:/home/jetson/slash_ws/install/roboracer_china_2025:/home/jetson/slash_ws/install/mouse_teleop:/home/jetson/slash_ws/install/key_teleop:/opt/ros/foxy LD_LIBRARY_PATH=/home/jetson/slash_ws/install/vesc_driver/lib:/home/jetson/slash_ws/install/vesc_ackermann/lib:/home/jetson/slash_ws/install/vesc_msgs/lib:/usr/local/cuda/lib64:/usr/local/cuda/lib64:/usr/local/cuda/lib64:/usr/local/cuda/lib64:/usr/local/cuda-11.4/lib64:/usr/local/cuda/lib64:/usr/local/cuda/lib64:/usr/local/cuda/lib64:/usr/local/cuda/lib64:/home/jetson/slash_ws/install/teleop_tools_msgs/lib:/home/jetson/slash_ws/install/teb_local_planner/lib:/home/jetson/slash_ws/install/teb_msgs/lib:/home/jetson/slash_ws/install/pointcloud_to_laserscan/lib:/home/jetson/slash_ws/install/fast_lio/lib:/home/jetson/slash_ws/install/livox_ros_driver2/lib:/home/jetson/slash_ws/install/linefit_ground_segmentation/lib:/home/jetson/slash_ws/install/costmap_converter/lib:/home/jetson/slash_ws/install/costmap_converter_msgs/lib:/usr/lib/aarch64-linux-gnu/gazebo-11/plugins:/opt/ros/foxy/opt/yaml_cpp_vendor/lib:/opt/ros/foxy/opt/rviz_ogre_vendor/lib:/opt/ros/foxy/lib/aarch64-linux-gnu:/opt/ros/foxy/lib:/usr/local/cuda-11.4/lib64 PYTHONPATH=/home/jetson/slash_ws/install/vesc_msgs/lib/python3.8/site-packages:/home/jetson/slash_ws/install/f1tenth_stack/lib/python3.8/site-packages:/home/jetson/slash_ws/install/twist_to_ackermann/lib/python3.8/site-packages:/home/jetson/slash_ws/install/joy_teleop/lib/python3.8/site-packages:/home/jetson/slash_ws/install/teleop_tools_msgs/lib/python3.8/site-packages:/home/jetson/slash_ws/install/teb_msgs/lib/python3.8/site-packages:/home/jetson/slash_ws/install/roboracer_china_2025/lib/python3.8/site-packages:/home/jetson/slash_ws/install/mouse_teleop/lib/python3.8/site-packages:/home/jetson/slash_ws/install/fast_lio/lib/python3.8/site-packages:/home/jetson/slash_ws/install/livox_ros_driver2/lib/python3.8/site-packages:/home/jetson/slash_ws/install/key_teleop/lib/python3.8/site-packages:/home/jetson/slash_ws/install/costmap_converter_msgs/lib/python3.8/site-packages:/opt/ros/foxy/lib/python3.8/site-packages /usr/bin/cmake --install /home/jetson/slash_ws/build/vesc
[9.223s] Level 1:colcon.colcon_core.environment:checking '/home/jetson/slash_ws/install/vesc' for CMake config files
[9.224s] Level 1:colcon.colcon_core.shell:create_environment_hook('vesc', 'cmake_prefix_path')
[9.224s] INFO:colcon.colcon_core.shell:Creating environment hook '/home/jetson/slash_ws/install/vesc/share/vesc/hook/cmake_prefix_path.ps1'
[9.226s] INFO:colcon.colcon_core.shell:Creating environment descriptor '/home/jetson/slash_ws/install/vesc/share/vesc/hook/cmake_prefix_path.dsv'
[9.228s] INFO:colcon.colcon_core.shell:Creating environment hook '/home/jetson/slash_ws/install/vesc/share/vesc/hook/cmake_prefix_path.sh'
[9.231s] Level 1:colcon.colcon_core.environment:checking '/home/jetson/slash_ws/install/vesc/bin'
[9.231s] Level 1:colcon.colcon_core.environment:checking '/home/jetson/slash_ws/install/vesc/lib/pkgconfig/vesc.pc'
[9.232s] Level 1:colcon.colcon_core.environment:checking '/home/jetson/slash_ws/install/vesc/lib/python3.8/site-packages'
[9.233s] Level 1:colcon.colcon_core.environment:checking '/home/jetson/slash_ws/install/vesc/bin'
[9.242s] INFO:colcon.colcon_core.shell:Creating package script '/home/jetson/slash_ws/install/vesc/share/vesc/package.ps1'
[9.245s] INFO:colcon.colcon_core.shell:Creating package descriptor '/home/jetson/slash_ws/install/vesc/share/vesc/package.dsv'
[9.260s] INFO:colcon.colcon_core.shell:Creating package script '/home/jetson/slash_ws/install/vesc/share/vesc/package.sh'
[9.261s] INFO:colcon.colcon_core.shell:Creating package script '/home/jetson/slash_ws/install/vesc/share/vesc/package.bash'
[9.271s] INFO:colcon.colcon_core.shell:Creating package script '/home/jetson/slash_ws/install/vesc/share/vesc/package.zsh'
[9.273s] Level 1:colcon.colcon_core.environment:create_file_with_runtime_dependencies(/home/jetson/slash_ws/install/vesc/share/colcon-core/packages/vesc)
[9.284s] Level 1:colcon.colcon_core.environment:create_environment_scripts_only(vesc)
[9.286s] Level 1:colcon.colcon_core.environment:checking '/home/jetson/slash_ws/install/vesc' for CMake module files
[9.287s] Level 1:colcon.colcon_core.environment:checking '/home/jetson/slash_ws/install/vesc' for CMake config files
[9.289s] Level 1:colcon.colcon_core.shell:create_environment_hook('vesc', 'cmake_prefix_path')
[9.290s] INFO:colcon.colcon_core.shell:Creating environment hook '/home/jetson/slash_ws/install/vesc/share/vesc/hook/cmake_prefix_path.ps1'
[9.293s] INFO:colcon.colcon_core.shell:Creating environment descriptor '/home/jetson/slash_ws/install/vesc/share/vesc/hook/cmake_prefix_path.dsv'
[9.295s] INFO:colcon.colcon_core.shell:Creating environment hook '/home/jetson/slash_ws/install/vesc/share/vesc/hook/cmake_prefix_path.sh'
[9.306s] Level 1:colcon.colcon_core.environment:checking '/home/jetson/slash_ws/install/vesc/bin'
[9.306s] Level 1:colcon.colcon_core.environment:checking '/home/jetson/slash_ws/install/vesc/lib/pkgconfig/vesc.pc'
[9.308s] Level 1:colcon.colcon_core.environment:checking '/home/jetson/slash_ws/install/vesc/lib/python3.8/site-packages'
[9.308s] Level 1:colcon.colcon_core.environment:checking '/home/jetson/slash_ws/install/vesc/bin'
[9.309s] INFO:colcon.colcon_core.shell:Creating package script '/home/jetson/slash_ws/install/vesc/share/vesc/package.ps1'
[9.311s] INFO:colcon.colcon_core.shell:Creating package descriptor '/home/jetson/slash_ws/install/vesc/share/vesc/package.dsv'
[9.322s] INFO:colcon.colcon_core.shell:Creating package script '/home/jetson/slash_ws/install/vesc/share/vesc/package.sh'
[9.324s] INFO:colcon.colcon_core.shell:Creating package script '/home/jetson/slash_ws/install/vesc/share/vesc/package.bash'
[9.327s] INFO:colcon.colcon_core.shell:Creating package script '/home/jetson/slash_ws/install/vesc/share/vesc/package.zsh'
[9.328s] Level 1:colcon.colcon_core.environment:create_file_with_runtime_dependencies(/home/jetson/slash_ws/install/vesc/share/colcon-core/packages/vesc)
[9.348s] DEBUG:colcon.colcon_core.event_handler.log_command:Invoked command in '/home/jetson/slash_ws/build/teb_local_planner' returned '0': CMAKE_PREFIX_PATH=/home/jetson/slash_ws/install/teb_msgs:/home/jetson/slash_ws/install/costmap_converter:/home/jetson/slash_ws/install/costmap_converter_msgs:/home/jetson/slash_ws/install/vesc:/home/jetson/slash_ws/install/vesc_driver:/home/jetson/slash_ws/install/vesc_ackermann:/home/jetson/slash_ws/install/vesc_msgs:/home/jetson/slash_ws/install/teleop_tools:/home/jetson/slash_ws/install/teleop_tools_msgs:/home/jetson/slash_ws/install/teb_local_planner:/home/jetson/slash_ws/install/slash_nav2:/home/jetson/slash_ws/install/simple_mpc:/home/jetson/slash_ws/install/pointcloud_to_laserscan:/home/jetson/slash_ws/install/fast_lio:/home/jetson/slash_ws/install/livox_ros_driver2:/home/jetson/slash_ws/install/linefit_ground_segmentation_ros:/home/jetson/slash_ws/install/linefit_ground_segmentation:/home/jetson/slash_ws/install/ackermann_mux:/home/jetson/slash_ws/install/f1tenth_stack:/home/jetson/slash_ws/install/twist_to_ackermann:/home/jetson/slash_ws/install/joy_teleop:/home/jetson/slash_ws/install/roboracer_china_2025:/home/jetson/slash_ws/install/mouse_teleop:/home/jetson/slash_ws/install/key_teleop:/opt/ros/foxy LD_LIBRARY_PATH=/home/jetson/slash_ws/install/teb_msgs/lib:/home/jetson/slash_ws/install/costmap_converter/lib:/home/jetson/slash_ws/install/costmap_converter_msgs/lib:/usr/local/cuda/lib64:/usr/local/cuda/lib64:/usr/local/cuda/lib64:/usr/local/cuda/lib64:/usr/local/cuda-11.4/lib64:/usr/local/cuda/lib64:/usr/local/cuda/lib64:/usr/local/cuda/lib64:/usr/local/cuda/lib64:/home/jetson/slash_ws/install/vesc_driver/lib:/home/jetson/slash_ws/install/vesc_ackermann/lib:/home/jetson/slash_ws/install/vesc_msgs/lib:/home/jetson/slash_ws/install/teleop_tools_msgs/lib:/home/jetson/slash_ws/install/teb_local_planner/lib:/home/jetson/slash_ws/install/pointcloud_to_laserscan/lib:/home/jetson/slash_ws/install/fast_lio/lib:/home/jetson/slash_ws/install/livox_ros_driver2/lib:/home/jetson/slash_ws/install/linefit_ground_segmentation/lib:/usr/lib/aarch64-linux-gnu/gazebo-11/plugins:/opt/ros/foxy/opt/yaml_cpp_vendor/lib:/opt/ros/foxy/opt/rviz_ogre_vendor/lib:/opt/ros/foxy/lib/aarch64-linux-gnu:/opt/ros/foxy/lib:/usr/local/cuda-11.4/lib64 PATH=/home/jetson/slash_ws/install/costmap_converter/bin:/usr/local/cuda/bin:/usr/local/cuda/bin:/usr/local/cuda/bin:/usr/local/cuda/bin:/usr/local/cuda-11.4/bin:/home/jetson/.local/bin:/home/jetson/.nvm/versions/node/v22.22.2/bin:/usr/local/cuda/bin:/usr/local/cuda/bin:/usr/local/cuda/bin:/usr/local/cuda/bin:/opt/ros/foxy/bin:/home/jetson/miniforge3/condabin:/usr/local/cuda-11.4/bin:/home/jetson/.local/bin:/usr/local/sbin:/usr/local/bin:/usr/sbin:/usr/bin:/sbin:/bin:/usr/games:/usr/local/games:/snap/bin:/home/jetson/.vscode/extensions/ms-python.debugpy-2026.6.0-linux-arm64/bundled/scripts/noConfigScripts:/home/jetson/.config/Code/User/globalStorage/github.copilot-chat/debugCommand PYTHONPATH=/home/jetson/slash_ws/install/teb_msgs/lib/python3.8/site-packages:/home/jetson/slash_ws/install/costmap_converter_msgs/lib/python3.8/site-packages:/home/jetson/slash_ws/install/f1tenth_stack/lib/python3.8/site-packages:/home/jetson/slash_ws/install/vesc_msgs/lib/python3.8/site-packages:/home/jetson/slash_ws/install/twist_to_ackermann/lib/python3.8/site-packages:/home/jetson/slash_ws/install/joy_teleop/lib/python3.8/site-packages:/home/jetson/slash_ws/install/teleop_tools_msgs/lib/python3.8/site-packages:/home/jetson/slash_ws/install/roboracer_china_2025/lib/python3.8/site-packages:/home/jetson/slash_ws/install/mouse_teleop/lib/python3.8/site-packages:/home/jetson/slash_ws/install/fast_lio/lib/python3.8/site-packages:/home/jetson/slash_ws/install/livox_ros_driver2/lib/python3.8/site-packages:/home/jetson/slash_ws/install/key_teleop/lib/python3.8/site-packages:/opt/ros/foxy/lib/python3.8/site-packages /usr/bin/cmake --build /home/jetson/slash_ws/build/teb_local_planner -- -j8 -l8
[9.390s] DEBUG:colcon.colcon_core.event_handler.log_command:Invoking command in '/home/jetson/slash_ws/build/teb_local_planner': CMAKE_PREFIX_PATH=/home/jetson/slash_ws/install/teb_msgs:/home/jetson/slash_ws/install/costmap_converter:/home/jetson/slash_ws/install/costmap_converter_msgs:/home/jetson/slash_ws/install/vesc:/home/jetson/slash_ws/install/vesc_driver:/home/jetson/slash_ws/install/vesc_ackermann:/home/jetson/slash_ws/install/vesc_msgs:/home/jetson/slash_ws/install/teleop_tools:/home/jetson/slash_ws/install/teleop_tools_msgs:/home/jetson/slash_ws/install/teb_local_planner:/home/jetson/slash_ws/install/slash_nav2:/home/jetson/slash_ws/install/simple_mpc:/home/jetson/slash_ws/install/pointcloud_to_laserscan:/home/jetson/slash_ws/install/fast_lio:/home/jetson/slash_ws/install/livox_ros_driver2:/home/jetson/slash_ws/install/linefit_ground_segmentation_ros:/home/jetson/slash_ws/install/linefit_ground_segmentation:/home/jetson/slash_ws/install/ackermann_mux:/home/jetson/slash_ws/install/f1tenth_stack:/home/jetson/slash_ws/install/twist_to_ackermann:/home/jetson/slash_ws/install/joy_teleop:/home/jetson/slash_ws/install/roboracer_china_2025:/home/jetson/slash_ws/install/mouse_teleop:/home/jetson/slash_ws/install/key_teleop:/opt/ros/foxy LD_LIBRARY_PATH=/home/jetson/slash_ws/install/teb_msgs/lib:/home/jetson/slash_ws/install/costmap_converter/lib:/home/jetson/slash_ws/install/costmap_converter_msgs/lib:/usr/local/cuda/lib64:/usr/local/cuda/lib64:/usr/local/cuda/lib64:/usr/local/cuda/lib64:/usr/local/cuda-11.4/lib64:/usr/local/cuda/lib64:/usr/local/cuda/lib64:/usr/local/cuda/lib64:/usr/local/cuda/lib64:/home/jetson/slash_ws/install/vesc_driver/lib:/home/jetson/slash_ws/install/vesc_ackermann/lib:/home/jetson/slash_ws/install/vesc_msgs/lib:/home/jetson/slash_ws/install/teleop_tools_msgs/lib:/home/jetson/slash_ws/install/teb_local_planner/lib:/home/jetson/slash_ws/install/pointcloud_to_laserscan/lib:/home/jetson/slash_ws/install/fast_lio/lib:/home/jetson/slash_ws/install/livox_ros_driver2/lib:/home/jetson/slash_ws/install/linefit_ground_segmentation/lib:/usr/lib/aarch64-linux-gnu/gazebo-11/plugins:/opt/ros/foxy/opt/yaml_cpp_vendor/lib:/opt/ros/foxy/opt/rviz_ogre_vendor/lib:/opt/ros/foxy/lib/aarch64-linux-gnu:/opt/ros/foxy/lib:/usr/local/cuda-11.4/lib64 PATH=/home/jetson/slash_ws/install/costmap_converter/bin:/usr/local/cuda/bin:/usr/local/cuda/bin:/usr/local/cuda/bin:/usr/local/cuda/bin:/usr/local/cuda-11.4/bin:/home/jetson/.local/bin:/home/jetson/.nvm/versions/node/v22.22.2/bin:/usr/local/cuda/bin:/usr/local/cuda/bin:/usr/local/cuda/bin:/usr/local/cuda/bin:/opt/ros/foxy/bin:/home/jetson/miniforge3/condabin:/usr/local/cuda-11.4/bin:/home/jetson/.local/bin:/usr/local/sbin:/usr/local/bin:/usr/sbin:/usr/bin:/sbin:/bin:/usr/games:/usr/local/games:/snap/bin:/home/jetson/.vscode/extensions/ms-python.debugpy-2026.6.0-linux-arm64/bundled/scripts/noConfigScripts:/home/jetson/.config/Code/User/globalStorage/github.copilot-chat/debugCommand PYTHONPATH=/home/jetson/slash_ws/install/teb_msgs/lib/python3.8/site-packages:/home/jetson/slash_ws/install/costmap_converter_msgs/lib/python3.8/site-packages:/home/jetson/slash_ws/install/f1tenth_stack/lib/python3.8/site-packages:/home/jetson/slash_ws/install/vesc_msgs/lib/python3.8/site-packages:/home/jetson/slash_ws/install/twist_to_ackermann/lib/python3.8/site-packages:/home/jetson/slash_ws/install/joy_teleop/lib/python3.8/site-packages:/home/jetson/slash_ws/install/teleop_tools_msgs/lib/python3.8/site-packages:/home/jetson/slash_ws/install/roboracer_china_2025/lib/python3.8/site-packages:/home/jetson/slash_ws/install/mouse_teleop/lib/python3.8/site-packages:/home/jetson/slash_ws/install/fast_lio/lib/python3.8/site-packages:/home/jetson/slash_ws/install/livox_ros_driver2/lib/python3.8/site-packages:/home/jetson/slash_ws/install/key_teleop/lib/python3.8/site-packages:/opt/ros/foxy/lib/python3.8/site-packages /usr/bin/cmake --install /home/jetson/slash_ws/build/teb_local_planner
[9.437s] DEBUG:colcon.colcon_core.event_handler.log_command:Invoked command in '/home/jetson/slash_ws/build/linefit_ground_segmentation_ros' returned '0': CMAKE_PREFIX_PATH=/home/jetson/slash_ws/install/linefit_ground_segmentation:/home/jetson/slash_ws/install/vesc:/home/jetson/slash_ws/install/vesc_driver:/home/jetson/slash_ws/install/vesc_ackermann:/home/jetson/slash_ws/install/vesc_msgs:/home/jetson/slash_ws/install/teleop_tools:/home/jetson/slash_ws/install/teleop_tools_msgs:/home/jetson/slash_ws/install/teb_local_planner:/home/jetson/slash_ws/install/teb_msgs:/home/jetson/slash_ws/install/slash_nav2:/home/jetson/slash_ws/install/simple_mpc:/home/jetson/slash_ws/install/pointcloud_to_laserscan:/home/jetson/slash_ws/install/fast_lio:/home/jetson/slash_ws/install/livox_ros_driver2:/home/jetson/slash_ws/install/linefit_ground_segmentation_ros:/home/jetson/slash_ws/install/costmap_converter:/home/jetson/slash_ws/install/costmap_converter_msgs:/home/jetson/slash_ws/install/ackermann_mux:/home/jetson/slash_ws/install/f1tenth_stack:/home/jetson/slash_ws/install/twist_to_ackermann:/home/jetson/slash_ws/install/joy_teleop:/home/jetson/slash_ws/install/roboracer_china_2025:/home/jetson/slash_ws/install/mouse_teleop:/home/jetson/slash_ws/install/key_teleop:/opt/ros/foxy LD_LIBRARY_PATH=/home/jetson/slash_ws/install/linefit_ground_segmentation/lib:/usr/local/cuda/lib64:/usr/local/cuda/lib64:/usr/local/cuda/lib64:/usr/local/cuda/lib64:/usr/local/cuda-11.4/lib64:/usr/local/cuda/lib64:/usr/local/cuda/lib64:/usr/local/cuda/lib64:/usr/local/cuda/lib64:/home/jetson/slash_ws/install/vesc_driver/lib:/home/jetson/slash_ws/install/vesc_ackermann/lib:/home/jetson/slash_ws/install/vesc_msgs/lib:/home/jetson/slash_ws/install/teleop_tools_msgs/lib:/home/jetson/slash_ws/install/teb_local_planner/lib:/home/jetson/slash_ws/install/teb_msgs/lib:/home/jetson/slash_ws/install/pointcloud_to_laserscan/lib:/home/jetson/slash_ws/install/fast_lio/lib:/home/jetson/slash_ws/install/livox_ros_driver2/lib:/home/jetson/slash_ws/install/costmap_converter/lib:/home/jetson/slash_ws/install/costmap_converter_msgs/lib:/usr/lib/aarch64-linux-gnu/gazebo-11/plugins:/opt/ros/foxy/opt/yaml_cpp_vendor/lib:/opt/ros/foxy/opt/rviz_ogre_vendor/lib:/opt/ros/foxy/lib/aarch64-linux-gnu:/opt/ros/foxy/lib:/usr/local/cuda-11.4/lib64 /usr/bin/cmake --build /home/jetson/slash_ws/build/linefit_ground_segmentation_ros -- -j8 -l8
[9.440s] DEBUG:colcon.colcon_core.event_handler.log_command:Invoking command in '/home/jetson/slash_ws/build/linefit_ground_segmentation_ros': CMAKE_PREFIX_PATH=/home/jetson/slash_ws/install/linefit_ground_segmentation:/home/jetson/slash_ws/install/vesc:/home/jetson/slash_ws/install/vesc_driver:/home/jetson/slash_ws/install/vesc_ackermann:/home/jetson/slash_ws/install/vesc_msgs:/home/jetson/slash_ws/install/teleop_tools:/home/jetson/slash_ws/install/teleop_tools_msgs:/home/jetson/slash_ws/install/teb_local_planner:/home/jetson/slash_ws/install/teb_msgs:/home/jetson/slash_ws/install/slash_nav2:/home/jetson/slash_ws/install/simple_mpc:/home/jetson/slash_ws/install/pointcloud_to_laserscan:/home/jetson/slash_ws/install/fast_lio:/home/jetson/slash_ws/install/livox_ros_driver2:/home/jetson/slash_ws/install/linefit_ground_segmentation_ros:/home/jetson/slash_ws/install/costmap_converter:/home/jetson/slash_ws/install/costmap_converter_msgs:/home/jetson/slash_ws/install/ackermann_mux:/home/jetson/slash_ws/install/f1tenth_stack:/home/jetson/slash_ws/install/twist_to_ackermann:/home/jetson/slash_ws/install/joy_teleop:/home/jetson/slash_ws/install/roboracer_china_2025:/home/jetson/slash_ws/install/mouse_teleop:/home/jetson/slash_ws/install/key_teleop:/opt/ros/foxy LD_LIBRARY_PATH=/home/jetson/slash_ws/install/linefit_ground_segmentation/lib:/usr/local/cuda/lib64:/usr/local/cuda/lib64:/usr/local/cuda/lib64:/usr/local/cuda/lib64:/usr/local/cuda-11.4/lib64:/usr/local/cuda/lib64:/usr/local/cuda/lib64:/usr/local/cuda/lib64:/usr/local/cuda/lib64:/home/jetson/slash_ws/install/vesc_driver/lib:/home/jetson/slash_ws/install/vesc_ackermann/lib:/home/jetson/slash_ws/install/vesc_msgs/lib:/home/jetson/slash_ws/install/teleop_tools_msgs/lib:/home/jetson/slash_ws/install/teb_local_planner/lib:/home/jetson/slash_ws/install/teb_msgs/lib:/home/jetson/slash_ws/install/pointcloud_to_laserscan/lib:/home/jetson/slash_ws/install/fast_lio/lib:/home/jetson/slash_ws/install/livox_ros_driver2/lib:/home/jetson/slash_ws/install/costmap_converter/lib:/home/jetson/slash_ws/install/costmap_converter_msgs/lib:/usr/lib/aarch64-linux-gnu/gazebo-11/plugins:/opt/ros/foxy/opt/yaml_cpp_vendor/lib:/opt/ros/foxy/opt/rviz_ogre_vendor/lib:/opt/ros/foxy/lib/aarch64-linux-gnu:/opt/ros/foxy/lib:/usr/local/cuda-11.4/lib64 /usr/bin/cmake --install /home/jetson/slash_ws/build/linefit_ground_segmentation_ros
[9.469s] Level 1:colcon.colcon_core.environment:create_environment_scripts_only(teb_local_planner)
[9.470s] Level 1:colcon.colcon_core.environment:checking '/home/jetson/slash_ws/install/teb_local_planner' for CMake module files
[9.471s] Level 1:colcon.colcon_core.environment:checking '/home/jetson/slash_ws/install/teb_local_planner' for CMake config files
[9.472s] Level 1:colcon.colcon_core.shell:create_environment_hook('teb_local_planner', 'cmake_prefix_path')
[9.472s] INFO:colcon.colcon_core.shell:Creating environment hook '/home/jetson/slash_ws/install/teb_local_planner/share/teb_local_planner/hook/cmake_prefix_path.ps1'
[9.474s] INFO:colcon.colcon_core.shell:Creating environment descriptor '/home/jetson/slash_ws/install/teb_local_planner/share/teb_local_planner/hook/cmake_prefix_path.dsv'
[9.475s] INFO:colcon.colcon_core.shell:Creating environment hook '/home/jetson/slash_ws/install/teb_local_planner/share/teb_local_planner/hook/cmake_prefix_path.sh'
[9.477s] Level 1:colcon.colcon_core.environment:checking '/home/jetson/slash_ws/install/teb_local_planner/lib'
[9.477s] Level 1:colcon.colcon_core.shell:create_environment_hook('teb_local_planner', 'ld_library_path_lib')
[9.477s] INFO:colcon.colcon_core.shell:Creating environment hook '/home/jetson/slash_ws/install/teb_local_planner/share/teb_local_planner/hook/ld_library_path_lib.ps1'
[9.479s] INFO:colcon.colcon_core.shell:Creating environment descriptor '/home/jetson/slash_ws/install/teb_local_planner/share/teb_local_planner/hook/ld_library_path_lib.dsv'
[9.480s] INFO:colcon.colcon_core.shell:Creating environment hook '/home/jetson/slash_ws/install/teb_local_planner/share/teb_local_planner/hook/ld_library_path_lib.sh'
[9.481s] Level 1:colcon.colcon_core.environment:checking '/home/jetson/slash_ws/install/teb_local_planner/bin'
[9.481s] Level 1:colcon.colcon_core.environment:checking '/home/jetson/slash_ws/install/teb_local_planner/lib/pkgconfig/teb_local_planner.pc'
[9.482s] Level 1:colcon.colcon_core.environment:checking '/home/jetson/slash_ws/install/teb_local_planner/lib/python3.8/site-packages'
[9.482s] Level 1:colcon.colcon_core.environment:checking '/home/jetson/slash_ws/install/teb_local_planner/bin'
[9.483s] INFO:colcon.colcon_core.shell:Creating package script '/home/jetson/slash_ws/install/teb_local_planner/share/teb_local_planner/package.ps1'
[9.488s] DEBUG:colcon.colcon_core.event_handler.log_command:Invoked command in '/home/jetson/slash_ws/build/teb_local_planner' returned '0': CMAKE_PREFIX_PATH=/home/jetson/slash_ws/install/teb_msgs:/home/jetson/slash_ws/install/costmap_converter:/home/jetson/slash_ws/install/costmap_converter_msgs:/home/jetson/slash_ws/install/vesc:/home/jetson/slash_ws/install/vesc_driver:/home/jetson/slash_ws/install/vesc_ackermann:/home/jetson/slash_ws/install/vesc_msgs:/home/jetson/slash_ws/install/teleop_tools:/home/jetson/slash_ws/install/teleop_tools_msgs:/home/jetson/slash_ws/install/teb_local_planner:/home/jetson/slash_ws/install/slash_nav2:/home/jetson/slash_ws/install/simple_mpc:/home/jetson/slash_ws/install/pointcloud_to_laserscan:/home/jetson/slash_ws/install/fast_lio:/home/jetson/slash_ws/install/livox_ros_driver2:/home/jetson/slash_ws/install/linefit_ground_segmentation_ros:/home/jetson/slash_ws/install/linefit_ground_segmentation:/home/jetson/slash_ws/install/ackermann_mux:/home/jetson/slash_ws/install/f1tenth_stack:/home/jetson/slash_ws/install/twist_to_ackermann:/home/jetson/slash_ws/install/joy_teleop:/home/jetson/slash_ws/install/roboracer_china_2025:/home/jetson/slash_ws/install/mouse_teleop:/home/jetson/slash_ws/install/key_teleop:/opt/ros/foxy LD_LIBRARY_PATH=/home/jetson/slash_ws/install/teb_msgs/lib:/home/jetson/slash_ws/install/costmap_converter/lib:/home/jetson/slash_ws/install/costmap_converter_msgs/lib:/usr/local/cuda/lib64:/usr/local/cuda/lib64:/usr/local/cuda/lib64:/usr/local/cuda/lib64:/usr/local/cuda-11.4/lib64:/usr/local/cuda/lib64:/usr/local/cuda/lib64:/usr/local/cuda/lib64:/usr/local/cuda/lib64:/home/jetson/slash_ws/install/vesc_driver/lib:/home/jetson/slash_ws/install/vesc_ackermann/lib:/home/jetson/slash_ws/install/vesc_msgs/lib:/home/jetson/slash_ws/install/teleop_tools_msgs/lib:/home/jetson/slash_ws/install/teb_local_planner/lib:/home/jetson/slash_ws/install/pointcloud_to_laserscan/lib:/home/jetson/slash_ws/install/fast_lio/lib:/home/jetson/slash_ws/install/livox_ros_driver2/lib:/home/jetson/slash_ws/install/linefit_ground_segmentation/lib:/usr/lib/aarch64-linux-gnu/gazebo-11/plugins:/opt/ros/foxy/opt/yaml_cpp_vendor/lib:/opt/ros/foxy/opt/rviz_ogre_vendor/lib:/opt/ros/foxy/lib/aarch64-linux-gnu:/opt/ros/foxy/lib:/usr/local/cuda-11.4/lib64 PATH=/home/jetson/slash_ws/install/costmap_converter/bin:/usr/local/cuda/bin:/usr/local/cuda/bin:/usr/local/cuda/bin:/usr/local/cuda/bin:/usr/local/cuda-11.4/bin:/home/jetson/.local/bin:/home/jetson/.nvm/versions/node/v22.22.2/bin:/usr/local/cuda/bin:/usr/local/cuda/bin:/usr/local/cuda/bin:/usr/local/cuda/bin:/opt/ros/foxy/bin:/home/jetson/miniforge3/condabin:/usr/local/cuda-11.4/bin:/home/jetson/.local/bin:/usr/local/sbin:/usr/local/bin:/usr/sbin:/usr/bin:/sbin:/bin:/usr/games:/usr/local/games:/snap/bin:/home/jetson/.vscode/extensions/ms-python.debugpy-2026.6.0-linux-arm64/bundled/scripts/noConfigScripts:/home/jetson/.config/Code/User/globalStorage/github.copilot-chat/debugCommand PYTHONPATH=/home/jetson/slash_ws/install/teb_msgs/lib/python3.8/site-packages:/home/jetson/slash_ws/install/costmap_converter_msgs/lib/python3.8/site-packages:/home/jetson/slash_ws/install/f1tenth_stack/lib/python3.8/site-packages:/home/jetson/slash_ws/install/vesc_msgs/lib/python3.8/site-packages:/home/jetson/slash_ws/install/twist_to_ackermann/lib/python3.8/site-packages:/home/jetson/slash_ws/install/joy_teleop/lib/python3.8/site-packages:/home/jetson/slash_ws/install/teleop_tools_msgs/lib/python3.8/site-packages:/home/jetson/slash_ws/install/roboracer_china_2025/lib/python3.8/site-packages:/home/jetson/slash_ws/install/mouse_teleop/lib/python3.8/site-packages:/home/jetson/slash_ws/install/fast_lio/lib/python3.8/site-packages:/home/jetson/slash_ws/install/livox_ros_driver2/lib/python3.8/site-packages:/home/jetson/slash_ws/install/key_teleop/lib/python3.8/site-packages:/opt/ros/foxy/lib/python3.8/site-packages /usr/bin/cmake --install /home/jetson/slash_ws/build/teb_local_planner
[9.489s] INFO:colcon.colcon_core.shell:Creating package descriptor '/home/jetson/slash_ws/install/teb_local_planner/share/teb_local_planner/package.dsv'
[9.491s] INFO:colcon.colcon_core.shell:Creating package script '/home/jetson/slash_ws/install/teb_local_planner/share/teb_local_planner/package.sh'
[9.492s] INFO:colcon.colcon_core.shell:Creating package script '/home/jetson/slash_ws/install/teb_local_planner/share/teb_local_planner/package.bash'
[9.493s] INFO:colcon.colcon_core.shell:Creating package script '/home/jetson/slash_ws/install/teb_local_planner/share/teb_local_planner/package.zsh'
[9.493s] Level 1:colcon.colcon_core.environment:create_file_with_runtime_dependencies(/home/jetson/slash_ws/install/teb_local_planner/share/colcon-core/packages/teb_local_planner)
[9.495s] Level 1:colcon.colcon_core.environment:create_environment_scripts_only(teb_local_planner)
[9.496s] Level 1:colcon.colcon_core.environment:checking '/home/jetson/slash_ws/install/teb_local_planner' for CMake module files
[9.496s] Level 1:colcon.colcon_core.environment:checking '/home/jetson/slash_ws/install/teb_local_planner' for CMake config files
[9.497s] Level 1:colcon.colcon_core.shell:create_environment_hook('teb_local_planner', 'cmake_prefix_path')
[9.497s] INFO:colcon.colcon_core.shell:Creating environment hook '/home/jetson/slash_ws/install/teb_local_planner/share/teb_local_planner/hook/cmake_prefix_path.ps1'
[9.505s] INFO:colcon.colcon_core.shell:Creating environment descriptor '/home/jetson/slash_ws/install/teb_local_planner/share/teb_local_planner/hook/cmake_prefix_path.dsv'
[9.507s] INFO:colcon.colcon_core.shell:Creating environment hook '/home/jetson/slash_ws/install/teb_local_planner/share/teb_local_planner/hook/cmake_prefix_path.sh'
[9.508s] Level 1:colcon.colcon_core.environment:checking '/home/jetson/slash_ws/install/teb_local_planner/lib'
[9.510s] Level 1:colcon.colcon_core.shell:create_environment_hook('teb_local_planner', 'ld_library_path_lib')
[9.510s] INFO:colcon.colcon_core.shell:Creating environment hook '/home/jetson/slash_ws/install/teb_local_planner/share/teb_local_planner/hook/ld_library_path_lib.ps1'
[9.512s] INFO:colcon.colcon_core.shell:Creating environment descriptor '/home/jetson/slash_ws/install/teb_local_planner/share/teb_local_planner/hook/ld_library_path_lib.dsv'
[9.512s] INFO:colcon.colcon_core.shell:Creating environment hook '/home/jetson/slash_ws/install/teb_local_planner/share/teb_local_planner/hook/ld_library_path_lib.sh'
[9.513s] Level 1:colcon.colcon_core.environment:checking '/home/jetson/slash_ws/install/teb_local_planner/bin'
[9.514s] Level 1:colcon.colcon_core.environment:checking '/home/jetson/slash_ws/install/teb_local_planner/lib/pkgconfig/teb_local_planner.pc'
[9.514s] Level 1:colcon.colcon_core.environment:checking '/home/jetson/slash_ws/install/teb_local_planner/lib/python3.8/site-packages'
[9.514s] Level 1:colcon.colcon_core.environment:checking '/home/jetson/slash_ws/install/teb_local_planner/bin'
[9.515s] INFO:colcon.colcon_core.shell:Creating package script '/home/jetson/slash_ws/install/teb_local_planner/share/teb_local_planner/package.ps1'
[9.517s] INFO:colcon.colcon_core.shell:Creating package descriptor '/home/jetson/slash_ws/install/teb_local_planner/share/teb_local_planner/package.dsv'
[9.518s] INFO:colcon.colcon_core.shell:Creating package script '/home/jetson/slash_ws/install/teb_local_planner/share/teb_local_planner/package.sh'
[9.519s] INFO:colcon.colcon_core.shell:Creating package script '/home/jetson/slash_ws/install/teb_local_planner/share/teb_local_planner/package.bash'
[9.520s] INFO:colcon.colcon_core.shell:Creating package script '/home/jetson/slash_ws/install/teb_local_planner/share/teb_local_planner/package.zsh'
[9.521s] Level 1:colcon.colcon_core.environment:create_file_with_runtime_dependencies(/home/jetson/slash_ws/install/teb_local_planner/share/colcon-core/packages/teb_local_planner)
[9.525s] Level 1:colcon.colcon_core.environment:create_environment_scripts_only(linefit_ground_segmentation_ros)
[9.526s] DEBUG:colcon.colcon_core.event_handler.log_command:Invoked command in '/home/jetson/slash_ws/build/linefit_ground_segmentation_ros' returned '0': CMAKE_PREFIX_PATH=/home/jetson/slash_ws/install/linefit_ground_segmentation:/home/jetson/slash_ws/install/vesc:/home/jetson/slash_ws/install/vesc_driver:/home/jetson/slash_ws/install/vesc_ackermann:/home/jetson/slash_ws/install/vesc_msgs:/home/jetson/slash_ws/install/teleop_tools:/home/jetson/slash_ws/install/teleop_tools_msgs:/home/jetson/slash_ws/install/teb_local_planner:/home/jetson/slash_ws/install/teb_msgs:/home/jetson/slash_ws/install/slash_nav2:/home/jetson/slash_ws/install/simple_mpc:/home/jetson/slash_ws/install/pointcloud_to_laserscan:/home/jetson/slash_ws/install/fast_lio:/home/jetson/slash_ws/install/livox_ros_driver2:/home/jetson/slash_ws/install/linefit_ground_segmentation_ros:/home/jetson/slash_ws/install/costmap_converter:/home/jetson/slash_ws/install/costmap_converter_msgs:/home/jetson/slash_ws/install/ackermann_mux:/home/jetson/slash_ws/install/f1tenth_stack:/home/jetson/slash_ws/install/twist_to_ackermann:/home/jetson/slash_ws/install/joy_teleop:/home/jetson/slash_ws/install/roboracer_china_2025:/home/jetson/slash_ws/install/mouse_teleop:/home/jetson/slash_ws/install/key_teleop:/opt/ros/foxy LD_LIBRARY_PATH=/home/jetson/slash_ws/install/linefit_ground_segmentation/lib:/usr/local/cuda/lib64:/usr/local/cuda/lib64:/usr/local/cuda/lib64:/usr/local/cuda/lib64:/usr/local/cuda-11.4/lib64:/usr/local/cuda/lib64:/usr/local/cuda/lib64:/usr/local/cuda/lib64:/usr/local/cuda/lib64:/home/jetson/slash_ws/install/vesc_driver/lib:/home/jetson/slash_ws/install/vesc_ackermann/lib:/home/jetson/slash_ws/install/vesc_msgs/lib:/home/jetson/slash_ws/install/teleop_tools_msgs/lib:/home/jetson/slash_ws/install/teb_local_planner/lib:/home/jetson/slash_ws/install/teb_msgs/lib:/home/jetson/slash_ws/install/pointcloud_to_laserscan/lib:/home/jetson/slash_ws/install/fast_lio/lib:/home/jetson/slash_ws/install/livox_ros_driver2/lib:/home/jetson/slash_ws/install/costmap_converter/lib:/home/jetson/slash_ws/install/costmap_converter_msgs/lib:/usr/lib/aarch64-linux-gnu/gazebo-11/plugins:/opt/ros/foxy/opt/yaml_cpp_vendor/lib:/opt/ros/foxy/opt/rviz_ogre_vendor/lib:/opt/ros/foxy/lib/aarch64-linux-gnu:/opt/ros/foxy/lib:/usr/local/cuda-11.4/lib64 /usr/bin/cmake --install /home/jetson/slash_ws/build/linefit_ground_segmentation_ros
[9.527s] Level 1:colcon.colcon_core.environment:checking '/home/jetson/slash_ws/install/linefit_ground_segmentation_ros' for CMake module files
[9.528s] Level 1:colcon.colcon_core.environment:checking '/home/jetson/slash_ws/install/linefit_ground_segmentation_ros' for CMake config files
[9.529s] Level 1:colcon.colcon_core.shell:create_environment_hook('linefit_ground_segmentation_ros', 'cmake_prefix_path')
[9.530s] INFO:colcon.colcon_core.shell:Creating environment hook '/home/jetson/slash_ws/install/linefit_ground_segmentation_ros/share/linefit_ground_segmentation_ros/hook/cmake_prefix_path.ps1'
[9.531s] INFO:colcon.colcon_core.shell:Creating environment descriptor '/home/jetson/slash_ws/install/linefit_ground_segmentation_ros/share/linefit_ground_segmentation_ros/hook/cmake_prefix_path.dsv'
[9.532s] INFO:colcon.colcon_core.shell:Creating environment hook '/home/jetson/slash_ws/install/linefit_ground_segmentation_ros/share/linefit_ground_segmentation_ros/hook/cmake_prefix_path.sh'
[9.534s] Level 1:colcon.colcon_core.environment:checking '/home/jetson/slash_ws/install/linefit_ground_segmentation_ros/lib'
[9.535s] Level 1:colcon.colcon_core.environment:checking '/home/jetson/slash_ws/install/linefit_ground_segmentation_ros/bin'
[9.535s] Level 1:colcon.colcon_core.environment:checking '/home/jetson/slash_ws/install/linefit_ground_segmentation_ros/lib/pkgconfig/linefit_ground_segmentation_ros.pc'
[9.535s] Level 1:colcon.colcon_core.environment:checking '/home/jetson/slash_ws/install/linefit_ground_segmentation_ros/lib/python3.8/site-packages'
[9.536s] Level 1:colcon.colcon_core.environment:checking '/home/jetson/slash_ws/install/linefit_ground_segmentation_ros/bin'
[9.536s] INFO:colcon.colcon_core.shell:Creating package script '/home/jetson/slash_ws/install/linefit_ground_segmentation_ros/share/linefit_ground_segmentation_ros/package.ps1'
[9.538s] INFO:colcon.colcon_core.shell:Creating package descriptor '/home/jetson/slash_ws/install/linefit_ground_segmentation_ros/share/linefit_ground_segmentation_ros/package.dsv'
[9.539s] INFO:colcon.colcon_core.shell:Creating package script '/home/jetson/slash_ws/install/linefit_ground_segmentation_ros/share/linefit_ground_segmentation_ros/package.sh'
[9.541s] INFO:colcon.colcon_core.shell:Creating package script '/home/jetson/slash_ws/install/linefit_ground_segmentation_ros/share/linefit_ground_segmentation_ros/package.bash'
[9.542s] INFO:colcon.colcon_core.shell:Creating package script '/home/jetson/slash_ws/install/linefit_ground_segmentation_ros/share/linefit_ground_segmentation_ros/package.zsh'
[9.544s] Level 1:colcon.colcon_core.environment:create_file_with_runtime_dependencies(/home/jetson/slash_ws/install/linefit_ground_segmentation_ros/share/colcon-core/packages/linefit_ground_segmentation_ros)
[9.545s] Level 1:colcon.colcon_core.environment:create_environment_scripts_only(linefit_ground_segmentation_ros)
[9.546s] Level 1:colcon.colcon_core.environment:checking '/home/jetson/slash_ws/install/linefit_ground_segmentation_ros' for CMake module files
[9.547s] Level 1:colcon.colcon_core.environment:checking '/home/jetson/slash_ws/install/linefit_ground_segmentation_ros' for CMake config files
[9.547s] Level 1:colcon.colcon_core.shell:create_environment_hook('linefit_ground_segmentation_ros', 'cmake_prefix_path')
[9.548s] INFO:colcon.colcon_core.shell:Creating environment hook '/home/jetson/slash_ws/install/linefit_ground_segmentation_ros/share/linefit_ground_segmentation_ros/hook/cmake_prefix_path.ps1'
[9.549s] INFO:colcon.colcon_core.shell:Creating environment descriptor '/home/jetson/slash_ws/install/linefit_ground_segmentation_ros/share/linefit_ground_segmentation_ros/hook/cmake_prefix_path.dsv'
[9.550s] INFO:colcon.colcon_core.shell:Creating environment hook '/home/jetson/slash_ws/install/linefit_ground_segmentation_ros/share/linefit_ground_segmentation_ros/hook/cmake_prefix_path.sh'
[9.551s] Level 1:colcon.colcon_core.environment:checking '/home/jetson/slash_ws/install/linefit_ground_segmentation_ros/lib'
[9.552s] Level 1:colcon.colcon_core.environment:checking '/home/jetson/slash_ws/install/linefit_ground_segmentation_ros/bin'
[9.552s] Level 1:colcon.colcon_core.environment:checking '/home/jetson/slash_ws/install/linefit_ground_segmentation_ros/lib/pkgconfig/linefit_ground_segmentation_ros.pc'
[9.555s] Level 1:colcon.colcon_core.environment:checking '/home/jetson/slash_ws/install/linefit_ground_segmentation_ros/lib/python3.8/site-packages'
[9.555s] Level 1:colcon.colcon_core.environment:checking '/home/jetson/slash_ws/install/linefit_ground_segmentation_ros/bin'
[9.557s] INFO:colcon.colcon_core.shell:Creating package script '/home/jetson/slash_ws/install/linefit_ground_segmentation_ros/share/linefit_ground_segmentation_ros/package.ps1'
[9.564s] INFO:colcon.colcon_core.shell:Creating package descriptor '/home/jetson/slash_ws/install/linefit_ground_segmentation_ros/share/linefit_ground_segmentation_ros/package.dsv'
[9.566s] INFO:colcon.colcon_core.shell:Creating package script '/home/jetson/slash_ws/install/linefit_ground_segmentation_ros/share/linefit_ground_segmentation_ros/package.sh'
[9.567s] INFO:colcon.colcon_core.shell:Creating package script '/home/jetson/slash_ws/install/linefit_ground_segmentation_ros/share/linefit_ground_segmentation_ros/package.bash'
[9.568s] INFO:colcon.colcon_core.shell:Creating package script '/home/jetson/slash_ws/install/linefit_ground_segmentation_ros/share/linefit_ground_segmentation_ros/package.zsh'
[9.569s] Level 1:colcon.colcon_core.environment:create_file_with_runtime_dependencies(/home/jetson/slash_ws/install/linefit_ground_segmentation_ros/share/colcon-core/packages/linefit_ground_segmentation_ros)
[9.900s] DEBUG:colcon.colcon_core.event_handler.log_command:Invoked command in '/home/jetson/slash_ws/build/fast_lio' returned '0': CMAKE_PREFIX_PATH=/home/jetson/slash_ws/install/livox_ros_driver2:/home/jetson/slash_ws/install/vesc:/home/jetson/slash_ws/install/vesc_driver:/home/jetson/slash_ws/install/vesc_ackermann:/home/jetson/slash_ws/install/vesc_msgs:/home/jetson/slash_ws/install/teleop_tools:/home/jetson/slash_ws/install/teleop_tools_msgs:/home/jetson/slash_ws/install/teb_local_planner:/home/jetson/slash_ws/install/teb_msgs:/home/jetson/slash_ws/install/slash_nav2:/home/jetson/slash_ws/install/simple_mpc:/home/jetson/slash_ws/install/pointcloud_to_laserscan:/home/jetson/slash_ws/install/fast_lio:/home/jetson/slash_ws/install/linefit_ground_segmentation_ros:/home/jetson/slash_ws/install/linefit_ground_segmentation:/home/jetson/slash_ws/install/costmap_converter:/home/jetson/slash_ws/install/costmap_converter_msgs:/home/jetson/slash_ws/install/ackermann_mux:/home/jetson/slash_ws/install/f1tenth_stack:/home/jetson/slash_ws/install/twist_to_ackermann:/home/jetson/slash_ws/install/joy_teleop:/home/jetson/slash_ws/install/roboracer_china_2025:/home/jetson/slash_ws/install/mouse_teleop:/home/jetson/slash_ws/install/key_teleop:/opt/ros/foxy LD_LIBRARY_PATH=/home/jetson/slash_ws/install/livox_ros_driver2/lib:/usr/local/cuda/lib64:/usr/local/cuda/lib64:/usr/local/cuda/lib64:/usr/local/cuda/lib64:/usr/local/cuda-11.4/lib64:/usr/local/cuda/lib64:/usr/local/cuda/lib64:/usr/local/cuda/lib64:/usr/local/cuda/lib64:/home/jetson/slash_ws/install/vesc_driver/lib:/home/jetson/slash_ws/install/vesc_ackermann/lib:/home/jetson/slash_ws/install/vesc_msgs/lib:/home/jetson/slash_ws/install/teleop_tools_msgs/lib:/home/jetson/slash_ws/install/teb_local_planner/lib:/home/jetson/slash_ws/install/teb_msgs/lib:/home/jetson/slash_ws/install/pointcloud_to_laserscan/lib:/home/jetson/slash_ws/install/fast_lio/lib:/home/jetson/slash_ws/install/linefit_ground_segmentation/lib:/home/jetson/slash_ws/install/costmap_converter/lib:/home/jetson/slash_ws/install/costmap_converter_msgs/lib:/usr/lib/aarch64-linux-gnu/gazebo-11/plugins:/opt/ros/foxy/opt/yaml_cpp_vendor/lib:/opt/ros/foxy/opt/rviz_ogre_vendor/lib:/opt/ros/foxy/lib/aarch64-linux-gnu:/opt/ros/foxy/lib:/usr/local/cuda-11.4/lib64 PYTHONPATH=/home/jetson/slash_ws/install/livox_ros_driver2/lib/python3.8/site-packages:/home/jetson/slash_ws/install/f1tenth_stack/lib/python3.8/site-packages:/home/jetson/slash_ws/install/vesc_msgs/lib/python3.8/site-packages:/home/jetson/slash_ws/install/twist_to_ackermann/lib/python3.8/site-packages:/home/jetson/slash_ws/install/joy_teleop/lib/python3.8/site-packages:/home/jetson/slash_ws/install/teleop_tools_msgs/lib/python3.8/site-packages:/home/jetson/slash_ws/install/teb_msgs/lib/python3.8/site-packages:/home/jetson/slash_ws/install/roboracer_china_2025/lib/python3.8/site-packages:/home/jetson/slash_ws/install/mouse_teleop/lib/python3.8/site-packages:/home/jetson/slash_ws/install/fast_lio/lib/python3.8/site-packages:/home/jetson/slash_ws/install/key_teleop/lib/python3.8/site-packages:/home/jetson/slash_ws/install/costmap_converter_msgs/lib/python3.8/site-packages:/opt/ros/foxy/lib/python3.8/site-packages /usr/bin/cmake --build /home/jetson/slash_ws/build/fast_lio -- -j8 -l8
[9.904s] DEBUG:colcon.colcon_core.event_handler.log_command:Invoking command in '/home/jetson/slash_ws/build/fast_lio': CMAKE_PREFIX_PATH=/home/jetson/slash_ws/install/livox_ros_driver2:/home/jetson/slash_ws/install/vesc:/home/jetson/slash_ws/install/vesc_driver:/home/jetson/slash_ws/install/vesc_ackermann:/home/jetson/slash_ws/install/vesc_msgs:/home/jetson/slash_ws/install/teleop_tools:/home/jetson/slash_ws/install/teleop_tools_msgs:/home/jetson/slash_ws/install/teb_local_planner:/home/jetson/slash_ws/install/teb_msgs:/home/jetson/slash_ws/install/slash_nav2:/home/jetson/slash_ws/install/simple_mpc:/home/jetson/slash_ws/install/pointcloud_to_laserscan:/home/jetson/slash_ws/install/fast_lio:/home/jetson/slash_ws/install/linefit_ground_segmentation_ros:/home/jetson/slash_ws/install/linefit_ground_segmentation:/home/jetson/slash_ws/install/costmap_converter:/home/jetson/slash_ws/install/costmap_converter_msgs:/home/jetson/slash_ws/install/ackermann_mux:/home/jetson/slash_ws/install/f1tenth_stack:/home/jetson/slash_ws/install/twist_to_ackermann:/home/jetson/slash_ws/install/joy_teleop:/home/jetson/slash_ws/install/roboracer_china_2025:/home/jetson/slash_ws/install/mouse_teleop:/home/jetson/slash_ws/install/key_teleop:/opt/ros/foxy LD_LIBRARY_PATH=/home/jetson/slash_ws/install/livox_ros_driver2/lib:/usr/local/cuda/lib64:/usr/local/cuda/lib64:/usr/local/cuda/lib64:/usr/local/cuda/lib64:/usr/local/cuda-11.4/lib64:/usr/local/cuda/lib64:/usr/local/cuda/lib64:/usr/local/cuda/lib64:/usr/local/cuda/lib64:/home/jetson/slash_ws/install/vesc_driver/lib:/home/jetson/slash_ws/install/vesc_ackermann/lib:/home/jetson/slash_ws/install/vesc_msgs/lib:/home/jetson/slash_ws/install/teleop_tools_msgs/lib:/home/jetson/slash_ws/install/teb_local_planner/lib:/home/jetson/slash_ws/install/teb_msgs/lib:/home/jetson/slash_ws/install/pointcloud_to_laserscan/lib:/home/jetson/slash_ws/install/fast_lio/lib:/home/jetson/slash_ws/install/linefit_ground_segmentation/lib:/home/jetson/slash_ws/install/costmap_converter/lib:/home/jetson/slash_ws/install/costmap_converter_msgs/lib:/usr/lib/aarch64-linux-gnu/gazebo-11/plugins:/opt/ros/foxy/opt/yaml_cpp_vendor/lib:/opt/ros/foxy/opt/rviz_ogre_vendor/lib:/opt/ros/foxy/lib/aarch64-linux-gnu:/opt/ros/foxy/lib:/usr/local/cuda-11.4/lib64 PYTHONPATH=/home/jetson/slash_ws/install/livox_ros_driver2/lib/python3.8/site-packages:/home/jetson/slash_ws/install/f1tenth_stack/lib/python3.8/site-packages:/home/jetson/slash_ws/install/vesc_msgs/lib/python3.8/site-packages:/home/jetson/slash_ws/install/twist_to_ackermann/lib/python3.8/site-packages:/home/jetson/slash_ws/install/joy_teleop/lib/python3.8/site-packages:/home/jetson/slash_ws/install/teleop_tools_msgs/lib/python3.8/site-packages:/home/jetson/slash_ws/install/teb_msgs/lib/python3.8/site-packages:/home/jetson/slash_ws/install/roboracer_china_2025/lib/python3.8/site-packages:/home/jetson/slash_ws/install/mouse_teleop/lib/python3.8/site-packages:/home/jetson/slash_ws/install/fast_lio/lib/python3.8/site-packages:/home/jetson/slash_ws/install/key_teleop/lib/python3.8/site-packages:/home/jetson/slash_ws/install/costmap_converter_msgs/lib/python3.8/site-packages:/opt/ros/foxy/lib/python3.8/site-packages /usr/bin/cmake --install /home/jetson/slash_ws/build/fast_lio
[10.108s] Level 1:colcon.colcon_core.environment:create_environment_scripts_only(fast_lio)
[10.109s] Level 1:colcon.colcon_core.environment:checking '/home/jetson/slash_ws/install/fast_lio' for CMake module files
[10.110s] Level 1:colcon.colcon_core.environment:checking '/home/jetson/slash_ws/install/fast_lio' for CMake config files
[10.111s] Level 1:colcon.colcon_core.shell:create_environment_hook('fast_lio', 'cmake_prefix_path')
[10.112s] INFO:colcon.colcon_core.shell:Creating environment hook '/home/jetson/slash_ws/install/fast_lio/share/fast_lio/hook/cmake_prefix_path.ps1'
[10.113s] INFO:colcon.colcon_core.shell:Creating environment descriptor '/home/jetson/slash_ws/install/fast_lio/share/fast_lio/hook/cmake_prefix_path.dsv'
[10.115s] INFO:colcon.colcon_core.shell:Creating environment hook '/home/jetson/slash_ws/install/fast_lio/share/fast_lio/hook/cmake_prefix_path.sh'
[10.117s] Level 1:colcon.colcon_core.environment:checking '/home/jetson/slash_ws/install/fast_lio/lib'
[10.118s] Level 1:colcon.colcon_core.shell:create_environment_hook('fast_lio', 'ld_library_path_lib')
[10.118s] INFO:colcon.colcon_core.shell:Creating environment hook '/home/jetson/slash_ws/install/fast_lio/share/fast_lio/hook/ld_library_path_lib.ps1'
[10.120s] INFO:colcon.colcon_core.shell:Creating environment descriptor '/home/jetson/slash_ws/install/fast_lio/share/fast_lio/hook/ld_library_path_lib.dsv'
[10.125s] DEBUG:colcon.colcon_core.event_handler.log_command:Invoked command in '/home/jetson/slash_ws/build/fast_lio' returned '0': CMAKE_PREFIX_PATH=/home/jetson/slash_ws/install/livox_ros_driver2:/home/jetson/slash_ws/install/vesc:/home/jetson/slash_ws/install/vesc_driver:/home/jetson/slash_ws/install/vesc_ackermann:/home/jetson/slash_ws/install/vesc_msgs:/home/jetson/slash_ws/install/teleop_tools:/home/jetson/slash_ws/install/teleop_tools_msgs:/home/jetson/slash_ws/install/teb_local_planner:/home/jetson/slash_ws/install/teb_msgs:/home/jetson/slash_ws/install/slash_nav2:/home/jetson/slash_ws/install/simple_mpc:/home/jetson/slash_ws/install/pointcloud_to_laserscan:/home/jetson/slash_ws/install/fast_lio:/home/jetson/slash_ws/install/linefit_ground_segmentation_ros:/home/jetson/slash_ws/install/linefit_ground_segmentation:/home/jetson/slash_ws/install/costmap_converter:/home/jetson/slash_ws/install/costmap_converter_msgs:/home/jetson/slash_ws/install/ackermann_mux:/home/jetson/slash_ws/install/f1tenth_stack:/home/jetson/slash_ws/install/twist_to_ackermann:/home/jetson/slash_ws/install/joy_teleop:/home/jetson/slash_ws/install/roboracer_china_2025:/home/jetson/slash_ws/install/mouse_teleop:/home/jetson/slash_ws/install/key_teleop:/opt/ros/foxy LD_LIBRARY_PATH=/home/jetson/slash_ws/install/livox_ros_driver2/lib:/usr/local/cuda/lib64:/usr/local/cuda/lib64:/usr/local/cuda/lib64:/usr/local/cuda/lib64:/usr/local/cuda-11.4/lib64:/usr/local/cuda/lib64:/usr/local/cuda/lib64:/usr/local/cuda/lib64:/usr/local/cuda/lib64:/home/jetson/slash_ws/install/vesc_driver/lib:/home/jetson/slash_ws/install/vesc_ackermann/lib:/home/jetson/slash_ws/install/vesc_msgs/lib:/home/jetson/slash_ws/install/teleop_tools_msgs/lib:/home/jetson/slash_ws/install/teb_local_planner/lib:/home/jetson/slash_ws/install/teb_msgs/lib:/home/jetson/slash_ws/install/pointcloud_to_laserscan/lib:/home/jetson/slash_ws/install/fast_lio/lib:/home/jetson/slash_ws/install/linefit_ground_segmentation/lib:/home/jetson/slash_ws/install/costmap_converter/lib:/home/jetson/slash_ws/install/costmap_converter_msgs/lib:/usr/lib/aarch64-linux-gnu/gazebo-11/plugins:/opt/ros/foxy/opt/yaml_cpp_vendor/lib:/opt/ros/foxy/opt/rviz_ogre_vendor/lib:/opt/ros/foxy/lib/aarch64-linux-gnu:/opt/ros/foxy/lib:/usr/local/cuda-11.4/lib64 PYTHONPATH=/home/jetson/slash_ws/install/livox_ros_driver2/lib/python3.8/site-packages:/home/jetson/slash_ws/install/f1tenth_stack/lib/python3.8/site-packages:/home/jetson/slash_ws/install/vesc_msgs/lib/python3.8/site-packages:/home/jetson/slash_ws/install/twist_to_ackermann/lib/python3.8/site-packages:/home/jetson/slash_ws/install/joy_teleop/lib/python3.8/site-packages:/home/jetson/slash_ws/install/teleop_tools_msgs/lib/python3.8/site-packages:/home/jetson/slash_ws/install/teb_msgs/lib/python3.8/site-packages:/home/jetson/slash_ws/install/roboracer_china_2025/lib/python3.8/site-packages:/home/jetson/slash_ws/install/mouse_teleop/lib/python3.8/site-packages:/home/jetson/slash_ws/install/fast_lio/lib/python3.8/site-packages:/home/jetson/slash_ws/install/key_teleop/lib/python3.8/site-packages:/home/jetson/slash_ws/install/costmap_converter_msgs/lib/python3.8/site-packages:/opt/ros/foxy/lib/python3.8/site-packages /usr/bin/cmake --install /home/jetson/slash_ws/build/fast_lio
[10.125s] INFO:colcon.colcon_core.shell:Creating environment hook '/home/jetson/slash_ws/install/fast_lio/share/fast_lio/hook/ld_library_path_lib.sh'
[10.127s] Level 1:colcon.colcon_core.environment:checking '/home/jetson/slash_ws/install/fast_lio/bin'
[10.128s] Level 1:colcon.colcon_core.environment:checking '/home/jetson/slash_ws/install/fast_lio/lib/pkgconfig/fast_lio.pc'
[10.128s] Level 1:colcon.colcon_core.environment:checking '/home/jetson/slash_ws/install/fast_lio/lib/python3.8/site-packages'
[10.128s] Level 1:colcon.colcon_core.shell:create_environment_hook('fast_lio', 'pythonpath')
[10.129s] INFO:colcon.colcon_core.shell:Creating environment hook '/home/jetson/slash_ws/install/fast_lio/share/fast_lio/hook/pythonpath.ps1'
[10.130s] INFO:colcon.colcon_core.shell:Creating environment descriptor '/home/jetson/slash_ws/install/fast_lio/share/fast_lio/hook/pythonpath.dsv'
[10.131s] INFO:colcon.colcon_core.shell:Creating environment hook '/home/jetson/slash_ws/install/fast_lio/share/fast_lio/hook/pythonpath.sh'
[10.133s] Level 1:colcon.colcon_core.environment:checking '/home/jetson/slash_ws/install/fast_lio/bin'
[10.134s] INFO:colcon.colcon_core.shell:Creating package script '/home/jetson/slash_ws/install/fast_lio/share/fast_lio/package.ps1'
[10.137s] INFO:colcon.colcon_core.shell:Creating package descriptor '/home/jetson/slash_ws/install/fast_lio/share/fast_lio/package.dsv'
[10.139s] INFO:colcon.colcon_core.shell:Creating package script '/home/jetson/slash_ws/install/fast_lio/share/fast_lio/package.sh'
[10.140s] INFO:colcon.colcon_core.shell:Creating package script '/home/jetson/slash_ws/install/fast_lio/share/fast_lio/package.bash'
[10.144s] INFO:colcon.colcon_core.shell:Creating package script '/home/jetson/slash_ws/install/fast_lio/share/fast_lio/package.zsh'
[10.145s] Level 1:colcon.colcon_core.environment:create_file_with_runtime_dependencies(/home/jetson/slash_ws/install/fast_lio/share/colcon-core/packages/fast_lio)
[10.148s] Level 1:colcon.colcon_core.environment:create_environment_scripts_only(fast_lio)
[10.154s] Level 1:colcon.colcon_core.environment:checking '/home/jetson/slash_ws/install/fast_lio' for CMake module files
[10.157s] Level 1:colcon.colcon_core.environment:checking '/home/jetson/slash_ws/install/fast_lio' for CMake config files
[10.158s] Level 1:colcon.colcon_core.shell:create_environment_hook('fast_lio', 'cmake_prefix_path')
[10.158s] INFO:colcon.colcon_core.shell:Creating environment hook '/home/jetson/slash_ws/install/fast_lio/share/fast_lio/hook/cmake_prefix_path.ps1'
[10.160s] INFO:colcon.colcon_core.shell:Creating environment descriptor '/home/jetson/slash_ws/install/fast_lio/share/fast_lio/hook/cmake_prefix_path.dsv'
[10.161s] INFO:colcon.colcon_core.shell:Creating environment hook '/home/jetson/slash_ws/install/fast_lio/share/fast_lio/hook/cmake_prefix_path.sh'
[10.162s] Level 1:colcon.colcon_core.environment:checking '/home/jetson/slash_ws/install/fast_lio/lib'
[10.162s] Level 1:colcon.colcon_core.shell:create_environment_hook('fast_lio', 'ld_library_path_lib')
[10.163s] INFO:colcon.colcon_core.shell:Creating environment hook '/home/jetson/slash_ws/install/fast_lio/share/fast_lio/hook/ld_library_path_lib.ps1'
[10.169s] INFO:colcon.colcon_core.shell:Creating environment descriptor '/home/jetson/slash_ws/install/fast_lio/share/fast_lio/hook/ld_library_path_lib.dsv'
[10.171s] INFO:colcon.colcon_core.shell:Creating environment hook '/home/jetson/slash_ws/install/fast_lio/share/fast_lio/hook/ld_library_path_lib.sh'
[10.173s] Level 1:colcon.colcon_core.environment:checking '/home/jetson/slash_ws/install/fast_lio/bin'
[10.173s] Level 1:colcon.colcon_core.environment:checking '/home/jetson/slash_ws/install/fast_lio/lib/pkgconfig/fast_lio.pc'
[10.175s] Level 1:colcon.colcon_core.environment:checking '/home/jetson/slash_ws/install/fast_lio/lib/python3.8/site-packages'
[10.176s] Level 1:colcon.colcon_core.shell:create_environment_hook('fast_lio', 'pythonpath')
[10.176s] INFO:colcon.colcon_core.shell:Creating environment hook '/home/jetson/slash_ws/install/fast_lio/share/fast_lio/hook/pythonpath.ps1'
[10.177s] INFO:colcon.colcon_core.shell:Creating environment descriptor '/home/jetson/slash_ws/install/fast_lio/share/fast_lio/hook/pythonpath.dsv'
[10.178s] INFO:colcon.colcon_core.shell:Creating environment hook '/home/jetson/slash_ws/install/fast_lio/share/fast_lio/hook/pythonpath.sh'
[10.180s] Level 1:colcon.colcon_core.environment:checking '/home/jetson/slash_ws/install/fast_lio/bin'
[10.184s] INFO:colcon.colcon_core.shell:Creating package script '/home/jetson/slash_ws/install/fast_lio/share/fast_lio/package.ps1'
[10.186s] INFO:colcon.colcon_core.shell:Creating package descriptor '/home/jetson/slash_ws/install/fast_lio/share/fast_lio/package.dsv'
[10.188s] INFO:colcon.colcon_core.shell:Creating package script '/home/jetson/slash_ws/install/fast_lio/share/fast_lio/package.sh'
[10.190s] INFO:colcon.colcon_core.shell:Creating package script '/home/jetson/slash_ws/install/fast_lio/share/fast_lio/package.bash'
[10.193s] INFO:colcon.colcon_core.shell:Creating package script '/home/jetson/slash_ws/install/fast_lio/share/fast_lio/package.zsh'
[10.195s] Level 1:colcon.colcon_core.environment:create_file_with_runtime_dependencies(/home/jetson/slash_ws/install/fast_lio/share/colcon-core/packages/fast_lio)
[10.597s] Level 1:colcon.colcon_core.environment:checking '/home/jetson/slash_ws/install/joy_teleop' for CMake module files
[10.598s] Level 1:colcon.colcon_core.environment:checking '/home/jetson/slash_ws/install/joy_teleop' for CMake config files
[10.600s] Level 1:colcon.colcon_core.environment:checking '/home/jetson/slash_ws/install/joy_teleop/lib'
[10.600s] Level 1:colcon.colcon_core.environment:checking '/home/jetson/slash_ws/install/joy_teleop/bin'
[10.600s] Level 1:colcon.colcon_core.environment:checking '/home/jetson/slash_ws/install/joy_teleop/lib/pkgconfig/joy_teleop.pc'
[10.600s] Level 1:colcon.colcon_core.environment:checking '/home/jetson/slash_ws/install/joy_teleop/lib/python3.8/site-packages'
[10.601s] Level 1:colcon.colcon_core.shell:create_environment_hook('joy_teleop', 'pythonpath')
[10.601s] INFO:colcon.colcon_core.shell:Creating environment hook '/home/jetson/slash_ws/install/joy_teleop/share/joy_teleop/hook/pythonpath.ps1'
[10.605s] DEBUG:colcon.colcon_core.event_handler.log_command:Invoked command in '/home/jetson/slash_ws/src/slash_hardware/f1tenth_system/teleop_tools/joy_teleop' returned '0': CMAKE_PREFIX_PATH=/home/jetson/slash_ws/install/teleop_tools_msgs:/home/jetson/slash_ws/install/vesc:/home/jetson/slash_ws/install/vesc_driver:/home/jetson/slash_ws/install/vesc_ackermann:/home/jetson/slash_ws/install/vesc_msgs:/home/jetson/slash_ws/install/teleop_tools:/home/jetson/slash_ws/install/teb_local_planner:/home/jetson/slash_ws/install/teb_msgs:/home/jetson/slash_ws/install/slash_nav2:/home/jetson/slash_ws/install/simple_mpc:/home/jetson/slash_ws/install/pointcloud_to_laserscan:/home/jetson/slash_ws/install/fast_lio:/home/jetson/slash_ws/install/livox_ros_driver2:/home/jetson/slash_ws/install/linefit_ground_segmentation_ros:/home/jetson/slash_ws/install/linefit_ground_segmentation:/home/jetson/slash_ws/install/costmap_converter:/home/jetson/slash_ws/install/costmap_converter_msgs:/home/jetson/slash_ws/install/ackermann_mux LD_LIBRARY_PATH=/home/jetson/slash_ws/install/teleop_tools_msgs/lib:/usr/local/cuda/lib64:/usr/local/cuda/lib64:/usr/local/cuda/lib64:/usr/local/cuda/lib64:/usr/local/cuda-11.4/lib64:/usr/local/cuda/lib64:/usr/local/cuda/lib64:/usr/local/cuda/lib64:/usr/local/cuda/lib64:/home/jetson/slash_ws/install/vesc_driver/lib:/home/jetson/slash_ws/install/vesc_ackermann/lib:/home/jetson/slash_ws/install/vesc_msgs/lib:/home/jetson/slash_ws/install/teb_local_planner/lib:/home/jetson/slash_ws/install/teb_msgs/lib:/home/jetson/slash_ws/install/pointcloud_to_laserscan/lib:/home/jetson/slash_ws/install/fast_lio/lib:/home/jetson/slash_ws/install/livox_ros_driver2/lib:/home/jetson/slash_ws/install/linefit_ground_segmentation/lib:/home/jetson/slash_ws/install/costmap_converter/lib:/home/jetson/slash_ws/install/costmap_converter_msgs/lib:/usr/lib/aarch64-linux-gnu/gazebo-11/plugins:/opt/ros/foxy/opt/yaml_cpp_vendor/lib:/opt/ros/foxy/opt/rviz_ogre_vendor/lib:/opt/ros/foxy/lib/aarch64-linux-gnu:/opt/ros/foxy/lib:/usr/local/cuda-11.4/lib64 PYTHONPATH=/home/jetson/slash_ws/build/joy_teleop/prefix_override:/usr/lib/python3/dist-packages/colcon_core/task/python/colcon_distutils_commands:/home/jetson/slash_ws/install/joy_teleop/lib/python3.8/site-packages:/home/jetson/slash_ws/install/teleop_tools_msgs/lib/python3.8/site-packages:/home/jetson/slash_ws/install/f1tenth_stack/lib/python3.8/site-packages:/home/jetson/slash_ws/install/vesc_msgs/lib/python3.8/site-packages:/home/jetson/slash_ws/install/twist_to_ackermann/lib/python3.8/site-packages:/home/jetson/slash_ws/install/joy_teleop/lib/python3.8/site-packages:/home/jetson/slash_ws/install/teb_msgs/lib/python3.8/site-packages:/home/jetson/slash_ws/install/roboracer_china_2025/lib/python3.8/site-packages:/home/jetson/slash_ws/install/mouse_teleop/lib/python3.8/site-packages:/home/jetson/slash_ws/install/fast_lio/lib/python3.8/site-packages:/home/jetson/slash_ws/install/livox_ros_driver2/lib/python3.8/site-packages:/home/jetson/slash_ws/install/key_teleop/lib/python3.8/site-packages:/home/jetson/slash_ws/install/costmap_converter_msgs/lib/python3.8/site-packages:/opt/ros/foxy/lib/python3.8/site-packages /usr/bin/python3 -W ignore:setup.py install is deprecated -W ignore:easy_install command is deprecated setup.py egg_info --egg-base ../../../../../build/joy_teleop build --build-base /home/jetson/slash_ws/build/joy_teleop/build install --record /home/jetson/slash_ws/build/joy_teleop/install.log --single-version-externally-managed install_data
[10.607s] INFO:colcon.colcon_core.shell:Creating environment descriptor '/home/jetson/slash_ws/install/joy_teleop/share/joy_teleop/hook/pythonpath.dsv'
[10.608s] INFO:colcon.colcon_core.shell:Creating environment hook '/home/jetson/slash_ws/install/joy_teleop/share/joy_teleop/hook/pythonpath.sh'
[10.610s] Level 1:colcon.colcon_core.environment:checking '/home/jetson/slash_ws/install/joy_teleop/bin'
[10.610s] Level 1:colcon.colcon_core.environment:create_environment_scripts_only(joy_teleop)
[10.611s] INFO:colcon.colcon_core.shell:Creating package script '/home/jetson/slash_ws/install/joy_teleop/share/joy_teleop/package.ps1'
[10.614s] INFO:colcon.colcon_core.shell:Creating package descriptor '/home/jetson/slash_ws/install/joy_teleop/share/joy_teleop/package.dsv'
[10.616s] INFO:colcon.colcon_core.shell:Creating package script '/home/jetson/slash_ws/install/joy_teleop/share/joy_teleop/package.sh'
[10.618s] INFO:colcon.colcon_core.shell:Creating package script '/home/jetson/slash_ws/install/joy_teleop/share/joy_teleop/package.bash'
[10.620s] INFO:colcon.colcon_core.shell:Creating package script '/home/jetson/slash_ws/install/joy_teleop/share/joy_teleop/package.zsh'
[10.621s] Level 1:colcon.colcon_core.environment:create_file_with_runtime_dependencies(/home/jetson/slash_ws/install/joy_teleop/share/colcon-core/packages/joy_teleop)
[10.626s] INFO:colcon.colcon_ros.task.ament_cmake.build:Building ROS package in '/home/jetson/slash_ws/src/slash_hardware/f1tenth_system/teleop_tools/teleop_tools' with build type 'ament_cmake'
[10.627s] INFO:colcon.colcon_cmake.task.cmake.build:Building CMake package in '/home/jetson/slash_ws/src/slash_hardware/f1tenth_system/teleop_tools/teleop_tools'
[10.628s] INFO:colcon.colcon_core.shell:Skip shell extension 'powershell' for command environment: Not usable outside of PowerShell
[10.628s] DEBUG:colcon.colcon_core.shell:Skip shell extension 'dsv' for command environment
[10.673s] INFO:colcon.colcon_ros.task.ament_python.build:Building ROS package in '/home/jetson/slash_ws/src/slash_hardware/f1tenth_system/f1tenth_stack' with build type 'ament_python'
[10.675s] Level 1:colcon.colcon_core.shell:create_environment_hook('f1tenth_stack', 'ament_prefix_path')
[10.676s] INFO:colcon.colcon_core.shell:Creating environment hook '/home/jetson/slash_ws/install/f1tenth_stack/share/f1tenth_stack/hook/ament_prefix_path.ps1'
[10.678s] INFO:colcon.colcon_core.shell:Creating environment descriptor '/home/jetson/slash_ws/install/f1tenth_stack/share/f1tenth_stack/hook/ament_prefix_path.dsv'
[10.681s] INFO:colcon.colcon_core.shell:Creating environment hook '/home/jetson/slash_ws/install/f1tenth_stack/share/f1tenth_stack/hook/ament_prefix_path.sh'
[10.683s] INFO:colcon.colcon_core.shell:Skip shell extension 'powershell' for command environment: Not usable outside of PowerShell
[10.683s] DEBUG:colcon.colcon_core.shell:Skip shell extension 'dsv' for command environment
[10.718s] Level 1:colcon.colcon_core.environment:checking '/home/jetson/slash_ws/install/roboracer_china_2025' for CMake module files
[10.719s] Level 1:colcon.colcon_core.environment:checking '/home/jetson/slash_ws/install/roboracer_china_2025' for CMake config files
[10.722s] DEBUG:colcon.colcon_core.event_handler.log_command:Invoked command in '/home/jetson/slash_ws/src/slash_navigation/roboracer_china_2025' returned '0': PYTHONPATH=/home/jetson/slash_ws/build/roboracer_china_2025/prefix_override:/usr/lib/python3/dist-packages/colcon_core/task/python/colcon_distutils_commands:/home/jetson/slash_ws/install/roboracer_china_2025/lib/python3.8/site-packages:${PYTHONPATH} /usr/bin/python3 -W ignore:setup.py install is deprecated -W ignore:easy_install command is deprecated setup.py egg_info --egg-base ../../../build/roboracer_china_2025 build --build-base /home/jetson/slash_ws/build/roboracer_china_2025/build install --record /home/jetson/slash_ws/build/roboracer_china_2025/install.log --install-scripts $base/lib/roboracer_china_2025 --single-version-externally-managed install_data
[10.724s] Level 1:colcon.colcon_core.environment:checking '/home/jetson/slash_ws/install/roboracer_china_2025/lib'
[10.724s] Level 1:colcon.colcon_core.environment:checking '/home/jetson/slash_ws/install/roboracer_china_2025/bin'
[10.724s] Level 1:colcon.colcon_core.environment:checking '/home/jetson/slash_ws/install/roboracer_china_2025/lib/pkgconfig/roboracer_china_2025.pc'
[10.725s] Level 1:colcon.colcon_core.environment:checking '/home/jetson/slash_ws/install/roboracer_china_2025/lib/python3.8/site-packages'
[10.725s] Level 1:colcon.colcon_core.shell:create_environment_hook('roboracer_china_2025', 'pythonpath')
[10.726s] INFO:colcon.colcon_core.shell:Creating environment hook '/home/jetson/slash_ws/install/roboracer_china_2025/share/roboracer_china_2025/hook/pythonpath.ps1'
[10.727s] INFO:colcon.colcon_core.shell:Creating environment descriptor '/home/jetson/slash_ws/install/roboracer_china_2025/share/roboracer_china_2025/hook/pythonpath.dsv'
[10.728s] INFO:colcon.colcon_core.shell:Creating environment hook '/home/jetson/slash_ws/install/roboracer_china_2025/share/roboracer_china_2025/hook/pythonpath.sh'
[10.729s] Level 1:colcon.colcon_core.environment:checking '/home/jetson/slash_ws/install/roboracer_china_2025/bin'
[10.730s] Level 1:colcon.colcon_core.environment:create_environment_scripts_only(roboracer_china_2025)
[10.730s] INFO:colcon.colcon_core.shell:Creating package script '/home/jetson/slash_ws/install/roboracer_china_2025/share/roboracer_china_2025/package.ps1'
[10.733s] INFO:colcon.colcon_core.shell:Creating package descriptor '/home/jetson/slash_ws/install/roboracer_china_2025/share/roboracer_china_2025/package.dsv'
[10.734s] INFO:colcon.colcon_core.shell:Creating package script '/home/jetson/slash_ws/install/roboracer_china_2025/share/roboracer_china_2025/package.sh'
[10.735s] INFO:colcon.colcon_core.shell:Creating package script '/home/jetson/slash_ws/install/roboracer_china_2025/share/roboracer_china_2025/package.bash'
[10.736s] INFO:colcon.colcon_core.shell:Creating package script '/home/jetson/slash_ws/install/roboracer_china_2025/share/roboracer_china_2025/package.zsh'
[10.737s] Level 1:colcon.colcon_core.environment:create_file_with_runtime_dependencies(/home/jetson/slash_ws/install/roboracer_china_2025/share/colcon-core/packages/roboracer_china_2025)
[10.744s] DEBUG:colcon.colcon_core.event_handler.log_command:Invoking command in '/home/jetson/slash_ws/build/teleop_tools': AMENT_PREFIX_PATH=/home/jetson/slash_ws/install/joy_teleop:/home/jetson/slash_ws/install/key_teleop:/home/jetson/slash_ws/install/f1tenth_stack:/home/jetson/slash_ws/install/vesc:/home/jetson/slash_ws/install/vesc_driver:/home/jetson/slash_ws/install/vesc_ackermann:/home/jetson/slash_ws/install/vesc_msgs:/home/jetson/slash_ws/install/twist_to_ackermann:/home/jetson/slash_ws/install/teleop_tools:/home/jetson/slash_ws/install/teleop_tools_msgs:/home/jetson/slash_ws/install/teb_local_planner:/home/jetson/slash_ws/install/teb_msgs:/home/jetson/slash_ws/install/slash_nav2:/home/jetson/slash_ws/install/simple_mpc:/home/jetson/slash_ws/install/roboracer_china_2025:/home/jetson/slash_ws/install/pointcloud_to_laserscan:/home/jetson/slash_ws/install/mouse_teleop:/home/jetson/slash_ws/install/fast_lio:/home/jetson/slash_ws/install/livox_ros_driver2:/home/jetson/slash_ws/install/linefit_ground_segmentation_ros:/home/jetson/slash_ws/install/linefit_ground_segmentation:/home/jetson/slash_ws/install/costmap_converter:/home/jetson/slash_ws/install/costmap_converter_msgs:/home/jetson/slash_ws/install/ackermann_mux:/opt/ros/foxy CMAKE_PREFIX_PATH=/home/jetson/slash_ws/install/teleop_tools_msgs:/home/jetson/slash_ws/install/vesc:/home/jetson/slash_ws/install/vesc_driver:/home/jetson/slash_ws/install/vesc_ackermann:/home/jetson/slash_ws/install/vesc_msgs:/home/jetson/slash_ws/install/teleop_tools:/home/jetson/slash_ws/install/teb_local_planner:/home/jetson/slash_ws/install/teb_msgs:/home/jetson/slash_ws/install/slash_nav2:/home/jetson/slash_ws/install/simple_mpc:/home/jetson/slash_ws/install/pointcloud_to_laserscan:/home/jetson/slash_ws/install/fast_lio:/home/jetson/slash_ws/install/livox_ros_driver2:/home/jetson/slash_ws/install/linefit_ground_segmentation_ros:/home/jetson/slash_ws/install/linefit_ground_segmentation:/home/jetson/slash_ws/install/costmap_converter:/home/jetson/slash_ws/install/costmap_converter_msgs:/home/jetson/slash_ws/install/ackermann_mux:/home/jetson/slash_ws/install/f1tenth_stack:/home/jetson/slash_ws/install/twist_to_ackermann:/home/jetson/slash_ws/install/joy_teleop:/home/jetson/slash_ws/install/roboracer_china_2025:/home/jetson/slash_ws/install/mouse_teleop:/home/jetson/slash_ws/install/key_teleop:/opt/ros/foxy LD_LIBRARY_PATH=/home/jetson/slash_ws/install/teleop_tools_msgs/lib:/usr/local/cuda/lib64:/usr/local/cuda/lib64:/usr/local/cuda/lib64:/usr/local/cuda/lib64:/usr/local/cuda-11.4/lib64:/usr/local/cuda/lib64:/usr/local/cuda/lib64:/usr/local/cuda/lib64:/usr/local/cuda/lib64:/home/jetson/slash_ws/install/vesc_driver/lib:/home/jetson/slash_ws/install/vesc_ackermann/lib:/home/jetson/slash_ws/install/vesc_msgs/lib:/home/jetson/slash_ws/install/teb_local_planner/lib:/home/jetson/slash_ws/install/teb_msgs/lib:/home/jetson/slash_ws/install/pointcloud_to_laserscan/lib:/home/jetson/slash_ws/install/fast_lio/lib:/home/jetson/slash_ws/install/livox_ros_driver2/lib:/home/jetson/slash_ws/install/linefit_ground_segmentation/lib:/home/jetson/slash_ws/install/costmap_converter/lib:/home/jetson/slash_ws/install/costmap_converter_msgs/lib:/usr/lib/aarch64-linux-gnu/gazebo-11/plugins:/opt/ros/foxy/opt/yaml_cpp_vendor/lib:/opt/ros/foxy/opt/rviz_ogre_vendor/lib:/opt/ros/foxy/lib/aarch64-linux-gnu:/opt/ros/foxy/lib:/usr/local/cuda-11.4/lib64 PYTHONPATH=/home/jetson/slash_ws/install/joy_teleop/lib/python3.8/site-packages:/home/jetson/slash_ws/install/teleop_tools_msgs/lib/python3.8/site-packages:/home/jetson/slash_ws/install/key_teleop/lib/python3.8/site-packages:/home/jetson/slash_ws/install/f1tenth_stack/lib/python3.8/site-packages:/home/jetson/slash_ws/install/vesc_msgs/lib/python3.8/site-packages:/home/jetson/slash_ws/install/twist_to_ackermann/lib/python3.8/site-packages:/home/jetson/slash_ws/install/teb_msgs/lib/python3.8/site-packages:/home/jetson/slash_ws/install/roboracer_china_2025/lib/python3.8/site-packages:/home/jetson/slash_ws/install/mouse_teleop/lib/python3.8/site-packages:/home/jetson/slash_ws/install/fast_lio/lib/python3.8/site-packages:/home/jetson/slash_ws/install/livox_ros_driver2/lib/python3.8/site-packages:/home/jetson/slash_ws/install/costmap_converter_msgs/lib/python3.8/site-packages:/opt/ros/foxy/lib/python3.8/site-packages /usr/bin/cmake --build /home/jetson/slash_ws/build/teleop_tools -- -j8 -l8
[10.777s] DEBUG:colcon.colcon_core.event_handler.log_command:Invoking command in '/home/jetson/slash_ws/src/slash_perception/twist_to_ackermann': PYTHONPATH=/home/jetson/slash_ws/build/twist_to_ackermann/prefix_override:/usr/lib/python3/dist-packages/colcon_core/task/python/colcon_distutils_commands:/home/jetson/slash_ws/install/twist_to_ackermann/lib/python3.8/site-packages:${PYTHONPATH} /usr/bin/python3 -W ignore:setup.py install is deprecated -W ignore:easy_install command is deprecated setup.py egg_info --egg-base ../../../build/twist_to_ackermann build --build-base /home/jetson/slash_ws/build/twist_to_ackermann/build install --record /home/jetson/slash_ws/build/twist_to_ackermann/install.log --install-scripts $base/lib/twist_to_ackermann --single-version-externally-managed install_data
[11.647s] INFO:colcon.colcon_core.task.python.build:Building Python package in '/home/jetson/slash_ws/src/slash_hardware/f1tenth_system/f1tenth_stack'
[11.649s] INFO:colcon.colcon_core.shell:Skip shell extension 'powershell' for command environment: Not usable outside of PowerShell
[11.649s] DEBUG:colcon.colcon_core.shell:Skip shell extension 'dsv' for command environment
[11.688s] DEBUG:colcon.colcon_core.event_handler.log_command:Invoked command in '/home/jetson/slash_ws/build/teleop_tools' returned '0': AMENT_PREFIX_PATH=/home/jetson/slash_ws/install/joy_teleop:/home/jetson/slash_ws/install/key_teleop:/home/jetson/slash_ws/install/f1tenth_stack:/home/jetson/slash_ws/install/vesc:/home/jetson/slash_ws/install/vesc_driver:/home/jetson/slash_ws/install/vesc_ackermann:/home/jetson/slash_ws/install/vesc_msgs:/home/jetson/slash_ws/install/twist_to_ackermann:/home/jetson/slash_ws/install/teleop_tools:/home/jetson/slash_ws/install/teleop_tools_msgs:/home/jetson/slash_ws/install/teb_local_planner:/home/jetson/slash_ws/install/teb_msgs:/home/jetson/slash_ws/install/slash_nav2:/home/jetson/slash_ws/install/simple_mpc:/home/jetson/slash_ws/install/roboracer_china_2025:/home/jetson/slash_ws/install/pointcloud_to_laserscan:/home/jetson/slash_ws/install/mouse_teleop:/home/jetson/slash_ws/install/fast_lio:/home/jetson/slash_ws/install/livox_ros_driver2:/home/jetson/slash_ws/install/linefit_ground_segmentation_ros:/home/jetson/slash_ws/install/linefit_ground_segmentation:/home/jetson/slash_ws/install/costmap_converter:/home/jetson/slash_ws/install/costmap_converter_msgs:/home/jetson/slash_ws/install/ackermann_mux:/opt/ros/foxy CMAKE_PREFIX_PATH=/home/jetson/slash_ws/install/teleop_tools_msgs:/home/jetson/slash_ws/install/vesc:/home/jetson/slash_ws/install/vesc_driver:/home/jetson/slash_ws/install/vesc_ackermann:/home/jetson/slash_ws/install/vesc_msgs:/home/jetson/slash_ws/install/teleop_tools:/home/jetson/slash_ws/install/teb_local_planner:/home/jetson/slash_ws/install/teb_msgs:/home/jetson/slash_ws/install/slash_nav2:/home/jetson/slash_ws/install/simple_mpc:/home/jetson/slash_ws/install/pointcloud_to_laserscan:/home/jetson/slash_ws/install/fast_lio:/home/jetson/slash_ws/install/livox_ros_driver2:/home/jetson/slash_ws/install/linefit_ground_segmentation_ros:/home/jetson/slash_ws/install/linefit_ground_segmentation:/home/jetson/slash_ws/install/costmap_converter:/home/jetson/slash_ws/install/costmap_converter_msgs:/home/jetson/slash_ws/install/ackermann_mux:/home/jetson/slash_ws/install/f1tenth_stack:/home/jetson/slash_ws/install/twist_to_ackermann:/home/jetson/slash_ws/install/joy_teleop:/home/jetson/slash_ws/install/roboracer_china_2025:/home/jetson/slash_ws/install/mouse_teleop:/home/jetson/slash_ws/install/key_teleop:/opt/ros/foxy LD_LIBRARY_PATH=/home/jetson/slash_ws/install/teleop_tools_msgs/lib:/usr/local/cuda/lib64:/usr/local/cuda/lib64:/usr/local/cuda/lib64:/usr/local/cuda/lib64:/usr/local/cuda-11.4/lib64:/usr/local/cuda/lib64:/usr/local/cuda/lib64:/usr/local/cuda/lib64:/usr/local/cuda/lib64:/home/jetson/slash_ws/install/vesc_driver/lib:/home/jetson/slash_ws/install/vesc_ackermann/lib:/home/jetson/slash_ws/install/vesc_msgs/lib:/home/jetson/slash_ws/install/teb_local_planner/lib:/home/jetson/slash_ws/install/teb_msgs/lib:/home/jetson/slash_ws/install/pointcloud_to_laserscan/lib:/home/jetson/slash_ws/install/fast_lio/lib:/home/jetson/slash_ws/install/livox_ros_driver2/lib:/home/jetson/slash_ws/install/linefit_ground_segmentation/lib:/home/jetson/slash_ws/install/costmap_converter/lib:/home/jetson/slash_ws/install/costmap_converter_msgs/lib:/usr/lib/aarch64-linux-gnu/gazebo-11/plugins:/opt/ros/foxy/opt/yaml_cpp_vendor/lib:/opt/ros/foxy/opt/rviz_ogre_vendor/lib:/opt/ros/foxy/lib/aarch64-linux-gnu:/opt/ros/foxy/lib:/usr/local/cuda-11.4/lib64 PYTHONPATH=/home/jetson/slash_ws/install/joy_teleop/lib/python3.8/site-packages:/home/jetson/slash_ws/install/teleop_tools_msgs/lib/python3.8/site-packages:/home/jetson/slash_ws/install/key_teleop/lib/python3.8/site-packages:/home/jetson/slash_ws/install/f1tenth_stack/lib/python3.8/site-packages:/home/jetson/slash_ws/install/vesc_msgs/lib/python3.8/site-packages:/home/jetson/slash_ws/install/twist_to_ackermann/lib/python3.8/site-packages:/home/jetson/slash_ws/install/teb_msgs/lib/python3.8/site-packages:/home/jetson/slash_ws/install/roboracer_china_2025/lib/python3.8/site-packages:/home/jetson/slash_ws/install/mouse_teleop/lib/python3.8/site-packages:/home/jetson/slash_ws/install/fast_lio/lib/python3.8/site-packages:/home/jetson/slash_ws/install/livox_ros_driver2/lib/python3.8/site-packages:/home/jetson/slash_ws/install/costmap_converter_msgs/lib/python3.8/site-packages:/opt/ros/foxy/lib/python3.8/site-packages /usr/bin/cmake --build /home/jetson/slash_ws/build/teleop_tools -- -j8 -l8
[11.690s] DEBUG:colcon.colcon_core.event_handler.log_command:Invoking command in '/home/jetson/slash_ws/build/teleop_tools': AMENT_PREFIX_PATH=/home/jetson/slash_ws/install/joy_teleop:/home/jetson/slash_ws/install/key_teleop:/home/jetson/slash_ws/install/f1tenth_stack:/home/jetson/slash_ws/install/vesc:/home/jetson/slash_ws/install/vesc_driver:/home/jetson/slash_ws/install/vesc_ackermann:/home/jetson/slash_ws/install/vesc_msgs:/home/jetson/slash_ws/install/twist_to_ackermann:/home/jetson/slash_ws/install/teleop_tools:/home/jetson/slash_ws/install/teleop_tools_msgs:/home/jetson/slash_ws/install/teb_local_planner:/home/jetson/slash_ws/install/teb_msgs:/home/jetson/slash_ws/install/slash_nav2:/home/jetson/slash_ws/install/simple_mpc:/home/jetson/slash_ws/install/roboracer_china_2025:/home/jetson/slash_ws/install/pointcloud_to_laserscan:/home/jetson/slash_ws/install/mouse_teleop:/home/jetson/slash_ws/install/fast_lio:/home/jetson/slash_ws/install/livox_ros_driver2:/home/jetson/slash_ws/install/linefit_ground_segmentation_ros:/home/jetson/slash_ws/install/linefit_ground_segmentation:/home/jetson/slash_ws/install/costmap_converter:/home/jetson/slash_ws/install/costmap_converter_msgs:/home/jetson/slash_ws/install/ackermann_mux:/opt/ros/foxy CMAKE_PREFIX_PATH=/home/jetson/slash_ws/install/teleop_tools_msgs:/home/jetson/slash_ws/install/vesc:/home/jetson/slash_ws/install/vesc_driver:/home/jetson/slash_ws/install/vesc_ackermann:/home/jetson/slash_ws/install/vesc_msgs:/home/jetson/slash_ws/install/teleop_tools:/home/jetson/slash_ws/install/teb_local_planner:/home/jetson/slash_ws/install/teb_msgs:/home/jetson/slash_ws/install/slash_nav2:/home/jetson/slash_ws/install/simple_mpc:/home/jetson/slash_ws/install/pointcloud_to_laserscan:/home/jetson/slash_ws/install/fast_lio:/home/jetson/slash_ws/install/livox_ros_driver2:/home/jetson/slash_ws/install/linefit_ground_segmentation_ros:/home/jetson/slash_ws/install/linefit_ground_segmentation:/home/jetson/slash_ws/install/costmap_converter:/home/jetson/slash_ws/install/costmap_converter_msgs:/home/jetson/slash_ws/install/ackermann_mux:/home/jetson/slash_ws/install/f1tenth_stack:/home/jetson/slash_ws/install/twist_to_ackermann:/home/jetson/slash_ws/install/joy_teleop:/home/jetson/slash_ws/install/roboracer_china_2025:/home/jetson/slash_ws/install/mouse_teleop:/home/jetson/slash_ws/install/key_teleop:/opt/ros/foxy LD_LIBRARY_PATH=/home/jetson/slash_ws/install/teleop_tools_msgs/lib:/usr/local/cuda/lib64:/usr/local/cuda/lib64:/usr/local/cuda/lib64:/usr/local/cuda/lib64:/usr/local/cuda-11.4/lib64:/usr/local/cuda/lib64:/usr/local/cuda/lib64:/usr/local/cuda/lib64:/usr/local/cuda/lib64:/home/jetson/slash_ws/install/vesc_driver/lib:/home/jetson/slash_ws/install/vesc_ackermann/lib:/home/jetson/slash_ws/install/vesc_msgs/lib:/home/jetson/slash_ws/install/teb_local_planner/lib:/home/jetson/slash_ws/install/teb_msgs/lib:/home/jetson/slash_ws/install/pointcloud_to_laserscan/lib:/home/jetson/slash_ws/install/fast_lio/lib:/home/jetson/slash_ws/install/livox_ros_driver2/lib:/home/jetson/slash_ws/install/linefit_ground_segmentation/lib:/home/jetson/slash_ws/install/costmap_converter/lib:/home/jetson/slash_ws/install/costmap_converter_msgs/lib:/usr/lib/aarch64-linux-gnu/gazebo-11/plugins:/opt/ros/foxy/opt/yaml_cpp_vendor/lib:/opt/ros/foxy/opt/rviz_ogre_vendor/lib:/opt/ros/foxy/lib/aarch64-linux-gnu:/opt/ros/foxy/lib:/usr/local/cuda-11.4/lib64 PYTHONPATH=/home/jetson/slash_ws/install/joy_teleop/lib/python3.8/site-packages:/home/jetson/slash_ws/install/teleop_tools_msgs/lib/python3.8/site-packages:/home/jetson/slash_ws/install/key_teleop/lib/python3.8/site-packages:/home/jetson/slash_ws/install/f1tenth_stack/lib/python3.8/site-packages:/home/jetson/slash_ws/install/vesc_msgs/lib/python3.8/site-packages:/home/jetson/slash_ws/install/twist_to_ackermann/lib/python3.8/site-packages:/home/jetson/slash_ws/install/teb_msgs/lib/python3.8/site-packages:/home/jetson/slash_ws/install/roboracer_china_2025/lib/python3.8/site-packages:/home/jetson/slash_ws/install/mouse_teleop/lib/python3.8/site-packages:/home/jetson/slash_ws/install/fast_lio/lib/python3.8/site-packages:/home/jetson/slash_ws/install/livox_ros_driver2/lib/python3.8/site-packages:/home/jetson/slash_ws/install/costmap_converter_msgs/lib/python3.8/site-packages:/opt/ros/foxy/lib/python3.8/site-packages /usr/bin/cmake --install /home/jetson/slash_ws/build/teleop_tools
[11.726s] Level 1:colcon.colcon_core.environment:create_environment_scripts_only(teleop_tools)
[11.727s] Level 1:colcon.colcon_core.environment:checking '/home/jetson/slash_ws/install/teleop_tools' for CMake module files
[11.729s] Level 1:colcon.colcon_core.environment:checking '/home/jetson/slash_ws/install/teleop_tools' for CMake config files
[11.729s] Level 1:colcon.colcon_core.shell:create_environment_hook('teleop_tools', 'cmake_prefix_path')
[11.730s] INFO:colcon.colcon_core.shell:Creating environment hook '/home/jetson/slash_ws/install/teleop_tools/share/teleop_tools/hook/cmake_prefix_path.ps1'
[11.736s] DEBUG:colcon.colcon_core.event_handler.log_command:Invoked command in '/home/jetson/slash_ws/build/teleop_tools' returned '0': AMENT_PREFIX_PATH=/home/jetson/slash_ws/install/joy_teleop:/home/jetson/slash_ws/install/key_teleop:/home/jetson/slash_ws/install/f1tenth_stack:/home/jetson/slash_ws/install/vesc:/home/jetson/slash_ws/install/vesc_driver:/home/jetson/slash_ws/install/vesc_ackermann:/home/jetson/slash_ws/install/vesc_msgs:/home/jetson/slash_ws/install/twist_to_ackermann:/home/jetson/slash_ws/install/teleop_tools:/home/jetson/slash_ws/install/teleop_tools_msgs:/home/jetson/slash_ws/install/teb_local_planner:/home/jetson/slash_ws/install/teb_msgs:/home/jetson/slash_ws/install/slash_nav2:/home/jetson/slash_ws/install/simple_mpc:/home/jetson/slash_ws/install/roboracer_china_2025:/home/jetson/slash_ws/install/pointcloud_to_laserscan:/home/jetson/slash_ws/install/mouse_teleop:/home/jetson/slash_ws/install/fast_lio:/home/jetson/slash_ws/install/livox_ros_driver2:/home/jetson/slash_ws/install/linefit_ground_segmentation_ros:/home/jetson/slash_ws/install/linefit_ground_segmentation:/home/jetson/slash_ws/install/costmap_converter:/home/jetson/slash_ws/install/costmap_converter_msgs:/home/jetson/slash_ws/install/ackermann_mux:/opt/ros/foxy CMAKE_PREFIX_PATH=/home/jetson/slash_ws/install/teleop_tools_msgs:/home/jetson/slash_ws/install/vesc:/home/jetson/slash_ws/install/vesc_driver:/home/jetson/slash_ws/install/vesc_ackermann:/home/jetson/slash_ws/install/vesc_msgs:/home/jetson/slash_ws/install/teleop_tools:/home/jetson/slash_ws/install/teb_local_planner:/home/jetson/slash_ws/install/teb_msgs:/home/jetson/slash_ws/install/slash_nav2:/home/jetson/slash_ws/install/simple_mpc:/home/jetson/slash_ws/install/pointcloud_to_laserscan:/home/jetson/slash_ws/install/fast_lio:/home/jetson/slash_ws/install/livox_ros_driver2:/home/jetson/slash_ws/install/linefit_ground_segmentation_ros:/home/jetson/slash_ws/install/linefit_ground_segmentation:/home/jetson/slash_ws/install/costmap_converter:/home/jetson/slash_ws/install/costmap_converter_msgs:/home/jetson/slash_ws/install/ackermann_mux:/home/jetson/slash_ws/install/f1tenth_stack:/home/jetson/slash_ws/install/twist_to_ackermann:/home/jetson/slash_ws/install/joy_teleop:/home/jetson/slash_ws/install/roboracer_china_2025:/home/jetson/slash_ws/install/mouse_teleop:/home/jetson/slash_ws/install/key_teleop:/opt/ros/foxy LD_LIBRARY_PATH=/home/jetson/slash_ws/install/teleop_tools_msgs/lib:/usr/local/cuda/lib64:/usr/local/cuda/lib64:/usr/local/cuda/lib64:/usr/local/cuda/lib64:/usr/local/cuda-11.4/lib64:/usr/local/cuda/lib64:/usr/local/cuda/lib64:/usr/local/cuda/lib64:/usr/local/cuda/lib64:/home/jetson/slash_ws/install/vesc_driver/lib:/home/jetson/slash_ws/install/vesc_ackermann/lib:/home/jetson/slash_ws/install/vesc_msgs/lib:/home/jetson/slash_ws/install/teb_local_planner/lib:/home/jetson/slash_ws/install/teb_msgs/lib:/home/jetson/slash_ws/install/pointcloud_to_laserscan/lib:/home/jetson/slash_ws/install/fast_lio/lib:/home/jetson/slash_ws/install/livox_ros_driver2/lib:/home/jetson/slash_ws/install/linefit_ground_segmentation/lib:/home/jetson/slash_ws/install/costmap_converter/lib:/home/jetson/slash_ws/install/costmap_converter_msgs/lib:/usr/lib/aarch64-linux-gnu/gazebo-11/plugins:/opt/ros/foxy/opt/yaml_cpp_vendor/lib:/opt/ros/foxy/opt/rviz_ogre_vendor/lib:/opt/ros/foxy/lib/aarch64-linux-gnu:/opt/ros/foxy/lib:/usr/local/cuda-11.4/lib64 PYTHONPATH=/home/jetson/slash_ws/install/joy_teleop/lib/python3.8/site-packages:/home/jetson/slash_ws/install/teleop_tools_msgs/lib/python3.8/site-packages:/home/jetson/slash_ws/install/key_teleop/lib/python3.8/site-packages:/home/jetson/slash_ws/install/f1tenth_stack/lib/python3.8/site-packages:/home/jetson/slash_ws/install/vesc_msgs/lib/python3.8/site-packages:/home/jetson/slash_ws/install/twist_to_ackermann/lib/python3.8/site-packages:/home/jetson/slash_ws/install/teb_msgs/lib/python3.8/site-packages:/home/jetson/slash_ws/install/roboracer_china_2025/lib/python3.8/site-packages:/home/jetson/slash_ws/install/mouse_teleop/lib/python3.8/site-packages:/home/jetson/slash_ws/install/fast_lio/lib/python3.8/site-packages:/home/jetson/slash_ws/install/livox_ros_driver2/lib/python3.8/site-packages:/home/jetson/slash_ws/install/costmap_converter_msgs/lib/python3.8/site-packages:/opt/ros/foxy/lib/python3.8/site-packages /usr/bin/cmake --install /home/jetson/slash_ws/build/teleop_tools
[11.738s] INFO:colcon.colcon_core.shell:Creating environment descriptor '/home/jetson/slash_ws/install/teleop_tools/share/teleop_tools/hook/cmake_prefix_path.dsv'
[11.739s] INFO:colcon.colcon_core.shell:Creating environment hook '/home/jetson/slash_ws/install/teleop_tools/share/teleop_tools/hook/cmake_prefix_path.sh'
[11.742s] Level 1:colcon.colcon_core.environment:checking '/home/jetson/slash_ws/install/teleop_tools/bin'
[11.742s] Level 1:colcon.colcon_core.environment:checking '/home/jetson/slash_ws/install/teleop_tools/lib/pkgconfig/teleop_tools.pc'
[11.744s] Level 1:colcon.colcon_core.environment:checking '/home/jetson/slash_ws/install/teleop_tools/lib/python3.8/site-packages'
[11.745s] Level 1:colcon.colcon_core.environment:checking '/home/jetson/slash_ws/install/teleop_tools/bin'
[11.746s] INFO:colcon.colcon_core.shell:Creating package script '/home/jetson/slash_ws/install/teleop_tools/share/teleop_tools/package.ps1'
[11.748s] INFO:colcon.colcon_core.shell:Creating package descriptor '/home/jetson/slash_ws/install/teleop_tools/share/teleop_tools/package.dsv'
[11.750s] INFO:colcon.colcon_core.shell:Creating package script '/home/jetson/slash_ws/install/teleop_tools/share/teleop_tools/package.sh'
[11.752s] INFO:colcon.colcon_core.shell:Creating package script '/home/jetson/slash_ws/install/teleop_tools/share/teleop_tools/package.bash'
[11.753s] INFO:colcon.colcon_core.shell:Creating package script '/home/jetson/slash_ws/install/teleop_tools/share/teleop_tools/package.zsh'
[11.755s] Level 1:colcon.colcon_core.environment:create_file_with_runtime_dependencies(/home/jetson/slash_ws/install/teleop_tools/share/colcon-core/packages/teleop_tools)
[11.756s] Level 1:colcon.colcon_core.environment:create_environment_scripts_only(teleop_tools)
[11.756s] Level 1:colcon.colcon_core.environment:checking '/home/jetson/slash_ws/install/teleop_tools' for CMake module files
[11.757s] Level 1:colcon.colcon_core.environment:checking '/home/jetson/slash_ws/install/teleop_tools' for CMake config files
[11.758s] Level 1:colcon.colcon_core.shell:create_environment_hook('teleop_tools', 'cmake_prefix_path')
[11.758s] INFO:colcon.colcon_core.shell:Creating environment hook '/home/jetson/slash_ws/install/teleop_tools/share/teleop_tools/hook/cmake_prefix_path.ps1'
[11.759s] INFO:colcon.colcon_core.shell:Creating environment descriptor '/home/jetson/slash_ws/install/teleop_tools/share/teleop_tools/hook/cmake_prefix_path.dsv'
[11.761s] INFO:colcon.colcon_core.shell:Creating environment hook '/home/jetson/slash_ws/install/teleop_tools/share/teleop_tools/hook/cmake_prefix_path.sh'
[11.762s] Level 1:colcon.colcon_core.environment:checking '/home/jetson/slash_ws/install/teleop_tools/bin'
[11.762s] Level 1:colcon.colcon_core.environment:checking '/home/jetson/slash_ws/install/teleop_tools/lib/pkgconfig/teleop_tools.pc'
[11.763s] Level 1:colcon.colcon_core.environment:checking '/home/jetson/slash_ws/install/teleop_tools/lib/python3.8/site-packages'
[11.763s] Level 1:colcon.colcon_core.environment:checking '/home/jetson/slash_ws/install/teleop_tools/bin'
[11.764s] INFO:colcon.colcon_core.shell:Creating package script '/home/jetson/slash_ws/install/teleop_tools/share/teleop_tools/package.ps1'
[11.765s] INFO:colcon.colcon_core.shell:Creating package descriptor '/home/jetson/slash_ws/install/teleop_tools/share/teleop_tools/package.dsv'
[11.767s] INFO:colcon.colcon_core.shell:Creating package script '/home/jetson/slash_ws/install/teleop_tools/share/teleop_tools/package.sh'
[11.768s] INFO:colcon.colcon_core.shell:Creating package script '/home/jetson/slash_ws/install/teleop_tools/share/teleop_tools/package.bash'
[11.769s] INFO:colcon.colcon_core.shell:Creating package script '/home/jetson/slash_ws/install/teleop_tools/share/teleop_tools/package.zsh'
[11.770s] Level 1:colcon.colcon_core.environment:create_file_with_runtime_dependencies(/home/jetson/slash_ws/install/teleop_tools/share/colcon-core/packages/teleop_tools)
[11.960s] Level 1:colcon.colcon_core.environment:checking '/home/jetson/slash_ws/install/twist_to_ackermann' for CMake module files
[11.963s] Level 1:colcon.colcon_core.environment:checking '/home/jetson/slash_ws/install/twist_to_ackermann' for CMake config files
[11.964s] DEBUG:colcon.colcon_core.event_handler.log_command:Invoked command in '/home/jetson/slash_ws/src/slash_perception/twist_to_ackermann' returned '0': PYTHONPATH=/home/jetson/slash_ws/build/twist_to_ackermann/prefix_override:/usr/lib/python3/dist-packages/colcon_core/task/python/colcon_distutils_commands:/home/jetson/slash_ws/install/twist_to_ackermann/lib/python3.8/site-packages:${PYTHONPATH} /usr/bin/python3 -W ignore:setup.py install is deprecated -W ignore:easy_install command is deprecated setup.py egg_info --egg-base ../../../build/twist_to_ackermann build --build-base /home/jetson/slash_ws/build/twist_to_ackermann/build install --record /home/jetson/slash_ws/build/twist_to_ackermann/install.log --install-scripts $base/lib/twist_to_ackermann --single-version-externally-managed install_data
[11.965s] Level 1:colcon.colcon_core.environment:checking '/home/jetson/slash_ws/install/twist_to_ackermann/lib'
[11.965s] Level 1:colcon.colcon_core.environment:checking '/home/jetson/slash_ws/install/twist_to_ackermann/bin'
[11.965s] Level 1:colcon.colcon_core.environment:checking '/home/jetson/slash_ws/install/twist_to_ackermann/lib/pkgconfig/twist_to_ackermann.pc'
[11.967s] Level 1:colcon.colcon_core.environment:checking '/home/jetson/slash_ws/install/twist_to_ackermann/lib/python3.8/site-packages'
[11.967s] Level 1:colcon.colcon_core.shell:create_environment_hook('twist_to_ackermann', 'pythonpath')
[11.968s] INFO:colcon.colcon_core.shell:Creating environment hook '/home/jetson/slash_ws/install/twist_to_ackermann/share/twist_to_ackermann/hook/pythonpath.ps1'
[11.969s] INFO:colcon.colcon_core.shell:Creating environment descriptor '/home/jetson/slash_ws/install/twist_to_ackermann/share/twist_to_ackermann/hook/pythonpath.dsv'
[11.970s] INFO:colcon.colcon_core.shell:Creating environment hook '/home/jetson/slash_ws/install/twist_to_ackermann/share/twist_to_ackermann/hook/pythonpath.sh'
[11.972s] Level 1:colcon.colcon_core.environment:checking '/home/jetson/slash_ws/install/twist_to_ackermann/bin'
[11.972s] Level 1:colcon.colcon_core.environment:create_environment_scripts_only(twist_to_ackermann)
[11.973s] INFO:colcon.colcon_core.shell:Creating package script '/home/jetson/slash_ws/install/twist_to_ackermann/share/twist_to_ackermann/package.ps1'
[11.975s] INFO:colcon.colcon_core.shell:Creating package descriptor '/home/jetson/slash_ws/install/twist_to_ackermann/share/twist_to_ackermann/package.dsv'
[11.977s] INFO:colcon.colcon_core.shell:Creating package script '/home/jetson/slash_ws/install/twist_to_ackermann/share/twist_to_ackermann/package.sh'
[11.978s] INFO:colcon.colcon_core.shell:Creating package script '/home/jetson/slash_ws/install/twist_to_ackermann/share/twist_to_ackermann/package.bash'
[11.979s] INFO:colcon.colcon_core.shell:Creating package script '/home/jetson/slash_ws/install/twist_to_ackermann/share/twist_to_ackermann/package.zsh'
[11.980s] Level 1:colcon.colcon_core.environment:create_file_with_runtime_dependencies(/home/jetson/slash_ws/install/twist_to_ackermann/share/colcon-core/packages/twist_to_ackermann)
[13.406s] DEBUG:colcon.colcon_core.event_handler.log_command:Invoking command in '/home/jetson/slash_ws/src/slash_hardware/f1tenth_system/f1tenth_stack': AMENT_PREFIX_PATH=/home/jetson/slash_ws/install/joy_teleop:/home/jetson/slash_ws/install/f1tenth_stack:/home/jetson/slash_ws/install/vesc:/home/jetson/slash_ws/install/vesc_driver:/home/jetson/slash_ws/install/vesc_ackermann:/home/jetson/slash_ws/install/vesc_msgs:/home/jetson/slash_ws/install/twist_to_ackermann:/home/jetson/slash_ws/install/teleop_tools:/home/jetson/slash_ws/install/teleop_tools_msgs:/home/jetson/slash_ws/install/teb_local_planner:/home/jetson/slash_ws/install/teb_msgs:/home/jetson/slash_ws/install/slash_nav2:/home/jetson/slash_ws/install/simple_mpc:/home/jetson/slash_ws/install/roboracer_china_2025:/home/jetson/slash_ws/install/pointcloud_to_laserscan:/home/jetson/slash_ws/install/mouse_teleop:/home/jetson/slash_ws/install/fast_lio:/home/jetson/slash_ws/install/livox_ros_driver2:/home/jetson/slash_ws/install/linefit_ground_segmentation_ros:/home/jetson/slash_ws/install/linefit_ground_segmentation:/home/jetson/slash_ws/install/key_teleop:/home/jetson/slash_ws/install/costmap_converter:/home/jetson/slash_ws/install/costmap_converter_msgs:/home/jetson/slash_ws/install/ackermann_mux:/opt/ros/foxy CMAKE_PREFIX_PATH=/home/jetson/slash_ws/install/vesc:/home/jetson/slash_ws/install/vesc_driver:/home/jetson/slash_ws/install/vesc_ackermann:/home/jetson/slash_ws/install/vesc_msgs:/home/jetson/slash_ws/install/teleop_tools_msgs:/home/jetson/slash_ws/install/ackermann_mux:/home/jetson/slash_ws/install/teleop_tools:/home/jetson/slash_ws/install/teb_local_planner:/home/jetson/slash_ws/install/teb_msgs:/home/jetson/slash_ws/install/slash_nav2:/home/jetson/slash_ws/install/simple_mpc:/home/jetson/slash_ws/install/pointcloud_to_laserscan:/home/jetson/slash_ws/install/fast_lio:/home/jetson/slash_ws/install/livox_ros_driver2:/home/jetson/slash_ws/install/linefit_ground_segmentation_ros:/home/jetson/slash_ws/install/linefit_ground_segmentation:/home/jetson/slash_ws/install/costmap_converter:/home/jetson/slash_ws/install/costmap_converter_msgs LD_LIBRARY_PATH=/home/jetson/slash_ws/install/vesc_driver/lib:/home/jetson/slash_ws/install/vesc_ackermann/lib:/home/jetson/slash_ws/install/vesc_msgs/lib:/home/jetson/slash_ws/install/teleop_tools_msgs/lib:/usr/local/cuda/lib64:/usr/local/cuda/lib64:/usr/local/cuda/lib64:/usr/local/cuda/lib64:/usr/local/cuda-11.4/lib64:/usr/local/cuda/lib64:/usr/local/cuda/lib64:/usr/local/cuda/lib64:/usr/local/cuda/lib64:/home/jetson/slash_ws/install/teb_local_planner/lib:/home/jetson/slash_ws/install/teb_msgs/lib:/home/jetson/slash_ws/install/pointcloud_to_laserscan/lib:/home/jetson/slash_ws/install/fast_lio/lib:/home/jetson/slash_ws/install/livox_ros_driver2/lib:/home/jetson/slash_ws/install/linefit_ground_segmentation/lib:/home/jetson/slash_ws/install/costmap_converter/lib:/home/jetson/slash_ws/install/costmap_converter_msgs/lib:/usr/lib/aarch64-linux-gnu/gazebo-11/plugins:/opt/ros/foxy/opt/yaml_cpp_vendor/lib:/opt/ros/foxy/opt/rviz_ogre_vendor/lib:/opt/ros/foxy/lib/aarch64-linux-gnu:/opt/ros/foxy/lib:/usr/local/cuda-11.4/lib64 PYTHONPATH=/home/jetson/slash_ws/build/f1tenth_stack/prefix_override:/usr/lib/python3/dist-packages/colcon_core/task/python/colcon_distutils_commands:/home/jetson/slash_ws/install/f1tenth_stack/lib/python3.8/site-packages:/home/jetson/slash_ws/install/joy_teleop/lib/python3.8/site-packages:/home/jetson/slash_ws/install/vesc_msgs/lib/python3.8/site-packages:/home/jetson/slash_ws/install/teleop_tools_msgs/lib/python3.8/site-packages:/home/jetson/slash_ws/install/f1tenth_stack/lib/python3.8/site-packages:/home/jetson/slash_ws/install/twist_to_ackermann/lib/python3.8/site-packages:/home/jetson/slash_ws/install/teb_msgs/lib/python3.8/site-packages:/home/jetson/slash_ws/install/roboracer_china_2025/lib/python3.8/site-packages:/home/jetson/slash_ws/install/mouse_teleop/lib/python3.8/site-packages:/home/jetson/slash_ws/install/fast_lio/lib/python3.8/site-packages:/home/jetson/slash_ws/install/livox_ros_driver2/lib/python3.8/site-packages:/home/jetson/slash_ws/install/key_teleop/lib/python3.8/site-packages:/home/jetson/slash_ws/install/costmap_converter_msgs/lib/python3.8/site-packages:/opt/ros/foxy/lib/python3.8/site-packages /usr/bin/python3 -W ignore:setup.py install is deprecated -W ignore:easy_install command is deprecated setup.py egg_info --egg-base ../../../../build/f1tenth_stack build --build-base /home/jetson/slash_ws/build/f1tenth_stack/build install --record /home/jetson/slash_ws/build/f1tenth_stack/install.log --single-version-externally-managed install_data
[14.749s] Level 1:colcon.colcon_core.environment:checking '/home/jetson/slash_ws/install/f1tenth_stack' for CMake module files
[14.751s] DEBUG:colcon.colcon_core.event_handler.log_command:Invoked command in '/home/jetson/slash_ws/src/slash_hardware/f1tenth_system/f1tenth_stack' returned '0': AMENT_PREFIX_PATH=/home/jetson/slash_ws/install/joy_teleop:/home/jetson/slash_ws/install/f1tenth_stack:/home/jetson/slash_ws/install/vesc:/home/jetson/slash_ws/install/vesc_driver:/home/jetson/slash_ws/install/vesc_ackermann:/home/jetson/slash_ws/install/vesc_msgs:/home/jetson/slash_ws/install/twist_to_ackermann:/home/jetson/slash_ws/install/teleop_tools:/home/jetson/slash_ws/install/teleop_tools_msgs:/home/jetson/slash_ws/install/teb_local_planner:/home/jetson/slash_ws/install/teb_msgs:/home/jetson/slash_ws/install/slash_nav2:/home/jetson/slash_ws/install/simple_mpc:/home/jetson/slash_ws/install/roboracer_china_2025:/home/jetson/slash_ws/install/pointcloud_to_laserscan:/home/jetson/slash_ws/install/mouse_teleop:/home/jetson/slash_ws/install/fast_lio:/home/jetson/slash_ws/install/livox_ros_driver2:/home/jetson/slash_ws/install/linefit_ground_segmentation_ros:/home/jetson/slash_ws/install/linefit_ground_segmentation:/home/jetson/slash_ws/install/key_teleop:/home/jetson/slash_ws/install/costmap_converter:/home/jetson/slash_ws/install/costmap_converter_msgs:/home/jetson/slash_ws/install/ackermann_mux:/opt/ros/foxy CMAKE_PREFIX_PATH=/home/jetson/slash_ws/install/vesc:/home/jetson/slash_ws/install/vesc_driver:/home/jetson/slash_ws/install/vesc_ackermann:/home/jetson/slash_ws/install/vesc_msgs:/home/jetson/slash_ws/install/teleop_tools_msgs:/home/jetson/slash_ws/install/ackermann_mux:/home/jetson/slash_ws/install/teleop_tools:/home/jetson/slash_ws/install/teb_local_planner:/home/jetson/slash_ws/install/teb_msgs:/home/jetson/slash_ws/install/slash_nav2:/home/jetson/slash_ws/install/simple_mpc:/home/jetson/slash_ws/install/pointcloud_to_laserscan:/home/jetson/slash_ws/install/fast_lio:/home/jetson/slash_ws/install/livox_ros_driver2:/home/jetson/slash_ws/install/linefit_ground_segmentation_ros:/home/jetson/slash_ws/install/linefit_ground_segmentation:/home/jetson/slash_ws/install/costmap_converter:/home/jetson/slash_ws/install/costmap_converter_msgs LD_LIBRARY_PATH=/home/jetson/slash_ws/install/vesc_driver/lib:/home/jetson/slash_ws/install/vesc_ackermann/lib:/home/jetson/slash_ws/install/vesc_msgs/lib:/home/jetson/slash_ws/install/teleop_tools_msgs/lib:/usr/local/cuda/lib64:/usr/local/cuda/lib64:/usr/local/cuda/lib64:/usr/local/cuda/lib64:/usr/local/cuda-11.4/lib64:/usr/local/cuda/lib64:/usr/local/cuda/lib64:/usr/local/cuda/lib64:/usr/local/cuda/lib64:/home/jetson/slash_ws/install/teb_local_planner/lib:/home/jetson/slash_ws/install/teb_msgs/lib:/home/jetson/slash_ws/install/pointcloud_to_laserscan/lib:/home/jetson/slash_ws/install/fast_lio/lib:/home/jetson/slash_ws/install/livox_ros_driver2/lib:/home/jetson/slash_ws/install/linefit_ground_segmentation/lib:/home/jetson/slash_ws/install/costmap_converter/lib:/home/jetson/slash_ws/install/costmap_converter_msgs/lib:/usr/lib/aarch64-linux-gnu/gazebo-11/plugins:/opt/ros/foxy/opt/yaml_cpp_vendor/lib:/opt/ros/foxy/opt/rviz_ogre_vendor/lib:/opt/ros/foxy/lib/aarch64-linux-gnu:/opt/ros/foxy/lib:/usr/local/cuda-11.4/lib64 PYTHONPATH=/home/jetson/slash_ws/build/f1tenth_stack/prefix_override:/usr/lib/python3/dist-packages/colcon_core/task/python/colcon_distutils_commands:/home/jetson/slash_ws/install/f1tenth_stack/lib/python3.8/site-packages:/home/jetson/slash_ws/install/joy_teleop/lib/python3.8/site-packages:/home/jetson/slash_ws/install/vesc_msgs/lib/python3.8/site-packages:/home/jetson/slash_ws/install/teleop_tools_msgs/lib/python3.8/site-packages:/home/jetson/slash_ws/install/f1tenth_stack/lib/python3.8/site-packages:/home/jetson/slash_ws/install/twist_to_ackermann/lib/python3.8/site-packages:/home/jetson/slash_ws/install/teb_msgs/lib/python3.8/site-packages:/home/jetson/slash_ws/install/roboracer_china_2025/lib/python3.8/site-packages:/home/jetson/slash_ws/install/mouse_teleop/lib/python3.8/site-packages:/home/jetson/slash_ws/install/fast_lio/lib/python3.8/site-packages:/home/jetson/slash_ws/install/livox_ros_driver2/lib/python3.8/site-packages:/home/jetson/slash_ws/install/key_teleop/lib/python3.8/site-packages:/home/jetson/slash_ws/install/costmap_converter_msgs/lib/python3.8/site-packages:/opt/ros/foxy/lib/python3.8/site-packages /usr/bin/python3 -W ignore:setup.py install is deprecated -W ignore:easy_install command is deprecated setup.py egg_info --egg-base ../../../../build/f1tenth_stack build --build-base /home/jetson/slash_ws/build/f1tenth_stack/build install --record /home/jetson/slash_ws/build/f1tenth_stack/install.log --single-version-externally-managed install_data
[14.752s] Level 1:colcon.colcon_core.environment:checking '/home/jetson/slash_ws/install/f1tenth_stack' for CMake config files
[14.753s] Level 1:colcon.colcon_core.environment:checking '/home/jetson/slash_ws/install/f1tenth_stack/lib'
[14.754s] Level 1:colcon.colcon_core.environment:checking '/home/jetson/slash_ws/install/f1tenth_stack/bin'
[14.754s] Level 1:colcon.colcon_core.environment:checking '/home/jetson/slash_ws/install/f1tenth_stack/lib/pkgconfig/f1tenth_stack.pc'
[14.755s] Level 1:colcon.colcon_core.environment:checking '/home/jetson/slash_ws/install/f1tenth_stack/lib/python3.8/site-packages'
[14.755s] Level 1:colcon.colcon_core.shell:create_environment_hook('f1tenth_stack', 'pythonpath')
[14.756s] INFO:colcon.colcon_core.shell:Creating environment hook '/home/jetson/slash_ws/install/f1tenth_stack/share/f1tenth_stack/hook/pythonpath.ps1'
[14.758s] INFO:colcon.colcon_core.shell:Creating environment descriptor '/home/jetson/slash_ws/install/f1tenth_stack/share/f1tenth_stack/hook/pythonpath.dsv'
[14.759s] INFO:colcon.colcon_core.shell:Creating environment hook '/home/jetson/slash_ws/install/f1tenth_stack/share/f1tenth_stack/hook/pythonpath.sh'
[14.761s] Level 1:colcon.colcon_core.environment:checking '/home/jetson/slash_ws/install/f1tenth_stack/bin'
[14.762s] Level 1:colcon.colcon_core.environment:create_environment_scripts_only(f1tenth_stack)
[14.763s] INFO:colcon.colcon_core.shell:Creating package script '/home/jetson/slash_ws/install/f1tenth_stack/share/f1tenth_stack/package.ps1'
[14.765s] INFO:colcon.colcon_core.shell:Creating package descriptor '/home/jetson/slash_ws/install/f1tenth_stack/share/f1tenth_stack/package.dsv'
[14.767s] INFO:colcon.colcon_core.shell:Creating package script '/home/jetson/slash_ws/install/f1tenth_stack/share/f1tenth_stack/package.sh'
[14.767s] INFO:colcon.colcon_core.shell:Creating package script '/home/jetson/slash_ws/install/f1tenth_stack/share/f1tenth_stack/package.bash'
[14.768s] INFO:colcon.colcon_core.shell:Creating package script '/home/jetson/slash_ws/install/f1tenth_stack/share/f1tenth_stack/package.zsh'
[14.769s] Level 1:colcon.colcon_core.environment:create_file_with_runtime_dependencies(/home/jetson/slash_ws/install/f1tenth_stack/share/colcon-core/packages/f1tenth_stack)
[14.770s] DEBUG:colcon.colcon_parallel_executor.executor.parallel:closing loop
[14.771s] DEBUG:colcon.colcon_parallel_executor.executor.parallel:loop closed
[14.771s] DEBUG:colcon.colcon_parallel_executor.executor.parallel:run_until_complete finished with '0'
[14.771s] DEBUG:colcon.colcon_core.event_reactor:joining thread
[14.790s] INFO:colcon.colcon_core.plugin_system:Skipping extension 'colcon_notification.desktop_notification.terminal_notifier': Not used on non-Darwin systems
[14.790s] INFO:colcon.colcon_core.plugin_system:Skipping extension 'colcon_notification.desktop_notification.win32': Not used on non-Windows systems
[14.791s] INFO:colcon.colcon_notification.desktop_notification:Sending desktop notification using 'notify2'
[14.829s] DEBUG:colcon.colcon_core.event_reactor:joined thread
[14.830s] INFO:colcon.colcon_core.shell:Creating prefix script '/home/jetson/slash_ws/install/local_setup.ps1'
[14.832s] INFO:colcon.colcon_core.shell:Creating prefix util module '/home/jetson/slash_ws/install/_local_setup_util_ps1.py'
[14.835s] INFO:colcon.colcon_core.shell:Creating prefix chain script '/home/jetson/slash_ws/install/setup.ps1'
[14.840s] INFO:colcon.colcon_core.shell:Creating prefix script '/home/jetson/slash_ws/install/local_setup.sh'
[14.841s] INFO:colcon.colcon_core.shell:Creating prefix util module '/home/jetson/slash_ws/install/_local_setup_util_sh.py'
[14.843s] INFO:colcon.colcon_core.shell:Creating prefix chain script '/home/jetson/slash_ws/install/setup.sh'
[14.847s] INFO:colcon.colcon_core.shell:Creating prefix script '/home/jetson/slash_ws/install/local_setup.bash'
[14.848s] INFO:colcon.colcon_core.shell:Creating prefix chain script '/home/jetson/slash_ws/install/setup.bash'
[14.854s] INFO:colcon.colcon_core.shell:Creating prefix script '/home/jetson/slash_ws/install/local_setup.zsh'
[14.855s] INFO:colcon.colcon_core.shell:Creating prefix chain script '/home/jetson/slash_ws/install/setup.zsh'
