[0.446s] DEBUG:colcon:Command line arguments: ['/usr/bin/colcon', 'build']
[0.447s] DEBUG:colcon:Parsed command line arguments: Namespace(allow_overriding=[], ament_cmake_args=None, base_paths=['.'], build_base='build', catkin_cmake_args=None, catkin_skip_building_tests=False, cmake_args=None, cmake_clean_cache=False, cmake_clean_first=False, cmake_force_configure=False, cmake_target=None, cmake_target_skip_unavailable=False, continue_on_error=False, event_handlers=None, executor='parallel', ignore_user_meta=False, install_base='install', log_base=None, log_level=None, main=<bound method BuildVerb.main of <colcon_core.verb.build.BuildVerb object at 0xffff9dcc6ee0>>, merge_install=False, metas=['./colcon.meta'], packages_above=None, packages_above_and_dependencies=None, packages_above_depth=None, packages_end=None, packages_ignore=None, packages_ignore_regex=None, packages_select=None, packages_select_build_failed=False, packages_select_by_dep=None, packages_select_regex=None, packages_select_test_failures=False, packages_skip=None, packages_skip_build_finished=False, packages_skip_by_dep=None, packages_skip_regex=None, packages_skip_test_passed=False, packages_skip_up_to=None, packages_start=None, packages_up_to=None, packages_up_to_regex=None, parallel_workers=8, paths=None, symlink_install=False, test_result_base=None, verb_extension=<colcon_core.verb.build.BuildVerb object at 0xffff9dcc6ee0>, verb_name='build', verb_parser=<colcon_defaults.argument_parser.defaults.DefaultArgumentsDecorator object at 0xffff9dcd3700>)
[0.943s] Level 1:colcon.colcon_core.package_discovery:discover_packages(colcon_meta) check parameters
[0.944s] Level 1:colcon.colcon_core.package_discovery:discover_packages(recursive) check parameters
[0.944s] Level 1:colcon.colcon_core.package_discovery:discover_packages(ignore) check parameters
[0.944s] Level 1:colcon.colcon_core.package_discovery:discover_packages(path) check parameters
[0.944s] Level 1:colcon.colcon_core.package_discovery:discover_packages(colcon_meta) discover
[0.944s] Level 1:colcon.colcon_core.package_discovery:discover_packages(recursive) discover
[0.944s] INFO:colcon.colcon_core.package_discovery:Crawling recursively for packages in '/home/jetson/slash_ws'
[0.945s] Level 1:colcon.colcon_core.package_identification:_identify(.) by extensions ['ignore', 'ignore_ament_install']
[0.945s] Level 1:colcon.colcon_core.package_identification:_identify(.) by extension 'ignore'
[0.945s] Level 1:colcon.colcon_core.package_identification:_identify(.) by extension 'ignore_ament_install'
[0.945s] Level 1:colcon.colcon_core.package_identification:_identify(.) by extensions ['colcon_pkg']
[0.945s] Level 1:colcon.colcon_core.package_identification:_identify(.) by extension 'colcon_pkg'
[0.945s] Level 1:colcon.colcon_core.package_identification:_identify(.) by extensions ['colcon_meta']
[0.945s] Level 1:colcon.colcon_core.package_identification:_identify(.) by extension 'colcon_meta'
[0.946s] Level 1:colcon.colcon_core.package_identification:_identify(.) by extensions ['ros']
[0.946s] Level 1:colcon.colcon_core.package_identification:_identify(.) by extension 'ros'
[0.976s] Level 1:colcon.colcon_core.package_identification:_identify(.) by extensions ['cmake', 'python']
[0.976s] Level 1:colcon.colcon_core.package_identification:_identify(.) by extension 'cmake'
[0.977s] Level 1:colcon.colcon_core.package_identification:_identify(.) by extension 'python'
[0.977s] Level 1:colcon.colcon_core.package_identification:_identify(.) by extensions ['python_setup_py']
[0.977s] Level 1:colcon.colcon_core.package_identification:_identify(.) by extension 'python_setup_py'
[0.978s] Level 1:colcon.colcon_core.package_identification:_identify(battle) by extensions ['ignore', 'ignore_ament_install']
[0.978s] Level 1:colcon.colcon_core.package_identification:_identify(battle) by extension 'ignore'
[0.978s] Level 1:colcon.colcon_core.package_identification:_identify(battle) by extension 'ignore_ament_install'
[0.979s] Level 1:colcon.colcon_core.package_identification:_identify(battle) by extensions ['colcon_pkg']
[0.979s] Level 1:colcon.colcon_core.package_identification:_identify(battle) by extension 'colcon_pkg'
[0.979s] Level 1:colcon.colcon_core.package_identification:_identify(battle) by extensions ['colcon_meta']
[0.979s] Level 1:colcon.colcon_core.package_identification:_identify(battle) by extension 'colcon_meta'
[0.980s] Level 1:colcon.colcon_core.package_identification:_identify(battle) by extensions ['ros']
[0.980s] Level 1:colcon.colcon_core.package_identification:_identify(battle) by extension 'ros'
[0.980s] Level 1:colcon.colcon_core.package_identification:_identify(battle) by extensions ['cmake', 'python']
[0.980s] Level 1:colcon.colcon_core.package_identification:_identify(battle) by extension 'cmake'
[0.981s] Level 1:colcon.colcon_core.package_identification:_identify(battle) by extension 'python'
[0.981s] Level 1:colcon.colcon_core.package_identification:_identify(battle) by extensions ['python_setup_py']
[0.981s] Level 1:colcon.colcon_core.package_identification:_identify(battle) by extension 'python_setup_py'
[0.981s] Level 1:colcon.colcon_core.package_identification:_identify(build) by extensions ['ignore', 'ignore_ament_install']
[0.982s] Level 1:colcon.colcon_core.package_identification:_identify(build) by extension 'ignore'
[0.982s] Level 1:colcon.colcon_core.package_identification:_identify(build) ignored
[0.982s] Level 1:colcon.colcon_core.package_identification:_identify(chassis_response_test) by extensions ['ignore', 'ignore_ament_install']
[0.983s] Level 1:colcon.colcon_core.package_identification:_identify(chassis_response_test) by extension 'ignore'
[0.983s] Level 1:colcon.colcon_core.package_identification:_identify(chassis_response_test) by extension 'ignore_ament_install'
[0.983s] Level 1:colcon.colcon_core.package_identification:_identify(chassis_response_test) by extensions ['colcon_pkg']
[0.983s] Level 1:colcon.colcon_core.package_identification:_identify(chassis_response_test) by extension 'colcon_pkg'
[0.983s] Level 1:colcon.colcon_core.package_identification:_identify(chassis_response_test) by extensions ['colcon_meta']
[0.983s] Level 1:colcon.colcon_core.package_identification:_identify(chassis_response_test) by extension 'colcon_meta'
[0.983s] Level 1:colcon.colcon_core.package_identification:_identify(chassis_response_test) by extensions ['ros']
[0.983s] Level 1:colcon.colcon_core.package_identification:_identify(chassis_response_test) by extension 'ros'
[0.984s] Level 1:colcon.colcon_core.package_identification:_identify(chassis_response_test) by extensions ['cmake', 'python']
[0.984s] Level 1:colcon.colcon_core.package_identification:_identify(chassis_response_test) by extension 'cmake'
[0.984s] Level 1:colcon.colcon_core.package_identification:_identify(chassis_response_test) by extension 'python'
[0.984s] Level 1:colcon.colcon_core.package_identification:_identify(chassis_response_test) by extensions ['python_setup_py']
[0.984s] Level 1:colcon.colcon_core.package_identification:_identify(chassis_response_test) by extension 'python_setup_py'
[0.984s] Level 1:colcon.colcon_core.package_identification:_identify(chassis_test) by extensions ['ignore', 'ignore_ament_install']
[0.984s] Level 1:colcon.colcon_core.package_identification:_identify(chassis_test) by extension 'ignore'
[0.984s] Level 1:colcon.colcon_core.package_identification:_identify(chassis_test) by extension 'ignore_ament_install'
[0.984s] Level 1:colcon.colcon_core.package_identification:_identify(chassis_test) by extensions ['colcon_pkg']
[0.984s] Level 1:colcon.colcon_core.package_identification:_identify(chassis_test) by extension 'colcon_pkg'
[0.985s] Level 1:colcon.colcon_core.package_identification:_identify(chassis_test) by extensions ['colcon_meta']
[0.985s] Level 1:colcon.colcon_core.package_identification:_identify(chassis_test) by extension 'colcon_meta'
[0.985s] Level 1:colcon.colcon_core.package_identification:_identify(chassis_test) by extensions ['ros']
[0.985s] Level 1:colcon.colcon_core.package_identification:_identify(chassis_test) by extension 'ros'
[0.985s] Level 1:colcon.colcon_core.package_identification:_identify(chassis_test) by extensions ['cmake', 'python']
[0.985s] Level 1:colcon.colcon_core.package_identification:_identify(chassis_test) by extension 'cmake'
[0.985s] Level 1:colcon.colcon_core.package_identification:_identify(chassis_test) by extension 'python'
[0.985s] Level 1:colcon.colcon_core.package_identification:_identify(chassis_test) by extensions ['python_setup_py']
[0.985s] Level 1:colcon.colcon_core.package_identification:_identify(chassis_test) by extension 'python_setup_py'
[0.985s] Level 1:colcon.colcon_core.package_identification:_identify(install) by extensions ['ignore', 'ignore_ament_install']
[0.986s] Level 1:colcon.colcon_core.package_identification:_identify(install) by extension 'ignore'
[0.986s] Level 1:colcon.colcon_core.package_identification:_identify(install) ignored
[0.986s] Level 1:colcon.colcon_core.package_identification:_identify(log) by extensions ['ignore', 'ignore_ament_install']
[0.986s] Level 1:colcon.colcon_core.package_identification:_identify(log) by extension 'ignore'
[0.986s] Level 1:colcon.colcon_core.package_identification:_identify(log) ignored
[0.986s] Level 1:colcon.colcon_core.package_identification:_identify(rosbag2_2025_09_19-21_39_40) by extensions ['ignore', 'ignore_ament_install']
[0.987s] Level 1:colcon.colcon_core.package_identification:_identify(rosbag2_2025_09_19-21_39_40) by extension 'ignore'
[0.987s] Level 1:colcon.colcon_core.package_identification:_identify(rosbag2_2025_09_19-21_39_40) by extension 'ignore_ament_install'
[0.987s] Level 1:colcon.colcon_core.package_identification:_identify(rosbag2_2025_09_19-21_39_40) by extensions ['colcon_pkg']
[0.987s] Level 1:colcon.colcon_core.package_identification:_identify(rosbag2_2025_09_19-21_39_40) by extension 'colcon_pkg'
[0.987s] Level 1:colcon.colcon_core.package_identification:_identify(rosbag2_2025_09_19-21_39_40) by extensions ['colcon_meta']
[0.987s] Level 1:colcon.colcon_core.package_identification:_identify(rosbag2_2025_09_19-21_39_40) by extension 'colcon_meta'
[0.987s] Level 1:colcon.colcon_core.package_identification:_identify(rosbag2_2025_09_19-21_39_40) by extensions ['ros']
[0.987s] Level 1:colcon.colcon_core.package_identification:_identify(rosbag2_2025_09_19-21_39_40) by extension 'ros'
[0.987s] Level 1:colcon.colcon_core.package_identification:_identify(rosbag2_2025_09_19-21_39_40) by extensions ['cmake', 'python']
[0.987s] Level 1:colcon.colcon_core.package_identification:_identify(rosbag2_2025_09_19-21_39_40) by extension 'cmake'
[0.987s] Level 1:colcon.colcon_core.package_identification:_identify(rosbag2_2025_09_19-21_39_40) by extension 'python'
[0.988s] Level 1:colcon.colcon_core.package_identification:_identify(rosbag2_2025_09_19-21_39_40) by extensions ['python_setup_py']
[0.988s] Level 1:colcon.colcon_core.package_identification:_identify(rosbag2_2025_09_19-21_39_40) by extension 'python_setup_py'
[0.988s] Level 1:colcon.colcon_core.package_identification:_identify(rosbag2_2026_05_05-17_10_20) by extensions ['ignore', 'ignore_ament_install']
[0.988s] Level 1:colcon.colcon_core.package_identification:_identify(rosbag2_2026_05_05-17_10_20) by extension 'ignore'
[0.988s] Level 1:colcon.colcon_core.package_identification:_identify(rosbag2_2026_05_05-17_10_20) by extension 'ignore_ament_install'
[0.988s] Level 1:colcon.colcon_core.package_identification:_identify(rosbag2_2026_05_05-17_10_20) by extensions ['colcon_pkg']
[0.988s] Level 1:colcon.colcon_core.package_identification:_identify(rosbag2_2026_05_05-17_10_20) by extension 'colcon_pkg'
[0.988s] Level 1:colcon.colcon_core.package_identification:_identify(rosbag2_2026_05_05-17_10_20) by extensions ['colcon_meta']
[0.988s] Level 1:colcon.colcon_core.package_identification:_identify(rosbag2_2026_05_05-17_10_20) by extension 'colcon_meta'
[0.988s] Level 1:colcon.colcon_core.package_identification:_identify(rosbag2_2026_05_05-17_10_20) by extensions ['ros']
[0.989s] Level 1:colcon.colcon_core.package_identification:_identify(rosbag2_2026_05_05-17_10_20) by extension 'ros'
[0.989s] Level 1:colcon.colcon_core.package_identification:_identify(rosbag2_2026_05_05-17_10_20) by extensions ['cmake', 'python']
[0.989s] Level 1:colcon.colcon_core.package_identification:_identify(rosbag2_2026_05_05-17_10_20) by extension 'cmake'
[0.989s] Level 1:colcon.colcon_core.package_identification:_identify(rosbag2_2026_05_05-17_10_20) by extension 'python'
[0.989s] Level 1:colcon.colcon_core.package_identification:_identify(rosbag2_2026_05_05-17_10_20) by extensions ['python_setup_py']
[0.989s] Level 1:colcon.colcon_core.package_identification:_identify(rosbag2_2026_05_05-17_10_20) by extension 'python_setup_py'
[0.989s] Level 1:colcon.colcon_core.package_identification:_identify(rosbag2_2026_05_05-17_25_20) by extensions ['ignore', 'ignore_ament_install']
[0.989s] Level 1:colcon.colcon_core.package_identification:_identify(rosbag2_2026_05_05-17_25_20) by extension 'ignore'
[0.989s] Level 1:colcon.colcon_core.package_identification:_identify(rosbag2_2026_05_05-17_25_20) by extension 'ignore_ament_install'
[0.990s] Level 1:colcon.colcon_core.package_identification:_identify(rosbag2_2026_05_05-17_25_20) by extensions ['colcon_pkg']
[0.990s] Level 1:colcon.colcon_core.package_identification:_identify(rosbag2_2026_05_05-17_25_20) by extension 'colcon_pkg'
[0.990s] Level 1:colcon.colcon_core.package_identification:_identify(rosbag2_2026_05_05-17_25_20) by extensions ['colcon_meta']
[0.990s] Level 1:colcon.colcon_core.package_identification:_identify(rosbag2_2026_05_05-17_25_20) by extension 'colcon_meta'
[0.990s] Level 1:colcon.colcon_core.package_identification:_identify(rosbag2_2026_05_05-17_25_20) by extensions ['ros']
[0.990s] Level 1:colcon.colcon_core.package_identification:_identify(rosbag2_2026_05_05-17_25_20) by extension 'ros'
[0.990s] Level 1:colcon.colcon_core.package_identification:_identify(rosbag2_2026_05_05-17_25_20) by extensions ['cmake', 'python']
[0.990s] Level 1:colcon.colcon_core.package_identification:_identify(rosbag2_2026_05_05-17_25_20) by extension 'cmake'
[0.990s] Level 1:colcon.colcon_core.package_identification:_identify(rosbag2_2026_05_05-17_25_20) by extension 'python'
[0.990s] Level 1:colcon.colcon_core.package_identification:_identify(rosbag2_2026_05_05-17_25_20) by extensions ['python_setup_py']
[0.990s] Level 1:colcon.colcon_core.package_identification:_identify(rosbag2_2026_05_05-17_25_20) by extension 'python_setup_py'
[0.991s] Level 1:colcon.colcon_core.package_identification:_identify(rosbag2_2026_05_12-21_10_10) by extensions ['ignore', 'ignore_ament_install']
[0.991s] Level 1:colcon.colcon_core.package_identification:_identify(rosbag2_2026_05_12-21_10_10) by extension 'ignore'
[0.991s] Level 1:colcon.colcon_core.package_identification:_identify(rosbag2_2026_05_12-21_10_10) by extension 'ignore_ament_install'
[0.991s] Level 1:colcon.colcon_core.package_identification:_identify(rosbag2_2026_05_12-21_10_10) by extensions ['colcon_pkg']
[0.991s] Level 1:colcon.colcon_core.package_identification:_identify(rosbag2_2026_05_12-21_10_10) by extension 'colcon_pkg'
[0.991s] Level 1:colcon.colcon_core.package_identification:_identify(rosbag2_2026_05_12-21_10_10) by extensions ['colcon_meta']
[0.991s] Level 1:colcon.colcon_core.package_identification:_identify(rosbag2_2026_05_12-21_10_10) by extension 'colcon_meta'
[0.991s] Level 1:colcon.colcon_core.package_identification:_identify(rosbag2_2026_05_12-21_10_10) by extensions ['ros']
[0.991s] Level 1:colcon.colcon_core.package_identification:_identify(rosbag2_2026_05_12-21_10_10) by extension 'ros'
[0.991s] Level 1:colcon.colcon_core.package_identification:_identify(rosbag2_2026_05_12-21_10_10) by extensions ['cmake', 'python']
[0.991s] Level 1:colcon.colcon_core.package_identification:_identify(rosbag2_2026_05_12-21_10_10) by extension 'cmake'
[0.991s] Level 1:colcon.colcon_core.package_identification:_identify(rosbag2_2026_05_12-21_10_10) by extension 'python'
[0.992s] Level 1:colcon.colcon_core.package_identification:_identify(rosbag2_2026_05_12-21_10_10) by extensions ['python_setup_py']
[0.992s] Level 1:colcon.colcon_core.package_identification:_identify(rosbag2_2026_05_12-21_10_10) by extension 'python_setup_py'
[0.992s] Level 1:colcon.colcon_core.package_identification:_identify(src) by extensions ['ignore', 'ignore_ament_install']
[0.992s] Level 1:colcon.colcon_core.package_identification:_identify(src) by extension 'ignore'
[0.992s] Level 1:colcon.colcon_core.package_identification:_identify(src) by extension 'ignore_ament_install'
[0.992s] Level 1:colcon.colcon_core.package_identification:_identify(src) by extensions ['colcon_pkg']
[0.992s] Level 1:colcon.colcon_core.package_identification:_identify(src) by extension 'colcon_pkg'
[0.992s] Level 1:colcon.colcon_core.package_identification:_identify(src) by extensions ['colcon_meta']
[0.992s] Level 1:colcon.colcon_core.package_identification:_identify(src) by extension 'colcon_meta'
[0.992s] Level 1:colcon.colcon_core.package_identification:_identify(src) by extensions ['ros']
[0.993s] Level 1:colcon.colcon_core.package_identification:_identify(src) by extension 'ros'
[0.993s] Level 1:colcon.colcon_core.package_identification:_identify(src) by extensions ['cmake', 'python']
[0.993s] Level 1:colcon.colcon_core.package_identification:_identify(src) by extension 'cmake'
[0.993s] Level 1:colcon.colcon_core.package_identification:_identify(src) by extension 'python'
[0.993s] Level 1:colcon.colcon_core.package_identification:_identify(src) by extensions ['python_setup_py']
[0.993s] Level 1:colcon.colcon_core.package_identification:_identify(src) by extension 'python_setup_py'
[0.993s] Level 1:colcon.colcon_core.package_identification:_identify(src/slash_controller) by extensions ['ignore', 'ignore_ament_install']
[0.993s] Level 1:colcon.colcon_core.package_identification:_identify(src/slash_controller) by extension 'ignore'
[0.993s] Level 1:colcon.colcon_core.package_identification:_identify(src/slash_controller) by extension 'ignore_ament_install'
[0.994s] Level 1:colcon.colcon_core.package_identification:_identify(src/slash_controller) by extensions ['colcon_pkg']
[0.994s] Level 1:colcon.colcon_core.package_identification:_identify(src/slash_controller) by extension 'colcon_pkg'
[0.994s] Level 1:colcon.colcon_core.package_identification:_identify(src/slash_controller) by extensions ['colcon_meta']
[0.994s] Level 1:colcon.colcon_core.package_identification:_identify(src/slash_controller) by extension 'colcon_meta'
[0.994s] Level 1:colcon.colcon_core.package_identification:_identify(src/slash_controller) by extensions ['ros']
[0.994s] Level 1:colcon.colcon_core.package_identification:_identify(src/slash_controller) by extension 'ros'
[0.994s] Level 1:colcon.colcon_core.package_identification:_identify(src/slash_controller) by extensions ['cmake', 'python']
[0.994s] Level 1:colcon.colcon_core.package_identification:_identify(src/slash_controller) by extension 'cmake'
[0.994s] Level 1:colcon.colcon_core.package_identification:_identify(src/slash_controller) by extension 'python'
[0.994s] Level 1:colcon.colcon_core.package_identification:_identify(src/slash_controller) by extensions ['python_setup_py']
[0.994s] Level 1:colcon.colcon_core.package_identification:_identify(src/slash_controller) by extension 'python_setup_py'
[0.995s] Level 1:colcon.colcon_core.package_identification:_identify(src/slash_controller/simple_mpc) by extensions ['ignore', 'ignore_ament_install']
[0.995s] Level 1:colcon.colcon_core.package_identification:_identify(src/slash_controller/simple_mpc) by extension 'ignore'
[0.995s] Level 1:colcon.colcon_core.package_identification:_identify(src/slash_controller/simple_mpc) by extension 'ignore_ament_install'
[0.995s] Level 1:colcon.colcon_core.package_identification:_identify(src/slash_controller/simple_mpc) by extensions ['colcon_pkg']
[0.995s] Level 1:colcon.colcon_core.package_identification:_identify(src/slash_controller/simple_mpc) by extension 'colcon_pkg'
[0.995s] Level 1:colcon.colcon_core.package_identification:_identify(src/slash_controller/simple_mpc) by extensions ['colcon_meta']
[0.995s] Level 1:colcon.colcon_core.package_identification:_identify(src/slash_controller/simple_mpc) by extension 'colcon_meta'
[0.995s] Level 1:colcon.colcon_core.package_identification:_identify(src/slash_controller/simple_mpc) by extensions ['ros']
[0.995s] Level 1:colcon.colcon_core.package_identification:_identify(src/slash_controller/simple_mpc) by extension 'ros'
[1.002s] DEBUG:colcon.colcon_core.package_identification:Package 'src/slash_controller/simple_mpc' with type 'ros.ament_cmake' and name 'simple_mpc'
[1.002s] Level 1:colcon.colcon_core.package_identification:_identify(src/slash_hardware) by extensions ['ignore', 'ignore_ament_install']
[1.003s] Level 1:colcon.colcon_core.package_identification:_identify(src/slash_hardware) by extension 'ignore'
[1.003s] Level 1:colcon.colcon_core.package_identification:_identify(src/slash_hardware) by extension 'ignore_ament_install'
[1.003s] Level 1:colcon.colcon_core.package_identification:_identify(src/slash_hardware) by extensions ['colcon_pkg']
[1.003s] Level 1:colcon.colcon_core.package_identification:_identify(src/slash_hardware) by extension 'colcon_pkg'
[1.003s] Level 1:colcon.colcon_core.package_identification:_identify(src/slash_hardware) by extensions ['colcon_meta']
[1.003s] Level 1:colcon.colcon_core.package_identification:_identify(src/slash_hardware) by extension 'colcon_meta'
[1.003s] Level 1:colcon.colcon_core.package_identification:_identify(src/slash_hardware) by extensions ['ros']
[1.003s] Level 1:colcon.colcon_core.package_identification:_identify(src/slash_hardware) by extension 'ros'
[1.003s] Level 1:colcon.colcon_core.package_identification:_identify(src/slash_hardware) by extensions ['cmake', 'python']
[1.004s] Level 1:colcon.colcon_core.package_identification:_identify(src/slash_hardware) by extension 'cmake'
[1.004s] Level 1:colcon.colcon_core.package_identification:_identify(src/slash_hardware) by extension 'python'
[1.004s] Level 1:colcon.colcon_core.package_identification:_identify(src/slash_hardware) by extensions ['python_setup_py']
[1.004s] Level 1:colcon.colcon_core.package_identification:_identify(src/slash_hardware) by extension 'python_setup_py'
[1.004s] Level 1:colcon.colcon_core.package_identification:_identify(src/slash_hardware/f1tenth_system) by extensions ['ignore', 'ignore_ament_install']
[1.004s] Level 1:colcon.colcon_core.package_identification:_identify(src/slash_hardware/f1tenth_system) by extension 'ignore'
[1.004s] Level 1:colcon.colcon_core.package_identification:_identify(src/slash_hardware/f1tenth_system) by extension 'ignore_ament_install'
[1.004s] Level 1:colcon.colcon_core.package_identification:_identify(src/slash_hardware/f1tenth_system) by extensions ['colcon_pkg']
[1.004s] Level 1:colcon.colcon_core.package_identification:_identify(src/slash_hardware/f1tenth_system) by extension 'colcon_pkg'
[1.005s] Level 1:colcon.colcon_core.package_identification:_identify(src/slash_hardware/f1tenth_system) by extensions ['colcon_meta']
[1.005s] Level 1:colcon.colcon_core.package_identification:_identify(src/slash_hardware/f1tenth_system) by extension 'colcon_meta'
[1.005s] Level 1:colcon.colcon_core.package_identification:_identify(src/slash_hardware/f1tenth_system) by extensions ['ros']
[1.005s] Level 1:colcon.colcon_core.package_identification:_identify(src/slash_hardware/f1tenth_system) by extension 'ros'
[1.005s] Level 1:colcon.colcon_core.package_identification:_identify(src/slash_hardware/f1tenth_system) by extensions ['cmake', 'python']
[1.005s] Level 1:colcon.colcon_core.package_identification:_identify(src/slash_hardware/f1tenth_system) by extension 'cmake'
[1.005s] Level 1:colcon.colcon_core.package_identification:_identify(src/slash_hardware/f1tenth_system) by extension 'python'
[1.005s] Level 1:colcon.colcon_core.package_identification:_identify(src/slash_hardware/f1tenth_system) by extensions ['python_setup_py']
[1.005s] Level 1:colcon.colcon_core.package_identification:_identify(src/slash_hardware/f1tenth_system) by extension 'python_setup_py'
[1.005s] Level 1:colcon.colcon_core.package_identification:_identify(src/slash_hardware/f1tenth_system/ackermann_mux) by extensions ['ignore', 'ignore_ament_install']
[1.006s] Level 1:colcon.colcon_core.package_identification:_identify(src/slash_hardware/f1tenth_system/ackermann_mux) by extension 'ignore'
[1.006s] Level 1:colcon.colcon_core.package_identification:_identify(src/slash_hardware/f1tenth_system/ackermann_mux) by extension 'ignore_ament_install'
[1.006s] Level 1:colcon.colcon_core.package_identification:_identify(src/slash_hardware/f1tenth_system/ackermann_mux) by extensions ['colcon_pkg']
[1.006s] Level 1:colcon.colcon_core.package_identification:_identify(src/slash_hardware/f1tenth_system/ackermann_mux) by extension 'colcon_pkg'
[1.006s] Level 1:colcon.colcon_core.package_identification:_identify(src/slash_hardware/f1tenth_system/ackermann_mux) by extensions ['colcon_meta']
[1.006s] Level 1:colcon.colcon_core.package_identification:_identify(src/slash_hardware/f1tenth_system/ackermann_mux) by extension 'colcon_meta'
[1.006s] Level 1:colcon.colcon_core.package_identification:_identify(src/slash_hardware/f1tenth_system/ackermann_mux) by extensions ['ros']
[1.006s] Level 1:colcon.colcon_core.package_identification:_identify(src/slash_hardware/f1tenth_system/ackermann_mux) by extension 'ros'
[1.008s] DEBUG:colcon.colcon_core.package_identification:Package 'src/slash_hardware/f1tenth_system/ackermann_mux' with type 'ros.ament_cmake' and name 'ackermann_mux'
[1.009s] Level 1:colcon.colcon_core.package_identification:_identify(src/slash_hardware/f1tenth_system/f1tenth_stack) by extensions ['ignore', 'ignore_ament_install']
[1.009s] Level 1:colcon.colcon_core.package_identification:_identify(src/slash_hardware/f1tenth_system/f1tenth_stack) by extension 'ignore'
[1.009s] Level 1:colcon.colcon_core.package_identification:_identify(src/slash_hardware/f1tenth_system/f1tenth_stack) by extension 'ignore_ament_install'
[1.009s] Level 1:colcon.colcon_core.package_identification:_identify(src/slash_hardware/f1tenth_system/f1tenth_stack) by extensions ['colcon_pkg']
[1.009s] Level 1:colcon.colcon_core.package_identification:_identify(src/slash_hardware/f1tenth_system/f1tenth_stack) by extension 'colcon_pkg'
[1.010s] Level 1:colcon.colcon_core.package_identification:_identify(src/slash_hardware/f1tenth_system/f1tenth_stack) by extensions ['colcon_meta']
[1.010s] Level 1:colcon.colcon_core.package_identification:_identify(src/slash_hardware/f1tenth_system/f1tenth_stack) by extension 'colcon_meta'
[1.010s] Level 1:colcon.colcon_core.package_identification:_identify(src/slash_hardware/f1tenth_system/f1tenth_stack) by extensions ['ros']
[1.010s] Level 1:colcon.colcon_core.package_identification:_identify(src/slash_hardware/f1tenth_system/f1tenth_stack) by extension 'ros'
[1.013s] DEBUG:colcon.colcon_core.package_identification:Package 'src/slash_hardware/f1tenth_system/f1tenth_stack' with type 'ros.ament_python' and name 'f1tenth_stack'
[1.013s] Level 1:colcon.colcon_core.package_identification:_identify(src/slash_hardware/f1tenth_system/scripts) by extensions ['ignore', 'ignore_ament_install']
[1.014s] Level 1:colcon.colcon_core.package_identification:_identify(src/slash_hardware/f1tenth_system/scripts) by extension 'ignore'
[1.014s] Level 1:colcon.colcon_core.package_identification:_identify(src/slash_hardware/f1tenth_system/scripts) by extension 'ignore_ament_install'
[1.014s] Level 1:colcon.colcon_core.package_identification:_identify(src/slash_hardware/f1tenth_system/scripts) by extensions ['colcon_pkg']
[1.014s] Level 1:colcon.colcon_core.package_identification:_identify(src/slash_hardware/f1tenth_system/scripts) by extension 'colcon_pkg'
[1.014s] Level 1:colcon.colcon_core.package_identification:_identify(src/slash_hardware/f1tenth_system/scripts) by extensions ['colcon_meta']
[1.014s] Level 1:colcon.colcon_core.package_identification:_identify(src/slash_hardware/f1tenth_system/scripts) by extension 'colcon_meta'
[1.014s] Level 1:colcon.colcon_core.package_identification:_identify(src/slash_hardware/f1tenth_system/scripts) by extensions ['ros']
[1.014s] Level 1:colcon.colcon_core.package_identification:_identify(src/slash_hardware/f1tenth_system/scripts) by extension 'ros'
[1.014s] Level 1:colcon.colcon_core.package_identification:_identify(src/slash_hardware/f1tenth_system/scripts) by extensions ['cmake', 'python']
[1.014s] Level 1:colcon.colcon_core.package_identification:_identify(src/slash_hardware/f1tenth_system/scripts) by extension 'cmake'
[1.015s] Level 1:colcon.colcon_core.package_identification:_identify(src/slash_hardware/f1tenth_system/scripts) by extension 'python'
[1.015s] Level 1:colcon.colcon_core.package_identification:_identify(src/slash_hardware/f1tenth_system/scripts) by extensions ['python_setup_py']
[1.015s] Level 1:colcon.colcon_core.package_identification:_identify(src/slash_hardware/f1tenth_system/scripts) by extension 'python_setup_py'
[1.015s] Level 1:colcon.colcon_core.package_identification:_identify(src/slash_hardware/f1tenth_system/teleop_tools) by extensions ['ignore', 'ignore_ament_install']
[1.016s] Level 1:colcon.colcon_core.package_identification:_identify(src/slash_hardware/f1tenth_system/teleop_tools) by extension 'ignore'
[1.016s] Level 1:colcon.colcon_core.package_identification:_identify(src/slash_hardware/f1tenth_system/teleop_tools) by extension 'ignore_ament_install'
[1.016s] Level 1:colcon.colcon_core.package_identification:_identify(src/slash_hardware/f1tenth_system/teleop_tools) by extensions ['colcon_pkg']
[1.016s] Level 1:colcon.colcon_core.package_identification:_identify(src/slash_hardware/f1tenth_system/teleop_tools) by extension 'colcon_pkg'
[1.016s] Level 1:colcon.colcon_core.package_identification:_identify(src/slash_hardware/f1tenth_system/teleop_tools) by extensions ['colcon_meta']
[1.016s] Level 1:colcon.colcon_core.package_identification:_identify(src/slash_hardware/f1tenth_system/teleop_tools) by extension 'colcon_meta'
[1.016s] Level 1:colcon.colcon_core.package_identification:_identify(src/slash_hardware/f1tenth_system/teleop_tools) by extensions ['ros']
[1.016s] Level 1:colcon.colcon_core.package_identification:_identify(src/slash_hardware/f1tenth_system/teleop_tools) by extension 'ros'
[1.016s] Level 1:colcon.colcon_core.package_identification:_identify(src/slash_hardware/f1tenth_system/teleop_tools) by extensions ['cmake', 'python']
[1.017s] Level 1:colcon.colcon_core.package_identification:_identify(src/slash_hardware/f1tenth_system/teleop_tools) by extension 'cmake'
[1.017s] Level 1:colcon.colcon_core.package_identification:_identify(src/slash_hardware/f1tenth_system/teleop_tools) by extension 'python'
[1.017s] Level 1:colcon.colcon_core.package_identification:_identify(src/slash_hardware/f1tenth_system/teleop_tools) by extensions ['python_setup_py']
[1.017s] Level 1:colcon.colcon_core.package_identification:_identify(src/slash_hardware/f1tenth_system/teleop_tools) by extension 'python_setup_py'
[1.017s] Level 1:colcon.colcon_core.package_identification:_identify(src/slash_hardware/f1tenth_system/teleop_tools/joy_teleop) by extensions ['ignore', 'ignore_ament_install']
[1.017s] Level 1:colcon.colcon_core.package_identification:_identify(src/slash_hardware/f1tenth_system/teleop_tools/joy_teleop) by extension 'ignore'
[1.017s] Level 1:colcon.colcon_core.package_identification:_identify(src/slash_hardware/f1tenth_system/teleop_tools/joy_teleop) by extension 'ignore_ament_install'
[1.017s] Level 1:colcon.colcon_core.package_identification:_identify(src/slash_hardware/f1tenth_system/teleop_tools/joy_teleop) by extensions ['colcon_pkg']
[1.018s] Level 1:colcon.colcon_core.package_identification:_identify(src/slash_hardware/f1tenth_system/teleop_tools/joy_teleop) by extension 'colcon_pkg'
[1.018s] Level 1:colcon.colcon_core.package_identification:_identify(src/slash_hardware/f1tenth_system/teleop_tools/joy_teleop) by extensions ['colcon_meta']
[1.018s] Level 1:colcon.colcon_core.package_identification:_identify(src/slash_hardware/f1tenth_system/teleop_tools/joy_teleop) by extension 'colcon_meta'
[1.018s] Level 1:colcon.colcon_core.package_identification:_identify(src/slash_hardware/f1tenth_system/teleop_tools/joy_teleop) by extensions ['ros']
[1.018s] Level 1:colcon.colcon_core.package_identification:_identify(src/slash_hardware/f1tenth_system/teleop_tools/joy_teleop) by extension 'ros'
[1.020s] DEBUG:colcon.colcon_core.package_identification:Package 'src/slash_hardware/f1tenth_system/teleop_tools/joy_teleop' with type 'ros.ament_python' and name 'joy_teleop'
[1.020s] Level 1:colcon.colcon_core.package_identification:_identify(src/slash_hardware/f1tenth_system/teleop_tools/key_teleop) by extensions ['ignore', 'ignore_ament_install']
[1.021s] Level 1:colcon.colcon_core.package_identification:_identify(src/slash_hardware/f1tenth_system/teleop_tools/key_teleop) by extension 'ignore'
[1.021s] Level 1:colcon.colcon_core.package_identification:_identify(src/slash_hardware/f1tenth_system/teleop_tools/key_teleop) by extension 'ignore_ament_install'
[1.021s] Level 1:colcon.colcon_core.package_identification:_identify(src/slash_hardware/f1tenth_system/teleop_tools/key_teleop) by extensions ['colcon_pkg']
[1.021s] Level 1:colcon.colcon_core.package_identification:_identify(src/slash_hardware/f1tenth_system/teleop_tools/key_teleop) by extension 'colcon_pkg'
[1.021s] Level 1:colcon.colcon_core.package_identification:_identify(src/slash_hardware/f1tenth_system/teleop_tools/key_teleop) by extensions ['colcon_meta']
[1.021s] Level 1:colcon.colcon_core.package_identification:_identify(src/slash_hardware/f1tenth_system/teleop_tools/key_teleop) by extension 'colcon_meta'
[1.021s] Level 1:colcon.colcon_core.package_identification:_identify(src/slash_hardware/f1tenth_system/teleop_tools/key_teleop) by extensions ['ros']
[1.021s] Level 1:colcon.colcon_core.package_identification:_identify(src/slash_hardware/f1tenth_system/teleop_tools/key_teleop) by extension 'ros'
[1.023s] DEBUG:colcon.colcon_core.package_identification:Package 'src/slash_hardware/f1tenth_system/teleop_tools/key_teleop' with type 'ros.ament_python' and name 'key_teleop'
[1.023s] Level 1:colcon.colcon_core.package_identification:_identify(src/slash_hardware/f1tenth_system/teleop_tools/mouse_teleop) by extensions ['ignore', 'ignore_ament_install']
[1.023s] Level 1:colcon.colcon_core.package_identification:_identify(src/slash_hardware/f1tenth_system/teleop_tools/mouse_teleop) by extension 'ignore'
[1.023s] Level 1:colcon.colcon_core.package_identification:_identify(src/slash_hardware/f1tenth_system/teleop_tools/mouse_teleop) by extension 'ignore_ament_install'
[1.024s] Level 1:colcon.colcon_core.package_identification:_identify(src/slash_hardware/f1tenth_system/teleop_tools/mouse_teleop) by extensions ['colcon_pkg']
[1.024s] Level 1:colcon.colcon_core.package_identification:_identify(src/slash_hardware/f1tenth_system/teleop_tools/mouse_teleop) by extension 'colcon_pkg'
[1.024s] Level 1:colcon.colcon_core.package_identification:_identify(src/slash_hardware/f1tenth_system/teleop_tools/mouse_teleop) by extensions ['colcon_meta']
[1.024s] Level 1:colcon.colcon_core.package_identification:_identify(src/slash_hardware/f1tenth_system/teleop_tools/mouse_teleop) by extension 'colcon_meta'
[1.024s] Level 1:colcon.colcon_core.package_identification:_identify(src/slash_hardware/f1tenth_system/teleop_tools/mouse_teleop) by extensions ['ros']
[1.024s] Level 1:colcon.colcon_core.package_identification:_identify(src/slash_hardware/f1tenth_system/teleop_tools/mouse_teleop) by extension 'ros'
[1.026s] DEBUG:colcon.colcon_core.package_identification:Package 'src/slash_hardware/f1tenth_system/teleop_tools/mouse_teleop' with type 'ros.ament_python' and name 'mouse_teleop'
[1.027s] Level 1:colcon.colcon_core.package_identification:_identify(src/slash_hardware/f1tenth_system/teleop_tools/teleop_tools) by extensions ['ignore', 'ignore_ament_install']
[1.027s] Level 1:colcon.colcon_core.package_identification:_identify(src/slash_hardware/f1tenth_system/teleop_tools/teleop_tools) by extension 'ignore'
[1.028s] Level 1:colcon.colcon_core.package_identification:_identify(src/slash_hardware/f1tenth_system/teleop_tools/teleop_tools) by extension 'ignore_ament_install'
[1.028s] Level 1:colcon.colcon_core.package_identification:_identify(src/slash_hardware/f1tenth_system/teleop_tools/teleop_tools) by extensions ['colcon_pkg']
[1.028s] Level 1:colcon.colcon_core.package_identification:_identify(src/slash_hardware/f1tenth_system/teleop_tools/teleop_tools) by extension 'colcon_pkg'
[1.028s] Level 1:colcon.colcon_core.package_identification:_identify(src/slash_hardware/f1tenth_system/teleop_tools/teleop_tools) by extensions ['colcon_meta']
[1.028s] Level 1:colcon.colcon_core.package_identification:_identify(src/slash_hardware/f1tenth_system/teleop_tools/teleop_tools) by extension 'colcon_meta'
[1.028s] Level 1:colcon.colcon_core.package_identification:_identify(src/slash_hardware/f1tenth_system/teleop_tools/teleop_tools) by extensions ['ros']
[1.028s] Level 1:colcon.colcon_core.package_identification:_identify(src/slash_hardware/f1tenth_system/teleop_tools/teleop_tools) by extension 'ros'
[1.030s] DEBUG:colcon.colcon_core.package_identification:Package 'src/slash_hardware/f1tenth_system/teleop_tools/teleop_tools' with type 'ros.ament_cmake' and name 'teleop_tools'
[1.030s] Level 1:colcon.colcon_core.package_identification:_identify(src/slash_hardware/f1tenth_system/teleop_tools/teleop_tools_msgs) by extensions ['ignore', 'ignore_ament_install']
[1.031s] Level 1:colcon.colcon_core.package_identification:_identify(src/slash_hardware/f1tenth_system/teleop_tools/teleop_tools_msgs) by extension 'ignore'
[1.031s] Level 1:colcon.colcon_core.package_identification:_identify(src/slash_hardware/f1tenth_system/teleop_tools/teleop_tools_msgs) by extension 'ignore_ament_install'
[1.031s] Level 1:colcon.colcon_core.package_identification:_identify(src/slash_hardware/f1tenth_system/teleop_tools/teleop_tools_msgs) by extensions ['colcon_pkg']
[1.031s] Level 1:colcon.colcon_core.package_identification:_identify(src/slash_hardware/f1tenth_system/teleop_tools/teleop_tools_msgs) by extension 'colcon_pkg'
[1.031s] Level 1:colcon.colcon_core.package_identification:_identify(src/slash_hardware/f1tenth_system/teleop_tools/teleop_tools_msgs) by extensions ['colcon_meta']
[1.031s] Level 1:colcon.colcon_core.package_identification:_identify(src/slash_hardware/f1tenth_system/teleop_tools/teleop_tools_msgs) by extension 'colcon_meta'
[1.031s] Level 1:colcon.colcon_core.package_identification:_identify(src/slash_hardware/f1tenth_system/teleop_tools/teleop_tools_msgs) by extensions ['ros']
[1.031s] Level 1:colcon.colcon_core.package_identification:_identify(src/slash_hardware/f1tenth_system/teleop_tools/teleop_tools_msgs) by extension 'ros'
[1.033s] DEBUG:colcon.colcon_core.package_identification:Package 'src/slash_hardware/f1tenth_system/teleop_tools/teleop_tools_msgs' with type 'ros.ament_cmake' and name 'teleop_tools_msgs'
[1.034s] Level 1:colcon.colcon_core.package_identification:_identify(src/slash_hardware/f1tenth_system/vesc) by extensions ['ignore', 'ignore_ament_install']
[1.034s] Level 1:colcon.colcon_core.package_identification:_identify(src/slash_hardware/f1tenth_system/vesc) by extension 'ignore'
[1.034s] Level 1:colcon.colcon_core.package_identification:_identify(src/slash_hardware/f1tenth_system/vesc) by extension 'ignore_ament_install'
[1.034s] Level 1:colcon.colcon_core.package_identification:_identify(src/slash_hardware/f1tenth_system/vesc) by extensions ['colcon_pkg']
[1.034s] Level 1:colcon.colcon_core.package_identification:_identify(src/slash_hardware/f1tenth_system/vesc) by extension 'colcon_pkg'
[1.034s] Level 1:colcon.colcon_core.package_identification:_identify(src/slash_hardware/f1tenth_system/vesc) by extensions ['colcon_meta']
[1.034s] Level 1:colcon.colcon_core.package_identification:_identify(src/slash_hardware/f1tenth_system/vesc) by extension 'colcon_meta'
[1.034s] Level 1:colcon.colcon_core.package_identification:_identify(src/slash_hardware/f1tenth_system/vesc) by extensions ['ros']
[1.034s] Level 1:colcon.colcon_core.package_identification:_identify(src/slash_hardware/f1tenth_system/vesc) by extension 'ros'
[1.035s] Level 1:colcon.colcon_core.package_identification:_identify(src/slash_hardware/f1tenth_system/vesc) by extensions ['cmake', 'python']
[1.035s] Level 1:colcon.colcon_core.package_identification:_identify(src/slash_hardware/f1tenth_system/vesc) by extension 'cmake'
[1.035s] Level 1:colcon.colcon_core.package_identification:_identify(src/slash_hardware/f1tenth_system/vesc) by extension 'python'
[1.035s] Level 1:colcon.colcon_core.package_identification:_identify(src/slash_hardware/f1tenth_system/vesc) by extensions ['python_setup_py']
[1.035s] Level 1:colcon.colcon_core.package_identification:_identify(src/slash_hardware/f1tenth_system/vesc) by extension 'python_setup_py'
[1.035s] Level 1:colcon.colcon_core.package_identification:_identify(src/slash_hardware/f1tenth_system/vesc/vesc) by extensions ['ignore', 'ignore_ament_install']
[1.036s] Level 1:colcon.colcon_core.package_identification:_identify(src/slash_hardware/f1tenth_system/vesc/vesc) by extension 'ignore'
[1.036s] Level 1:colcon.colcon_core.package_identification:_identify(src/slash_hardware/f1tenth_system/vesc/vesc) by extension 'ignore_ament_install'
[1.036s] Level 1:colcon.colcon_core.package_identification:_identify(src/slash_hardware/f1tenth_system/vesc/vesc) by extensions ['colcon_pkg']
[1.036s] Level 1:colcon.colcon_core.package_identification:_identify(src/slash_hardware/f1tenth_system/vesc/vesc) by extension 'colcon_pkg'
[1.036s] Level 1:colcon.colcon_core.package_identification:_identify(src/slash_hardware/f1tenth_system/vesc/vesc) by extensions ['colcon_meta']
[1.036s] Level 1:colcon.colcon_core.package_identification:_identify(src/slash_hardware/f1tenth_system/vesc/vesc) by extension 'colcon_meta'
[1.036s] Level 1:colcon.colcon_core.package_identification:_identify(src/slash_hardware/f1tenth_system/vesc/vesc) by extensions ['ros']
[1.036s] Level 1:colcon.colcon_core.package_identification:_identify(src/slash_hardware/f1tenth_system/vesc/vesc) by extension 'ros'
[1.038s] DEBUG:colcon.colcon_core.package_identification:Package 'src/slash_hardware/f1tenth_system/vesc/vesc' with type 'ros.ament_cmake' and name 'vesc'
[1.038s] Level 1:colcon.colcon_core.package_identification:_identify(src/slash_hardware/f1tenth_system/vesc/vesc_ackermann) by extensions ['ignore', 'ignore_ament_install']
[1.038s] Level 1:colcon.colcon_core.package_identification:_identify(src/slash_hardware/f1tenth_system/vesc/vesc_ackermann) by extension 'ignore'
[1.039s] Level 1:colcon.colcon_core.package_identification:_identify(src/slash_hardware/f1tenth_system/vesc/vesc_ackermann) by extension 'ignore_ament_install'
[1.039s] Level 1:colcon.colcon_core.package_identification:_identify(src/slash_hardware/f1tenth_system/vesc/vesc_ackermann) by extensions ['colcon_pkg']
[1.039s] Level 1:colcon.colcon_core.package_identification:_identify(src/slash_hardware/f1tenth_system/vesc/vesc_ackermann) by extension 'colcon_pkg'
[1.039s] Level 1:colcon.colcon_core.package_identification:_identify(src/slash_hardware/f1tenth_system/vesc/vesc_ackermann) by extensions ['colcon_meta']
[1.039s] Level 1:colcon.colcon_core.package_identification:_identify(src/slash_hardware/f1tenth_system/vesc/vesc_ackermann) by extension 'colcon_meta'
[1.039s] Level 1:colcon.colcon_core.package_identification:_identify(src/slash_hardware/f1tenth_system/vesc/vesc_ackermann) by extensions ['ros']
[1.039s] Level 1:colcon.colcon_core.package_identification:_identify(src/slash_hardware/f1tenth_system/vesc/vesc_ackermann) by extension 'ros'
[1.042s] DEBUG:colcon.colcon_core.package_identification:Package 'src/slash_hardware/f1tenth_system/vesc/vesc_ackermann' with type 'ros.ament_cmake' and name 'vesc_ackermann'
[1.042s] Level 1:colcon.colcon_core.package_identification:_identify(src/slash_hardware/f1tenth_system/vesc/vesc_driver) by extensions ['ignore', 'ignore_ament_install']
[1.042s] Level 1:colcon.colcon_core.package_identification:_identify(src/slash_hardware/f1tenth_system/vesc/vesc_driver) by extension 'ignore'
[1.042s] Level 1:colcon.colcon_core.package_identification:_identify(src/slash_hardware/f1tenth_system/vesc/vesc_driver) by extension 'ignore_ament_install'
[1.043s] Level 1:colcon.colcon_core.package_identification:_identify(src/slash_hardware/f1tenth_system/vesc/vesc_driver) by extensions ['colcon_pkg']
[1.043s] Level 1:colcon.colcon_core.package_identification:_identify(src/slash_hardware/f1tenth_system/vesc/vesc_driver) by extension 'colcon_pkg'
[1.043s] Level 1:colcon.colcon_core.package_identification:_identify(src/slash_hardware/f1tenth_system/vesc/vesc_driver) by extensions ['colcon_meta']
[1.043s] Level 1:colcon.colcon_core.package_identification:_identify(src/slash_hardware/f1tenth_system/vesc/vesc_driver) by extension 'colcon_meta'
[1.043s] Level 1:colcon.colcon_core.package_identification:_identify(src/slash_hardware/f1tenth_system/vesc/vesc_driver) by extensions ['ros']
[1.043s] Level 1:colcon.colcon_core.package_identification:_identify(src/slash_hardware/f1tenth_system/vesc/vesc_driver) by extension 'ros'
[1.045s] DEBUG:colcon.colcon_core.package_identification:Package 'src/slash_hardware/f1tenth_system/vesc/vesc_driver' with type 'ros.ament_cmake' and name 'vesc_driver'
[1.046s] Level 1:colcon.colcon_core.package_identification:_identify(src/slash_hardware/f1tenth_system/vesc/vesc_msgs) by extensions ['ignore', 'ignore_ament_install']
[1.046s] Level 1:colcon.colcon_core.package_identification:_identify(src/slash_hardware/f1tenth_system/vesc/vesc_msgs) by extension 'ignore'
[1.046s] Level 1:colcon.colcon_core.package_identification:_identify(src/slash_hardware/f1tenth_system/vesc/vesc_msgs) by extension 'ignore_ament_install'
[1.046s] Level 1:colcon.colcon_core.package_identification:_identify(src/slash_hardware/f1tenth_system/vesc/vesc_msgs) by extensions ['colcon_pkg']
[1.046s] Level 1:colcon.colcon_core.package_identification:_identify(src/slash_hardware/f1tenth_system/vesc/vesc_msgs) by extension 'colcon_pkg'
[1.047s] Level 1:colcon.colcon_core.package_identification:_identify(src/slash_hardware/f1tenth_system/vesc/vesc_msgs) by extensions ['colcon_meta']
[1.047s] Level 1:colcon.colcon_core.package_identification:_identify(src/slash_hardware/f1tenth_system/vesc/vesc_msgs) by extension 'colcon_meta'
[1.047s] Level 1:colcon.colcon_core.package_identification:_identify(src/slash_hardware/f1tenth_system/vesc/vesc_msgs) by extensions ['ros']
[1.047s] Level 1:colcon.colcon_core.package_identification:_identify(src/slash_hardware/f1tenth_system/vesc/vesc_msgs) by extension 'ros'
[1.049s] DEBUG:colcon.colcon_core.package_identification:Package 'src/slash_hardware/f1tenth_system/vesc/vesc_msgs' with type 'ros.ament_cmake' and name 'vesc_msgs'
[1.050s] Level 1:colcon.colcon_core.package_identification:_identify(src/slash_hardware/livox_ros_driver2) by extensions ['ignore', 'ignore_ament_install']
[1.050s] Level 1:colcon.colcon_core.package_identification:_identify(src/slash_hardware/livox_ros_driver2) by extension 'ignore'
[1.050s] Level 1:colcon.colcon_core.package_identification:_identify(src/slash_hardware/livox_ros_driver2) by extension 'ignore_ament_install'
[1.050s] Level 1:colcon.colcon_core.package_identification:_identify(src/slash_hardware/livox_ros_driver2) by extensions ['colcon_pkg']
[1.050s] Level 1:colcon.colcon_core.package_identification:_identify(src/slash_hardware/livox_ros_driver2) by extension 'colcon_pkg'
[1.050s] Level 1:colcon.colcon_core.package_identification:_identify(src/slash_hardware/livox_ros_driver2) by extensions ['colcon_meta']
[1.050s] Level 1:colcon.colcon_core.package_identification:_identify(src/slash_hardware/livox_ros_driver2) by extension 'colcon_meta'
[1.051s] Level 1:colcon.colcon_core.package_identification:_identify(src/slash_hardware/livox_ros_driver2) by extensions ['ros']
[1.051s] Level 1:colcon.colcon_core.package_identification:_identify(src/slash_hardware/livox_ros_driver2) by extension 'ros'
[1.051s] Level 1:colcon.colcon_core.package_identification:_identify(src/slash_hardware/livox_ros_driver2) by extensions ['cmake', 'python']
[1.051s] Level 1:colcon.colcon_core.package_identification:_identify(src/slash_hardware/livox_ros_driver2) by extension 'cmake'
[1.051s] Level 1:colcon.colcon_core.package_identification:_identify(src/slash_hardware/livox_ros_driver2) by extension 'python'
[1.051s] Level 1:colcon.colcon_core.package_identification:_identify(src/slash_hardware/livox_ros_driver2) by extensions ['python_setup_py']
[1.051s] Level 1:colcon.colcon_core.package_identification:_identify(src/slash_hardware/livox_ros_driver2) by extension 'python_setup_py'
[1.052s] Level 1:colcon.colcon_core.package_identification:_identify(src/slash_hardware/livox_ros_driver2/src) by extensions ['ignore', 'ignore_ament_install']
[1.052s] Level 1:colcon.colcon_core.package_identification:_identify(src/slash_hardware/livox_ros_driver2/src) by extension 'ignore'
[1.052s] Level 1:colcon.colcon_core.package_identification:_identify(src/slash_hardware/livox_ros_driver2/src) by extension 'ignore_ament_install'
[1.052s] Level 1:colcon.colcon_core.package_identification:_identify(src/slash_hardware/livox_ros_driver2/src) by extensions ['colcon_pkg']
[1.052s] Level 1:colcon.colcon_core.package_identification:_identify(src/slash_hardware/livox_ros_driver2/src) by extension 'colcon_pkg'
[1.052s] Level 1:colcon.colcon_core.package_identification:_identify(src/slash_hardware/livox_ros_driver2/src) by extensions ['colcon_meta']
[1.052s] Level 1:colcon.colcon_core.package_identification:_identify(src/slash_hardware/livox_ros_driver2/src) by extension 'colcon_meta'
[1.052s] Level 1:colcon.colcon_core.package_identification:_identify(src/slash_hardware/livox_ros_driver2/src) by extensions ['ros']
[1.053s] Level 1:colcon.colcon_core.package_identification:_identify(src/slash_hardware/livox_ros_driver2/src) by extension 'ros'
[1.056s] DEBUG:colcon.colcon_core.package_identification:Package 'src/slash_hardware/livox_ros_driver2/src' with type 'ros.ament_cmake' and name 'livox_ros_driver2'
[1.056s] Level 1:colcon.colcon_core.package_identification:_identify(src/slash_localization) by extensions ['ignore', 'ignore_ament_install']
[1.057s] Level 1:colcon.colcon_core.package_identification:_identify(src/slash_localization) by extension 'ignore'
[1.057s] Level 1:colcon.colcon_core.package_identification:_identify(src/slash_localization) by extension 'ignore_ament_install'
[1.057s] Level 1:colcon.colcon_core.package_identification:_identify(src/slash_localization) by extensions ['colcon_pkg']
[1.057s] Level 1:colcon.colcon_core.package_identification:_identify(src/slash_localization) by extension 'colcon_pkg'
[1.058s] Level 1:colcon.colcon_core.package_identification:_identify(src/slash_localization) by extensions ['colcon_meta']
[1.058s] Level 1:colcon.colcon_core.package_identification:_identify(src/slash_localization) by extension 'colcon_meta'
[1.058s] Level 1:colcon.colcon_core.package_identification:_identify(src/slash_localization) by extensions ['ros']
[1.058s] Level 1:colcon.colcon_core.package_identification:_identify(src/slash_localization) by extension 'ros'
[1.058s] Level 1:colcon.colcon_core.package_identification:_identify(src/slash_localization) by extensions ['cmake', 'python']
[1.058s] Level 1:colcon.colcon_core.package_identification:_identify(src/slash_localization) by extension 'cmake'
[1.058s] Level 1:colcon.colcon_core.package_identification:_identify(src/slash_localization) by extension 'python'
[1.058s] Level 1:colcon.colcon_core.package_identification:_identify(src/slash_localization) by extensions ['python_setup_py']
[1.058s] Level 1:colcon.colcon_core.package_identification:_identify(src/slash_localization) by extension 'python_setup_py'
[1.059s] Level 1:colcon.colcon_core.package_identification:_identify(src/slash_localization/FAST_LIO) by extensions ['ignore', 'ignore_ament_install']
[1.059s] Level 1:colcon.colcon_core.package_identification:_identify(src/slash_localization/FAST_LIO) by extension 'ignore'
[1.059s] Level 1:colcon.colcon_core.package_identification:_identify(src/slash_localization/FAST_LIO) by extension 'ignore_ament_install'
[1.059s] Level 1:colcon.colcon_core.package_identification:_identify(src/slash_localization/FAST_LIO) by extensions ['colcon_pkg']
[1.059s] Level 1:colcon.colcon_core.package_identification:_identify(src/slash_localization/FAST_LIO) by extension 'colcon_pkg'
[1.059s] Level 1:colcon.colcon_core.package_identification:_identify(src/slash_localization/FAST_LIO) by extensions ['colcon_meta']
[1.059s] Level 1:colcon.colcon_core.package_identification:_identify(src/slash_localization/FAST_LIO) by extension 'colcon_meta'
[1.059s] Level 1:colcon.colcon_core.package_identification:_identify(src/slash_localization/FAST_LIO) by extensions ['ros']
[1.059s] Level 1:colcon.colcon_core.package_identification:_identify(src/slash_localization/FAST_LIO) by extension 'ros'
[1.062s] DEBUG:colcon.colcon_core.package_identification:Package 'src/slash_localization/FAST_LIO' with type 'ros.ament_cmake' and name 'fast_lio'
[1.063s] Level 1:colcon.colcon_core.package_identification:_identify(src/slash_navigation) by extensions ['ignore', 'ignore_ament_install']
[1.063s] Level 1:colcon.colcon_core.package_identification:_identify(src/slash_navigation) by extension 'ignore'
[1.063s] Level 1:colcon.colcon_core.package_identification:_identify(src/slash_navigation) by extension 'ignore_ament_install'
[1.063s] Level 1:colcon.colcon_core.package_identification:_identify(src/slash_navigation) by extensions ['colcon_pkg']
[1.063s] Level 1:colcon.colcon_core.package_identification:_identify(src/slash_navigation) by extension 'colcon_pkg'
[1.063s] Level 1:colcon.colcon_core.package_identification:_identify(src/slash_navigation) by extensions ['colcon_meta']
[1.063s] Level 1:colcon.colcon_core.package_identification:_identify(src/slash_navigation) by extension 'colcon_meta'
[1.063s] Level 1:colcon.colcon_core.package_identification:_identify(src/slash_navigation) by extensions ['ros']
[1.063s] Level 1:colcon.colcon_core.package_identification:_identify(src/slash_navigation) by extension 'ros'
[1.064s] Level 1:colcon.colcon_core.package_identification:_identify(src/slash_navigation) by extensions ['cmake', 'python']
[1.064s] Level 1:colcon.colcon_core.package_identification:_identify(src/slash_navigation) by extension 'cmake'
[1.064s] Level 1:colcon.colcon_core.package_identification:_identify(src/slash_navigation) by extension 'python'
[1.064s] Level 1:colcon.colcon_core.package_identification:_identify(src/slash_navigation) by extensions ['python_setup_py']
[1.064s] Level 1:colcon.colcon_core.package_identification:_identify(src/slash_navigation) by extension 'python_setup_py'
[1.064s] Level 1:colcon.colcon_core.package_identification:_identify(src/slash_navigation/costmap_converter) by extensions ['ignore', 'ignore_ament_install']
[1.064s] Level 1:colcon.colcon_core.package_identification:_identify(src/slash_navigation/costmap_converter) by extension 'ignore'
[1.064s] Level 1:colcon.colcon_core.package_identification:_identify(src/slash_navigation/costmap_converter) by extension 'ignore_ament_install'
[1.065s] Level 1:colcon.colcon_core.package_identification:_identify(src/slash_navigation/costmap_converter) by extensions ['colcon_pkg']
[1.065s] Level 1:colcon.colcon_core.package_identification:_identify(src/slash_navigation/costmap_converter) by extension 'colcon_pkg'
[1.065s] Level 1:colcon.colcon_core.package_identification:_identify(src/slash_navigation/costmap_converter) by extensions ['colcon_meta']
[1.065s] Level 1:colcon.colcon_core.package_identification:_identify(src/slash_navigation/costmap_converter) by extension 'colcon_meta'
[1.065s] Level 1:colcon.colcon_core.package_identification:_identify(src/slash_navigation/costmap_converter) by extensions ['ros']
[1.065s] Level 1:colcon.colcon_core.package_identification:_identify(src/slash_navigation/costmap_converter) by extension 'ros'
[1.065s] Level 1:colcon.colcon_core.package_identification:_identify(src/slash_navigation/costmap_converter) by extensions ['cmake', 'python']
[1.065s] Level 1:colcon.colcon_core.package_identification:_identify(src/slash_navigation/costmap_converter) by extension 'cmake'
[1.065s] Level 1:colcon.colcon_core.package_identification:_identify(src/slash_navigation/costmap_converter) by extension 'python'
[1.065s] Level 1:colcon.colcon_core.package_identification:_identify(src/slash_navigation/costmap_converter) by extensions ['python_setup_py']
[1.065s] Level 1:colcon.colcon_core.package_identification:_identify(src/slash_navigation/costmap_converter) by extension 'python_setup_py'
[1.066s] Level 1:colcon.colcon_core.package_identification:_identify(src/slash_navigation/costmap_converter/costmap_converter) by extensions ['ignore', 'ignore_ament_install']
[1.066s] Level 1:colcon.colcon_core.package_identification:_identify(src/slash_navigation/costmap_converter/costmap_converter) by extension 'ignore'
[1.066s] Level 1:colcon.colcon_core.package_identification:_identify(src/slash_navigation/costmap_converter/costmap_converter) by extension 'ignore_ament_install'
[1.066s] Level 1:colcon.colcon_core.package_identification:_identify(src/slash_navigation/costmap_converter/costmap_converter) by extensions ['colcon_pkg']
[1.066s] Level 1:colcon.colcon_core.package_identification:_identify(src/slash_navigation/costmap_converter/costmap_converter) by extension 'colcon_pkg'
[1.066s] Level 1:colcon.colcon_core.package_identification:_identify(src/slash_navigation/costmap_converter/costmap_converter) by extensions ['colcon_meta']
[1.066s] Level 1:colcon.colcon_core.package_identification:_identify(src/slash_navigation/costmap_converter/costmap_converter) by extension 'colcon_meta'
[1.066s] Level 1:colcon.colcon_core.package_identification:_identify(src/slash_navigation/costmap_converter/costmap_converter) by extensions ['ros']
[1.066s] Level 1:colcon.colcon_core.package_identification:_identify(src/slash_navigation/costmap_converter/costmap_converter) by extension 'ros'
[1.070s] DEBUG:colcon.colcon_core.package_identification:Package 'src/slash_navigation/costmap_converter/costmap_converter' with type 'ros.ament_cmake' and name 'costmap_converter'
[1.070s] Level 1:colcon.colcon_core.package_identification:_identify(src/slash_navigation/costmap_converter/costmap_converter_msgs) by extensions ['ignore', 'ignore_ament_install']
[1.070s] Level 1:colcon.colcon_core.package_identification:_identify(src/slash_navigation/costmap_converter/costmap_converter_msgs) by extension 'ignore'
[1.071s] Level 1:colcon.colcon_core.package_identification:_identify(src/slash_navigation/costmap_converter/costmap_converter_msgs) by extension 'ignore_ament_install'
[1.071s] Level 1:colcon.colcon_core.package_identification:_identify(src/slash_navigation/costmap_converter/costmap_converter_msgs) by extensions ['colcon_pkg']
[1.071s] Level 1:colcon.colcon_core.package_identification:_identify(src/slash_navigation/costmap_converter/costmap_converter_msgs) by extension 'colcon_pkg'
[1.071s] Level 1:colcon.colcon_core.package_identification:_identify(src/slash_navigation/costmap_converter/costmap_converter_msgs) by extensions ['colcon_meta']
[1.071s] Level 1:colcon.colcon_core.package_identification:_identify(src/slash_navigation/costmap_converter/costmap_converter_msgs) by extension 'colcon_meta'
[1.071s] Level 1:colcon.colcon_core.package_identification:_identify(src/slash_navigation/costmap_converter/costmap_converter_msgs) by extensions ['ros']
[1.071s] Level 1:colcon.colcon_core.package_identification:_identify(src/slash_navigation/costmap_converter/costmap_converter_msgs) by extension 'ros'
[1.073s] DEBUG:colcon.colcon_core.package_identification:Package 'src/slash_navigation/costmap_converter/costmap_converter_msgs' with type 'ros.ament_cmake' and name 'costmap_converter_msgs'
[1.074s] Level 1:colcon.colcon_core.package_identification:_identify(src/slash_navigation/creat_line) by extensions ['ignore', 'ignore_ament_install']
[1.074s] Level 1:colcon.colcon_core.package_identification:_identify(src/slash_navigation/creat_line) by extension 'ignore'
[1.074s] Level 1:colcon.colcon_core.package_identification:_identify(src/slash_navigation/creat_line) by extension 'ignore_ament_install'
[1.074s] Level 1:colcon.colcon_core.package_identification:_identify(src/slash_navigation/creat_line) by extensions ['colcon_pkg']
[1.074s] Level 1:colcon.colcon_core.package_identification:_identify(src/slash_navigation/creat_line) by extension 'colcon_pkg'
[1.074s] Level 1:colcon.colcon_core.package_identification:_identify(src/slash_navigation/creat_line) by extensions ['colcon_meta']
[1.074s] Level 1:colcon.colcon_core.package_identification:_identify(src/slash_navigation/creat_line) by extension 'colcon_meta'
[1.074s] Level 1:colcon.colcon_core.package_identification:_identify(src/slash_navigation/creat_line) by extensions ['ros']
[1.075s] Level 1:colcon.colcon_core.package_identification:_identify(src/slash_navigation/creat_line) by extension 'ros'
[1.075s] Level 1:colcon.colcon_core.package_identification:_identify(src/slash_navigation/creat_line) by extensions ['cmake', 'python']
[1.075s] Level 1:colcon.colcon_core.package_identification:_identify(src/slash_navigation/creat_line) by extension 'cmake'
[1.075s] Level 1:colcon.colcon_core.package_identification:_identify(src/slash_navigation/creat_line) by extension 'python'
[1.075s] Level 1:colcon.colcon_core.package_identification:_identify(src/slash_navigation/creat_line) by extensions ['python_setup_py']
[1.075s] Level 1:colcon.colcon_core.package_identification:_identify(src/slash_navigation/creat_line) by extension 'python_setup_py'
[1.075s] Level 1:colcon.colcon_core.package_identification:_identify(src/slash_navigation/roboracer_china_2025) by extensions ['ignore', 'ignore_ament_install']
[1.075s] Level 1:colcon.colcon_core.package_identification:_identify(src/slash_navigation/roboracer_china_2025) by extension 'ignore'
[1.076s] Level 1:colcon.colcon_core.package_identification:_identify(src/slash_navigation/roboracer_china_2025) by extension 'ignore_ament_install'
[1.076s] Level 1:colcon.colcon_core.package_identification:_identify(src/slash_navigation/roboracer_china_2025) by extensions ['colcon_pkg']
[1.076s] Level 1:colcon.colcon_core.package_identification:_identify(src/slash_navigation/roboracer_china_2025) by extension 'colcon_pkg'
[1.076s] Level 1:colcon.colcon_core.package_identification:_identify(src/slash_navigation/roboracer_china_2025) by extensions ['colcon_meta']
[1.076s] Level 1:colcon.colcon_core.package_identification:_identify(src/slash_navigation/roboracer_china_2025) by extension 'colcon_meta'
[1.076s] Level 1:colcon.colcon_core.package_identification:_identify(src/slash_navigation/roboracer_china_2025) by extensions ['ros']
[1.076s] Level 1:colcon.colcon_core.package_identification:_identify(src/slash_navigation/roboracer_china_2025) by extension 'ros'
[1.078s] DEBUG:colcon.colcon_core.package_identification:Package 'src/slash_navigation/roboracer_china_2025' with type 'ros.ament_python' and name 'roboracer_china_2025'
[1.079s] Level 1:colcon.colcon_core.package_identification:_identify(src/slash_navigation/slash_nav2) by extensions ['ignore', 'ignore_ament_install']
[1.079s] Level 1:colcon.colcon_core.package_identification:_identify(src/slash_navigation/slash_nav2) by extension 'ignore'
[1.079s] Level 1:colcon.colcon_core.package_identification:_identify(src/slash_navigation/slash_nav2) by extension 'ignore_ament_install'
[1.079s] Level 1:colcon.colcon_core.package_identification:_identify(src/slash_navigation/slash_nav2) by extensions ['colcon_pkg']
[1.079s] Level 1:colcon.colcon_core.package_identification:_identify(src/slash_navigation/slash_nav2) by extension 'colcon_pkg'
[1.079s] Level 1:colcon.colcon_core.package_identification:_identify(src/slash_navigation/slash_nav2) by extensions ['colcon_meta']
[1.079s] Level 1:colcon.colcon_core.package_identification:_identify(src/slash_navigation/slash_nav2) by extension 'colcon_meta'
[1.080s] Level 1:colcon.colcon_core.package_identification:_identify(src/slash_navigation/slash_nav2) by extensions ['ros']
[1.080s] Level 1:colcon.colcon_core.package_identification:_identify(src/slash_navigation/slash_nav2) by extension 'ros'
[1.081s] DEBUG:colcon.colcon_core.package_identification:Package 'src/slash_navigation/slash_nav2' with type 'ros.ament_cmake' and name 'slash_nav2'
[1.081s] Level 1:colcon.colcon_core.package_identification:_identify(src/slash_navigation/teb_local_planner) by extensions ['ignore', 'ignore_ament_install']
[1.082s] Level 1:colcon.colcon_core.package_identification:_identify(src/slash_navigation/teb_local_planner) by extension 'ignore'
[1.082s] Level 1:colcon.colcon_core.package_identification:_identify(src/slash_navigation/teb_local_planner) by extension 'ignore_ament_install'
[1.082s] Level 1:colcon.colcon_core.package_identification:_identify(src/slash_navigation/teb_local_planner) by extensions ['colcon_pkg']
[1.082s] Level 1:colcon.colcon_core.package_identification:_identify(src/slash_navigation/teb_local_planner) by extension 'colcon_pkg'
[1.082s] Level 1:colcon.colcon_core.package_identification:_identify(src/slash_navigation/teb_local_planner) by extensions ['colcon_meta']
[1.082s] Level 1:colcon.colcon_core.package_identification:_identify(src/slash_navigation/teb_local_planner) by extension 'colcon_meta'
[1.082s] Level 1:colcon.colcon_core.package_identification:_identify(src/slash_navigation/teb_local_planner) by extensions ['ros']
[1.082s] Level 1:colcon.colcon_core.package_identification:_identify(src/slash_navigation/teb_local_planner) by extension 'ros'
[1.082s] Level 1:colcon.colcon_core.package_identification:_identify(src/slash_navigation/teb_local_planner) by extensions ['cmake', 'python']
[1.082s] Level 1:colcon.colcon_core.package_identification:_identify(src/slash_navigation/teb_local_planner) by extension 'cmake'
[1.083s] Level 1:colcon.colcon_core.package_identification:_identify(src/slash_navigation/teb_local_planner) by extension 'python'
[1.083s] Level 1:colcon.colcon_core.package_identification:_identify(src/slash_navigation/teb_local_planner) by extensions ['python_setup_py']
[1.083s] Level 1:colcon.colcon_core.package_identification:_identify(src/slash_navigation/teb_local_planner) by extension 'python_setup_py'
[1.083s] Level 1:colcon.colcon_core.package_identification:_identify(src/slash_navigation/teb_local_planner/teb_local_planner) by extensions ['ignore', 'ignore_ament_install']
[1.083s] Level 1:colcon.colcon_core.package_identification:_identify(src/slash_navigation/teb_local_planner/teb_local_planner) by extension 'ignore'
[1.083s] Level 1:colcon.colcon_core.package_identification:_identify(src/slash_navigation/teb_local_planner/teb_local_planner) by extension 'ignore_ament_install'
[1.083s] Level 1:colcon.colcon_core.package_identification:_identify(src/slash_navigation/teb_local_planner/teb_local_planner) by extensions ['colcon_pkg']
[1.083s] Level 1:colcon.colcon_core.package_identification:_identify(src/slash_navigation/teb_local_planner/teb_local_planner) by extension 'colcon_pkg'
[1.083s] Level 1:colcon.colcon_core.package_identification:_identify(src/slash_navigation/teb_local_planner/teb_local_planner) by extensions ['colcon_meta']
[1.084s] Level 1:colcon.colcon_core.package_identification:_identify(src/slash_navigation/teb_local_planner/teb_local_planner) by extension 'colcon_meta'
[1.084s] Level 1:colcon.colcon_core.package_identification:_identify(src/slash_navigation/teb_local_planner/teb_local_planner) by extensions ['ros']
[1.084s] Level 1:colcon.colcon_core.package_identification:_identify(src/slash_navigation/teb_local_planner/teb_local_planner) by extension 'ros'
[1.087s] DEBUG:colcon.colcon_core.package_identification:Package 'src/slash_navigation/teb_local_planner/teb_local_planner' with type 'ros.ament_cmake' and name 'teb_local_planner'
[1.088s] Level 1:colcon.colcon_core.package_identification:_identify(src/slash_navigation/teb_local_planner/teb_msgs) by extensions ['ignore', 'ignore_ament_install']
[1.088s] Level 1:colcon.colcon_core.package_identification:_identify(src/slash_navigation/teb_local_planner/teb_msgs) by extension 'ignore'
[1.088s] Level 1:colcon.colcon_core.package_identification:_identify(src/slash_navigation/teb_local_planner/teb_msgs) by extension 'ignore_ament_install'
[1.088s] Level 1:colcon.colcon_core.package_identification:_identify(src/slash_navigation/teb_local_planner/teb_msgs) by extensions ['colcon_pkg']
[1.088s] Level 1:colcon.colcon_core.package_identification:_identify(src/slash_navigation/teb_local_planner/teb_msgs) by extension 'colcon_pkg'
[1.089s] Level 1:colcon.colcon_core.package_identification:_identify(src/slash_navigation/teb_local_planner/teb_msgs) by extensions ['colcon_meta']
[1.089s] Level 1:colcon.colcon_core.package_identification:_identify(src/slash_navigation/teb_local_planner/teb_msgs) by extension 'colcon_meta'
[1.089s] Level 1:colcon.colcon_core.package_identification:_identify(src/slash_navigation/teb_local_planner/teb_msgs) by extensions ['ros']
[1.089s] Level 1:colcon.colcon_core.package_identification:_identify(src/slash_navigation/teb_local_planner/teb_msgs) by extension 'ros'
[1.091s] DEBUG:colcon.colcon_core.package_identification:Package 'src/slash_navigation/teb_local_planner/teb_msgs' with type 'ros.ament_cmake' and name 'teb_msgs'
[1.091s] Level 1:colcon.colcon_core.package_identification:_identify(src/slash_perception) by extensions ['ignore', 'ignore_ament_install']
[1.091s] Level 1:colcon.colcon_core.package_identification:_identify(src/slash_perception) by extension 'ignore'
[1.091s] Level 1:colcon.colcon_core.package_identification:_identify(src/slash_perception) by extension 'ignore_ament_install'
[1.091s] Level 1:colcon.colcon_core.package_identification:_identify(src/slash_perception) by extensions ['colcon_pkg']
[1.091s] Level 1:colcon.colcon_core.package_identification:_identify(src/slash_perception) by extension 'colcon_pkg'
[1.092s] Level 1:colcon.colcon_core.package_identification:_identify(src/slash_perception) by extensions ['colcon_meta']
[1.092s] Level 1:colcon.colcon_core.package_identification:_identify(src/slash_perception) by extension 'colcon_meta'
[1.092s] Level 1:colcon.colcon_core.package_identification:_identify(src/slash_perception) by extensions ['ros']
[1.092s] Level 1:colcon.colcon_core.package_identification:_identify(src/slash_perception) by extension 'ros'
[1.092s] Level 1:colcon.colcon_core.package_identification:_identify(src/slash_perception) by extensions ['cmake', 'python']
[1.092s] Level 1:colcon.colcon_core.package_identification:_identify(src/slash_perception) by extension 'cmake'
[1.092s] Level 1:colcon.colcon_core.package_identification:_identify(src/slash_perception) by extension 'python'
[1.092s] Level 1:colcon.colcon_core.package_identification:_identify(src/slash_perception) by extensions ['python_setup_py']
[1.092s] Level 1:colcon.colcon_core.package_identification:_identify(src/slash_perception) by extension 'python_setup_py'
[1.093s] Level 1:colcon.colcon_core.package_identification:_identify(src/slash_perception/linefit_ground_segementation_ros2) by extensions ['ignore', 'ignore_ament_install']
[1.093s] Level 1:colcon.colcon_core.package_identification:_identify(src/slash_perception/linefit_ground_segementation_ros2) by extension 'ignore'
[1.093s] Level 1:colcon.colcon_core.package_identification:_identify(src/slash_perception/linefit_ground_segementation_ros2) by extension 'ignore_ament_install'
[1.093s] Level 1:colcon.colcon_core.package_identification:_identify(src/slash_perception/linefit_ground_segementation_ros2) by extensions ['colcon_pkg']
[1.093s] Level 1:colcon.colcon_core.package_identification:_identify(src/slash_perception/linefit_ground_segementation_ros2) by extension 'colcon_pkg'
[1.093s] Level 1:colcon.colcon_core.package_identification:_identify(src/slash_perception/linefit_ground_segementation_ros2) by extensions ['colcon_meta']
[1.093s] Level 1:colcon.colcon_core.package_identification:_identify(src/slash_perception/linefit_ground_segementation_ros2) by extension 'colcon_meta'
[1.093s] Level 1:colcon.colcon_core.package_identification:_identify(src/slash_perception/linefit_ground_segementation_ros2) by extensions ['ros']
[1.093s] Level 1:colcon.colcon_core.package_identification:_identify(src/slash_perception/linefit_ground_segementation_ros2) by extension 'ros'
[1.094s] Level 1:colcon.colcon_core.package_identification:_identify(src/slash_perception/linefit_ground_segementation_ros2) by extensions ['cmake', 'python']
[1.094s] Level 1:colcon.colcon_core.package_identification:_identify(src/slash_perception/linefit_ground_segementation_ros2) by extension 'cmake'
[1.094s] Level 1:colcon.colcon_core.package_identification:_identify(src/slash_perception/linefit_ground_segementation_ros2) by extension 'python'
[1.094s] Level 1:colcon.colcon_core.package_identification:_identify(src/slash_perception/linefit_ground_segementation_ros2) by extensions ['python_setup_py']
[1.094s] Level 1:colcon.colcon_core.package_identification:_identify(src/slash_perception/linefit_ground_segementation_ros2) by extension 'python_setup_py'
[1.094s] Level 1:colcon.colcon_core.package_identification:_identify(src/slash_perception/linefit_ground_segementation_ros2/doc) by extensions ['ignore', 'ignore_ament_install']
[1.094s] Level 1:colcon.colcon_core.package_identification:_identify(src/slash_perception/linefit_ground_segementation_ros2/doc) by extension 'ignore'
[1.094s] Level 1:colcon.colcon_core.package_identification:_identify(src/slash_perception/linefit_ground_segementation_ros2/doc) by extension 'ignore_ament_install'
[1.094s] Level 1:colcon.colcon_core.package_identification:_identify(src/slash_perception/linefit_ground_segementation_ros2/doc) by extensions ['colcon_pkg']
[1.095s] Level 1:colcon.colcon_core.package_identification:_identify(src/slash_perception/linefit_ground_segementation_ros2/doc) by extension 'colcon_pkg'
[1.095s] Level 1:colcon.colcon_core.package_identification:_identify(src/slash_perception/linefit_ground_segementation_ros2/doc) by extensions ['colcon_meta']
[1.095s] Level 1:colcon.colcon_core.package_identification:_identify(src/slash_perception/linefit_ground_segementation_ros2/doc) by extension 'colcon_meta'
[1.095s] Level 1:colcon.colcon_core.package_identification:_identify(src/slash_perception/linefit_ground_segementation_ros2/doc) by extensions ['ros']
[1.095s] Level 1:colcon.colcon_core.package_identification:_identify(src/slash_perception/linefit_ground_segementation_ros2/doc) by extension 'ros'
[1.095s] Level 1:colcon.colcon_core.package_identification:_identify(src/slash_perception/linefit_ground_segementation_ros2/doc) by extensions ['cmake', 'python']
[1.095s] Level 1:colcon.colcon_core.package_identification:_identify(src/slash_perception/linefit_ground_segementation_ros2/doc) by extension 'cmake'
[1.095s] Level 1:colcon.colcon_core.package_identification:_identify(src/slash_perception/linefit_ground_segementation_ros2/doc) by extension 'python'
[1.095s] Level 1:colcon.colcon_core.package_identification:_identify(src/slash_perception/linefit_ground_segementation_ros2/doc) by extensions ['python_setup_py']
[1.095s] Level 1:colcon.colcon_core.package_identification:_identify(src/slash_perception/linefit_ground_segementation_ros2/doc) by extension 'python_setup_py'
[1.095s] Level 1:colcon.colcon_core.package_identification:_identify(src/slash_perception/linefit_ground_segementation_ros2/linefit_ground_segmentation) by extensions ['ignore', 'ignore_ament_install']
[1.096s] Level 1:colcon.colcon_core.package_identification:_identify(src/slash_perception/linefit_ground_segementation_ros2/linefit_ground_segmentation) by extension 'ignore'
[1.096s] Level 1:colcon.colcon_core.package_identification:_identify(src/slash_perception/linefit_ground_segementation_ros2/linefit_ground_segmentation) by extension 'ignore_ament_install'
[1.096s] Level 1:colcon.colcon_core.package_identification:_identify(src/slash_perception/linefit_ground_segementation_ros2/linefit_ground_segmentation) by extensions ['colcon_pkg']
[1.096s] Level 1:colcon.colcon_core.package_identification:_identify(src/slash_perception/linefit_ground_segementation_ros2/linefit_ground_segmentation) by extension 'colcon_pkg'
[1.096s] Level 1:colcon.colcon_core.package_identification:_identify(src/slash_perception/linefit_ground_segementation_ros2/linefit_ground_segmentation) by extensions ['colcon_meta']
[1.096s] Level 1:colcon.colcon_core.package_identification:_identify(src/slash_perception/linefit_ground_segementation_ros2/linefit_ground_segmentation) by extension 'colcon_meta'
[1.096s] Level 1:colcon.colcon_core.package_identification:_identify(src/slash_perception/linefit_ground_segementation_ros2/linefit_ground_segmentation) by extensions ['ros']
[1.096s] Level 1:colcon.colcon_core.package_identification:_identify(src/slash_perception/linefit_ground_segementation_ros2/linefit_ground_segmentation) by extension 'ros'
[1.099s] DEBUG:colcon.colcon_core.package_identification:Package 'src/slash_perception/linefit_ground_segementation_ros2/linefit_ground_segmentation' with type 'ros.ament_cmake' and name 'linefit_ground_segmentation'
[1.099s] Level 1:colcon.colcon_core.package_identification:_identify(src/slash_perception/linefit_ground_segementation_ros2/linefit_ground_segmentation_ros) by extensions ['ignore', 'ignore_ament_install']
[1.099s] Level 1:colcon.colcon_core.package_identification:_identify(src/slash_perception/linefit_ground_segementation_ros2/linefit_ground_segmentation_ros) by extension 'ignore'
[1.100s] Level 1:colcon.colcon_core.package_identification:_identify(src/slash_perception/linefit_ground_segementation_ros2/linefit_ground_segmentation_ros) by extension 'ignore_ament_install'
[1.100s] Level 1:colcon.colcon_core.package_identification:_identify(src/slash_perception/linefit_ground_segementation_ros2/linefit_ground_segmentation_ros) by extensions ['colcon_pkg']
[1.100s] Level 1:colcon.colcon_core.package_identification:_identify(src/slash_perception/linefit_ground_segementation_ros2/linefit_ground_segmentation_ros) by extension 'colcon_pkg'
[1.100s] Level 1:colcon.colcon_core.package_identification:_identify(src/slash_perception/linefit_ground_segementation_ros2/linefit_ground_segmentation_ros) by extensions ['colcon_meta']
[1.100s] Level 1:colcon.colcon_core.package_identification:_identify(src/slash_perception/linefit_ground_segementation_ros2/linefit_ground_segmentation_ros) by extension 'colcon_meta'
[1.100s] Level 1:colcon.colcon_core.package_identification:_identify(src/slash_perception/linefit_ground_segementation_ros2/linefit_ground_segmentation_ros) by extensions ['ros']
[1.100s] Level 1:colcon.colcon_core.package_identification:_identify(src/slash_perception/linefit_ground_segementation_ros2/linefit_ground_segmentation_ros) by extension 'ros'
[1.102s] DEBUG:colcon.colcon_core.package_identification:Package 'src/slash_perception/linefit_ground_segementation_ros2/linefit_ground_segmentation_ros' with type 'ros.ament_cmake' and name 'linefit_ground_segmentation_ros'
[1.103s] Level 1:colcon.colcon_core.package_identification:_identify(src/slash_perception/pointcloud_to_laserscan) by extensions ['ignore', 'ignore_ament_install']
[1.103s] Level 1:colcon.colcon_core.package_identification:_identify(src/slash_perception/pointcloud_to_laserscan) by extension 'ignore'
[1.103s] Level 1:colcon.colcon_core.package_identification:_identify(src/slash_perception/pointcloud_to_laserscan) by extension 'ignore_ament_install'
[1.103s] Level 1:colcon.colcon_core.package_identification:_identify(src/slash_perception/pointcloud_to_laserscan) by extensions ['colcon_pkg']
[1.103s] Level 1:colcon.colcon_core.package_identification:_identify(src/slash_perception/pointcloud_to_laserscan) by extension 'colcon_pkg'
[1.103s] Level 1:colcon.colcon_core.package_identification:_identify(src/slash_perception/pointcloud_to_laserscan) by extensions ['colcon_meta']
[1.103s] Level 1:colcon.colcon_core.package_identification:_identify(src/slash_perception/pointcloud_to_laserscan) by extension 'colcon_meta'
[1.104s] Level 1:colcon.colcon_core.package_identification:_identify(src/slash_perception/pointcloud_to_laserscan) by extensions ['ros']
[1.104s] Level 1:colcon.colcon_core.package_identification:_identify(src/slash_perception/pointcloud_to_laserscan) by extension 'ros'
[1.106s] DEBUG:colcon.colcon_core.package_identification:Package 'src/slash_perception/pointcloud_to_laserscan' with type 'ros.ament_cmake' and name 'pointcloud_to_laserscan'
[1.107s] Level 1:colcon.colcon_core.package_identification:_identify(src/slash_perception/twist_to_ackermann) by extensions ['ignore', 'ignore_ament_install']
[1.107s] Level 1:colcon.colcon_core.package_identification:_identify(src/slash_perception/twist_to_ackermann) by extension 'ignore'
[1.107s] Level 1:colcon.colcon_core.package_identification:_identify(src/slash_perception/twist_to_ackermann) by extension 'ignore_ament_install'
[1.107s] Level 1:colcon.colcon_core.package_identification:_identify(src/slash_perception/twist_to_ackermann) by extensions ['colcon_pkg']
[1.108s] Level 1:colcon.colcon_core.package_identification:_identify(src/slash_perception/twist_to_ackermann) by extension 'colcon_pkg'
[1.108s] Level 1:colcon.colcon_core.package_identification:_identify(src/slash_perception/twist_to_ackermann) by extensions ['colcon_meta']
[1.108s] Level 1:colcon.colcon_core.package_identification:_identify(src/slash_perception/twist_to_ackermann) by extension 'colcon_meta'
[1.108s] Level 1:colcon.colcon_core.package_identification:_identify(src/slash_perception/twist_to_ackermann) by extensions ['ros']
[1.108s] Level 1:colcon.colcon_core.package_identification:_identify(src/slash_perception/twist_to_ackermann) by extension 'ros'
[1.110s] DEBUG:colcon.colcon_core.package_identification:Package 'src/slash_perception/twist_to_ackermann' with type 'ros.ament_python' and name 'twist_to_ackermann'
[1.110s] Level 1:colcon.colcon_core.package_discovery:discover_packages(recursive) using defaults
[1.110s] Level 1:colcon.colcon_core.package_discovery:discover_packages(ignore) discover
[1.110s] Level 1:colcon.colcon_core.package_discovery:discover_packages(ignore) using defaults
[1.110s] Level 1:colcon.colcon_core.package_discovery:discover_packages(path) discover
[1.110s] Level 1:colcon.colcon_core.package_discovery:discover_packages(path) using defaults
[1.166s] Level 1:colcon.colcon_core.package_discovery:discover_packages(prefix_path) check parameters
[1.167s] Level 1:colcon.colcon_core.package_discovery:discover_packages(prefix_path) discover
[1.174s] DEBUG:colcon.colcon_installed_package_information.package_discovery:Found 24 installed packages in /home/jetson/slash_ws/install
[1.177s] DEBUG:colcon.colcon_installed_package_information.package_discovery:Found 283 installed packages in /opt/ros/foxy
[1.180s] Level 1:colcon.colcon_core.package_discovery:discover_packages(prefix_path) using defaults
[1.284s] Level 5:colcon.colcon_core.verb:set package 'ackermann_mux' build argument 'cmake_args' from command line to 'None'
[1.285s] Level 5:colcon.colcon_core.verb:set package 'ackermann_mux' build argument 'cmake_target' from command line to 'None'
[1.285s] Level 5:colcon.colcon_core.verb:set package 'ackermann_mux' build argument 'cmake_target_skip_unavailable' from command line to 'False'
[1.285s] Level 5:colcon.colcon_core.verb:set package 'ackermann_mux' build argument 'cmake_clean_cache' from command line to 'False'
[1.285s] Level 5:colcon.colcon_core.verb:set package 'ackermann_mux' build argument 'cmake_clean_first' from command line to 'False'
[1.285s] Level 5:colcon.colcon_core.verb:set package 'ackermann_mux' build argument 'cmake_force_configure' from command line to 'False'
[1.285s] Level 5:colcon.colcon_core.verb:set package 'ackermann_mux' build argument 'ament_cmake_args' from command line to 'None'
[1.285s] Level 5:colcon.colcon_core.verb:set package 'ackermann_mux' build argument 'catkin_cmake_args' from command line to 'None'
[1.285s] Level 5:colcon.colcon_core.verb:set package 'ackermann_mux' build argument 'catkin_skip_building_tests' from command line to 'False'
[1.285s] DEBUG:colcon.colcon_core.verb:Building package 'ackermann_mux' with the following arguments: {'ament_cmake_args': None, 'build_base': '/home/jetson/slash_ws/build/ackermann_mux', 'catkin_cmake_args': None, 'catkin_skip_building_tests': False, 'cmake_args': None, 'cmake_clean_cache': False, 'cmake_clean_first': False, 'cmake_force_configure': False, 'cmake_target': None, 'cmake_target_skip_unavailable': False, 'install_base': '/home/jetson/slash_ws/install/ackermann_mux', 'merge_install': False, 'path': '/home/jetson/slash_ws/src/slash_hardware/f1tenth_system/ackermann_mux', 'symlink_install': False, 'test_result_base': None}
[1.286s] Level 5:colcon.colcon_core.verb:set package 'costmap_converter_msgs' build argument 'cmake_args' from command line to 'None'
[1.286s] Level 5:colcon.colcon_core.verb:set package 'costmap_converter_msgs' build argument 'cmake_target' from command line to 'None'
[1.286s] Level 5:colcon.colcon_core.verb:set package 'costmap_converter_msgs' build argument 'cmake_target_skip_unavailable' from command line to 'False'
[1.286s] Level 5:colcon.colcon_core.verb:set package 'costmap_converter_msgs' build argument 'cmake_clean_cache' from command line to 'False'
[1.286s] Level 5:colcon.colcon_core.verb:set package 'costmap_converter_msgs' build argument 'cmake_clean_first' from command line to 'False'
[1.286s] Level 5:colcon.colcon_core.verb:set package 'costmap_converter_msgs' build argument 'cmake_force_configure' from command line to 'False'
[1.286s] Level 5:colcon.colcon_core.verb:set package 'costmap_converter_msgs' build argument 'ament_cmake_args' from command line to 'None'
[1.286s] Level 5:colcon.colcon_core.verb:set package 'costmap_converter_msgs' build argument 'catkin_cmake_args' from command line to 'None'
[1.286s] Level 5:colcon.colcon_core.verb:set package 'costmap_converter_msgs' build argument 'catkin_skip_building_tests' from command line to 'False'
[1.286s] DEBUG:colcon.colcon_core.verb:Building package 'costmap_converter_msgs' with the following arguments: {'ament_cmake_args': None, 'build_base': '/home/jetson/slash_ws/build/costmap_converter_msgs', 'catkin_cmake_args': None, 'catkin_skip_building_tests': False, 'cmake_args': None, 'cmake_clean_cache': False, 'cmake_clean_first': False, 'cmake_force_configure': False, 'cmake_target': None, 'cmake_target_skip_unavailable': False, 'install_base': '/home/jetson/slash_ws/install/costmap_converter_msgs', 'merge_install': False, 'path': '/home/jetson/slash_ws/src/slash_navigation/costmap_converter/costmap_converter_msgs', 'symlink_install': False, 'test_result_base': None}
[1.287s] Level 5:colcon.colcon_core.verb:set package 'key_teleop' build argument 'cmake_args' from command line to 'None'
[1.287s] Level 5:colcon.colcon_core.verb:set package 'key_teleop' build argument 'cmake_target' from command line to 'None'
[1.287s] Level 5:colcon.colcon_core.verb:set package 'key_teleop' build argument 'cmake_target_skip_unavailable' from command line to 'False'
[1.287s] Level 5:colcon.colcon_core.verb:set package 'key_teleop' build argument 'cmake_clean_cache' from command line to 'False'
[1.287s] Level 5:colcon.colcon_core.verb:set package 'key_teleop' build argument 'cmake_clean_first' from command line to 'False'
[1.287s] Level 5:colcon.colcon_core.verb:set package 'key_teleop' build argument 'cmake_force_configure' from command line to 'False'
[1.288s] Level 5:colcon.colcon_core.verb:set package 'key_teleop' build argument 'ament_cmake_args' from command line to 'None'
[1.288s] Level 5:colcon.colcon_core.verb:set package 'key_teleop' build argument 'catkin_cmake_args' from command line to 'None'
[1.288s] Level 5:colcon.colcon_core.verb:set package 'key_teleop' build argument 'catkin_skip_building_tests' from command line to 'False'
[1.288s] DEBUG:colcon.colcon_core.verb:Building package 'key_teleop' with the following arguments: {'ament_cmake_args': None, 'build_base': '/home/jetson/slash_ws/build/key_teleop', 'catkin_cmake_args': None, 'catkin_skip_building_tests': False, 'cmake_args': None, 'cmake_clean_cache': False, 'cmake_clean_first': False, 'cmake_force_configure': False, 'cmake_target': None, 'cmake_target_skip_unavailable': False, 'install_base': '/home/jetson/slash_ws/install/key_teleop', 'merge_install': False, 'path': '/home/jetson/slash_ws/src/slash_hardware/f1tenth_system/teleop_tools/key_teleop', 'symlink_install': False, 'test_result_base': None}
[1.288s] Level 5:colcon.colcon_core.verb:set package 'linefit_ground_segmentation' build argument 'cmake_args' from command line to 'None'
[1.288s] Level 5:colcon.colcon_core.verb:set package 'linefit_ground_segmentation' build argument 'cmake_target' from command line to 'None'
[1.288s] Level 5:colcon.colcon_core.verb:set package 'linefit_ground_segmentation' build argument 'cmake_target_skip_unavailable' from command line to 'False'
[1.288s] Level 5:colcon.colcon_core.verb:set package 'linefit_ground_segmentation' build argument 'cmake_clean_cache' from command line to 'False'
[1.288s] Level 5:colcon.colcon_core.verb:set package 'linefit_ground_segmentation' build argument 'cmake_clean_first' from command line to 'False'
[1.289s] Level 5:colcon.colcon_core.verb:set package 'linefit_ground_segmentation' build argument 'cmake_force_configure' from command line to 'False'
[1.289s] Level 5:colcon.colcon_core.verb:set package 'linefit_ground_segmentation' build argument 'ament_cmake_args' from command line to 'None'
[1.289s] Level 5:colcon.colcon_core.verb:set package 'linefit_ground_segmentation' build argument 'catkin_cmake_args' from command line to 'None'
[1.289s] Level 5:colcon.colcon_core.verb:set package 'linefit_ground_segmentation' build argument 'catkin_skip_building_tests' from command line to 'False'
[1.289s] DEBUG:colcon.colcon_core.verb:Building package 'linefit_ground_segmentation' with the following arguments: {'ament_cmake_args': None, 'build_base': '/home/jetson/slash_ws/build/linefit_ground_segmentation', 'catkin_cmake_args': None, 'catkin_skip_building_tests': False, 'cmake_args': None, 'cmake_clean_cache': False, 'cmake_clean_first': False, 'cmake_force_configure': False, 'cmake_target': None, 'cmake_target_skip_unavailable': False, 'install_base': '/home/jetson/slash_ws/install/linefit_ground_segmentation', 'merge_install': False, 'path': '/home/jetson/slash_ws/src/slash_perception/linefit_ground_segementation_ros2/linefit_ground_segmentation', 'symlink_install': False, 'test_result_base': None}
[1.289s] Level 5:colcon.colcon_core.verb:set package 'livox_ros_driver2' build argument 'cmake_args' from command line to 'None'
[1.289s] Level 5:colcon.colcon_core.verb:set package 'livox_ros_driver2' build argument 'cmake_target' from command line to 'None'
[1.289s] Level 5:colcon.colcon_core.verb:set package 'livox_ros_driver2' build argument 'cmake_target_skip_unavailable' from command line to 'False'
[1.289s] Level 5:colcon.colcon_core.verb:set package 'livox_ros_driver2' build argument 'cmake_clean_cache' from command line to 'False'
[1.290s] Level 5:colcon.colcon_core.verb:set package 'livox_ros_driver2' build argument 'cmake_clean_first' from command line to 'False'
[1.290s] Level 5:colcon.colcon_core.verb:set package 'livox_ros_driver2' build argument 'cmake_force_configure' from command line to 'False'
[1.290s] Level 5:colcon.colcon_core.verb:set package 'livox_ros_driver2' build argument 'ament_cmake_args' from command line to 'None'
[1.290s] Level 5:colcon.colcon_core.verb:set package 'livox_ros_driver2' build argument 'catkin_cmake_args' from command line to 'None'
[1.290s] Level 5:colcon.colcon_core.verb:set package 'livox_ros_driver2' build argument 'catkin_skip_building_tests' from command line to 'False'
[1.290s] DEBUG:colcon.colcon_core.verb:Building package 'livox_ros_driver2' with the following arguments: {'ament_cmake_args': None, 'build_base': '/home/jetson/slash_ws/build/livox_ros_driver2', 'catkin_cmake_args': None, 'catkin_skip_building_tests': False, 'cmake_args': None, 'cmake_clean_cache': False, 'cmake_clean_first': False, 'cmake_force_configure': False, 'cmake_target': None, 'cmake_target_skip_unavailable': False, 'install_base': '/home/jetson/slash_ws/install/livox_ros_driver2', 'merge_install': False, 'path': '/home/jetson/slash_ws/src/slash_hardware/livox_ros_driver2/src', 'symlink_install': False, 'test_result_base': None}
[1.290s] Level 5:colcon.colcon_core.verb:set package 'mouse_teleop' build argument 'cmake_args' from command line to 'None'
[1.290s] Level 5:colcon.colcon_core.verb:set package 'mouse_teleop' build argument 'cmake_target' from command line to 'None'
[1.290s] Level 5:colcon.colcon_core.verb:set package 'mouse_teleop' build argument 'cmake_target_skip_unavailable' from command line to 'False'
[1.290s] Level 5:colcon.colcon_core.verb:set package 'mouse_teleop' build argument 'cmake_clean_cache' from command line to 'False'
[1.290s] Level 5:colcon.colcon_core.verb:set package 'mouse_teleop' build argument 'cmake_clean_first' from command line to 'False'
[1.291s] Level 5:colcon.colcon_core.verb:set package 'mouse_teleop' build argument 'cmake_force_configure' from command line to 'False'
[1.291s] Level 5:colcon.colcon_core.verb:set package 'mouse_teleop' build argument 'ament_cmake_args' from command line to 'None'
[1.291s] Level 5:colcon.colcon_core.verb:set package 'mouse_teleop' build argument 'catkin_cmake_args' from command line to 'None'
[1.291s] Level 5:colcon.colcon_core.verb:set package 'mouse_teleop' build argument 'catkin_skip_building_tests' from command line to 'False'
[1.291s] DEBUG:colcon.colcon_core.verb:Building package 'mouse_teleop' with the following arguments: {'ament_cmake_args': None, 'build_base': '/home/jetson/slash_ws/build/mouse_teleop', 'catkin_cmake_args': None, 'catkin_skip_building_tests': False, 'cmake_args': None, 'cmake_clean_cache': False, 'cmake_clean_first': False, 'cmake_force_configure': False, 'cmake_target': None, 'cmake_target_skip_unavailable': False, 'install_base': '/home/jetson/slash_ws/install/mouse_teleop', 'merge_install': False, 'path': '/home/jetson/slash_ws/src/slash_hardware/f1tenth_system/teleop_tools/mouse_teleop', 'symlink_install': False, 'test_result_base': None}
[1.291s] Level 5:colcon.colcon_core.verb:set package 'pointcloud_to_laserscan' build argument 'cmake_args' from command line to 'None'
[1.291s] Level 5:colcon.colcon_core.verb:set package 'pointcloud_to_laserscan' build argument 'cmake_target' from command line to 'None'
[1.291s] Level 5:colcon.colcon_core.verb:set package 'pointcloud_to_laserscan' build argument 'cmake_target_skip_unavailable' from command line to 'False'
[1.292s] Level 5:colcon.colcon_core.verb:set package 'pointcloud_to_laserscan' build argument 'cmake_clean_cache' from command line to 'False'
[1.292s] Level 5:colcon.colcon_core.verb:set package 'pointcloud_to_laserscan' build argument 'cmake_clean_first' from command line to 'False'
[1.292s] Level 5:colcon.colcon_core.verb:set package 'pointcloud_to_laserscan' build argument 'cmake_force_configure' from command line to 'False'
[1.292s] Level 5:colcon.colcon_core.verb:set package 'pointcloud_to_laserscan' build argument 'ament_cmake_args' from command line to 'None'
[1.292s] Level 5:colcon.colcon_core.verb:set package 'pointcloud_to_laserscan' build argument 'catkin_cmake_args' from command line to 'None'
[1.292s] Level 5:colcon.colcon_core.verb:set package 'pointcloud_to_laserscan' build argument 'catkin_skip_building_tests' from command line to 'False'
[1.292s] DEBUG:colcon.colcon_core.verb:Building package 'pointcloud_to_laserscan' with the following arguments: {'ament_cmake_args': None, 'build_base': '/home/jetson/slash_ws/build/pointcloud_to_laserscan', 'catkin_cmake_args': None, 'catkin_skip_building_tests': False, 'cmake_args': None, 'cmake_clean_cache': False, 'cmake_clean_first': False, 'cmake_force_configure': False, 'cmake_target': None, 'cmake_target_skip_unavailable': False, 'install_base': '/home/jetson/slash_ws/install/pointcloud_to_laserscan', 'merge_install': False, 'path': '/home/jetson/slash_ws/src/slash_perception/pointcloud_to_laserscan', 'symlink_install': False, 'test_result_base': None}
[1.292s] Level 5:colcon.colcon_core.verb:set package 'roboracer_china_2025' build argument 'cmake_args' from command line to 'None'
[1.293s] Level 5:colcon.colcon_core.verb:set package 'roboracer_china_2025' build argument 'cmake_target' from command line to 'None'
[1.293s] Level 5:colcon.colcon_core.verb:set package 'roboracer_china_2025' build argument 'cmake_target_skip_unavailable' from command line to 'False'
[1.293s] Level 5:colcon.colcon_core.verb:set package 'roboracer_china_2025' build argument 'cmake_clean_cache' from command line to 'False'
[1.293s] Level 5:colcon.colcon_core.verb:set package 'roboracer_china_2025' build argument 'cmake_clean_first' from command line to 'False'
[1.293s] Level 5:colcon.colcon_core.verb:set package 'roboracer_china_2025' build argument 'cmake_force_configure' from command line to 'False'
[1.293s] Level 5:colcon.colcon_core.verb:set package 'roboracer_china_2025' build argument 'ament_cmake_args' from command line to 'None'
[1.293s] Level 5:colcon.colcon_core.verb:set package 'roboracer_china_2025' build argument 'catkin_cmake_args' from command line to 'None'
[1.293s] Level 5:colcon.colcon_core.verb:set package 'roboracer_china_2025' build argument 'catkin_skip_building_tests' from command line to 'False'
[1.293s] DEBUG:colcon.colcon_core.verb:Building package 'roboracer_china_2025' with the following arguments: {'ament_cmake_args': None, 'build_base': '/home/jetson/slash_ws/build/roboracer_china_2025', 'catkin_cmake_args': None, 'catkin_skip_building_tests': False, 'cmake_args': None, 'cmake_clean_cache': False, 'cmake_clean_first': False, 'cmake_force_configure': False, 'cmake_target': None, 'cmake_target_skip_unavailable': False, 'install_base': '/home/jetson/slash_ws/install/roboracer_china_2025', 'merge_install': False, 'path': '/home/jetson/slash_ws/src/slash_navigation/roboracer_china_2025', 'symlink_install': False, 'test_result_base': None}
[1.294s] Level 5:colcon.colcon_core.verb:set package 'simple_mpc' build argument 'cmake_args' from command line to 'None'
[1.294s] Level 5:colcon.colcon_core.verb:set package 'simple_mpc' build argument 'cmake_target' from command line to 'None'
[1.294s] Level 5:colcon.colcon_core.verb:set package 'simple_mpc' build argument 'cmake_target_skip_unavailable' from command line to 'False'
[1.294s] Level 5:colcon.colcon_core.verb:set package 'simple_mpc' build argument 'cmake_clean_cache' from command line to 'False'
[1.294s] Level 5:colcon.colcon_core.verb:set package 'simple_mpc' build argument 'cmake_clean_first' from command line to 'False'
[1.294s] Level 5:colcon.colcon_core.verb:set package 'simple_mpc' build argument 'cmake_force_configure' from command line to 'False'
[1.294s] Level 5:colcon.colcon_core.verb:set package 'simple_mpc' build argument 'ament_cmake_args' from command line to 'None'
[1.294s] Level 5:colcon.colcon_core.verb:set package 'simple_mpc' build argument 'catkin_cmake_args' from command line to 'None'
[1.294s] Level 5:colcon.colcon_core.verb:set package 'simple_mpc' build argument 'catkin_skip_building_tests' from command line to 'False'
[1.294s] DEBUG:colcon.colcon_core.verb:Building package 'simple_mpc' with the following arguments: {'ament_cmake_args': None, 'build_base': '/home/jetson/slash_ws/build/simple_mpc', 'catkin_cmake_args': None, 'catkin_skip_building_tests': False, 'cmake_args': None, 'cmake_clean_cache': False, 'cmake_clean_first': False, 'cmake_force_configure': False, 'cmake_target': None, 'cmake_target_skip_unavailable': False, 'install_base': '/home/jetson/slash_ws/install/simple_mpc', 'merge_install': False, 'path': '/home/jetson/slash_ws/src/slash_controller/simple_mpc', 'symlink_install': False, 'test_result_base': None}
[1.295s] Level 5:colcon.colcon_core.verb:set package 'slash_nav2' build argument 'cmake_args' from command line to 'None'
[1.295s] Level 5:colcon.colcon_core.verb:set package 'slash_nav2' build argument 'cmake_target' from command line to 'None'
[1.295s] Level 5:colcon.colcon_core.verb:set package 'slash_nav2' build argument 'cmake_target_skip_unavailable' from command line to 'False'
[1.295s] Level 5:colcon.colcon_core.verb:set package 'slash_nav2' build argument 'cmake_clean_cache' from command line to 'False'
[1.295s] Level 5:colcon.colcon_core.verb:set package 'slash_nav2' build argument 'cmake_clean_first' from command line to 'False'
[1.295s] Level 5:colcon.colcon_core.verb:set package 'slash_nav2' build argument 'cmake_force_configure' from command line to 'False'
[1.295s] Level 5:colcon.colcon_core.verb:set package 'slash_nav2' build argument 'ament_cmake_args' from command line to 'None'
[1.295s] Level 5:colcon.colcon_core.verb:set package 'slash_nav2' build argument 'catkin_cmake_args' from command line to 'None'
[1.295s] Level 5:colcon.colcon_core.verb:set package 'slash_nav2' build argument 'catkin_skip_building_tests' from command line to 'False'
[1.295s] DEBUG:colcon.colcon_core.verb:Building package 'slash_nav2' with the following arguments: {'ament_cmake_args': None, 'build_base': '/home/jetson/slash_ws/build/slash_nav2', 'catkin_cmake_args': None, 'catkin_skip_building_tests': False, 'cmake_args': None, 'cmake_clean_cache': False, 'cmake_clean_first': False, 'cmake_force_configure': False, 'cmake_target': None, 'cmake_target_skip_unavailable': False, 'install_base': '/home/jetson/slash_ws/install/slash_nav2', 'merge_install': False, 'path': '/home/jetson/slash_ws/src/slash_navigation/slash_nav2', 'symlink_install': False, 'test_result_base': None}
[1.296s] Level 5:colcon.colcon_core.verb:set package 'teleop_tools_msgs' build argument 'cmake_args' from command line to 'None'
[1.296s] Level 5:colcon.colcon_core.verb:set package 'teleop_tools_msgs' build argument 'cmake_target' from command line to 'None'
[1.296s] Level 5:colcon.colcon_core.verb:set package 'teleop_tools_msgs' build argument 'cmake_target_skip_unavailable' from command line to 'False'
[1.296s] Level 5:colcon.colcon_core.verb:set package 'teleop_tools_msgs' build argument 'cmake_clean_cache' from command line to 'False'
[1.296s] Level 5:colcon.colcon_core.verb:set package 'teleop_tools_msgs' build argument 'cmake_clean_first' from command line to 'False'
[1.296s] Level 5:colcon.colcon_core.verb:set package 'teleop_tools_msgs' build argument 'cmake_force_configure' from command line to 'False'
[1.296s] Level 5:colcon.colcon_core.verb:set package 'teleop_tools_msgs' build argument 'ament_cmake_args' from command line to 'None'
[1.296s] Level 5:colcon.colcon_core.verb:set package 'teleop_tools_msgs' build argument 'catkin_cmake_args' from command line to 'None'
[1.296s] Level 5:colcon.colcon_core.verb:set package 'teleop_tools_msgs' build argument 'catkin_skip_building_tests' from command line to 'False'
[1.296s] DEBUG:colcon.colcon_core.verb:Building package 'teleop_tools_msgs' with the following arguments: {'ament_cmake_args': None, 'build_base': '/home/jetson/slash_ws/build/teleop_tools_msgs', 'catkin_cmake_args': None, 'catkin_skip_building_tests': False, 'cmake_args': None, 'cmake_clean_cache': False, 'cmake_clean_first': False, 'cmake_force_configure': False, 'cmake_target': None, 'cmake_target_skip_unavailable': False, 'install_base': '/home/jetson/slash_ws/install/teleop_tools_msgs', 'merge_install': False, 'path': '/home/jetson/slash_ws/src/slash_hardware/f1tenth_system/teleop_tools/teleop_tools_msgs', 'symlink_install': False, 'test_result_base': None}
[1.297s] Level 5:colcon.colcon_core.verb:set package 'twist_to_ackermann' build argument 'cmake_args' from command line to 'None'
[1.297s] Level 5:colcon.colcon_core.verb:set package 'twist_to_ackermann' build argument 'cmake_target' from command line to 'None'
[1.297s] Level 5:colcon.colcon_core.verb:set package 'twist_to_ackermann' build argument 'cmake_target_skip_unavailable' from command line to 'False'
[1.297s] Level 5:colcon.colcon_core.verb:set package 'twist_to_ackermann' build argument 'cmake_clean_cache' from command line to 'False'
[1.297s] Level 5:colcon.colcon_core.verb:set package 'twist_to_ackermann' build argument 'cmake_clean_first' from command line to 'False'
[1.297s] Level 5:colcon.colcon_core.verb:set package 'twist_to_ackermann' build argument 'cmake_force_configure' from command line to 'False'
[1.297s] Level 5:colcon.colcon_core.verb:set package 'twist_to_ackermann' build argument 'ament_cmake_args' from command line to 'None'
[1.297s] Level 5:colcon.colcon_core.verb:set package 'twist_to_ackermann' build argument 'catkin_cmake_args' from command line to 'None'
[1.297s] Level 5:colcon.colcon_core.verb:set package 'twist_to_ackermann' build argument 'catkin_skip_building_tests' from command line to 'False'
[1.297s] DEBUG:colcon.colcon_core.verb:Building package 'twist_to_ackermann' with the following arguments: {'ament_cmake_args': None, 'build_base': '/home/jetson/slash_ws/build/twist_to_ackermann', 'catkin_cmake_args': None, 'catkin_skip_building_tests': False, 'cmake_args': None, 'cmake_clean_cache': False, 'cmake_clean_first': False, 'cmake_force_configure': False, 'cmake_target': None, 'cmake_target_skip_unavailable': False, 'install_base': '/home/jetson/slash_ws/install/twist_to_ackermann', 'merge_install': False, 'path': '/home/jetson/slash_ws/src/slash_perception/twist_to_ackermann', 'symlink_install': False, 'test_result_base': None}
[1.298s] Level 5:colcon.colcon_core.verb:set package 'vesc_msgs' build argument 'cmake_args' from command line to 'None'
[1.298s] Level 5:colcon.colcon_core.verb:set package 'vesc_msgs' build argument 'cmake_target' from command line to 'None'
[1.298s] Level 5:colcon.colcon_core.verb:set package 'vesc_msgs' build argument 'cmake_target_skip_unavailable' from command line to 'False'
[1.298s] Level 5:colcon.colcon_core.verb:set package 'vesc_msgs' build argument 'cmake_clean_cache' from command line to 'False'
[1.298s] Level 5:colcon.colcon_core.verb:set package 'vesc_msgs' build argument 'cmake_clean_first' from command line to 'False'
[1.298s] Level 5:colcon.colcon_core.verb:set package 'vesc_msgs' build argument 'cmake_force_configure' from command line to 'False'
[1.298s] Level 5:colcon.colcon_core.verb:set package 'vesc_msgs' build argument 'ament_cmake_args' from command line to 'None'
[1.298s] Level 5:colcon.colcon_core.verb:set package 'vesc_msgs' build argument 'catkin_cmake_args' from command line to 'None'
[1.298s] Level 5:colcon.colcon_core.verb:set package 'vesc_msgs' build argument 'catkin_skip_building_tests' from command line to 'False'
[1.298s] DEBUG:colcon.colcon_core.verb:Building package 'vesc_msgs' with the following arguments: {'ament_cmake_args': None, 'build_base': '/home/jetson/slash_ws/build/vesc_msgs', 'catkin_cmake_args': None, 'catkin_skip_building_tests': False, 'cmake_args': None, 'cmake_clean_cache': False, 'cmake_clean_first': False, 'cmake_force_configure': False, 'cmake_target': None, 'cmake_target_skip_unavailable': False, 'install_base': '/home/jetson/slash_ws/install/vesc_msgs', 'merge_install': False, 'path': '/home/jetson/slash_ws/src/slash_hardware/f1tenth_system/vesc/vesc_msgs', 'symlink_install': False, 'test_result_base': None}
[1.299s] Level 5:colcon.colcon_core.verb:set package 'costmap_converter' build argument 'cmake_args' from command line to 'None'
[1.299s] Level 5:colcon.colcon_core.verb:set package 'costmap_converter' build argument 'cmake_target' from command line to 'None'
[1.299s] Level 5:colcon.colcon_core.verb:set package 'costmap_converter' build argument 'cmake_target_skip_unavailable' from command line to 'False'
[1.299s] Level 5:colcon.colcon_core.verb:set package 'costmap_converter' build argument 'cmake_clean_cache' from command line to 'False'
[1.299s] Level 5:colcon.colcon_core.verb:set package 'costmap_converter' build argument 'cmake_clean_first' from command line to 'False'
[1.299s] Level 5:colcon.colcon_core.verb:set package 'costmap_converter' build argument 'cmake_force_configure' from command line to 'False'
[1.299s] Level 5:colcon.colcon_core.verb:set package 'costmap_converter' build argument 'ament_cmake_args' from command line to 'None'
[1.299s] Level 5:colcon.colcon_core.verb:set package 'costmap_converter' build argument 'catkin_cmake_args' from command line to 'None'
[1.299s] Level 5:colcon.colcon_core.verb:set package 'costmap_converter' build argument 'catkin_skip_building_tests' from command line to 'False'
[1.299s] DEBUG:colcon.colcon_core.verb:Building package 'costmap_converter' with the following arguments: {'ament_cmake_args': None, 'build_base': '/home/jetson/slash_ws/build/costmap_converter', 'catkin_cmake_args': None, 'catkin_skip_building_tests': False, 'cmake_args': None, 'cmake_clean_cache': False, 'cmake_clean_first': False, 'cmake_force_configure': False, 'cmake_target': None, 'cmake_target_skip_unavailable': False, 'install_base': '/home/jetson/slash_ws/install/costmap_converter', 'merge_install': False, 'path': '/home/jetson/slash_ws/src/slash_navigation/costmap_converter/costmap_converter', 'symlink_install': False, 'test_result_base': None}
[1.300s] Level 5:colcon.colcon_core.verb:set package 'fast_lio' build argument 'cmake_args' from command line to 'None'
[1.300s] Level 5:colcon.colcon_core.verb:set package 'fast_lio' build argument 'cmake_target' from command line to 'None'
[1.300s] Level 5:colcon.colcon_core.verb:set package 'fast_lio' build argument 'cmake_target_skip_unavailable' from command line to 'False'
[1.300s] Level 5:colcon.colcon_core.verb:set package 'fast_lio' build argument 'cmake_clean_cache' from command line to 'False'
[1.300s] Level 5:colcon.colcon_core.verb:set package 'fast_lio' build argument 'cmake_clean_first' from command line to 'False'
[1.300s] Level 5:colcon.colcon_core.verb:set package 'fast_lio' build argument 'cmake_force_configure' from command line to 'False'
[1.300s] Level 5:colcon.colcon_core.verb:set package 'fast_lio' build argument 'ament_cmake_args' from command line to 'None'
[1.300s] Level 5:colcon.colcon_core.verb:set package 'fast_lio' build argument 'catkin_cmake_args' from command line to 'None'
[1.300s] Level 5:colcon.colcon_core.verb:set package 'fast_lio' build argument 'catkin_skip_building_tests' from command line to 'False'
[1.300s] DEBUG:colcon.colcon_core.verb:Building package 'fast_lio' with the following arguments: {'ament_cmake_args': None, 'build_base': '/home/jetson/slash_ws/build/fast_lio', 'catkin_cmake_args': None, 'catkin_skip_building_tests': False, 'cmake_args': None, 'cmake_clean_cache': False, 'cmake_clean_first': False, 'cmake_force_configure': False, 'cmake_target': None, 'cmake_target_skip_unavailable': False, 'install_base': '/home/jetson/slash_ws/install/fast_lio', 'merge_install': False, 'path': '/home/jetson/slash_ws/src/slash_localization/FAST_LIO', 'symlink_install': False, 'test_result_base': None}
[1.301s] Level 5:colcon.colcon_core.verb:set package 'joy_teleop' build argument 'cmake_args' from command line to 'None'
[1.301s] Level 5:colcon.colcon_core.verb:set package 'joy_teleop' build argument 'cmake_target' from command line to 'None'
[1.301s] Level 5:colcon.colcon_core.verb:set package 'joy_teleop' build argument 'cmake_target_skip_unavailable' from command line to 'False'
[1.301s] Level 5:colcon.colcon_core.verb:set package 'joy_teleop' build argument 'cmake_clean_cache' from command line to 'False'
[1.301s] Level 5:colcon.colcon_core.verb:set package 'joy_teleop' build argument 'cmake_clean_first' from command line to 'False'
[1.301s] Level 5:colcon.colcon_core.verb:set package 'joy_teleop' build argument 'cmake_force_configure' from command line to 'False'
[1.301s] Level 5:colcon.colcon_core.verb:set package 'joy_teleop' build argument 'ament_cmake_args' from command line to 'None'
[1.301s] Level 5:colcon.colcon_core.verb:set package 'joy_teleop' build argument 'catkin_cmake_args' from command line to 'None'
[1.301s] Level 5:colcon.colcon_core.verb:set package 'joy_teleop' build argument 'catkin_skip_building_tests' from command line to 'False'
[1.301s] DEBUG:colcon.colcon_core.verb:Building package 'joy_teleop' with the following arguments: {'ament_cmake_args': None, 'build_base': '/home/jetson/slash_ws/build/joy_teleop', 'catkin_cmake_args': None, 'catkin_skip_building_tests': False, 'cmake_args': None, 'cmake_clean_cache': False, 'cmake_clean_first': False, 'cmake_force_configure': False, 'cmake_target': None, 'cmake_target_skip_unavailable': False, 'install_base': '/home/jetson/slash_ws/install/joy_teleop', 'merge_install': False, 'path': '/home/jetson/slash_ws/src/slash_hardware/f1tenth_system/teleop_tools/joy_teleop', 'symlink_install': False, 'test_result_base': None}
[1.302s] Level 5:colcon.colcon_core.verb:set package 'linefit_ground_segmentation_ros' build argument 'cmake_args' from command line to 'None'
[1.302s] Level 5:colcon.colcon_core.verb:set package 'linefit_ground_segmentation_ros' build argument 'cmake_target' from command line to 'None'
[1.302s] Level 5:colcon.colcon_core.verb:set package 'linefit_ground_segmentation_ros' build argument 'cmake_target_skip_unavailable' from command line to 'False'
[1.302s] Level 5:colcon.colcon_core.verb:set package 'linefit_ground_segmentation_ros' build argument 'cmake_clean_cache' from command line to 'False'
[1.302s] Level 5:colcon.colcon_core.verb:set package 'linefit_ground_segmentation_ros' build argument 'cmake_clean_first' from command line to 'False'
[1.302s] Level 5:colcon.colcon_core.verb:set package 'linefit_ground_segmentation_ros' build argument 'cmake_force_configure' from command line to 'False'
[1.302s] Level 5:colcon.colcon_core.verb:set package 'linefit_ground_segmentation_ros' build argument 'ament_cmake_args' from command line to 'None'
[1.302s] Level 5:colcon.colcon_core.verb:set package 'linefit_ground_segmentation_ros' build argument 'catkin_cmake_args' from command line to 'None'
[1.302s] Level 5:colcon.colcon_core.verb:set package 'linefit_ground_segmentation_ros' build argument 'catkin_skip_building_tests' from command line to 'False'
[1.302s] DEBUG:colcon.colcon_core.verb:Building package 'linefit_ground_segmentation_ros' with the following arguments: {'ament_cmake_args': None, 'build_base': '/home/jetson/slash_ws/build/linefit_ground_segmentation_ros', 'catkin_cmake_args': None, 'catkin_skip_building_tests': False, 'cmake_args': None, 'cmake_clean_cache': False, 'cmake_clean_first': False, 'cmake_force_configure': False, 'cmake_target': None, 'cmake_target_skip_unavailable': False, 'install_base': '/home/jetson/slash_ws/install/linefit_ground_segmentation_ros', 'merge_install': False, 'path': '/home/jetson/slash_ws/src/slash_perception/linefit_ground_segementation_ros2/linefit_ground_segmentation_ros', 'symlink_install': False, 'test_result_base': None}
[1.303s] Level 5:colcon.colcon_core.verb:set package 'teb_msgs' build argument 'cmake_args' from command line to 'None'
[1.303s] Level 5:colcon.colcon_core.verb:set package 'teb_msgs' build argument 'cmake_target' from command line to 'None'
[1.303s] Level 5:colcon.colcon_core.verb:set package 'teb_msgs' build argument 'cmake_target_skip_unavailable' from command line to 'False'
[1.303s] Level 5:colcon.colcon_core.verb:set package 'teb_msgs' build argument 'cmake_clean_cache' from command line to 'False'
[1.303s] Level 5:colcon.colcon_core.verb:set package 'teb_msgs' build argument 'cmake_clean_first' from command line to 'False'
[1.303s] Level 5:colcon.colcon_core.verb:set package 'teb_msgs' build argument 'cmake_force_configure' from command line to 'False'
[1.303s] Level 5:colcon.colcon_core.verb:set package 'teb_msgs' build argument 'ament_cmake_args' from command line to 'None'
[1.303s] Level 5:colcon.colcon_core.verb:set package 'teb_msgs' build argument 'catkin_cmake_args' from command line to 'None'
[1.303s] Level 5:colcon.colcon_core.verb:set package 'teb_msgs' build argument 'catkin_skip_building_tests' from command line to 'False'
[1.303s] DEBUG:colcon.colcon_core.verb:Building package 'teb_msgs' with the following arguments: {'ament_cmake_args': None, 'build_base': '/home/jetson/slash_ws/build/teb_msgs', 'catkin_cmake_args': None, 'catkin_skip_building_tests': False, 'cmake_args': None, 'cmake_clean_cache': False, 'cmake_clean_first': False, 'cmake_force_configure': False, 'cmake_target': None, 'cmake_target_skip_unavailable': False, 'install_base': '/home/jetson/slash_ws/install/teb_msgs', 'merge_install': False, 'path': '/home/jetson/slash_ws/src/slash_navigation/teb_local_planner/teb_msgs', 'symlink_install': False, 'test_result_base': None}
[1.304s] Level 5:colcon.colcon_core.verb:set package 'vesc_ackermann' build argument 'cmake_args' from command line to 'None'
[1.304s] Level 5:colcon.colcon_core.verb:set package 'vesc_ackermann' build argument 'cmake_target' from command line to 'None'
[1.304s] Level 5:colcon.colcon_core.verb:set package 'vesc_ackermann' build argument 'cmake_target_skip_unavailable' from command line to 'False'
[1.304s] Level 5:colcon.colcon_core.verb:set package 'vesc_ackermann' build argument 'cmake_clean_cache' from command line to 'False'
[1.304s] Level 5:colcon.colcon_core.verb:set package 'vesc_ackermann' build argument 'cmake_clean_first' from command line to 'False'
[1.304s] Level 5:colcon.colcon_core.verb:set package 'vesc_ackermann' build argument 'cmake_force_configure' from command line to 'False'
[1.304s] Level 5:colcon.colcon_core.verb:set package 'vesc_ackermann' build argument 'ament_cmake_args' from command line to 'None'
[1.304s] Level 5:colcon.colcon_core.verb:set package 'vesc_ackermann' build argument 'catkin_cmake_args' from command line to 'None'
[1.304s] Level 5:colcon.colcon_core.verb:set package 'vesc_ackermann' build argument 'catkin_skip_building_tests' from command line to 'False'
[1.304s] DEBUG:colcon.colcon_core.verb:Building package 'vesc_ackermann' with the following arguments: {'ament_cmake_args': None, 'build_base': '/home/jetson/slash_ws/build/vesc_ackermann', 'catkin_cmake_args': None, 'catkin_skip_building_tests': False, 'cmake_args': None, 'cmake_clean_cache': False, 'cmake_clean_first': False, 'cmake_force_configure': False, 'cmake_target': None, 'cmake_target_skip_unavailable': False, 'install_base': '/home/jetson/slash_ws/install/vesc_ackermann', 'merge_install': False, 'path': '/home/jetson/slash_ws/src/slash_hardware/f1tenth_system/vesc/vesc_ackermann', 'symlink_install': False, 'test_result_base': None}
[1.305s] Level 5:colcon.colcon_core.verb:set package 'vesc_driver' build argument 'cmake_args' from command line to 'None'
[1.305s] Level 5:colcon.colcon_core.verb:set package 'vesc_driver' build argument 'cmake_target' from command line to 'None'
[1.305s] Level 5:colcon.colcon_core.verb:set package 'vesc_driver' build argument 'cmake_target_skip_unavailable' from command line to 'False'
[1.305s] Level 5:colcon.colcon_core.verb:set package 'vesc_driver' build argument 'cmake_clean_cache' from command line to 'False'
[1.305s] Level 5:colcon.colcon_core.verb:set package 'vesc_driver' build argument 'cmake_clean_first' from command line to 'False'
[1.305s] Level 5:colcon.colcon_core.verb:set package 'vesc_driver' build argument 'cmake_force_configure' from command line to 'False'
[1.305s] Level 5:colcon.colcon_core.verb:set package 'vesc_driver' build argument 'ament_cmake_args' from command line to 'None'
[1.305s] Level 5:colcon.colcon_core.verb:set package 'vesc_driver' build argument 'catkin_cmake_args' from command line to 'None'
[1.305s] Level 5:colcon.colcon_core.verb:set package 'vesc_driver' build argument 'catkin_skip_building_tests' from command line to 'False'
[1.306s] DEBUG:colcon.colcon_core.verb:Building package 'vesc_driver' with the following arguments: {'ament_cmake_args': None, 'build_base': '/home/jetson/slash_ws/build/vesc_driver', 'catkin_cmake_args': None, 'catkin_skip_building_tests': False, 'cmake_args': None, 'cmake_clean_cache': False, 'cmake_clean_first': False, 'cmake_force_configure': False, 'cmake_target': None, 'cmake_target_skip_unavailable': False, 'install_base': '/home/jetson/slash_ws/install/vesc_driver', 'merge_install': False, 'path': '/home/jetson/slash_ws/src/slash_hardware/f1tenth_system/vesc/vesc_driver', 'symlink_install': False, 'test_result_base': None}
[1.306s] Level 5:colcon.colcon_core.verb:set package 'teb_local_planner' build argument 'cmake_args' from command line to 'None'
[1.306s] Level 5:colcon.colcon_core.verb:set package 'teb_local_planner' build argument 'cmake_target' from command line to 'None'
[1.306s] Level 5:colcon.colcon_core.verb:set package 'teb_local_planner' build argument 'cmake_target_skip_unavailable' from command line to 'False'
[1.306s] Level 5:colcon.colcon_core.verb:set package 'teb_local_planner' build argument 'cmake_clean_cache' from command line to 'False'
[1.306s] Level 5:colcon.colcon_core.verb:set package 'teb_local_planner' build argument 'cmake_clean_first' from command line to 'False'
[1.306s] Level 5:colcon.colcon_core.verb:set package 'teb_local_planner' build argument 'cmake_force_configure' from command line to 'False'
[1.306s] Level 5:colcon.colcon_core.verb:set package 'teb_local_planner' build argument 'ament_cmake_args' from command line to 'None'
[1.306s] Level 5:colcon.colcon_core.verb:set package 'teb_local_planner' build argument 'catkin_cmake_args' from command line to 'None'
[1.306s] Level 5:colcon.colcon_core.verb:set package 'teb_local_planner' build argument 'catkin_skip_building_tests' from command line to 'False'
[1.306s] DEBUG:colcon.colcon_core.verb:Building package 'teb_local_planner' with the following arguments: {'ament_cmake_args': None, 'build_base': '/home/jetson/slash_ws/build/teb_local_planner', 'catkin_cmake_args': None, 'catkin_skip_building_tests': False, 'cmake_args': None, 'cmake_clean_cache': False, 'cmake_clean_first': False, 'cmake_force_configure': False, 'cmake_target': None, 'cmake_target_skip_unavailable': False, 'install_base': '/home/jetson/slash_ws/install/teb_local_planner', 'merge_install': False, 'path': '/home/jetson/slash_ws/src/slash_navigation/teb_local_planner/teb_local_planner', 'symlink_install': False, 'test_result_base': None}
[1.307s] Level 5:colcon.colcon_core.verb:set package 'teleop_tools' build argument 'cmake_args' from command line to 'None'
[1.307s] Level 5:colcon.colcon_core.verb:set package 'teleop_tools' build argument 'cmake_target' from command line to 'None'
[1.307s] Level 5:colcon.colcon_core.verb:set package 'teleop_tools' build argument 'cmake_target_skip_unavailable' from command line to 'False'
[1.307s] Level 5:colcon.colcon_core.verb:set package 'teleop_tools' build argument 'cmake_clean_cache' from command line to 'False'
[1.307s] Level 5:colcon.colcon_core.verb:set package 'teleop_tools' build argument 'cmake_clean_first' from command line to 'False'
[1.307s] Level 5:colcon.colcon_core.verb:set package 'teleop_tools' build argument 'cmake_force_configure' from command line to 'False'
[1.307s] Level 5:colcon.colcon_core.verb:set package 'teleop_tools' build argument 'ament_cmake_args' from command line to 'None'
[1.307s] Level 5:colcon.colcon_core.verb:set package 'teleop_tools' build argument 'catkin_cmake_args' from command line to 'None'
[1.307s] Level 5:colcon.colcon_core.verb:set package 'teleop_tools' build argument 'catkin_skip_building_tests' from command line to 'False'
[1.307s] DEBUG:colcon.colcon_core.verb:Building package 'teleop_tools' with the following arguments: {'ament_cmake_args': None, 'build_base': '/home/jetson/slash_ws/build/teleop_tools', 'catkin_cmake_args': None, 'catkin_skip_building_tests': False, 'cmake_args': None, 'cmake_clean_cache': False, 'cmake_clean_first': False, 'cmake_force_configure': False, 'cmake_target': None, 'cmake_target_skip_unavailable': False, 'install_base': '/home/jetson/slash_ws/install/teleop_tools', 'merge_install': False, 'path': '/home/jetson/slash_ws/src/slash_hardware/f1tenth_system/teleop_tools/teleop_tools', 'symlink_install': False, 'test_result_base': None}
[1.308s] Level 5:colcon.colcon_core.verb:set package 'vesc' build argument 'cmake_args' from command line to 'None'
[1.308s] Level 5:colcon.colcon_core.verb:set package 'vesc' build argument 'cmake_target' from command line to 'None'
[1.308s] Level 5:colcon.colcon_core.verb:set package 'vesc' build argument 'cmake_target_skip_unavailable' from command line to 'False'
[1.308s] Level 5:colcon.colcon_core.verb:set package 'vesc' build argument 'cmake_clean_cache' from command line to 'False'
[1.308s] Level 5:colcon.colcon_core.verb:set package 'vesc' build argument 'cmake_clean_first' from command line to 'False'
[1.308s] Level 5:colcon.colcon_core.verb:set package 'vesc' build argument 'cmake_force_configure' from command line to 'False'
[1.308s] Level 5:colcon.colcon_core.verb:set package 'vesc' build argument 'ament_cmake_args' from command line to 'None'
[1.308s] Level 5:colcon.colcon_core.verb:set package 'vesc' build argument 'catkin_cmake_args' from command line to 'None'
[1.308s] Level 5:colcon.colcon_core.verb:set package 'vesc' build argument 'catkin_skip_building_tests' from command line to 'False'
[1.308s] DEBUG:colcon.colcon_core.verb:Building package 'vesc' with the following arguments: {'ament_cmake_args': None, 'build_base': '/home/jetson/slash_ws/build/vesc', 'catkin_cmake_args': None, 'catkin_skip_building_tests': False, 'cmake_args': None, 'cmake_clean_cache': False, 'cmake_clean_first': False, 'cmake_force_configure': False, 'cmake_target': None, 'cmake_target_skip_unavailable': False, 'install_base': '/home/jetson/slash_ws/install/vesc', 'merge_install': False, 'path': '/home/jetson/slash_ws/src/slash_hardware/f1tenth_system/vesc/vesc', 'symlink_install': False, 'test_result_base': None}
[1.309s] Level 5:colcon.colcon_core.verb:set package 'f1tenth_stack' build argument 'cmake_args' from command line to 'None'
[1.309s] Level 5:colcon.colcon_core.verb:set package 'f1tenth_stack' build argument 'cmake_target' from command line to 'None'
[1.309s] Level 5:colcon.colcon_core.verb:set package 'f1tenth_stack' build argument 'cmake_target_skip_unavailable' from command line to 'False'
[1.309s] Level 5:colcon.colcon_core.verb:set package 'f1tenth_stack' build argument 'cmake_clean_cache' from command line to 'False'
[1.309s] Level 5:colcon.colcon_core.verb:set package 'f1tenth_stack' build argument 'cmake_clean_first' from command line to 'False'
[1.309s] Level 5:colcon.colcon_core.verb:set package 'f1tenth_stack' build argument 'cmake_force_configure' from command line to 'False'
[1.309s] Level 5:colcon.colcon_core.verb:set package 'f1tenth_stack' build argument 'ament_cmake_args' from command line to 'None'
[1.309s] Level 5:colcon.colcon_core.verb:set package 'f1tenth_stack' build argument 'catkin_cmake_args' from command line to 'None'
[1.309s] Level 5:colcon.colcon_core.verb:set package 'f1tenth_stack' build argument 'catkin_skip_building_tests' from command line to 'False'
[1.309s] DEBUG:colcon.colcon_core.verb:Building package 'f1tenth_stack' with the following arguments: {'ament_cmake_args': None, 'build_base': '/home/jetson/slash_ws/build/f1tenth_stack', 'catkin_cmake_args': None, 'catkin_skip_building_tests': False, 'cmake_args': None, 'cmake_clean_cache': False, 'cmake_clean_first': False, 'cmake_force_configure': False, 'cmake_target': None, 'cmake_target_skip_unavailable': False, 'install_base': '/home/jetson/slash_ws/install/f1tenth_stack', 'merge_install': False, 'path': '/home/jetson/slash_ws/src/slash_hardware/f1tenth_system/f1tenth_stack', 'symlink_install': False, 'test_result_base': None}
[1.310s] INFO:colcon.colcon_core.executor:Executing jobs using 'parallel' executor
[1.312s] DEBUG:colcon.colcon_parallel_executor.executor.parallel:run_until_complete
[1.313s] INFO:colcon.colcon_ros.task.ament_cmake.build:Building ROS package in '/home/jetson/slash_ws/src/slash_hardware/f1tenth_system/vesc/vesc_msgs' with build type 'ament_cmake'
[1.313s] INFO:colcon.colcon_cmake.task.cmake.build:Building CMake package in '/home/jetson/slash_ws/src/slash_hardware/f1tenth_system/vesc/vesc_msgs'
[1.321s] INFO:colcon.colcon_core.plugin_system:Skipping extension 'colcon_core.shell.bat': Not used on non-Windows systems
[1.322s] INFO:colcon.colcon_core.shell:Skip shell extension 'powershell' for command environment: Not usable outside of PowerShell
[1.322s] DEBUG:colcon.colcon_core.shell:Skip shell extension 'dsv' for command environment
[1.339s] INFO:colcon.colcon_ros.task.ament_cmake.build:Building ROS package in '/home/jetson/slash_ws/src/slash_navigation/costmap_converter/costmap_converter_msgs' with build type 'ament_cmake'
[1.340s] INFO:colcon.colcon_cmake.task.cmake.build:Building CMake package in '/home/jetson/slash_ws/src/slash_navigation/costmap_converter/costmap_converter_msgs'
[1.341s] INFO:colcon.colcon_core.shell:Skip shell extension 'powershell' for command environment: Not usable outside of PowerShell
[1.341s] DEBUG:colcon.colcon_core.shell:Skip shell extension 'dsv' for command environment
[1.361s] INFO:colcon.colcon_ros.task.ament_cmake.build:Building ROS package in '/home/jetson/slash_ws/src/slash_hardware/f1tenth_system/teleop_tools/teleop_tools_msgs' with build type 'ament_cmake'
[1.363s] INFO:colcon.colcon_cmake.task.cmake.build:Building CMake package in '/home/jetson/slash_ws/src/slash_hardware/f1tenth_system/teleop_tools/teleop_tools_msgs'
[1.364s] INFO:colcon.colcon_core.shell:Skip shell extension 'powershell' for command environment: Not usable outside of PowerShell
[1.365s] DEBUG:colcon.colcon_core.shell:Skip shell extension 'dsv' for command environment
[1.386s] INFO:colcon.colcon_ros.task.ament_cmake.build:Building ROS package in '/home/jetson/slash_ws/src/slash_hardware/f1tenth_system/ackermann_mux' with build type 'ament_cmake'
[1.388s] INFO:colcon.colcon_cmake.task.cmake.build:Building CMake package in '/home/jetson/slash_ws/src/slash_hardware/f1tenth_system/ackermann_mux'
[1.389s] INFO:colcon.colcon_core.shell:Skip shell extension 'powershell' for command environment: Not usable outside of PowerShell
[1.389s] DEBUG:colcon.colcon_core.shell:Skip shell extension 'dsv' for command environment
[1.409s] INFO:colcon.colcon_ros.task.ament_python.build:Building ROS package in '/home/jetson/slash_ws/src/slash_hardware/f1tenth_system/teleop_tools/key_teleop' with build type 'ament_python'
[1.410s] Level 1:colcon.colcon_core.shell:create_environment_hook('key_teleop', 'ament_prefix_path')
[1.412s] INFO:colcon.colcon_core.shell:Creating environment hook '/home/jetson/slash_ws/install/key_teleop/share/key_teleop/hook/ament_prefix_path.ps1'
[1.415s] INFO:colcon.colcon_core.shell:Creating environment descriptor '/home/jetson/slash_ws/install/key_teleop/share/key_teleop/hook/ament_prefix_path.dsv'
[1.417s] INFO:colcon.colcon_core.shell:Creating environment hook '/home/jetson/slash_ws/install/key_teleop/share/key_teleop/hook/ament_prefix_path.sh'
[1.419s] INFO:colcon.colcon_core.shell:Skip shell extension 'powershell' for command environment: Not usable outside of PowerShell
[1.419s] DEBUG:colcon.colcon_core.shell:Skip shell extension 'dsv' for command environment
[1.434s] INFO:colcon.colcon_ros.task.ament_cmake.build:Building ROS package in '/home/jetson/slash_ws/src/slash_perception/linefit_ground_segementation_ros2/linefit_ground_segmentation' with build type 'ament_cmake'
[1.435s] INFO:colcon.colcon_cmake.task.cmake.build:Building CMake package in '/home/jetson/slash_ws/src/slash_perception/linefit_ground_segementation_ros2/linefit_ground_segmentation'
[1.437s] INFO:colcon.colcon_core.shell:Skip shell extension 'powershell' for command environment: Not usable outside of PowerShell
[1.437s] DEBUG:colcon.colcon_core.shell:Skip shell extension 'dsv' for command environment
[1.454s] INFO:colcon.colcon_ros.task.ament_cmake.build:Building ROS package in '/home/jetson/slash_ws/src/slash_hardware/livox_ros_driver2/src' with build type 'ament_cmake'
[1.456s] INFO:colcon.colcon_cmake.task.cmake.build:Building CMake package in '/home/jetson/slash_ws/src/slash_hardware/livox_ros_driver2/src'
[1.458s] INFO:colcon.colcon_core.shell:Skip shell extension 'powershell' for command environment: Not usable outside of PowerShell
[1.459s] DEBUG:colcon.colcon_core.shell:Skip shell extension 'dsv' for command environment
[1.475s] INFO:colcon.colcon_ros.task.ament_python.build:Building ROS package in '/home/jetson/slash_ws/src/slash_hardware/f1tenth_system/teleop_tools/mouse_teleop' with build type 'ament_python'
[1.477s] Level 1:colcon.colcon_core.shell:create_environment_hook('mouse_teleop', 'ament_prefix_path')
[1.478s] INFO:colcon.colcon_core.shell:Creating environment hook '/home/jetson/slash_ws/install/mouse_teleop/share/mouse_teleop/hook/ament_prefix_path.ps1'
[1.480s] INFO:colcon.colcon_core.shell:Creating environment descriptor '/home/jetson/slash_ws/install/mouse_teleop/share/mouse_teleop/hook/ament_prefix_path.dsv'
[1.481s] INFO:colcon.colcon_core.shell:Creating environment hook '/home/jetson/slash_ws/install/mouse_teleop/share/mouse_teleop/hook/ament_prefix_path.sh'
[1.483s] INFO:colcon.colcon_core.shell:Skip shell extension 'powershell' for command environment: Not usable outside of PowerShell
[1.484s] DEBUG:colcon.colcon_core.shell:Skip shell extension 'dsv' for command environment
[1.512s] DEBUG:colcon.colcon_core.event_handler.log_command:Invoking command in '/home/jetson/slash_ws/build/vesc_msgs': CMAKE_PREFIX_PATH=${CMAKE_PREFIX_PATH}:/home/jetson/slash_ws/install/f1tenth_stack:/home/jetson/slash_ws/install/twist_to_ackermann:/home/jetson/slash_ws/install/joy_teleop:/home/jetson/slash_ws/install/roboracer_china_2025:/home/jetson/slash_ws/install/mouse_teleop:/home/jetson/slash_ws/install/key_teleop:/opt/ros/foxy /usr/bin/cmake --build /home/jetson/slash_ws/build/vesc_msgs -- -j8 -l8
[1.539s] DEBUG:colcon.colcon_core.event_handler.log_command:Invoking command in '/home/jetson/slash_ws/build/costmap_converter_msgs': CMAKE_PREFIX_PATH=${CMAKE_PREFIX_PATH}:/home/jetson/slash_ws/install/f1tenth_stack:/home/jetson/slash_ws/install/twist_to_ackermann:/home/jetson/slash_ws/install/joy_teleop:/home/jetson/slash_ws/install/roboracer_china_2025:/home/jetson/slash_ws/install/mouse_teleop:/home/jetson/slash_ws/install/key_teleop:/opt/ros/foxy /usr/bin/cmake --build /home/jetson/slash_ws/build/costmap_converter_msgs -- -j8 -l8
[1.554s] DEBUG:colcon.colcon_core.event_handler.log_command:Invoking command in '/home/jetson/slash_ws/build/teleop_tools_msgs': CMAKE_PREFIX_PATH=${CMAKE_PREFIX_PATH}:/home/jetson/slash_ws/install/f1tenth_stack:/home/jetson/slash_ws/install/twist_to_ackermann:/home/jetson/slash_ws/install/joy_teleop:/home/jetson/slash_ws/install/roboracer_china_2025:/home/jetson/slash_ws/install/mouse_teleop:/home/jetson/slash_ws/install/key_teleop:/opt/ros/foxy /usr/bin/cmake --build /home/jetson/slash_ws/build/teleop_tools_msgs -- -j8 -l8
[1.568s] DEBUG:colcon.colcon_core.event_handler.log_command:Invoking command in '/home/jetson/slash_ws/build/ackermann_mux': CMAKE_PREFIX_PATH=${CMAKE_PREFIX_PATH}:/home/jetson/slash_ws/install/f1tenth_stack:/home/jetson/slash_ws/install/twist_to_ackermann:/home/jetson/slash_ws/install/joy_teleop:/home/jetson/slash_ws/install/roboracer_china_2025:/home/jetson/slash_ws/install/mouse_teleop:/home/jetson/slash_ws/install/key_teleop:/opt/ros/foxy /usr/bin/cmake --build /home/jetson/slash_ws/build/ackermann_mux -- -j8 -l8
[2.612s] INFO:colcon.colcon_core.task.python.build:Building Python package in '/home/jetson/slash_ws/src/slash_hardware/f1tenth_system/teleop_tools/key_teleop'
[2.614s] INFO:colcon.colcon_core.shell:Skip shell extension 'powershell' for command environment: Not usable outside of PowerShell
[2.614s] DEBUG:colcon.colcon_core.shell:Skip shell extension 'dsv' for command environment
[2.646s] DEBUG:colcon.colcon_core.event_handler.log_command:Invoking command in '/home/jetson/slash_ws/build/linefit_ground_segmentation': CMAKE_PREFIX_PATH=${CMAKE_PREFIX_PATH}:/home/jetson/slash_ws/install/f1tenth_stack:/home/jetson/slash_ws/install/twist_to_ackermann:/home/jetson/slash_ws/install/joy_teleop:/home/jetson/slash_ws/install/roboracer_china_2025:/home/jetson/slash_ws/install/mouse_teleop:/home/jetson/slash_ws/install/key_teleop:/opt/ros/foxy /usr/bin/cmake --build /home/jetson/slash_ws/build/linefit_ground_segmentation -- -j8 -l8
[2.662s] DEBUG:colcon.colcon_core.event_handler.log_command:Invoking command in '/home/jetson/slash_ws/build/livox_ros_driver2': CMAKE_PREFIX_PATH=${CMAKE_PREFIX_PATH}:/home/jetson/slash_ws/install/f1tenth_stack:/home/jetson/slash_ws/install/twist_to_ackermann:/home/jetson/slash_ws/install/joy_teleop:/home/jetson/slash_ws/install/roboracer_china_2025:/home/jetson/slash_ws/install/mouse_teleop:/home/jetson/slash_ws/install/key_teleop:/opt/ros/foxy /usr/bin/cmake --build /home/jetson/slash_ws/build/livox_ros_driver2 -- -j8 -l8
[3.490s] INFO:colcon.colcon_core.task.python.build:Building Python package in '/home/jetson/slash_ws/src/slash_hardware/f1tenth_system/teleop_tools/mouse_teleop'
[3.491s] INFO:colcon.colcon_core.shell:Skip shell extension 'powershell' for command environment: Not usable outside of PowerShell
[3.491s] DEBUG:colcon.colcon_core.shell:Skip shell extension 'dsv' for command environment
[3.513s] DEBUG:colcon.colcon_core.event_handler.log_command:Invoked command in '/home/jetson/slash_ws/build/vesc_msgs' returned '0': CMAKE_PREFIX_PATH=${CMAKE_PREFIX_PATH}:/home/jetson/slash_ws/install/f1tenth_stack:/home/jetson/slash_ws/install/twist_to_ackermann:/home/jetson/slash_ws/install/joy_teleop:/home/jetson/slash_ws/install/roboracer_china_2025:/home/jetson/slash_ws/install/mouse_teleop:/home/jetson/slash_ws/install/key_teleop:/opt/ros/foxy /usr/bin/cmake --build /home/jetson/slash_ws/build/vesc_msgs -- -j8 -l8
[3.549s] DEBUG:colcon.colcon_core.event_handler.log_command:Invoking command in '/home/jetson/slash_ws/build/vesc_msgs': CMAKE_PREFIX_PATH=${CMAKE_PREFIX_PATH}:/home/jetson/slash_ws/install/f1tenth_stack:/home/jetson/slash_ws/install/twist_to_ackermann:/home/jetson/slash_ws/install/joy_teleop:/home/jetson/slash_ws/install/roboracer_china_2025:/home/jetson/slash_ws/install/mouse_teleop:/home/jetson/slash_ws/install/key_teleop:/opt/ros/foxy /usr/bin/cmake --install /home/jetson/slash_ws/build/vesc_msgs
[3.555s] DEBUG:colcon.colcon_core.event_handler.log_command:Invoked command in '/home/jetson/slash_ws/build/costmap_converter_msgs' returned '0': CMAKE_PREFIX_PATH=${CMAKE_PREFIX_PATH}:/home/jetson/slash_ws/install/f1tenth_stack:/home/jetson/slash_ws/install/twist_to_ackermann:/home/jetson/slash_ws/install/joy_teleop:/home/jetson/slash_ws/install/roboracer_china_2025:/home/jetson/slash_ws/install/mouse_teleop:/home/jetson/slash_ws/install/key_teleop:/opt/ros/foxy /usr/bin/cmake --build /home/jetson/slash_ws/build/costmap_converter_msgs -- -j8 -l8
[3.559s] DEBUG:colcon.colcon_core.event_handler.log_command:Invoking command in '/home/jetson/slash_ws/build/costmap_converter_msgs': CMAKE_PREFIX_PATH=${CMAKE_PREFIX_PATH}:/home/jetson/slash_ws/install/f1tenth_stack:/home/jetson/slash_ws/install/twist_to_ackermann:/home/jetson/slash_ws/install/joy_teleop:/home/jetson/slash_ws/install/roboracer_china_2025:/home/jetson/slash_ws/install/mouse_teleop:/home/jetson/slash_ws/install/key_teleop:/opt/ros/foxy /usr/bin/cmake --install /home/jetson/slash_ws/build/costmap_converter_msgs
[3.572s] DEBUG:colcon.colcon_core.event_handler.log_command:Invoked command in '/home/jetson/slash_ws/build/teleop_tools_msgs' returned '0': CMAKE_PREFIX_PATH=${CMAKE_PREFIX_PATH}:/home/jetson/slash_ws/install/f1tenth_stack:/home/jetson/slash_ws/install/twist_to_ackermann:/home/jetson/slash_ws/install/joy_teleop:/home/jetson/slash_ws/install/roboracer_china_2025:/home/jetson/slash_ws/install/mouse_teleop:/home/jetson/slash_ws/install/key_teleop:/opt/ros/foxy /usr/bin/cmake --build /home/jetson/slash_ws/build/teleop_tools_msgs -- -j8 -l8
[3.577s] DEBUG:colcon.colcon_core.event_handler.log_command:Invoking command in '/home/jetson/slash_ws/build/teleop_tools_msgs': CMAKE_PREFIX_PATH=${CMAKE_PREFIX_PATH}:/home/jetson/slash_ws/install/f1tenth_stack:/home/jetson/slash_ws/install/twist_to_ackermann:/home/jetson/slash_ws/install/joy_teleop:/home/jetson/slash_ws/install/roboracer_china_2025:/home/jetson/slash_ws/install/mouse_teleop:/home/jetson/slash_ws/install/key_teleop:/opt/ros/foxy /usr/bin/cmake --install /home/jetson/slash_ws/build/teleop_tools_msgs
[3.602s] DEBUG:colcon.colcon_core.event_handler.log_command:Invoked command in '/home/jetson/slash_ws/build/ackermann_mux' returned '0': CMAKE_PREFIX_PATH=${CMAKE_PREFIX_PATH}:/home/jetson/slash_ws/install/f1tenth_stack:/home/jetson/slash_ws/install/twist_to_ackermann:/home/jetson/slash_ws/install/joy_teleop:/home/jetson/slash_ws/install/roboracer_china_2025:/home/jetson/slash_ws/install/mouse_teleop:/home/jetson/slash_ws/install/key_teleop:/opt/ros/foxy /usr/bin/cmake --build /home/jetson/slash_ws/build/ackermann_mux -- -j8 -l8
[3.610s] DEBUG:colcon.colcon_core.event_handler.log_command:Invoking command in '/home/jetson/slash_ws/build/ackermann_mux': CMAKE_PREFIX_PATH=${CMAKE_PREFIX_PATH}:/home/jetson/slash_ws/install/f1tenth_stack:/home/jetson/slash_ws/install/twist_to_ackermann:/home/jetson/slash_ws/install/joy_teleop:/home/jetson/slash_ws/install/roboracer_china_2025:/home/jetson/slash_ws/install/mouse_teleop:/home/jetson/slash_ws/install/key_teleop:/opt/ros/foxy /usr/bin/cmake --install /home/jetson/slash_ws/build/ackermann_mux
[3.714s] DEBUG:colcon.colcon_core.event_handler.log_command:Invoked command in '/home/jetson/slash_ws/build/linefit_ground_segmentation' returned '0': CMAKE_PREFIX_PATH=${CMAKE_PREFIX_PATH}:/home/jetson/slash_ws/install/f1tenth_stack:/home/jetson/slash_ws/install/twist_to_ackermann:/home/jetson/slash_ws/install/joy_teleop:/home/jetson/slash_ws/install/roboracer_china_2025:/home/jetson/slash_ws/install/mouse_teleop:/home/jetson/slash_ws/install/key_teleop:/opt/ros/foxy /usr/bin/cmake --build /home/jetson/slash_ws/build/linefit_ground_segmentation -- -j8 -l8
[3.719s] DEBUG:colcon.colcon_core.event_handler.log_command:Invoking command in '/home/jetson/slash_ws/build/linefit_ground_segmentation': CMAKE_PREFIX_PATH=${CMAKE_PREFIX_PATH}:/home/jetson/slash_ws/install/f1tenth_stack:/home/jetson/slash_ws/install/twist_to_ackermann:/home/jetson/slash_ws/install/joy_teleop:/home/jetson/slash_ws/install/roboracer_china_2025:/home/jetson/slash_ws/install/mouse_teleop:/home/jetson/slash_ws/install/key_teleop:/opt/ros/foxy /usr/bin/cmake --install /home/jetson/slash_ws/build/linefit_ground_segmentation
[3.761s] DEBUG:colcon.colcon_core.event_handler.log_command:Invoked command in '/home/jetson/slash_ws/build/livox_ros_driver2' returned '0': CMAKE_PREFIX_PATH=${CMAKE_PREFIX_PATH}:/home/jetson/slash_ws/install/f1tenth_stack:/home/jetson/slash_ws/install/twist_to_ackermann:/home/jetson/slash_ws/install/joy_teleop:/home/jetson/slash_ws/install/roboracer_china_2025:/home/jetson/slash_ws/install/mouse_teleop:/home/jetson/slash_ws/install/key_teleop:/opt/ros/foxy /usr/bin/cmake --build /home/jetson/slash_ws/build/livox_ros_driver2 -- -j8 -l8
[3.762s] DEBUG:colcon.colcon_core.event_handler.log_command:Invoking command in '/home/jetson/slash_ws/build/livox_ros_driver2': CMAKE_PREFIX_PATH=${CMAKE_PREFIX_PATH}:/home/jetson/slash_ws/install/f1tenth_stack:/home/jetson/slash_ws/install/twist_to_ackermann:/home/jetson/slash_ws/install/joy_teleop:/home/jetson/slash_ws/install/roboracer_china_2025:/home/jetson/slash_ws/install/mouse_teleop:/home/jetson/slash_ws/install/key_teleop:/opt/ros/foxy /usr/bin/cmake --install /home/jetson/slash_ws/build/livox_ros_driver2
[3.810s] Level 1:colcon.colcon_core.environment:create_environment_scripts_only(ackermann_mux)
[3.812s] DEBUG:colcon.colcon_core.event_handler.log_command:Invoked command in '/home/jetson/slash_ws/build/ackermann_mux' returned '0': CMAKE_PREFIX_PATH=${CMAKE_PREFIX_PATH}:/home/jetson/slash_ws/install/f1tenth_stack:/home/jetson/slash_ws/install/twist_to_ackermann:/home/jetson/slash_ws/install/joy_teleop:/home/jetson/slash_ws/install/roboracer_china_2025:/home/jetson/slash_ws/install/mouse_teleop:/home/jetson/slash_ws/install/key_teleop:/opt/ros/foxy /usr/bin/cmake --install /home/jetson/slash_ws/build/ackermann_mux
[3.826s] Level 1:colcon.colcon_core.environment:checking '/home/jetson/slash_ws/install/ackermann_mux' for CMake module files
[3.828s] Level 1:colcon.colcon_core.environment:checking '/home/jetson/slash_ws/install/ackermann_mux' for CMake config files
[3.828s] Level 1:colcon.colcon_core.shell:create_environment_hook('ackermann_mux', 'cmake_prefix_path')
[3.829s] INFO:colcon.colcon_core.shell:Creating environment hook '/home/jetson/slash_ws/install/ackermann_mux/share/ackermann_mux/hook/cmake_prefix_path.ps1'
[3.830s] INFO:colcon.colcon_core.shell:Creating environment descriptor '/home/jetson/slash_ws/install/ackermann_mux/share/ackermann_mux/hook/cmake_prefix_path.dsv'
[3.831s] INFO:colcon.colcon_core.shell:Creating environment hook '/home/jetson/slash_ws/install/ackermann_mux/share/ackermann_mux/hook/cmake_prefix_path.sh'
[3.834s] Level 1:colcon.colcon_core.environment:checking '/home/jetson/slash_ws/install/ackermann_mux/lib'
[3.835s] Level 1:colcon.colcon_core.environment:checking '/home/jetson/slash_ws/install/ackermann_mux/bin'
[3.835s] Level 1:colcon.colcon_core.environment:checking '/home/jetson/slash_ws/install/ackermann_mux/lib/pkgconfig/ackermann_mux.pc'
[3.835s] Level 1:colcon.colcon_core.environment:checking '/home/jetson/slash_ws/install/ackermann_mux/lib/python3.8/site-packages'
[3.836s] Level 1:colcon.colcon_core.environment:checking '/home/jetson/slash_ws/install/ackermann_mux/bin'
[3.837s] INFO:colcon.colcon_core.shell:Creating package script '/home/jetson/slash_ws/install/ackermann_mux/share/ackermann_mux/package.ps1'
[3.843s] INFO:colcon.colcon_core.shell:Creating package descriptor '/home/jetson/slash_ws/install/ackermann_mux/share/ackermann_mux/package.dsv'
[3.845s] INFO:colcon.colcon_core.shell:Creating package script '/home/jetson/slash_ws/install/ackermann_mux/share/ackermann_mux/package.sh'
[3.850s] INFO:colcon.colcon_core.shell:Creating package script '/home/jetson/slash_ws/install/ackermann_mux/share/ackermann_mux/package.bash'
[3.852s] INFO:colcon.colcon_core.shell:Creating package script '/home/jetson/slash_ws/install/ackermann_mux/share/ackermann_mux/package.zsh'
[3.854s] Level 1:colcon.colcon_core.environment:create_file_with_runtime_dependencies(/home/jetson/slash_ws/install/ackermann_mux/share/colcon-core/packages/ackermann_mux)
[3.856s] Level 1:colcon.colcon_core.environment:create_environment_scripts_only(ackermann_mux)
[3.856s] Level 1:colcon.colcon_core.environment:checking '/home/jetson/slash_ws/install/ackermann_mux' for CMake module files
[3.857s] Level 1:colcon.colcon_core.environment:checking '/home/jetson/slash_ws/install/ackermann_mux' for CMake config files
[3.858s] Level 1:colcon.colcon_core.shell:create_environment_hook('ackermann_mux', 'cmake_prefix_path')
[3.858s] INFO:colcon.colcon_core.shell:Creating environment hook '/home/jetson/slash_ws/install/ackermann_mux/share/ackermann_mux/hook/cmake_prefix_path.ps1'
[3.860s] INFO:colcon.colcon_core.shell:Creating environment descriptor '/home/jetson/slash_ws/install/ackermann_mux/share/ackermann_mux/hook/cmake_prefix_path.dsv'
[3.861s] INFO:colcon.colcon_core.shell:Creating environment hook '/home/jetson/slash_ws/install/ackermann_mux/share/ackermann_mux/hook/cmake_prefix_path.sh'
[3.862s] Level 1:colcon.colcon_core.environment:checking '/home/jetson/slash_ws/install/ackermann_mux/lib'
[3.863s] Level 1:colcon.colcon_core.environment:checking '/home/jetson/slash_ws/install/ackermann_mux/bin'
[3.863s] Level 1:colcon.colcon_core.environment:checking '/home/jetson/slash_ws/install/ackermann_mux/lib/pkgconfig/ackermann_mux.pc'
[3.863s] Level 1:colcon.colcon_core.environment:checking '/home/jetson/slash_ws/install/ackermann_mux/lib/python3.8/site-packages'
[3.864s] Level 1:colcon.colcon_core.environment:checking '/home/jetson/slash_ws/install/ackermann_mux/bin'
[3.864s] INFO:colcon.colcon_core.shell:Creating package script '/home/jetson/slash_ws/install/ackermann_mux/share/ackermann_mux/package.ps1'
[3.866s] INFO:colcon.colcon_core.shell:Creating package descriptor '/home/jetson/slash_ws/install/ackermann_mux/share/ackermann_mux/package.dsv'
[3.868s] INFO:colcon.colcon_core.shell:Creating package script '/home/jetson/slash_ws/install/ackermann_mux/share/ackermann_mux/package.sh'
[3.869s] INFO:colcon.colcon_core.shell:Creating package script '/home/jetson/slash_ws/install/ackermann_mux/share/ackermann_mux/package.bash'
[3.870s] INFO:colcon.colcon_core.shell:Creating package script '/home/jetson/slash_ws/install/ackermann_mux/share/ackermann_mux/package.zsh'
[3.871s] Level 1:colcon.colcon_core.environment:create_file_with_runtime_dependencies(/home/jetson/slash_ws/install/ackermann_mux/share/colcon-core/packages/ackermann_mux)
[3.875s] Level 1:colcon.colcon_core.environment:create_environment_scripts_only(vesc_msgs)
[3.881s] Level 1:colcon.colcon_core.environment:checking '/home/jetson/slash_ws/install/vesc_msgs' for CMake module files
[3.883s] DEBUG:colcon.colcon_core.event_handler.log_command:Invoked command in '/home/jetson/slash_ws/build/vesc_msgs' returned '0': CMAKE_PREFIX_PATH=${CMAKE_PREFIX_PATH}:/home/jetson/slash_ws/install/f1tenth_stack:/home/jetson/slash_ws/install/twist_to_ackermann:/home/jetson/slash_ws/install/joy_teleop:/home/jetson/slash_ws/install/roboracer_china_2025:/home/jetson/slash_ws/install/mouse_teleop:/home/jetson/slash_ws/install/key_teleop:/opt/ros/foxy /usr/bin/cmake --install /home/jetson/slash_ws/build/vesc_msgs
[3.893s] Level 1:colcon.colcon_core.environment:checking '/home/jetson/slash_ws/install/vesc_msgs' for CMake config files
[3.895s] Level 1:colcon.colcon_core.shell:create_environment_hook('vesc_msgs', 'cmake_prefix_path')
[3.895s] INFO:colcon.colcon_core.shell:Creating environment hook '/home/jetson/slash_ws/install/vesc_msgs/share/vesc_msgs/hook/cmake_prefix_path.ps1'
[3.897s] INFO:colcon.colcon_core.shell:Creating environment descriptor '/home/jetson/slash_ws/install/vesc_msgs/share/vesc_msgs/hook/cmake_prefix_path.dsv'
[3.898s] INFO:colcon.colcon_core.shell:Creating environment hook '/home/jetson/slash_ws/install/vesc_msgs/share/vesc_msgs/hook/cmake_prefix_path.sh'
[3.899s] Level 1:colcon.colcon_core.environment:checking '/home/jetson/slash_ws/install/vesc_msgs/lib'
[3.899s] Level 1:colcon.colcon_core.shell:create_environment_hook('vesc_msgs', 'ld_library_path_lib')
[3.900s] INFO:colcon.colcon_core.shell:Creating environment hook '/home/jetson/slash_ws/install/vesc_msgs/share/vesc_msgs/hook/ld_library_path_lib.ps1'
[3.901s] INFO:colcon.colcon_core.shell:Creating environment descriptor '/home/jetson/slash_ws/install/vesc_msgs/share/vesc_msgs/hook/ld_library_path_lib.dsv'
[3.901s] INFO:colcon.colcon_core.shell:Creating environment hook '/home/jetson/slash_ws/install/vesc_msgs/share/vesc_msgs/hook/ld_library_path_lib.sh'
[3.902s] Level 1:colcon.colcon_core.environment:checking '/home/jetson/slash_ws/install/vesc_msgs/bin'
[3.902s] Level 1:colcon.colcon_core.environment:checking '/home/jetson/slash_ws/install/vesc_msgs/lib/pkgconfig/vesc_msgs.pc'
[3.903s] Level 1:colcon.colcon_core.environment:checking '/home/jetson/slash_ws/install/vesc_msgs/lib/python3.8/site-packages'
[3.903s] Level 1:colcon.colcon_core.shell:create_environment_hook('vesc_msgs', 'pythonpath')
[3.903s] INFO:colcon.colcon_core.shell:Creating environment hook '/home/jetson/slash_ws/install/vesc_msgs/share/vesc_msgs/hook/pythonpath.ps1'
[3.904s] INFO:colcon.colcon_core.shell:Creating environment descriptor '/home/jetson/slash_ws/install/vesc_msgs/share/vesc_msgs/hook/pythonpath.dsv'
[3.905s] INFO:colcon.colcon_core.shell:Creating environment hook '/home/jetson/slash_ws/install/vesc_msgs/share/vesc_msgs/hook/pythonpath.sh'
[3.907s] Level 1:colcon.colcon_core.environment:checking '/home/jetson/slash_ws/install/vesc_msgs/bin'
[3.907s] INFO:colcon.colcon_core.shell:Creating package script '/home/jetson/slash_ws/install/vesc_msgs/share/vesc_msgs/package.ps1'
[3.909s] INFO:colcon.colcon_core.shell:Creating package descriptor '/home/jetson/slash_ws/install/vesc_msgs/share/vesc_msgs/package.dsv'
[3.911s] INFO:colcon.colcon_core.shell:Creating package script '/home/jetson/slash_ws/install/vesc_msgs/share/vesc_msgs/package.sh'
[3.912s] INFO:colcon.colcon_core.shell:Creating package script '/home/jetson/slash_ws/install/vesc_msgs/share/vesc_msgs/package.bash'
[3.913s] INFO:colcon.colcon_core.shell:Creating package script '/home/jetson/slash_ws/install/vesc_msgs/share/vesc_msgs/package.zsh'
[3.914s] Level 1:colcon.colcon_core.environment:create_file_with_runtime_dependencies(/home/jetson/slash_ws/install/vesc_msgs/share/colcon-core/packages/vesc_msgs)
[3.915s] Level 1:colcon.colcon_core.environment:create_environment_scripts_only(vesc_msgs)
[3.916s] Level 1:colcon.colcon_core.environment:checking '/home/jetson/slash_ws/install/vesc_msgs' for CMake module files
[3.917s] Level 1:colcon.colcon_core.environment:checking '/home/jetson/slash_ws/install/vesc_msgs' for CMake config files
[3.918s] Level 1:colcon.colcon_core.shell:create_environment_hook('vesc_msgs', 'cmake_prefix_path')
[3.919s] INFO:colcon.colcon_core.shell:Creating environment hook '/home/jetson/slash_ws/install/vesc_msgs/share/vesc_msgs/hook/cmake_prefix_path.ps1'
[3.920s] INFO:colcon.colcon_core.shell:Creating environment descriptor '/home/jetson/slash_ws/install/vesc_msgs/share/vesc_msgs/hook/cmake_prefix_path.dsv'
[3.921s] INFO:colcon.colcon_core.shell:Creating environment hook '/home/jetson/slash_ws/install/vesc_msgs/share/vesc_msgs/hook/cmake_prefix_path.sh'
[3.922s] Level 1:colcon.colcon_core.environment:checking '/home/jetson/slash_ws/install/vesc_msgs/lib'
[3.922s] Level 1:colcon.colcon_core.shell:create_environment_hook('vesc_msgs', 'ld_library_path_lib')
[3.923s] INFO:colcon.colcon_core.shell:Creating environment hook '/home/jetson/slash_ws/install/vesc_msgs/share/vesc_msgs/hook/ld_library_path_lib.ps1'
[3.924s] INFO:colcon.colcon_core.shell:Creating environment descriptor '/home/jetson/slash_ws/install/vesc_msgs/share/vesc_msgs/hook/ld_library_path_lib.dsv'
[3.925s] INFO:colcon.colcon_core.shell:Creating environment hook '/home/jetson/slash_ws/install/vesc_msgs/share/vesc_msgs/hook/ld_library_path_lib.sh'
[3.926s] Level 1:colcon.colcon_core.environment:checking '/home/jetson/slash_ws/install/vesc_msgs/bin'
[3.926s] Level 1:colcon.colcon_core.environment:checking '/home/jetson/slash_ws/install/vesc_msgs/lib/pkgconfig/vesc_msgs.pc'
[3.926s] Level 1:colcon.colcon_core.environment:checking '/home/jetson/slash_ws/install/vesc_msgs/lib/python3.8/site-packages'
[3.926s] Level 1:colcon.colcon_core.shell:create_environment_hook('vesc_msgs', 'pythonpath')
[3.927s] INFO:colcon.colcon_core.shell:Creating environment hook '/home/jetson/slash_ws/install/vesc_msgs/share/vesc_msgs/hook/pythonpath.ps1'
[3.927s] INFO:colcon.colcon_core.shell:Creating environment descriptor '/home/jetson/slash_ws/install/vesc_msgs/share/vesc_msgs/hook/pythonpath.dsv'
[3.928s] INFO:colcon.colcon_core.shell:Creating environment hook '/home/jetson/slash_ws/install/vesc_msgs/share/vesc_msgs/hook/pythonpath.sh'
[3.929s] Level 1:colcon.colcon_core.environment:checking '/home/jetson/slash_ws/install/vesc_msgs/bin'
[3.930s] INFO:colcon.colcon_core.shell:Creating package script '/home/jetson/slash_ws/install/vesc_msgs/share/vesc_msgs/package.ps1'
[3.932s] INFO:colcon.colcon_core.shell:Creating package descriptor '/home/jetson/slash_ws/install/vesc_msgs/share/vesc_msgs/package.dsv'
[3.934s] INFO:colcon.colcon_core.shell:Creating package script '/home/jetson/slash_ws/install/vesc_msgs/share/vesc_msgs/package.sh'
[3.935s] INFO:colcon.colcon_core.shell:Creating package script '/home/jetson/slash_ws/install/vesc_msgs/share/vesc_msgs/package.bash'
[3.936s] INFO:colcon.colcon_core.shell:Creating package script '/home/jetson/slash_ws/install/vesc_msgs/share/vesc_msgs/package.zsh'
[3.937s] Level 1:colcon.colcon_core.environment:create_file_with_runtime_dependencies(/home/jetson/slash_ws/install/vesc_msgs/share/colcon-core/packages/vesc_msgs)
[3.940s] Level 1:colcon.colcon_core.environment:create_environment_scripts_only(linefit_ground_segmentation)
[3.941s] DEBUG:colcon.colcon_core.event_handler.log_command:Invoked command in '/home/jetson/slash_ws/build/linefit_ground_segmentation' returned '0': CMAKE_PREFIX_PATH=${CMAKE_PREFIX_PATH}:/home/jetson/slash_ws/install/f1tenth_stack:/home/jetson/slash_ws/install/twist_to_ackermann:/home/jetson/slash_ws/install/joy_teleop:/home/jetson/slash_ws/install/roboracer_china_2025:/home/jetson/slash_ws/install/mouse_teleop:/home/jetson/slash_ws/install/key_teleop:/opt/ros/foxy /usr/bin/cmake --install /home/jetson/slash_ws/build/linefit_ground_segmentation
[3.942s] Level 1:colcon.colcon_core.environment:checking '/home/jetson/slash_ws/install/linefit_ground_segmentation' for CMake module files
[3.943s] Level 1:colcon.colcon_core.environment:checking '/home/jetson/slash_ws/install/linefit_ground_segmentation' for CMake config files
[3.943s] Level 1:colcon.colcon_core.shell:create_environment_hook('linefit_ground_segmentation', 'cmake_prefix_path')
[3.944s] INFO:colcon.colcon_core.shell:Creating environment hook '/home/jetson/slash_ws/install/linefit_ground_segmentation/share/linefit_ground_segmentation/hook/cmake_prefix_path.ps1'
[3.945s] INFO:colcon.colcon_core.shell:Creating environment descriptor '/home/jetson/slash_ws/install/linefit_ground_segmentation/share/linefit_ground_segmentation/hook/cmake_prefix_path.dsv'
[3.946s] INFO:colcon.colcon_core.shell:Creating environment hook '/home/jetson/slash_ws/install/linefit_ground_segmentation/share/linefit_ground_segmentation/hook/cmake_prefix_path.sh'
[3.948s] Level 1:colcon.colcon_core.environment:checking '/home/jetson/slash_ws/install/linefit_ground_segmentation/lib'
[3.948s] Level 1:colcon.colcon_core.shell:create_environment_hook('linefit_ground_segmentation', 'ld_library_path_lib')
[3.949s] INFO:colcon.colcon_core.shell:Creating environment hook '/home/jetson/slash_ws/install/linefit_ground_segmentation/share/linefit_ground_segmentation/hook/ld_library_path_lib.ps1'
[3.950s] INFO:colcon.colcon_core.shell:Creating environment descriptor '/home/jetson/slash_ws/install/linefit_ground_segmentation/share/linefit_ground_segmentation/hook/ld_library_path_lib.dsv'
[3.950s] INFO:colcon.colcon_core.shell:Creating environment hook '/home/jetson/slash_ws/install/linefit_ground_segmentation/share/linefit_ground_segmentation/hook/ld_library_path_lib.sh'
[3.951s] Level 1:colcon.colcon_core.environment:checking '/home/jetson/slash_ws/install/linefit_ground_segmentation/bin'
[3.951s] Level 1:colcon.colcon_core.environment:checking '/home/jetson/slash_ws/install/linefit_ground_segmentation/lib/pkgconfig/linefit_ground_segmentation.pc'
[3.952s] Level 1:colcon.colcon_core.environment:checking '/home/jetson/slash_ws/install/linefit_ground_segmentation/lib/python3.8/site-packages'
[3.952s] Level 1:colcon.colcon_core.environment:checking '/home/jetson/slash_ws/install/linefit_ground_segmentation/bin'
[3.953s] INFO:colcon.colcon_core.shell:Creating package script '/home/jetson/slash_ws/install/linefit_ground_segmentation/share/linefit_ground_segmentation/package.ps1'
[3.955s] INFO:colcon.colcon_core.shell:Creating package descriptor '/home/jetson/slash_ws/install/linefit_ground_segmentation/share/linefit_ground_segmentation/package.dsv'
[3.956s] INFO:colcon.colcon_core.shell:Creating package script '/home/jetson/slash_ws/install/linefit_ground_segmentation/share/linefit_ground_segmentation/package.sh'
[3.957s] INFO:colcon.colcon_core.shell:Creating package script '/home/jetson/slash_ws/install/linefit_ground_segmentation/share/linefit_ground_segmentation/package.bash'
[3.958s] INFO:colcon.colcon_core.shell:Creating package script '/home/jetson/slash_ws/install/linefit_ground_segmentation/share/linefit_ground_segmentation/package.zsh'
[3.958s] Level 1:colcon.colcon_core.environment:create_file_with_runtime_dependencies(/home/jetson/slash_ws/install/linefit_ground_segmentation/share/colcon-core/packages/linefit_ground_segmentation)
[3.960s] Level 1:colcon.colcon_core.environment:create_environment_scripts_only(linefit_ground_segmentation)
[3.960s] Level 1:colcon.colcon_core.environment:checking '/home/jetson/slash_ws/install/linefit_ground_segmentation' for CMake module files
[3.961s] Level 1:colcon.colcon_core.environment:checking '/home/jetson/slash_ws/install/linefit_ground_segmentation' for CMake config files
[3.961s] Level 1:colcon.colcon_core.shell:create_environment_hook('linefit_ground_segmentation', 'cmake_prefix_path')
[3.962s] INFO:colcon.colcon_core.shell:Creating environment hook '/home/jetson/slash_ws/install/linefit_ground_segmentation/share/linefit_ground_segmentation/hook/cmake_prefix_path.ps1'
[3.963s] INFO:colcon.colcon_core.shell:Creating environment descriptor '/home/jetson/slash_ws/install/linefit_ground_segmentation/share/linefit_ground_segmentation/hook/cmake_prefix_path.dsv'
[3.964s] INFO:colcon.colcon_core.shell:Creating environment hook '/home/jetson/slash_ws/install/linefit_ground_segmentation/share/linefit_ground_segmentation/hook/cmake_prefix_path.sh'
[3.965s] Level 1:colcon.colcon_core.environment:checking '/home/jetson/slash_ws/install/linefit_ground_segmentation/lib'
[3.965s] Level 1:colcon.colcon_core.shell:create_environment_hook('linefit_ground_segmentation', 'ld_library_path_lib')
[3.966s] INFO:colcon.colcon_core.shell:Creating environment hook '/home/jetson/slash_ws/install/linefit_ground_segmentation/share/linefit_ground_segmentation/hook/ld_library_path_lib.ps1'
[3.967s] INFO:colcon.colcon_core.shell:Creating environment descriptor '/home/jetson/slash_ws/install/linefit_ground_segmentation/share/linefit_ground_segmentation/hook/ld_library_path_lib.dsv'
[3.967s] INFO:colcon.colcon_core.shell:Creating environment hook '/home/jetson/slash_ws/install/linefit_ground_segmentation/share/linefit_ground_segmentation/hook/ld_library_path_lib.sh'
[3.968s] Level 1:colcon.colcon_core.environment:checking '/home/jetson/slash_ws/install/linefit_ground_segmentation/bin'
[3.968s] Level 1:colcon.colcon_core.environment:checking '/home/jetson/slash_ws/install/linefit_ground_segmentation/lib/pkgconfig/linefit_ground_segmentation.pc'
[3.969s] Level 1:colcon.colcon_core.environment:checking '/home/jetson/slash_ws/install/linefit_ground_segmentation/lib/python3.8/site-packages'
[3.969s] Level 1:colcon.colcon_core.environment:checking '/home/jetson/slash_ws/install/linefit_ground_segmentation/bin'
[3.970s] INFO:colcon.colcon_core.shell:Creating package script '/home/jetson/slash_ws/install/linefit_ground_segmentation/share/linefit_ground_segmentation/package.ps1'
[3.971s] INFO:colcon.colcon_core.shell:Creating package descriptor '/home/jetson/slash_ws/install/linefit_ground_segmentation/share/linefit_ground_segmentation/package.dsv'
[3.972s] INFO:colcon.colcon_core.shell:Creating package script '/home/jetson/slash_ws/install/linefit_ground_segmentation/share/linefit_ground_segmentation/package.sh'
[3.975s] INFO:colcon.colcon_core.shell:Creating package script '/home/jetson/slash_ws/install/linefit_ground_segmentation/share/linefit_ground_segmentation/package.bash'
[3.977s] INFO:colcon.colcon_core.shell:Creating package script '/home/jetson/slash_ws/install/linefit_ground_segmentation/share/linefit_ground_segmentation/package.zsh'
[3.979s] Level 1:colcon.colcon_core.environment:create_file_with_runtime_dependencies(/home/jetson/slash_ws/install/linefit_ground_segmentation/share/colcon-core/packages/linefit_ground_segmentation)
[3.980s] Level 1:colcon.colcon_core.environment:create_environment_scripts_only(costmap_converter_msgs)
[3.982s] DEBUG:colcon.colcon_core.event_handler.log_command:Invoked command in '/home/jetson/slash_ws/build/costmap_converter_msgs' returned '0': CMAKE_PREFIX_PATH=${CMAKE_PREFIX_PATH}:/home/jetson/slash_ws/install/f1tenth_stack:/home/jetson/slash_ws/install/twist_to_ackermann:/home/jetson/slash_ws/install/joy_teleop:/home/jetson/slash_ws/install/roboracer_china_2025:/home/jetson/slash_ws/install/mouse_teleop:/home/jetson/slash_ws/install/key_teleop:/opt/ros/foxy /usr/bin/cmake --install /home/jetson/slash_ws/build/costmap_converter_msgs
[3.983s] Level 1:colcon.colcon_core.environment:checking '/home/jetson/slash_ws/install/costmap_converter_msgs' for CMake module files
[3.985s] Level 1:colcon.colcon_core.environment:checking '/home/jetson/slash_ws/install/costmap_converter_msgs' for CMake config files
[3.986s] Level 1:colcon.colcon_core.shell:create_environment_hook('costmap_converter_msgs', 'cmake_prefix_path')
[3.986s] INFO:colcon.colcon_core.shell:Creating environment hook '/home/jetson/slash_ws/install/costmap_converter_msgs/share/costmap_converter_msgs/hook/cmake_prefix_path.ps1'
[3.988s] INFO:colcon.colcon_core.shell:Creating environment descriptor '/home/jetson/slash_ws/install/costmap_converter_msgs/share/costmap_converter_msgs/hook/cmake_prefix_path.dsv'
[3.990s] INFO:colcon.colcon_core.shell:Creating environment hook '/home/jetson/slash_ws/install/costmap_converter_msgs/share/costmap_converter_msgs/hook/cmake_prefix_path.sh'
[3.992s] Level 1:colcon.colcon_core.environment:checking '/home/jetson/slash_ws/install/costmap_converter_msgs/lib'
[3.992s] Level 1:colcon.colcon_core.shell:create_environment_hook('costmap_converter_msgs', 'ld_library_path_lib')
[3.993s] INFO:colcon.colcon_core.shell:Creating environment hook '/home/jetson/slash_ws/install/costmap_converter_msgs/share/costmap_converter_msgs/hook/ld_library_path_lib.ps1'
[3.995s] INFO:colcon.colcon_core.shell:Creating environment descriptor '/home/jetson/slash_ws/install/costmap_converter_msgs/share/costmap_converter_msgs/hook/ld_library_path_lib.dsv'
[3.996s] INFO:colcon.colcon_core.shell:Creating environment hook '/home/jetson/slash_ws/install/costmap_converter_msgs/share/costmap_converter_msgs/hook/ld_library_path_lib.sh'
[3.998s] Level 1:colcon.colcon_core.environment:checking '/home/jetson/slash_ws/install/costmap_converter_msgs/bin'
[3.998s] Level 1:colcon.colcon_core.environment:checking '/home/jetson/slash_ws/install/costmap_converter_msgs/lib/pkgconfig/costmap_converter_msgs.pc'
[3.998s] Level 1:colcon.colcon_core.environment:checking '/home/jetson/slash_ws/install/costmap_converter_msgs/lib/python3.8/site-packages'
[3.999s] Level 1:colcon.colcon_core.shell:create_environment_hook('costmap_converter_msgs', 'pythonpath')
[3.999s] INFO:colcon.colcon_core.shell:Creating environment hook '/home/jetson/slash_ws/install/costmap_converter_msgs/share/costmap_converter_msgs/hook/pythonpath.ps1'
[4.001s] INFO:colcon.colcon_core.shell:Creating environment descriptor '/home/jetson/slash_ws/install/costmap_converter_msgs/share/costmap_converter_msgs/hook/pythonpath.dsv'
[4.002s] INFO:colcon.colcon_core.shell:Creating environment hook '/home/jetson/slash_ws/install/costmap_converter_msgs/share/costmap_converter_msgs/hook/pythonpath.sh'
[4.004s] Level 1:colcon.colcon_core.environment:checking '/home/jetson/slash_ws/install/costmap_converter_msgs/bin'
[4.006s] INFO:colcon.colcon_core.shell:Creating package script '/home/jetson/slash_ws/install/costmap_converter_msgs/share/costmap_converter_msgs/package.ps1'
[4.008s] INFO:colcon.colcon_core.shell:Creating package descriptor '/home/jetson/slash_ws/install/costmap_converter_msgs/share/costmap_converter_msgs/package.dsv'
[4.010s] INFO:colcon.colcon_core.shell:Creating package script '/home/jetson/slash_ws/install/costmap_converter_msgs/share/costmap_converter_msgs/package.sh'
[4.012s] INFO:colcon.colcon_core.shell:Creating package script '/home/jetson/slash_ws/install/costmap_converter_msgs/share/costmap_converter_msgs/package.bash'
[4.014s] INFO:colcon.colcon_core.shell:Creating package script '/home/jetson/slash_ws/install/costmap_converter_msgs/share/costmap_converter_msgs/package.zsh'
[4.015s] Level 1:colcon.colcon_core.environment:create_file_with_runtime_dependencies(/home/jetson/slash_ws/install/costmap_converter_msgs/share/colcon-core/packages/costmap_converter_msgs)
[4.017s] Level 1:colcon.colcon_core.environment:create_environment_scripts_only(costmap_converter_msgs)
[4.018s] Level 1:colcon.colcon_core.environment:checking '/home/jetson/slash_ws/install/costmap_converter_msgs' for CMake module files
[4.019s] Level 1:colcon.colcon_core.environment:checking '/home/jetson/slash_ws/install/costmap_converter_msgs' for CMake config files
[4.020s] Level 1:colcon.colcon_core.shell:create_environment_hook('costmap_converter_msgs', 'cmake_prefix_path')
[4.021s] INFO:colcon.colcon_core.shell:Creating environment hook '/home/jetson/slash_ws/install/costmap_converter_msgs/share/costmap_converter_msgs/hook/cmake_prefix_path.ps1'
[4.023s] INFO:colcon.colcon_core.shell:Creating environment descriptor '/home/jetson/slash_ws/install/costmap_converter_msgs/share/costmap_converter_msgs/hook/cmake_prefix_path.dsv'
[4.025s] INFO:colcon.colcon_core.shell:Creating environment hook '/home/jetson/slash_ws/install/costmap_converter_msgs/share/costmap_converter_msgs/hook/cmake_prefix_path.sh'
[4.027s] Level 1:colcon.colcon_core.environment:checking '/home/jetson/slash_ws/install/costmap_converter_msgs/lib'
[4.027s] Level 1:colcon.colcon_core.shell:create_environment_hook('costmap_converter_msgs', 'ld_library_path_lib')
[4.028s] INFO:colcon.colcon_core.shell:Creating environment hook '/home/jetson/slash_ws/install/costmap_converter_msgs/share/costmap_converter_msgs/hook/ld_library_path_lib.ps1'
[4.030s] INFO:colcon.colcon_core.shell:Creating environment descriptor '/home/jetson/slash_ws/install/costmap_converter_msgs/share/costmap_converter_msgs/hook/ld_library_path_lib.dsv'
[4.031s] INFO:colcon.colcon_core.shell:Creating environment hook '/home/jetson/slash_ws/install/costmap_converter_msgs/share/costmap_converter_msgs/hook/ld_library_path_lib.sh'
[4.033s] Level 1:colcon.colcon_core.environment:checking '/home/jetson/slash_ws/install/costmap_converter_msgs/bin'
[4.033s] Level 1:colcon.colcon_core.environment:checking '/home/jetson/slash_ws/install/costmap_converter_msgs/lib/pkgconfig/costmap_converter_msgs.pc'
[4.034s] Level 1:colcon.colcon_core.environment:checking '/home/jetson/slash_ws/install/costmap_converter_msgs/lib/python3.8/site-packages'
[4.034s] Level 1:colcon.colcon_core.shell:create_environment_hook('costmap_converter_msgs', 'pythonpath')
[4.035s] INFO:colcon.colcon_core.shell:Creating environment hook '/home/jetson/slash_ws/install/costmap_converter_msgs/share/costmap_converter_msgs/hook/pythonpath.ps1'
[4.038s] INFO:colcon.colcon_core.shell:Creating environment descriptor '/home/jetson/slash_ws/install/costmap_converter_msgs/share/costmap_converter_msgs/hook/pythonpath.dsv'
[4.040s] INFO:colcon.colcon_core.shell:Creating environment hook '/home/jetson/slash_ws/install/costmap_converter_msgs/share/costmap_converter_msgs/hook/pythonpath.sh'
[4.042s] Level 1:colcon.colcon_core.environment:checking '/home/jetson/slash_ws/install/costmap_converter_msgs/bin'
[4.043s] INFO:colcon.colcon_core.shell:Creating package script '/home/jetson/slash_ws/install/costmap_converter_msgs/share/costmap_converter_msgs/package.ps1'
[4.046s] INFO:colcon.colcon_core.shell:Creating package descriptor '/home/jetson/slash_ws/install/costmap_converter_msgs/share/costmap_converter_msgs/package.dsv'
[4.047s] INFO:colcon.colcon_core.shell:Creating package script '/home/jetson/slash_ws/install/costmap_converter_msgs/share/costmap_converter_msgs/package.sh'
[4.049s] INFO:colcon.colcon_core.shell:Creating package script '/home/jetson/slash_ws/install/costmap_converter_msgs/share/costmap_converter_msgs/package.bash'
[4.051s] INFO:colcon.colcon_core.shell:Creating package script '/home/jetson/slash_ws/install/costmap_converter_msgs/share/costmap_converter_msgs/package.zsh'
[4.053s] Level 1:colcon.colcon_core.environment:create_file_with_runtime_dependencies(/home/jetson/slash_ws/install/costmap_converter_msgs/share/colcon-core/packages/costmap_converter_msgs)
[4.057s] INFO:colcon.colcon_ros.task.ament_cmake.build:Building ROS package in '/home/jetson/slash_ws/src/slash_hardware/f1tenth_system/vesc/vesc_ackermann' with build type 'ament_cmake'
[4.057s] INFO:colcon.colcon_cmake.task.cmake.build:Building CMake package in '/home/jetson/slash_ws/src/slash_hardware/f1tenth_system/vesc/vesc_ackermann'
[4.058s] INFO:colcon.colcon_core.shell:Skip shell extension 'powershell' for command environment: Not usable outside of PowerShell
[4.059s] DEBUG:colcon.colcon_core.shell:Skip shell extension 'dsv' for command environment
[4.093s] INFO:colcon.colcon_ros.task.ament_cmake.build:Building ROS package in '/home/jetson/slash_ws/src/slash_hardware/f1tenth_system/vesc/vesc_driver' with build type 'ament_cmake'
[4.094s] INFO:colcon.colcon_cmake.task.cmake.build:Building CMake package in '/home/jetson/slash_ws/src/slash_hardware/f1tenth_system/vesc/vesc_driver'
[4.095s] INFO:colcon.colcon_core.shell:Skip shell extension 'powershell' for command environment: Not usable outside of PowerShell
[4.095s] DEBUG:colcon.colcon_core.shell:Skip shell extension 'dsv' for command environment
[4.113s] INFO:colcon.colcon_ros.task.ament_cmake.build:Building ROS package in '/home/jetson/slash_ws/src/slash_navigation/costmap_converter/costmap_converter' with build type 'ament_cmake'
[4.114s] INFO:colcon.colcon_cmake.task.cmake.build:Building CMake package in '/home/jetson/slash_ws/src/slash_navigation/costmap_converter/costmap_converter'
[4.116s] INFO:colcon.colcon_core.shell:Skip shell extension 'powershell' for command environment: Not usable outside of PowerShell
[4.116s] DEBUG:colcon.colcon_core.shell:Skip shell extension 'dsv' for command environment
[4.153s] INFO:colcon.colcon_ros.task.ament_cmake.build:Building ROS package in '/home/jetson/slash_ws/src/slash_navigation/teb_local_planner/teb_msgs' with build type 'ament_cmake'
[4.154s] INFO:colcon.colcon_cmake.task.cmake.build:Building CMake package in '/home/jetson/slash_ws/src/slash_navigation/teb_local_planner/teb_msgs'
[4.155s] INFO:colcon.colcon_core.shell:Skip shell extension 'powershell' for command environment: Not usable outside of PowerShell
[4.155s] DEBUG:colcon.colcon_core.shell:Skip shell extension 'dsv' for command environment
[4.181s] Level 1:colcon.colcon_core.environment:create_environment_scripts_only(teleop_tools_msgs)
[4.182s] Level 1:colcon.colcon_core.environment:checking '/home/jetson/slash_ws/install/teleop_tools_msgs' for CMake module files
[4.183s] Level 1:colcon.colcon_core.environment:checking '/home/jetson/slash_ws/install/teleop_tools_msgs' for CMake config files
[4.184s] Level 1:colcon.colcon_core.shell:create_environment_hook('teleop_tools_msgs', 'cmake_prefix_path')
[4.184s] INFO:colcon.colcon_core.shell:Creating environment hook '/home/jetson/slash_ws/install/teleop_tools_msgs/share/teleop_tools_msgs/hook/cmake_prefix_path.ps1'
[4.186s] INFO:colcon.colcon_core.shell:Creating environment descriptor '/home/jetson/slash_ws/install/teleop_tools_msgs/share/teleop_tools_msgs/hook/cmake_prefix_path.dsv'
[4.187s] INFO:colcon.colcon_core.shell:Creating environment hook '/home/jetson/slash_ws/install/teleop_tools_msgs/share/teleop_tools_msgs/hook/cmake_prefix_path.sh'
[4.189s] Level 1:colcon.colcon_core.environment:checking '/home/jetson/slash_ws/install/teleop_tools_msgs/lib'
[4.189s] Level 1:colcon.colcon_core.shell:create_environment_hook('teleop_tools_msgs', 'ld_library_path_lib')
[4.190s] DEBUG:colcon.colcon_core.event_handler.log_command:Invoked command in '/home/jetson/slash_ws/build/teleop_tools_msgs' returned '0': CMAKE_PREFIX_PATH=${CMAKE_PREFIX_PATH}:/home/jetson/slash_ws/install/f1tenth_stack:/home/jetson/slash_ws/install/twist_to_ackermann:/home/jetson/slash_ws/install/joy_teleop:/home/jetson/slash_ws/install/roboracer_china_2025:/home/jetson/slash_ws/install/mouse_teleop:/home/jetson/slash_ws/install/key_teleop:/opt/ros/foxy /usr/bin/cmake --install /home/jetson/slash_ws/build/teleop_tools_msgs
[4.190s] INFO:colcon.colcon_core.shell:Creating environment hook '/home/jetson/slash_ws/install/teleop_tools_msgs/share/teleop_tools_msgs/hook/ld_library_path_lib.ps1'
[4.192s] INFO:colcon.colcon_core.shell:Creating environment descriptor '/home/jetson/slash_ws/install/teleop_tools_msgs/share/teleop_tools_msgs/hook/ld_library_path_lib.dsv'
[4.192s] INFO:colcon.colcon_core.shell:Creating environment hook '/home/jetson/slash_ws/install/teleop_tools_msgs/share/teleop_tools_msgs/hook/ld_library_path_lib.sh'
[4.193s] Level 1:colcon.colcon_core.environment:checking '/home/jetson/slash_ws/install/teleop_tools_msgs/bin'
[4.193s] Level 1:colcon.colcon_core.environment:checking '/home/jetson/slash_ws/install/teleop_tools_msgs/lib/pkgconfig/teleop_tools_msgs.pc'
[4.194s] Level 1:colcon.colcon_core.environment:checking '/home/jetson/slash_ws/install/teleop_tools_msgs/lib/python3.8/site-packages'
[4.194s] Level 1:colcon.colcon_core.shell:create_environment_hook('teleop_tools_msgs', 'pythonpath')
[4.195s] INFO:colcon.colcon_core.shell:Creating environment hook '/home/jetson/slash_ws/install/teleop_tools_msgs/share/teleop_tools_msgs/hook/pythonpath.ps1'
[4.196s] INFO:colcon.colcon_core.shell:Creating environment descriptor '/home/jetson/slash_ws/install/teleop_tools_msgs/share/teleop_tools_msgs/hook/pythonpath.dsv'
[4.196s] INFO:colcon.colcon_core.shell:Creating environment hook '/home/jetson/slash_ws/install/teleop_tools_msgs/share/teleop_tools_msgs/hook/pythonpath.sh'
[4.197s] Level 1:colcon.colcon_core.environment:checking '/home/jetson/slash_ws/install/teleop_tools_msgs/bin'
[4.198s] INFO:colcon.colcon_core.shell:Creating package script '/home/jetson/slash_ws/install/teleop_tools_msgs/share/teleop_tools_msgs/package.ps1'
[4.200s] INFO:colcon.colcon_core.shell:Creating package descriptor '/home/jetson/slash_ws/install/teleop_tools_msgs/share/teleop_tools_msgs/package.dsv'
[4.201s] INFO:colcon.colcon_core.shell:Creating package script '/home/jetson/slash_ws/install/teleop_tools_msgs/share/teleop_tools_msgs/package.sh'
[4.202s] INFO:colcon.colcon_core.shell:Creating package script '/home/jetson/slash_ws/install/teleop_tools_msgs/share/teleop_tools_msgs/package.bash'
[4.203s] INFO:colcon.colcon_core.shell:Creating package script '/home/jetson/slash_ws/install/teleop_tools_msgs/share/teleop_tools_msgs/package.zsh'
[4.203s] Level 1:colcon.colcon_core.environment:create_file_with_runtime_dependencies(/home/jetson/slash_ws/install/teleop_tools_msgs/share/colcon-core/packages/teleop_tools_msgs)
[4.206s] Level 1:colcon.colcon_core.environment:create_environment_scripts_only(teleop_tools_msgs)
[4.206s] Level 1:colcon.colcon_core.environment:checking '/home/jetson/slash_ws/install/teleop_tools_msgs' for CMake module files
[4.207s] Level 1:colcon.colcon_core.environment:checking '/home/jetson/slash_ws/install/teleop_tools_msgs' for CMake config files
[4.208s] Level 1:colcon.colcon_core.shell:create_environment_hook('teleop_tools_msgs', 'cmake_prefix_path')
[4.208s] INFO:colcon.colcon_core.shell:Creating environment hook '/home/jetson/slash_ws/install/teleop_tools_msgs/share/teleop_tools_msgs/hook/cmake_prefix_path.ps1'
[4.210s] INFO:colcon.colcon_core.shell:Creating environment descriptor '/home/jetson/slash_ws/install/teleop_tools_msgs/share/teleop_tools_msgs/hook/cmake_prefix_path.dsv'
[4.211s] INFO:colcon.colcon_core.shell:Creating environment hook '/home/jetson/slash_ws/install/teleop_tools_msgs/share/teleop_tools_msgs/hook/cmake_prefix_path.sh'
[4.212s] Level 1:colcon.colcon_core.environment:checking '/home/jetson/slash_ws/install/teleop_tools_msgs/lib'
[4.212s] Level 1:colcon.colcon_core.shell:create_environment_hook('teleop_tools_msgs', 'ld_library_path_lib')
[4.213s] INFO:colcon.colcon_core.shell:Creating environment hook '/home/jetson/slash_ws/install/teleop_tools_msgs/share/teleop_tools_msgs/hook/ld_library_path_lib.ps1'
[4.214s] INFO:colcon.colcon_core.shell:Creating environment descriptor '/home/jetson/slash_ws/install/teleop_tools_msgs/share/teleop_tools_msgs/hook/ld_library_path_lib.dsv'
[4.215s] INFO:colcon.colcon_core.shell:Creating environment hook '/home/jetson/slash_ws/install/teleop_tools_msgs/share/teleop_tools_msgs/hook/ld_library_path_lib.sh'
[4.216s] Level 1:colcon.colcon_core.environment:checking '/home/jetson/slash_ws/install/teleop_tools_msgs/bin'
[4.216s] Level 1:colcon.colcon_core.environment:checking '/home/jetson/slash_ws/install/teleop_tools_msgs/lib/pkgconfig/teleop_tools_msgs.pc'
[4.216s] Level 1:colcon.colcon_core.environment:checking '/home/jetson/slash_ws/install/teleop_tools_msgs/lib/python3.8/site-packages'
[4.216s] Level 1:colcon.colcon_core.shell:create_environment_hook('teleop_tools_msgs', 'pythonpath')
[4.217s] INFO:colcon.colcon_core.shell:Creating environment hook '/home/jetson/slash_ws/install/teleop_tools_msgs/share/teleop_tools_msgs/hook/pythonpath.ps1'
[4.218s] INFO:colcon.colcon_core.shell:Creating environment descriptor '/home/jetson/slash_ws/install/teleop_tools_msgs/share/teleop_tools_msgs/hook/pythonpath.dsv'
[4.218s] INFO:colcon.colcon_core.shell:Creating environment hook '/home/jetson/slash_ws/install/teleop_tools_msgs/share/teleop_tools_msgs/hook/pythonpath.sh'
[4.219s] Level 1:colcon.colcon_core.environment:checking '/home/jetson/slash_ws/install/teleop_tools_msgs/bin'
[4.220s] INFO:colcon.colcon_core.shell:Creating package script '/home/jetson/slash_ws/install/teleop_tools_msgs/share/teleop_tools_msgs/package.ps1'
[4.223s] INFO:colcon.colcon_core.shell:Creating package descriptor '/home/jetson/slash_ws/install/teleop_tools_msgs/share/teleop_tools_msgs/package.dsv'
[4.224s] INFO:colcon.colcon_core.shell:Creating package script '/home/jetson/slash_ws/install/teleop_tools_msgs/share/teleop_tools_msgs/package.sh'
[4.227s] INFO:colcon.colcon_core.shell:Creating package script '/home/jetson/slash_ws/install/teleop_tools_msgs/share/teleop_tools_msgs/package.bash'
[4.229s] INFO:colcon.colcon_core.shell:Creating package script '/home/jetson/slash_ws/install/teleop_tools_msgs/share/teleop_tools_msgs/package.zsh'
[4.230s] Level 1:colcon.colcon_core.environment:create_file_with_runtime_dependencies(/home/jetson/slash_ws/install/teleop_tools_msgs/share/colcon-core/packages/teleop_tools_msgs)
[4.232s] Level 1:colcon.colcon_core.environment:create_environment_scripts_only(livox_ros_driver2)
[4.234s] DEBUG:colcon.colcon_core.event_handler.log_command:Invoked command in '/home/jetson/slash_ws/build/livox_ros_driver2' returned '0': CMAKE_PREFIX_PATH=${CMAKE_PREFIX_PATH}:/home/jetson/slash_ws/install/f1tenth_stack:/home/jetson/slash_ws/install/twist_to_ackermann:/home/jetson/slash_ws/install/joy_teleop:/home/jetson/slash_ws/install/roboracer_china_2025:/home/jetson/slash_ws/install/mouse_teleop:/home/jetson/slash_ws/install/key_teleop:/opt/ros/foxy /usr/bin/cmake --install /home/jetson/slash_ws/build/livox_ros_driver2
[4.235s] Level 1:colcon.colcon_core.environment:checking '/home/jetson/slash_ws/install/livox_ros_driver2' for CMake module files
[4.236s] Level 1:colcon.colcon_core.environment:checking '/home/jetson/slash_ws/install/livox_ros_driver2' for CMake config files
[4.237s] Level 1:colcon.colcon_core.shell:create_environment_hook('livox_ros_driver2', 'cmake_prefix_path')
[4.238s] INFO:colcon.colcon_core.shell:Creating environment hook '/home/jetson/slash_ws/install/livox_ros_driver2/share/livox_ros_driver2/hook/cmake_prefix_path.ps1'
[4.241s] INFO:colcon.colcon_core.shell:Creating environment descriptor '/home/jetson/slash_ws/install/livox_ros_driver2/share/livox_ros_driver2/hook/cmake_prefix_path.dsv'
[4.243s] INFO:colcon.colcon_core.shell:Creating environment hook '/home/jetson/slash_ws/install/livox_ros_driver2/share/livox_ros_driver2/hook/cmake_prefix_path.sh'
[4.245s] Level 1:colcon.colcon_core.environment:checking '/home/jetson/slash_ws/install/livox_ros_driver2/lib'
[4.246s] Level 1:colcon.colcon_core.shell:create_environment_hook('livox_ros_driver2', 'ld_library_path_lib')
[4.247s] INFO:colcon.colcon_core.shell:Creating environment hook '/home/jetson/slash_ws/install/livox_ros_driver2/share/livox_ros_driver2/hook/ld_library_path_lib.ps1'
[4.249s] INFO:colcon.colcon_core.shell:Creating environment descriptor '/home/jetson/slash_ws/install/livox_ros_driver2/share/livox_ros_driver2/hook/ld_library_path_lib.dsv'
[4.251s] INFO:colcon.colcon_core.shell:Creating environment hook '/home/jetson/slash_ws/install/livox_ros_driver2/share/livox_ros_driver2/hook/ld_library_path_lib.sh'
[4.253s] Level 1:colcon.colcon_core.environment:checking '/home/jetson/slash_ws/install/livox_ros_driver2/bin'
[4.253s] Level 1:colcon.colcon_core.environment:checking '/home/jetson/slash_ws/install/livox_ros_driver2/lib/pkgconfig/livox_ros_driver2.pc'
[4.254s] Level 1:colcon.colcon_core.environment:checking '/home/jetson/slash_ws/install/livox_ros_driver2/lib/python3.8/site-packages'
[4.254s] Level 1:colcon.colcon_core.shell:create_environment_hook('livox_ros_driver2', 'pythonpath')
[4.255s] INFO:colcon.colcon_core.shell:Creating environment hook '/home/jetson/slash_ws/install/livox_ros_driver2/share/livox_ros_driver2/hook/pythonpath.ps1'
[4.256s] INFO:colcon.colcon_core.shell:Creating environment descriptor '/home/jetson/slash_ws/install/livox_ros_driver2/share/livox_ros_driver2/hook/pythonpath.dsv'
[4.258s] INFO:colcon.colcon_core.shell:Creating environment hook '/home/jetson/slash_ws/install/livox_ros_driver2/share/livox_ros_driver2/hook/pythonpath.sh'
[4.260s] Level 1:colcon.colcon_core.environment:checking '/home/jetson/slash_ws/install/livox_ros_driver2/bin'
[4.262s] INFO:colcon.colcon_core.shell:Creating package script '/home/jetson/slash_ws/install/livox_ros_driver2/share/livox_ros_driver2/package.ps1'
[4.264s] INFO:colcon.colcon_core.shell:Creating package descriptor '/home/jetson/slash_ws/install/livox_ros_driver2/share/livox_ros_driver2/package.dsv'
[4.267s] INFO:colcon.colcon_core.shell:Creating package script '/home/jetson/slash_ws/install/livox_ros_driver2/share/livox_ros_driver2/package.sh'
[4.269s] INFO:colcon.colcon_core.shell:Creating package script '/home/jetson/slash_ws/install/livox_ros_driver2/share/livox_ros_driver2/package.bash'
[4.271s] INFO:colcon.colcon_core.shell:Creating package script '/home/jetson/slash_ws/install/livox_ros_driver2/share/livox_ros_driver2/package.zsh'
[4.272s] Level 1:colcon.colcon_core.environment:create_file_with_runtime_dependencies(/home/jetson/slash_ws/install/livox_ros_driver2/share/colcon-core/packages/livox_ros_driver2)
[4.275s] Level 1:colcon.colcon_core.environment:create_environment_scripts_only(livox_ros_driver2)
[4.275s] Level 1:colcon.colcon_core.environment:checking '/home/jetson/slash_ws/install/livox_ros_driver2' for CMake module files
[4.276s] Level 1:colcon.colcon_core.environment:checking '/home/jetson/slash_ws/install/livox_ros_driver2' for CMake config files
[4.278s] Level 1:colcon.colcon_core.shell:create_environment_hook('livox_ros_driver2', 'cmake_prefix_path')
[4.278s] INFO:colcon.colcon_core.shell:Creating environment hook '/home/jetson/slash_ws/install/livox_ros_driver2/share/livox_ros_driver2/hook/cmake_prefix_path.ps1'
[4.280s] INFO:colcon.colcon_core.shell:Creating environment descriptor '/home/jetson/slash_ws/install/livox_ros_driver2/share/livox_ros_driver2/hook/cmake_prefix_path.dsv'
[4.285s] INFO:colcon.colcon_core.shell:Creating environment hook '/home/jetson/slash_ws/install/livox_ros_driver2/share/livox_ros_driver2/hook/cmake_prefix_path.sh'
[4.287s] Level 1:colcon.colcon_core.environment:checking '/home/jetson/slash_ws/install/livox_ros_driver2/lib'
[4.288s] Level 1:colcon.colcon_core.shell:create_environment_hook('livox_ros_driver2', 'ld_library_path_lib')
[4.288s] INFO:colcon.colcon_core.shell:Creating environment hook '/home/jetson/slash_ws/install/livox_ros_driver2/share/livox_ros_driver2/hook/ld_library_path_lib.ps1'
[4.290s] INFO:colcon.colcon_core.shell:Creating environment descriptor '/home/jetson/slash_ws/install/livox_ros_driver2/share/livox_ros_driver2/hook/ld_library_path_lib.dsv'
[4.291s] INFO:colcon.colcon_core.shell:Creating environment hook '/home/jetson/slash_ws/install/livox_ros_driver2/share/livox_ros_driver2/hook/ld_library_path_lib.sh'
[4.293s] Level 1:colcon.colcon_core.environment:checking '/home/jetson/slash_ws/install/livox_ros_driver2/bin'
[4.293s] Level 1:colcon.colcon_core.environment:checking '/home/jetson/slash_ws/install/livox_ros_driver2/lib/pkgconfig/livox_ros_driver2.pc'
[4.294s] Level 1:colcon.colcon_core.environment:checking '/home/jetson/slash_ws/install/livox_ros_driver2/lib/python3.8/site-packages'
[4.294s] Level 1:colcon.colcon_core.shell:create_environment_hook('livox_ros_driver2', 'pythonpath')
[4.295s] INFO:colcon.colcon_core.shell:Creating environment hook '/home/jetson/slash_ws/install/livox_ros_driver2/share/livox_ros_driver2/hook/pythonpath.ps1'
[4.296s] INFO:colcon.colcon_core.shell:Creating environment descriptor '/home/jetson/slash_ws/install/livox_ros_driver2/share/livox_ros_driver2/hook/pythonpath.dsv'
[4.297s] INFO:colcon.colcon_core.shell:Creating environment hook '/home/jetson/slash_ws/install/livox_ros_driver2/share/livox_ros_driver2/hook/pythonpath.sh'
[4.298s] Level 1:colcon.colcon_core.environment:checking '/home/jetson/slash_ws/install/livox_ros_driver2/bin'
[4.299s] INFO:colcon.colcon_core.shell:Creating package script '/home/jetson/slash_ws/install/livox_ros_driver2/share/livox_ros_driver2/package.ps1'
[4.300s] INFO:colcon.colcon_core.shell:Creating package descriptor '/home/jetson/slash_ws/install/livox_ros_driver2/share/livox_ros_driver2/package.dsv'
[4.301s] INFO:colcon.colcon_core.shell:Creating package script '/home/jetson/slash_ws/install/livox_ros_driver2/share/livox_ros_driver2/package.sh'
[4.303s] INFO:colcon.colcon_core.shell:Creating package script '/home/jetson/slash_ws/install/livox_ros_driver2/share/livox_ros_driver2/package.bash'
[4.304s] INFO:colcon.colcon_core.shell:Creating package script '/home/jetson/slash_ws/install/livox_ros_driver2/share/livox_ros_driver2/package.zsh'
[4.305s] Level 1:colcon.colcon_core.environment:create_file_with_runtime_dependencies(/home/jetson/slash_ws/install/livox_ros_driver2/share/colcon-core/packages/livox_ros_driver2)
[4.308s] INFO:colcon.colcon_ros.task.ament_python.build:Building ROS package in '/home/jetson/slash_ws/src/slash_hardware/f1tenth_system/teleop_tools/joy_teleop' with build type 'ament_python'
[4.309s] Level 1:colcon.colcon_core.shell:create_environment_hook('joy_teleop', 'ament_prefix_path')
[4.310s] INFO:colcon.colcon_core.shell:Creating environment hook '/home/jetson/slash_ws/install/joy_teleop/share/joy_teleop/hook/ament_prefix_path.ps1'
[4.311s] INFO:colcon.colcon_core.shell:Creating environment descriptor '/home/jetson/slash_ws/install/joy_teleop/share/joy_teleop/hook/ament_prefix_path.dsv'
[4.312s] INFO:colcon.colcon_core.shell:Creating environment hook '/home/jetson/slash_ws/install/joy_teleop/share/joy_teleop/hook/ament_prefix_path.sh'
[4.314s] INFO:colcon.colcon_core.shell:Skip shell extension 'powershell' for command environment: Not usable outside of PowerShell
[4.314s] DEBUG:colcon.colcon_core.shell:Skip shell extension 'dsv' for command environment
[4.331s] INFO:colcon.colcon_ros.task.ament_cmake.build:Building ROS package in '/home/jetson/slash_ws/src/slash_perception/pointcloud_to_laserscan' with build type 'ament_cmake'
[4.332s] INFO:colcon.colcon_cmake.task.cmake.build:Building CMake package in '/home/jetson/slash_ws/src/slash_perception/pointcloud_to_laserscan'
[4.333s] INFO:colcon.colcon_core.shell:Skip shell extension 'powershell' for command environment: Not usable outside of PowerShell
[4.333s] DEBUG:colcon.colcon_core.shell:Skip shell extension 'dsv' for command environment
[4.380s] DEBUG:colcon.colcon_core.event_handler.log_command:Invoking command in '/home/jetson/slash_ws/build/vesc_ackermann': CMAKE_PREFIX_PATH=/home/jetson/slash_ws/install/vesc_msgs:/home/jetson/slash_ws/install/vesc:/home/jetson/slash_ws/install/vesc_driver:/home/jetson/slash_ws/install/vesc_ackermann:/home/jetson/slash_ws/install/teleop_tools:/home/jetson/slash_ws/install/teleop_tools_msgs:/home/jetson/slash_ws/install/teb_local_planner:/home/jetson/slash_ws/install/teb_msgs:/home/jetson/slash_ws/install/slash_nav2:/home/jetson/slash_ws/install/simple_mpc:/home/jetson/slash_ws/install/pointcloud_to_laserscan:/home/jetson/slash_ws/install/fast_lio:/home/jetson/slash_ws/install/livox_ros_driver2:/home/jetson/slash_ws/install/linefit_ground_segmentation_ros:/home/jetson/slash_ws/install/linefit_ground_segmentation:/home/jetson/slash_ws/install/costmap_converter:/home/jetson/slash_ws/install/costmap_converter_msgs:/home/jetson/slash_ws/install/ackermann_mux:/home/jetson/slash_ws/install/f1tenth_stack:/home/jetson/slash_ws/install/twist_to_ackermann:/home/jetson/slash_ws/install/joy_teleop:/home/jetson/slash_ws/install/roboracer_china_2025:/home/jetson/slash_ws/install/mouse_teleop:/home/jetson/slash_ws/install/key_teleop:/opt/ros/foxy LD_LIBRARY_PATH=/home/jetson/slash_ws/install/vesc_msgs/lib:/usr/local/cuda/lib64:/usr/local/cuda/lib64:/usr/local/cuda/lib64:/usr/local/cuda/lib64:/usr/local/cuda-11.4/lib64:/usr/local/cuda/lib64:/usr/local/cuda/lib64:/usr/local/cuda/lib64:/usr/local/cuda/lib64:/home/jetson/slash_ws/install/vesc_driver/lib:/home/jetson/slash_ws/install/vesc_ackermann/lib:/home/jetson/slash_ws/install/teleop_tools_msgs/lib:/home/jetson/slash_ws/install/teb_local_planner/lib:/home/jetson/slash_ws/install/teb_msgs/lib:/home/jetson/slash_ws/install/pointcloud_to_laserscan/lib:/home/jetson/slash_ws/install/fast_lio/lib:/home/jetson/slash_ws/install/livox_ros_driver2/lib:/home/jetson/slash_ws/install/linefit_ground_segmentation/lib:/home/jetson/slash_ws/install/costmap_converter/lib:/home/jetson/slash_ws/install/costmap_converter_msgs/lib:/usr/lib/aarch64-linux-gnu/gazebo-11/plugins:/opt/ros/foxy/opt/yaml_cpp_vendor/lib:/opt/ros/foxy/opt/rviz_ogre_vendor/lib:/opt/ros/foxy/lib/aarch64-linux-gnu:/opt/ros/foxy/lib:/usr/local/cuda-11.4/lib64 PYTHONPATH=/home/jetson/slash_ws/install/vesc_msgs/lib/python3.8/site-packages:/home/jetson/slash_ws/install/f1tenth_stack/lib/python3.8/site-packages:/home/jetson/slash_ws/install/twist_to_ackermann/lib/python3.8/site-packages:/home/jetson/slash_ws/install/joy_teleop/lib/python3.8/site-packages:/home/jetson/slash_ws/install/teleop_tools_msgs/lib/python3.8/site-packages:/home/jetson/slash_ws/install/teb_msgs/lib/python3.8/site-packages:/home/jetson/slash_ws/install/roboracer_china_2025/lib/python3.8/site-packages:/home/jetson/slash_ws/install/mouse_teleop/lib/python3.8/site-packages:/home/jetson/slash_ws/install/fast_lio/lib/python3.8/site-packages:/home/jetson/slash_ws/install/livox_ros_driver2/lib/python3.8/site-packages:/home/jetson/slash_ws/install/key_teleop/lib/python3.8/site-packages:/home/jetson/slash_ws/install/costmap_converter_msgs/lib/python3.8/site-packages:/opt/ros/foxy/lib/python3.8/site-packages /usr/bin/cmake --build /home/jetson/slash_ws/build/vesc_ackermann -- -j8 -l8
[4.416s] DEBUG:colcon.colcon_core.event_handler.log_command:Invoking command in '/home/jetson/slash_ws/build/vesc_driver': CMAKE_PREFIX_PATH=/home/jetson/slash_ws/install/vesc_msgs:/home/jetson/slash_ws/install/vesc:/home/jetson/slash_ws/install/vesc_driver:/home/jetson/slash_ws/install/vesc_ackermann:/home/jetson/slash_ws/install/teleop_tools:/home/jetson/slash_ws/install/teleop_tools_msgs:/home/jetson/slash_ws/install/teb_local_planner:/home/jetson/slash_ws/install/teb_msgs:/home/jetson/slash_ws/install/slash_nav2:/home/jetson/slash_ws/install/simple_mpc:/home/jetson/slash_ws/install/pointcloud_to_laserscan:/home/jetson/slash_ws/install/fast_lio:/home/jetson/slash_ws/install/livox_ros_driver2:/home/jetson/slash_ws/install/linefit_ground_segmentation_ros:/home/jetson/slash_ws/install/linefit_ground_segmentation:/home/jetson/slash_ws/install/costmap_converter:/home/jetson/slash_ws/install/costmap_converter_msgs:/home/jetson/slash_ws/install/ackermann_mux:/home/jetson/slash_ws/install/f1tenth_stack:/home/jetson/slash_ws/install/twist_to_ackermann:/home/jetson/slash_ws/install/joy_teleop:/home/jetson/slash_ws/install/roboracer_china_2025:/home/jetson/slash_ws/install/mouse_teleop:/home/jetson/slash_ws/install/key_teleop:/opt/ros/foxy LD_LIBRARY_PATH=/home/jetson/slash_ws/install/vesc_msgs/lib:/usr/local/cuda/lib64:/usr/local/cuda/lib64:/usr/local/cuda/lib64:/usr/local/cuda/lib64:/usr/local/cuda-11.4/lib64:/usr/local/cuda/lib64:/usr/local/cuda/lib64:/usr/local/cuda/lib64:/usr/local/cuda/lib64:/home/jetson/slash_ws/install/vesc_driver/lib:/home/jetson/slash_ws/install/vesc_ackermann/lib:/home/jetson/slash_ws/install/teleop_tools_msgs/lib:/home/jetson/slash_ws/install/teb_local_planner/lib:/home/jetson/slash_ws/install/teb_msgs/lib:/home/jetson/slash_ws/install/pointcloud_to_laserscan/lib:/home/jetson/slash_ws/install/fast_lio/lib:/home/jetson/slash_ws/install/livox_ros_driver2/lib:/home/jetson/slash_ws/install/linefit_ground_segmentation/lib:/home/jetson/slash_ws/install/costmap_converter/lib:/home/jetson/slash_ws/install/costmap_converter_msgs/lib:/usr/lib/aarch64-linux-gnu/gazebo-11/plugins:/opt/ros/foxy/opt/yaml_cpp_vendor/lib:/opt/ros/foxy/opt/rviz_ogre_vendor/lib:/opt/ros/foxy/lib/aarch64-linux-gnu:/opt/ros/foxy/lib:/usr/local/cuda-11.4/lib64 PYTHONPATH=/home/jetson/slash_ws/install/vesc_msgs/lib/python3.8/site-packages:/home/jetson/slash_ws/install/f1tenth_stack/lib/python3.8/site-packages:/home/jetson/slash_ws/install/twist_to_ackermann/lib/python3.8/site-packages:/home/jetson/slash_ws/install/joy_teleop/lib/python3.8/site-packages:/home/jetson/slash_ws/install/teleop_tools_msgs/lib/python3.8/site-packages:/home/jetson/slash_ws/install/teb_msgs/lib/python3.8/site-packages:/home/jetson/slash_ws/install/roboracer_china_2025/lib/python3.8/site-packages:/home/jetson/slash_ws/install/mouse_teleop/lib/python3.8/site-packages:/home/jetson/slash_ws/install/fast_lio/lib/python3.8/site-packages:/home/jetson/slash_ws/install/livox_ros_driver2/lib/python3.8/site-packages:/home/jetson/slash_ws/install/key_teleop/lib/python3.8/site-packages:/home/jetson/slash_ws/install/costmap_converter_msgs/lib/python3.8/site-packages:/opt/ros/foxy/lib/python3.8/site-packages /usr/bin/cmake --build /home/jetson/slash_ws/build/vesc_driver -- -j8 -l8
[4.446s] DEBUG:colcon.colcon_core.event_handler.log_command:Invoking command in '/home/jetson/slash_ws/build/costmap_converter': CMAKE_PREFIX_PATH=/home/jetson/slash_ws/install/costmap_converter_msgs:/home/jetson/slash_ws/install/vesc:/home/jetson/slash_ws/install/vesc_driver:/home/jetson/slash_ws/install/vesc_ackermann:/home/jetson/slash_ws/install/vesc_msgs:/home/jetson/slash_ws/install/teleop_tools:/home/jetson/slash_ws/install/teleop_tools_msgs:/home/jetson/slash_ws/install/teb_local_planner:/home/jetson/slash_ws/install/teb_msgs:/home/jetson/slash_ws/install/slash_nav2:/home/jetson/slash_ws/install/simple_mpc:/home/jetson/slash_ws/install/pointcloud_to_laserscan:/home/jetson/slash_ws/install/fast_lio:/home/jetson/slash_ws/install/livox_ros_driver2:/home/jetson/slash_ws/install/linefit_ground_segmentation_ros:/home/jetson/slash_ws/install/linefit_ground_segmentation:/home/jetson/slash_ws/install/costmap_converter:/home/jetson/slash_ws/install/ackermann_mux:/home/jetson/slash_ws/install/f1tenth_stack:/home/jetson/slash_ws/install/twist_to_ackermann:/home/jetson/slash_ws/install/joy_teleop:/home/jetson/slash_ws/install/roboracer_china_2025:/home/jetson/slash_ws/install/mouse_teleop:/home/jetson/slash_ws/install/key_teleop:/opt/ros/foxy LD_LIBRARY_PATH=/home/jetson/slash_ws/install/costmap_converter_msgs/lib:/usr/local/cuda/lib64:/usr/local/cuda/lib64:/usr/local/cuda/lib64:/usr/local/cuda/lib64:/usr/local/cuda-11.4/lib64:/usr/local/cuda/lib64:/usr/local/cuda/lib64:/usr/local/cuda/lib64:/usr/local/cuda/lib64:/home/jetson/slash_ws/install/vesc_driver/lib:/home/jetson/slash_ws/install/vesc_ackermann/lib:/home/jetson/slash_ws/install/vesc_msgs/lib:/home/jetson/slash_ws/install/teleop_tools_msgs/lib:/home/jetson/slash_ws/install/teb_local_planner/lib:/home/jetson/slash_ws/install/teb_msgs/lib:/home/jetson/slash_ws/install/pointcloud_to_laserscan/lib:/home/jetson/slash_ws/install/fast_lio/lib:/home/jetson/slash_ws/install/livox_ros_driver2/lib:/home/jetson/slash_ws/install/linefit_ground_segmentation/lib:/home/jetson/slash_ws/install/costmap_converter/lib:/usr/lib/aarch64-linux-gnu/gazebo-11/plugins:/opt/ros/foxy/opt/yaml_cpp_vendor/lib:/opt/ros/foxy/opt/rviz_ogre_vendor/lib:/opt/ros/foxy/lib/aarch64-linux-gnu:/opt/ros/foxy/lib:/usr/local/cuda-11.4/lib64 PYTHONPATH=/home/jetson/slash_ws/install/costmap_converter_msgs/lib/python3.8/site-packages:/home/jetson/slash_ws/install/f1tenth_stack/lib/python3.8/site-packages:/home/jetson/slash_ws/install/vesc_msgs/lib/python3.8/site-packages:/home/jetson/slash_ws/install/twist_to_ackermann/lib/python3.8/site-packages:/home/jetson/slash_ws/install/joy_teleop/lib/python3.8/site-packages:/home/jetson/slash_ws/install/teleop_tools_msgs/lib/python3.8/site-packages:/home/jetson/slash_ws/install/teb_msgs/lib/python3.8/site-packages:/home/jetson/slash_ws/install/roboracer_china_2025/lib/python3.8/site-packages:/home/jetson/slash_ws/install/mouse_teleop/lib/python3.8/site-packages:/home/jetson/slash_ws/install/fast_lio/lib/python3.8/site-packages:/home/jetson/slash_ws/install/livox_ros_driver2/lib/python3.8/site-packages:/home/jetson/slash_ws/install/key_teleop/lib/python3.8/site-packages:/opt/ros/foxy/lib/python3.8/site-packages /usr/bin/cmake --build /home/jetson/slash_ws/build/costmap_converter -- -j8 -l8
[4.501s] DEBUG:colcon.colcon_core.event_handler.log_command:Invoking command in '/home/jetson/slash_ws/build/teb_msgs': CMAKE_PREFIX_PATH=/home/jetson/slash_ws/install/costmap_converter_msgs:/home/jetson/slash_ws/install/vesc:/home/jetson/slash_ws/install/vesc_driver:/home/jetson/slash_ws/install/vesc_ackermann:/home/jetson/slash_ws/install/vesc_msgs:/home/jetson/slash_ws/install/teleop_tools:/home/jetson/slash_ws/install/teleop_tools_msgs:/home/jetson/slash_ws/install/teb_local_planner:/home/jetson/slash_ws/install/teb_msgs:/home/jetson/slash_ws/install/slash_nav2:/home/jetson/slash_ws/install/simple_mpc:/home/jetson/slash_ws/install/pointcloud_to_laserscan:/home/jetson/slash_ws/install/fast_lio:/home/jetson/slash_ws/install/livox_ros_driver2:/home/jetson/slash_ws/install/linefit_ground_segmentation_ros:/home/jetson/slash_ws/install/linefit_ground_segmentation:/home/jetson/slash_ws/install/costmap_converter:/home/jetson/slash_ws/install/ackermann_mux:/home/jetson/slash_ws/install/f1tenth_stack:/home/jetson/slash_ws/install/twist_to_ackermann:/home/jetson/slash_ws/install/joy_teleop:/home/jetson/slash_ws/install/roboracer_china_2025:/home/jetson/slash_ws/install/mouse_teleop:/home/jetson/slash_ws/install/key_teleop:/opt/ros/foxy LD_LIBRARY_PATH=/home/jetson/slash_ws/install/costmap_converter_msgs/lib:/usr/local/cuda/lib64:/usr/local/cuda/lib64:/usr/local/cuda/lib64:/usr/local/cuda/lib64:/usr/local/cuda-11.4/lib64:/usr/local/cuda/lib64:/usr/local/cuda/lib64:/usr/local/cuda/lib64:/usr/local/cuda/lib64:/home/jetson/slash_ws/install/vesc_driver/lib:/home/jetson/slash_ws/install/vesc_ackermann/lib:/home/jetson/slash_ws/install/vesc_msgs/lib:/home/jetson/slash_ws/install/teleop_tools_msgs/lib:/home/jetson/slash_ws/install/teb_local_planner/lib:/home/jetson/slash_ws/install/teb_msgs/lib:/home/jetson/slash_ws/install/pointcloud_to_laserscan/lib:/home/jetson/slash_ws/install/fast_lio/lib:/home/jetson/slash_ws/install/livox_ros_driver2/lib:/home/jetson/slash_ws/install/linefit_ground_segmentation/lib:/home/jetson/slash_ws/install/costmap_converter/lib:/usr/lib/aarch64-linux-gnu/gazebo-11/plugins:/opt/ros/foxy/opt/yaml_cpp_vendor/lib:/opt/ros/foxy/opt/rviz_ogre_vendor/lib:/opt/ros/foxy/lib/aarch64-linux-gnu:/opt/ros/foxy/lib:/usr/local/cuda-11.4/lib64 PYTHONPATH=/home/jetson/slash_ws/install/costmap_converter_msgs/lib/python3.8/site-packages:/home/jetson/slash_ws/install/f1tenth_stack/lib/python3.8/site-packages:/home/jetson/slash_ws/install/vesc_msgs/lib/python3.8/site-packages:/home/jetson/slash_ws/install/twist_to_ackermann/lib/python3.8/site-packages:/home/jetson/slash_ws/install/joy_teleop/lib/python3.8/site-packages:/home/jetson/slash_ws/install/teleop_tools_msgs/lib/python3.8/site-packages:/home/jetson/slash_ws/install/teb_msgs/lib/python3.8/site-packages:/home/jetson/slash_ws/install/roboracer_china_2025/lib/python3.8/site-packages:/home/jetson/slash_ws/install/mouse_teleop/lib/python3.8/site-packages:/home/jetson/slash_ws/install/fast_lio/lib/python3.8/site-packages:/home/jetson/slash_ws/install/livox_ros_driver2/lib/python3.8/site-packages:/home/jetson/slash_ws/install/key_teleop/lib/python3.8/site-packages:/opt/ros/foxy/lib/python3.8/site-packages /usr/bin/cmake --build /home/jetson/slash_ws/build/teb_msgs -- -j8 -l8
[4.522s] DEBUG:colcon.colcon_core.event_handler.log_command:Invoking command in '/home/jetson/slash_ws/build/pointcloud_to_laserscan': CMAKE_PREFIX_PATH=${CMAKE_PREFIX_PATH}:/home/jetson/slash_ws/install/f1tenth_stack:/home/jetson/slash_ws/install/twist_to_ackermann:/home/jetson/slash_ws/install/joy_teleop:/home/jetson/slash_ws/install/roboracer_china_2025:/home/jetson/slash_ws/install/mouse_teleop:/home/jetson/slash_ws/install/key_teleop:/opt/ros/foxy /usr/bin/cmake --build /home/jetson/slash_ws/build/pointcloud_to_laserscan -- -j8 -l8
[5.823s] INFO:colcon.colcon_core.task.python.build:Building Python package in '/home/jetson/slash_ws/src/slash_hardware/f1tenth_system/teleop_tools/joy_teleop'
[5.824s] INFO:colcon.colcon_core.shell:Skip shell extension 'powershell' for command environment: Not usable outside of PowerShell
[5.824s] DEBUG:colcon.colcon_core.shell:Skip shell extension 'dsv' for command environment
[5.859s] DEBUG:colcon.colcon_core.event_handler.log_command:Invoked command in '/home/jetson/slash_ws/build/vesc_ackermann' returned '0': CMAKE_PREFIX_PATH=/home/jetson/slash_ws/install/vesc_msgs:/home/jetson/slash_ws/install/vesc:/home/jetson/slash_ws/install/vesc_driver:/home/jetson/slash_ws/install/vesc_ackermann:/home/jetson/slash_ws/install/teleop_tools:/home/jetson/slash_ws/install/teleop_tools_msgs:/home/jetson/slash_ws/install/teb_local_planner:/home/jetson/slash_ws/install/teb_msgs:/home/jetson/slash_ws/install/slash_nav2:/home/jetson/slash_ws/install/simple_mpc:/home/jetson/slash_ws/install/pointcloud_to_laserscan:/home/jetson/slash_ws/install/fast_lio:/home/jetson/slash_ws/install/livox_ros_driver2:/home/jetson/slash_ws/install/linefit_ground_segmentation_ros:/home/jetson/slash_ws/install/linefit_ground_segmentation:/home/jetson/slash_ws/install/costmap_converter:/home/jetson/slash_ws/install/costmap_converter_msgs:/home/jetson/slash_ws/install/ackermann_mux:/home/jetson/slash_ws/install/f1tenth_stack:/home/jetson/slash_ws/install/twist_to_ackermann:/home/jetson/slash_ws/install/joy_teleop:/home/jetson/slash_ws/install/roboracer_china_2025:/home/jetson/slash_ws/install/mouse_teleop:/home/jetson/slash_ws/install/key_teleop:/opt/ros/foxy LD_LIBRARY_PATH=/home/jetson/slash_ws/install/vesc_msgs/lib:/usr/local/cuda/lib64:/usr/local/cuda/lib64:/usr/local/cuda/lib64:/usr/local/cuda/lib64:/usr/local/cuda-11.4/lib64:/usr/local/cuda/lib64:/usr/local/cuda/lib64:/usr/local/cuda/lib64:/usr/local/cuda/lib64:/home/jetson/slash_ws/install/vesc_driver/lib:/home/jetson/slash_ws/install/vesc_ackermann/lib:/home/jetson/slash_ws/install/teleop_tools_msgs/lib:/home/jetson/slash_ws/install/teb_local_planner/lib:/home/jetson/slash_ws/install/teb_msgs/lib:/home/jetson/slash_ws/install/pointcloud_to_laserscan/lib:/home/jetson/slash_ws/install/fast_lio/lib:/home/jetson/slash_ws/install/livox_ros_driver2/lib:/home/jetson/slash_ws/install/linefit_ground_segmentation/lib:/home/jetson/slash_ws/install/costmap_converter/lib:/home/jetson/slash_ws/install/costmap_converter_msgs/lib:/usr/lib/aarch64-linux-gnu/gazebo-11/plugins:/opt/ros/foxy/opt/yaml_cpp_vendor/lib:/opt/ros/foxy/opt/rviz_ogre_vendor/lib:/opt/ros/foxy/lib/aarch64-linux-gnu:/opt/ros/foxy/lib:/usr/local/cuda-11.4/lib64 PYTHONPATH=/home/jetson/slash_ws/install/vesc_msgs/lib/python3.8/site-packages:/home/jetson/slash_ws/install/f1tenth_stack/lib/python3.8/site-packages:/home/jetson/slash_ws/install/twist_to_ackermann/lib/python3.8/site-packages:/home/jetson/slash_ws/install/joy_teleop/lib/python3.8/site-packages:/home/jetson/slash_ws/install/teleop_tools_msgs/lib/python3.8/site-packages:/home/jetson/slash_ws/install/teb_msgs/lib/python3.8/site-packages:/home/jetson/slash_ws/install/roboracer_china_2025/lib/python3.8/site-packages:/home/jetson/slash_ws/install/mouse_teleop/lib/python3.8/site-packages:/home/jetson/slash_ws/install/fast_lio/lib/python3.8/site-packages:/home/jetson/slash_ws/install/livox_ros_driver2/lib/python3.8/site-packages:/home/jetson/slash_ws/install/key_teleop/lib/python3.8/site-packages:/home/jetson/slash_ws/install/costmap_converter_msgs/lib/python3.8/site-packages:/opt/ros/foxy/lib/python3.8/site-packages /usr/bin/cmake --build /home/jetson/slash_ws/build/vesc_ackermann -- -j8 -l8
[5.881s] DEBUG:colcon.colcon_core.event_handler.log_command:Invoking command in '/home/jetson/slash_ws/build/vesc_ackermann': CMAKE_PREFIX_PATH=/home/jetson/slash_ws/install/vesc_msgs:/home/jetson/slash_ws/install/vesc:/home/jetson/slash_ws/install/vesc_driver:/home/jetson/slash_ws/install/vesc_ackermann:/home/jetson/slash_ws/install/teleop_tools:/home/jetson/slash_ws/install/teleop_tools_msgs:/home/jetson/slash_ws/install/teb_local_planner:/home/jetson/slash_ws/install/teb_msgs:/home/jetson/slash_ws/install/slash_nav2:/home/jetson/slash_ws/install/simple_mpc:/home/jetson/slash_ws/install/pointcloud_to_laserscan:/home/jetson/slash_ws/install/fast_lio:/home/jetson/slash_ws/install/livox_ros_driver2:/home/jetson/slash_ws/install/linefit_ground_segmentation_ros:/home/jetson/slash_ws/install/linefit_ground_segmentation:/home/jetson/slash_ws/install/costmap_converter:/home/jetson/slash_ws/install/costmap_converter_msgs:/home/jetson/slash_ws/install/ackermann_mux:/home/jetson/slash_ws/install/f1tenth_stack:/home/jetson/slash_ws/install/twist_to_ackermann:/home/jetson/slash_ws/install/joy_teleop:/home/jetson/slash_ws/install/roboracer_china_2025:/home/jetson/slash_ws/install/mouse_teleop:/home/jetson/slash_ws/install/key_teleop:/opt/ros/foxy LD_LIBRARY_PATH=/home/jetson/slash_ws/install/vesc_msgs/lib:/usr/local/cuda/lib64:/usr/local/cuda/lib64:/usr/local/cuda/lib64:/usr/local/cuda/lib64:/usr/local/cuda-11.4/lib64:/usr/local/cuda/lib64:/usr/local/cuda/lib64:/usr/local/cuda/lib64:/usr/local/cuda/lib64:/home/jetson/slash_ws/install/vesc_driver/lib:/home/jetson/slash_ws/install/vesc_ackermann/lib:/home/jetson/slash_ws/install/teleop_tools_msgs/lib:/home/jetson/slash_ws/install/teb_local_planner/lib:/home/jetson/slash_ws/install/teb_msgs/lib:/home/jetson/slash_ws/install/pointcloud_to_laserscan/lib:/home/jetson/slash_ws/install/fast_lio/lib:/home/jetson/slash_ws/install/livox_ros_driver2/lib:/home/jetson/slash_ws/install/linefit_ground_segmentation/lib:/home/jetson/slash_ws/install/costmap_converter/lib:/home/jetson/slash_ws/install/costmap_converter_msgs/lib:/usr/lib/aarch64-linux-gnu/gazebo-11/plugins:/opt/ros/foxy/opt/yaml_cpp_vendor/lib:/opt/ros/foxy/opt/rviz_ogre_vendor/lib:/opt/ros/foxy/lib/aarch64-linux-gnu:/opt/ros/foxy/lib:/usr/local/cuda-11.4/lib64 PYTHONPATH=/home/jetson/slash_ws/install/vesc_msgs/lib/python3.8/site-packages:/home/jetson/slash_ws/install/f1tenth_stack/lib/python3.8/site-packages:/home/jetson/slash_ws/install/twist_to_ackermann/lib/python3.8/site-packages:/home/jetson/slash_ws/install/joy_teleop/lib/python3.8/site-packages:/home/jetson/slash_ws/install/teleop_tools_msgs/lib/python3.8/site-packages:/home/jetson/slash_ws/install/teb_msgs/lib/python3.8/site-packages:/home/jetson/slash_ws/install/roboracer_china_2025/lib/python3.8/site-packages:/home/jetson/slash_ws/install/mouse_teleop/lib/python3.8/site-packages:/home/jetson/slash_ws/install/fast_lio/lib/python3.8/site-packages:/home/jetson/slash_ws/install/livox_ros_driver2/lib/python3.8/site-packages:/home/jetson/slash_ws/install/key_teleop/lib/python3.8/site-packages:/home/jetson/slash_ws/install/costmap_converter_msgs/lib/python3.8/site-packages:/opt/ros/foxy/lib/python3.8/site-packages /usr/bin/cmake --install /home/jetson/slash_ws/build/vesc_ackermann
[5.882s] DEBUG:colcon.colcon_core.event_handler.log_command:Invoked command in '/home/jetson/slash_ws/build/vesc_driver' returned '0': CMAKE_PREFIX_PATH=/home/jetson/slash_ws/install/vesc_msgs:/home/jetson/slash_ws/install/vesc:/home/jetson/slash_ws/install/vesc_driver:/home/jetson/slash_ws/install/vesc_ackermann:/home/jetson/slash_ws/install/teleop_tools:/home/jetson/slash_ws/install/teleop_tools_msgs:/home/jetson/slash_ws/install/teb_local_planner:/home/jetson/slash_ws/install/teb_msgs:/home/jetson/slash_ws/install/slash_nav2:/home/jetson/slash_ws/install/simple_mpc:/home/jetson/slash_ws/install/pointcloud_to_laserscan:/home/jetson/slash_ws/install/fast_lio:/home/jetson/slash_ws/install/livox_ros_driver2:/home/jetson/slash_ws/install/linefit_ground_segmentation_ros:/home/jetson/slash_ws/install/linefit_ground_segmentation:/home/jetson/slash_ws/install/costmap_converter:/home/jetson/slash_ws/install/costmap_converter_msgs:/home/jetson/slash_ws/install/ackermann_mux:/home/jetson/slash_ws/install/f1tenth_stack:/home/jetson/slash_ws/install/twist_to_ackermann:/home/jetson/slash_ws/install/joy_teleop:/home/jetson/slash_ws/install/roboracer_china_2025:/home/jetson/slash_ws/install/mouse_teleop:/home/jetson/slash_ws/install/key_teleop:/opt/ros/foxy LD_LIBRARY_PATH=/home/jetson/slash_ws/install/vesc_msgs/lib:/usr/local/cuda/lib64:/usr/local/cuda/lib64:/usr/local/cuda/lib64:/usr/local/cuda/lib64:/usr/local/cuda-11.4/lib64:/usr/local/cuda/lib64:/usr/local/cuda/lib64:/usr/local/cuda/lib64:/usr/local/cuda/lib64:/home/jetson/slash_ws/install/vesc_driver/lib:/home/jetson/slash_ws/install/vesc_ackermann/lib:/home/jetson/slash_ws/install/teleop_tools_msgs/lib:/home/jetson/slash_ws/install/teb_local_planner/lib:/home/jetson/slash_ws/install/teb_msgs/lib:/home/jetson/slash_ws/install/pointcloud_to_laserscan/lib:/home/jetson/slash_ws/install/fast_lio/lib:/home/jetson/slash_ws/install/livox_ros_driver2/lib:/home/jetson/slash_ws/install/linefit_ground_segmentation/lib:/home/jetson/slash_ws/install/costmap_converter/lib:/home/jetson/slash_ws/install/costmap_converter_msgs/lib:/usr/lib/aarch64-linux-gnu/gazebo-11/plugins:/opt/ros/foxy/opt/yaml_cpp_vendor/lib:/opt/ros/foxy/opt/rviz_ogre_vendor/lib:/opt/ros/foxy/lib/aarch64-linux-gnu:/opt/ros/foxy/lib:/usr/local/cuda-11.4/lib64 PYTHONPATH=/home/jetson/slash_ws/install/vesc_msgs/lib/python3.8/site-packages:/home/jetson/slash_ws/install/f1tenth_stack/lib/python3.8/site-packages:/home/jetson/slash_ws/install/twist_to_ackermann/lib/python3.8/site-packages:/home/jetson/slash_ws/install/joy_teleop/lib/python3.8/site-packages:/home/jetson/slash_ws/install/teleop_tools_msgs/lib/python3.8/site-packages:/home/jetson/slash_ws/install/teb_msgs/lib/python3.8/site-packages:/home/jetson/slash_ws/install/roboracer_china_2025/lib/python3.8/site-packages:/home/jetson/slash_ws/install/mouse_teleop/lib/python3.8/site-packages:/home/jetson/slash_ws/install/fast_lio/lib/python3.8/site-packages:/home/jetson/slash_ws/install/livox_ros_driver2/lib/python3.8/site-packages:/home/jetson/slash_ws/install/key_teleop/lib/python3.8/site-packages:/home/jetson/slash_ws/install/costmap_converter_msgs/lib/python3.8/site-packages:/opt/ros/foxy/lib/python3.8/site-packages /usr/bin/cmake --build /home/jetson/slash_ws/build/vesc_driver -- -j8 -l8
[5.892s] DEBUG:colcon.colcon_core.event_handler.log_command:Invoking command in '/home/jetson/slash_ws/build/vesc_driver': CMAKE_PREFIX_PATH=/home/jetson/slash_ws/install/vesc_msgs:/home/jetson/slash_ws/install/vesc:/home/jetson/slash_ws/install/vesc_driver:/home/jetson/slash_ws/install/vesc_ackermann:/home/jetson/slash_ws/install/teleop_tools:/home/jetson/slash_ws/install/teleop_tools_msgs:/home/jetson/slash_ws/install/teb_local_planner:/home/jetson/slash_ws/install/teb_msgs:/home/jetson/slash_ws/install/slash_nav2:/home/jetson/slash_ws/install/simple_mpc:/home/jetson/slash_ws/install/pointcloud_to_laserscan:/home/jetson/slash_ws/install/fast_lio:/home/jetson/slash_ws/install/livox_ros_driver2:/home/jetson/slash_ws/install/linefit_ground_segmentation_ros:/home/jetson/slash_ws/install/linefit_ground_segmentation:/home/jetson/slash_ws/install/costmap_converter:/home/jetson/slash_ws/install/costmap_converter_msgs:/home/jetson/slash_ws/install/ackermann_mux:/home/jetson/slash_ws/install/f1tenth_stack:/home/jetson/slash_ws/install/twist_to_ackermann:/home/jetson/slash_ws/install/joy_teleop:/home/jetson/slash_ws/install/roboracer_china_2025:/home/jetson/slash_ws/install/mouse_teleop:/home/jetson/slash_ws/install/key_teleop:/opt/ros/foxy LD_LIBRARY_PATH=/home/jetson/slash_ws/install/vesc_msgs/lib:/usr/local/cuda/lib64:/usr/local/cuda/lib64:/usr/local/cuda/lib64:/usr/local/cuda/lib64:/usr/local/cuda-11.4/lib64:/usr/local/cuda/lib64:/usr/local/cuda/lib64:/usr/local/cuda/lib64:/usr/local/cuda/lib64:/home/jetson/slash_ws/install/vesc_driver/lib:/home/jetson/slash_ws/install/vesc_ackermann/lib:/home/jetson/slash_ws/install/teleop_tools_msgs/lib:/home/jetson/slash_ws/install/teb_local_planner/lib:/home/jetson/slash_ws/install/teb_msgs/lib:/home/jetson/slash_ws/install/pointcloud_to_laserscan/lib:/home/jetson/slash_ws/install/fast_lio/lib:/home/jetson/slash_ws/install/livox_ros_driver2/lib:/home/jetson/slash_ws/install/linefit_ground_segmentation/lib:/home/jetson/slash_ws/install/costmap_converter/lib:/home/jetson/slash_ws/install/costmap_converter_msgs/lib:/usr/lib/aarch64-linux-gnu/gazebo-11/plugins:/opt/ros/foxy/opt/yaml_cpp_vendor/lib:/opt/ros/foxy/opt/rviz_ogre_vendor/lib:/opt/ros/foxy/lib/aarch64-linux-gnu:/opt/ros/foxy/lib:/usr/local/cuda-11.4/lib64 PYTHONPATH=/home/jetson/slash_ws/install/vesc_msgs/lib/python3.8/site-packages:/home/jetson/slash_ws/install/f1tenth_stack/lib/python3.8/site-packages:/home/jetson/slash_ws/install/twist_to_ackermann/lib/python3.8/site-packages:/home/jetson/slash_ws/install/joy_teleop/lib/python3.8/site-packages:/home/jetson/slash_ws/install/teleop_tools_msgs/lib/python3.8/site-packages:/home/jetson/slash_ws/install/teb_msgs/lib/python3.8/site-packages:/home/jetson/slash_ws/install/roboracer_china_2025/lib/python3.8/site-packages:/home/jetson/slash_ws/install/mouse_teleop/lib/python3.8/site-packages:/home/jetson/slash_ws/install/fast_lio/lib/python3.8/site-packages:/home/jetson/slash_ws/install/livox_ros_driver2/lib/python3.8/site-packages:/home/jetson/slash_ws/install/key_teleop/lib/python3.8/site-packages:/home/jetson/slash_ws/install/costmap_converter_msgs/lib/python3.8/site-packages:/opt/ros/foxy/lib/python3.8/site-packages /usr/bin/cmake --install /home/jetson/slash_ws/build/vesc_driver
[5.901s] DEBUG:colcon.colcon_core.event_handler.log_command:Invoked command in '/home/jetson/slash_ws/build/pointcloud_to_laserscan' returned '0': CMAKE_PREFIX_PATH=${CMAKE_PREFIX_PATH}:/home/jetson/slash_ws/install/f1tenth_stack:/home/jetson/slash_ws/install/twist_to_ackermann:/home/jetson/slash_ws/install/joy_teleop:/home/jetson/slash_ws/install/roboracer_china_2025:/home/jetson/slash_ws/install/mouse_teleop:/home/jetson/slash_ws/install/key_teleop:/opt/ros/foxy /usr/bin/cmake --build /home/jetson/slash_ws/build/pointcloud_to_laserscan -- -j8 -l8
[5.911s] DEBUG:colcon.colcon_core.event_handler.log_command:Invoking command in '/home/jetson/slash_ws/build/pointcloud_to_laserscan': CMAKE_PREFIX_PATH=${CMAKE_PREFIX_PATH}:/home/jetson/slash_ws/install/f1tenth_stack:/home/jetson/slash_ws/install/twist_to_ackermann:/home/jetson/slash_ws/install/joy_teleop:/home/jetson/slash_ws/install/roboracer_china_2025:/home/jetson/slash_ws/install/mouse_teleop:/home/jetson/slash_ws/install/key_teleop:/opt/ros/foxy /usr/bin/cmake --install /home/jetson/slash_ws/build/pointcloud_to_laserscan
[5.914s] DEBUG:colcon.colcon_core.event_handler.log_command:Invoked command in '/home/jetson/slash_ws/build/costmap_converter' returned '0': CMAKE_PREFIX_PATH=/home/jetson/slash_ws/install/costmap_converter_msgs:/home/jetson/slash_ws/install/vesc:/home/jetson/slash_ws/install/vesc_driver:/home/jetson/slash_ws/install/vesc_ackermann:/home/jetson/slash_ws/install/vesc_msgs:/home/jetson/slash_ws/install/teleop_tools:/home/jetson/slash_ws/install/teleop_tools_msgs:/home/jetson/slash_ws/install/teb_local_planner:/home/jetson/slash_ws/install/teb_msgs:/home/jetson/slash_ws/install/slash_nav2:/home/jetson/slash_ws/install/simple_mpc:/home/jetson/slash_ws/install/pointcloud_to_laserscan:/home/jetson/slash_ws/install/fast_lio:/home/jetson/slash_ws/install/livox_ros_driver2:/home/jetson/slash_ws/install/linefit_ground_segmentation_ros:/home/jetson/slash_ws/install/linefit_ground_segmentation:/home/jetson/slash_ws/install/costmap_converter:/home/jetson/slash_ws/install/ackermann_mux:/home/jetson/slash_ws/install/f1tenth_stack:/home/jetson/slash_ws/install/twist_to_ackermann:/home/jetson/slash_ws/install/joy_teleop:/home/jetson/slash_ws/install/roboracer_china_2025:/home/jetson/slash_ws/install/mouse_teleop:/home/jetson/slash_ws/install/key_teleop:/opt/ros/foxy LD_LIBRARY_PATH=/home/jetson/slash_ws/install/costmap_converter_msgs/lib:/usr/local/cuda/lib64:/usr/local/cuda/lib64:/usr/local/cuda/lib64:/usr/local/cuda/lib64:/usr/local/cuda-11.4/lib64:/usr/local/cuda/lib64:/usr/local/cuda/lib64:/usr/local/cuda/lib64:/usr/local/cuda/lib64:/home/jetson/slash_ws/install/vesc_driver/lib:/home/jetson/slash_ws/install/vesc_ackermann/lib:/home/jetson/slash_ws/install/vesc_msgs/lib:/home/jetson/slash_ws/install/teleop_tools_msgs/lib:/home/jetson/slash_ws/install/teb_local_planner/lib:/home/jetson/slash_ws/install/teb_msgs/lib:/home/jetson/slash_ws/install/pointcloud_to_laserscan/lib:/home/jetson/slash_ws/install/fast_lio/lib:/home/jetson/slash_ws/install/livox_ros_driver2/lib:/home/jetson/slash_ws/install/linefit_ground_segmentation/lib:/home/jetson/slash_ws/install/costmap_converter/lib:/usr/lib/aarch64-linux-gnu/gazebo-11/plugins:/opt/ros/foxy/opt/yaml_cpp_vendor/lib:/opt/ros/foxy/opt/rviz_ogre_vendor/lib:/opt/ros/foxy/lib/aarch64-linux-gnu:/opt/ros/foxy/lib:/usr/local/cuda-11.4/lib64 PYTHONPATH=/home/jetson/slash_ws/install/costmap_converter_msgs/lib/python3.8/site-packages:/home/jetson/slash_ws/install/f1tenth_stack/lib/python3.8/site-packages:/home/jetson/slash_ws/install/vesc_msgs/lib/python3.8/site-packages:/home/jetson/slash_ws/install/twist_to_ackermann/lib/python3.8/site-packages:/home/jetson/slash_ws/install/joy_teleop/lib/python3.8/site-packages:/home/jetson/slash_ws/install/teleop_tools_msgs/lib/python3.8/site-packages:/home/jetson/slash_ws/install/teb_msgs/lib/python3.8/site-packages:/home/jetson/slash_ws/install/roboracer_china_2025/lib/python3.8/site-packages:/home/jetson/slash_ws/install/mouse_teleop/lib/python3.8/site-packages:/home/jetson/slash_ws/install/fast_lio/lib/python3.8/site-packages:/home/jetson/slash_ws/install/livox_ros_driver2/lib/python3.8/site-packages:/home/jetson/slash_ws/install/key_teleop/lib/python3.8/site-packages:/opt/ros/foxy/lib/python3.8/site-packages /usr/bin/cmake --build /home/jetson/slash_ws/build/costmap_converter -- -j8 -l8
[5.918s] DEBUG:colcon.colcon_core.event_handler.log_command:Invoking command in '/home/jetson/slash_ws/build/costmap_converter': CMAKE_PREFIX_PATH=/home/jetson/slash_ws/install/costmap_converter_msgs:/home/jetson/slash_ws/install/vesc:/home/jetson/slash_ws/install/vesc_driver:/home/jetson/slash_ws/install/vesc_ackermann:/home/jetson/slash_ws/install/vesc_msgs:/home/jetson/slash_ws/install/teleop_tools:/home/jetson/slash_ws/install/teleop_tools_msgs:/home/jetson/slash_ws/install/teb_local_planner:/home/jetson/slash_ws/install/teb_msgs:/home/jetson/slash_ws/install/slash_nav2:/home/jetson/slash_ws/install/simple_mpc:/home/jetson/slash_ws/install/pointcloud_to_laserscan:/home/jetson/slash_ws/install/fast_lio:/home/jetson/slash_ws/install/livox_ros_driver2:/home/jetson/slash_ws/install/linefit_ground_segmentation_ros:/home/jetson/slash_ws/install/linefit_ground_segmentation:/home/jetson/slash_ws/install/costmap_converter:/home/jetson/slash_ws/install/ackermann_mux:/home/jetson/slash_ws/install/f1tenth_stack:/home/jetson/slash_ws/install/twist_to_ackermann:/home/jetson/slash_ws/install/joy_teleop:/home/jetson/slash_ws/install/roboracer_china_2025:/home/jetson/slash_ws/install/mouse_teleop:/home/jetson/slash_ws/install/key_teleop:/opt/ros/foxy LD_LIBRARY_PATH=/home/jetson/slash_ws/install/costmap_converter_msgs/lib:/usr/local/cuda/lib64:/usr/local/cuda/lib64:/usr/local/cuda/lib64:/usr/local/cuda/lib64:/usr/local/cuda-11.4/lib64:/usr/local/cuda/lib64:/usr/local/cuda/lib64:/usr/local/cuda/lib64:/usr/local/cuda/lib64:/home/jetson/slash_ws/install/vesc_driver/lib:/home/jetson/slash_ws/install/vesc_ackermann/lib:/home/jetson/slash_ws/install/vesc_msgs/lib:/home/jetson/slash_ws/install/teleop_tools_msgs/lib:/home/jetson/slash_ws/install/teb_local_planner/lib:/home/jetson/slash_ws/install/teb_msgs/lib:/home/jetson/slash_ws/install/pointcloud_to_laserscan/lib:/home/jetson/slash_ws/install/fast_lio/lib:/home/jetson/slash_ws/install/livox_ros_driver2/lib:/home/jetson/slash_ws/install/linefit_ground_segmentation/lib:/home/jetson/slash_ws/install/costmap_converter/lib:/usr/lib/aarch64-linux-gnu/gazebo-11/plugins:/opt/ros/foxy/opt/yaml_cpp_vendor/lib:/opt/ros/foxy/opt/rviz_ogre_vendor/lib:/opt/ros/foxy/lib/aarch64-linux-gnu:/opt/ros/foxy/lib:/usr/local/cuda-11.4/lib64 PYTHONPATH=/home/jetson/slash_ws/install/costmap_converter_msgs/lib/python3.8/site-packages:/home/jetson/slash_ws/install/f1tenth_stack/lib/python3.8/site-packages:/home/jetson/slash_ws/install/vesc_msgs/lib/python3.8/site-packages:/home/jetson/slash_ws/install/twist_to_ackermann/lib/python3.8/site-packages:/home/jetson/slash_ws/install/joy_teleop/lib/python3.8/site-packages:/home/jetson/slash_ws/install/teleop_tools_msgs/lib/python3.8/site-packages:/home/jetson/slash_ws/install/teb_msgs/lib/python3.8/site-packages:/home/jetson/slash_ws/install/roboracer_china_2025/lib/python3.8/site-packages:/home/jetson/slash_ws/install/mouse_teleop/lib/python3.8/site-packages:/home/jetson/slash_ws/install/fast_lio/lib/python3.8/site-packages:/home/jetson/slash_ws/install/livox_ros_driver2/lib/python3.8/site-packages:/home/jetson/slash_ws/install/key_teleop/lib/python3.8/site-packages:/opt/ros/foxy/lib/python3.8/site-packages /usr/bin/cmake --install /home/jetson/slash_ws/build/costmap_converter
[5.950s] DEBUG:colcon.colcon_core.event_handler.log_command:Invoked command in '/home/jetson/slash_ws/build/teb_msgs' returned '0': CMAKE_PREFIX_PATH=/home/jetson/slash_ws/install/costmap_converter_msgs:/home/jetson/slash_ws/install/vesc:/home/jetson/slash_ws/install/vesc_driver:/home/jetson/slash_ws/install/vesc_ackermann:/home/jetson/slash_ws/install/vesc_msgs:/home/jetson/slash_ws/install/teleop_tools:/home/jetson/slash_ws/install/teleop_tools_msgs:/home/jetson/slash_ws/install/teb_local_planner:/home/jetson/slash_ws/install/teb_msgs:/home/jetson/slash_ws/install/slash_nav2:/home/jetson/slash_ws/install/simple_mpc:/home/jetson/slash_ws/install/pointcloud_to_laserscan:/home/jetson/slash_ws/install/fast_lio:/home/jetson/slash_ws/install/livox_ros_driver2:/home/jetson/slash_ws/install/linefit_ground_segmentation_ros:/home/jetson/slash_ws/install/linefit_ground_segmentation:/home/jetson/slash_ws/install/costmap_converter:/home/jetson/slash_ws/install/ackermann_mux:/home/jetson/slash_ws/install/f1tenth_stack:/home/jetson/slash_ws/install/twist_to_ackermann:/home/jetson/slash_ws/install/joy_teleop:/home/jetson/slash_ws/install/roboracer_china_2025:/home/jetson/slash_ws/install/mouse_teleop:/home/jetson/slash_ws/install/key_teleop:/opt/ros/foxy LD_LIBRARY_PATH=/home/jetson/slash_ws/install/costmap_converter_msgs/lib:/usr/local/cuda/lib64:/usr/local/cuda/lib64:/usr/local/cuda/lib64:/usr/local/cuda/lib64:/usr/local/cuda-11.4/lib64:/usr/local/cuda/lib64:/usr/local/cuda/lib64:/usr/local/cuda/lib64:/usr/local/cuda/lib64:/home/jetson/slash_ws/install/vesc_driver/lib:/home/jetson/slash_ws/install/vesc_ackermann/lib:/home/jetson/slash_ws/install/vesc_msgs/lib:/home/jetson/slash_ws/install/teleop_tools_msgs/lib:/home/jetson/slash_ws/install/teb_local_planner/lib:/home/jetson/slash_ws/install/teb_msgs/lib:/home/jetson/slash_ws/install/pointcloud_to_laserscan/lib:/home/jetson/slash_ws/install/fast_lio/lib:/home/jetson/slash_ws/install/livox_ros_driver2/lib:/home/jetson/slash_ws/install/linefit_ground_segmentation/lib:/home/jetson/slash_ws/install/costmap_converter/lib:/usr/lib/aarch64-linux-gnu/gazebo-11/plugins:/opt/ros/foxy/opt/yaml_cpp_vendor/lib:/opt/ros/foxy/opt/rviz_ogre_vendor/lib:/opt/ros/foxy/lib/aarch64-linux-gnu:/opt/ros/foxy/lib:/usr/local/cuda-11.4/lib64 PYTHONPATH=/home/jetson/slash_ws/install/costmap_converter_msgs/lib/python3.8/site-packages:/home/jetson/slash_ws/install/f1tenth_stack/lib/python3.8/site-packages:/home/jetson/slash_ws/install/vesc_msgs/lib/python3.8/site-packages:/home/jetson/slash_ws/install/twist_to_ackermann/lib/python3.8/site-packages:/home/jetson/slash_ws/install/joy_teleop/lib/python3.8/site-packages:/home/jetson/slash_ws/install/teleop_tools_msgs/lib/python3.8/site-packages:/home/jetson/slash_ws/install/teb_msgs/lib/python3.8/site-packages:/home/jetson/slash_ws/install/roboracer_china_2025/lib/python3.8/site-packages:/home/jetson/slash_ws/install/mouse_teleop/lib/python3.8/site-packages:/home/jetson/slash_ws/install/fast_lio/lib/python3.8/site-packages:/home/jetson/slash_ws/install/livox_ros_driver2/lib/python3.8/site-packages:/home/jetson/slash_ws/install/key_teleop/lib/python3.8/site-packages:/opt/ros/foxy/lib/python3.8/site-packages /usr/bin/cmake --build /home/jetson/slash_ws/build/teb_msgs -- -j8 -l8
[5.999s] DEBUG:colcon.colcon_core.event_handler.log_command:Invoking command in '/home/jetson/slash_ws/build/teb_msgs': CMAKE_PREFIX_PATH=/home/jetson/slash_ws/install/costmap_converter_msgs:/home/jetson/slash_ws/install/vesc:/home/jetson/slash_ws/install/vesc_driver:/home/jetson/slash_ws/install/vesc_ackermann:/home/jetson/slash_ws/install/vesc_msgs:/home/jetson/slash_ws/install/teleop_tools:/home/jetson/slash_ws/install/teleop_tools_msgs:/home/jetson/slash_ws/install/teb_local_planner:/home/jetson/slash_ws/install/teb_msgs:/home/jetson/slash_ws/install/slash_nav2:/home/jetson/slash_ws/install/simple_mpc:/home/jetson/slash_ws/install/pointcloud_to_laserscan:/home/jetson/slash_ws/install/fast_lio:/home/jetson/slash_ws/install/livox_ros_driver2:/home/jetson/slash_ws/install/linefit_ground_segmentation_ros:/home/jetson/slash_ws/install/linefit_ground_segmentation:/home/jetson/slash_ws/install/costmap_converter:/home/jetson/slash_ws/install/ackermann_mux:/home/jetson/slash_ws/install/f1tenth_stack:/home/jetson/slash_ws/install/twist_to_ackermann:/home/jetson/slash_ws/install/joy_teleop:/home/jetson/slash_ws/install/roboracer_china_2025:/home/jetson/slash_ws/install/mouse_teleop:/home/jetson/slash_ws/install/key_teleop:/opt/ros/foxy LD_LIBRARY_PATH=/home/jetson/slash_ws/install/costmap_converter_msgs/lib:/usr/local/cuda/lib64:/usr/local/cuda/lib64:/usr/local/cuda/lib64:/usr/local/cuda/lib64:/usr/local/cuda-11.4/lib64:/usr/local/cuda/lib64:/usr/local/cuda/lib64:/usr/local/cuda/lib64:/usr/local/cuda/lib64:/home/jetson/slash_ws/install/vesc_driver/lib:/home/jetson/slash_ws/install/vesc_ackermann/lib:/home/jetson/slash_ws/install/vesc_msgs/lib:/home/jetson/slash_ws/install/teleop_tools_msgs/lib:/home/jetson/slash_ws/install/teb_local_planner/lib:/home/jetson/slash_ws/install/teb_msgs/lib:/home/jetson/slash_ws/install/pointcloud_to_laserscan/lib:/home/jetson/slash_ws/install/fast_lio/lib:/home/jetson/slash_ws/install/livox_ros_driver2/lib:/home/jetson/slash_ws/install/linefit_ground_segmentation/lib:/home/jetson/slash_ws/install/costmap_converter/lib:/usr/lib/aarch64-linux-gnu/gazebo-11/plugins:/opt/ros/foxy/opt/yaml_cpp_vendor/lib:/opt/ros/foxy/opt/rviz_ogre_vendor/lib:/opt/ros/foxy/lib/aarch64-linux-gnu:/opt/ros/foxy/lib:/usr/local/cuda-11.4/lib64 PYTHONPATH=/home/jetson/slash_ws/install/costmap_converter_msgs/lib/python3.8/site-packages:/home/jetson/slash_ws/install/f1tenth_stack/lib/python3.8/site-packages:/home/jetson/slash_ws/install/vesc_msgs/lib/python3.8/site-packages:/home/jetson/slash_ws/install/twist_to_ackermann/lib/python3.8/site-packages:/home/jetson/slash_ws/install/joy_teleop/lib/python3.8/site-packages:/home/jetson/slash_ws/install/teleop_tools_msgs/lib/python3.8/site-packages:/home/jetson/slash_ws/install/teb_msgs/lib/python3.8/site-packages:/home/jetson/slash_ws/install/roboracer_china_2025/lib/python3.8/site-packages:/home/jetson/slash_ws/install/mouse_teleop/lib/python3.8/site-packages:/home/jetson/slash_ws/install/fast_lio/lib/python3.8/site-packages:/home/jetson/slash_ws/install/livox_ros_driver2/lib/python3.8/site-packages:/home/jetson/slash_ws/install/key_teleop/lib/python3.8/site-packages:/opt/ros/foxy/lib/python3.8/site-packages /usr/bin/cmake --install /home/jetson/slash_ws/build/teb_msgs
[6.064s] DEBUG:colcon.colcon_core.event_handler.log_command:Invoking command in '/home/jetson/slash_ws/src/slash_hardware/f1tenth_system/teleop_tools/key_teleop': PYTHONPATH=/home/jetson/slash_ws/build/key_teleop/prefix_override:/usr/lib/python3/dist-packages/colcon_core/task/python/colcon_distutils_commands:/home/jetson/slash_ws/install/key_teleop/lib/python3.8/site-packages:${PYTHONPATH} /usr/bin/python3 -W ignore:setup.py install is deprecated -W ignore:easy_install command is deprecated setup.py egg_info --egg-base ../../../../../build/key_teleop build --build-base /home/jetson/slash_ws/build/key_teleop/build install --record /home/jetson/slash_ws/build/key_teleop/install.log --single-version-externally-managed install_data
[6.067s] DEBUG:colcon.colcon_core.event_handler.log_command:Invoking command in '/home/jetson/slash_ws/src/slash_hardware/f1tenth_system/teleop_tools/mouse_teleop': PYTHONPATH=/home/jetson/slash_ws/build/mouse_teleop/prefix_override:/usr/lib/python3/dist-packages/colcon_core/task/python/colcon_distutils_commands:/home/jetson/slash_ws/install/mouse_teleop/lib/python3.8/site-packages:${PYTHONPATH} /usr/bin/python3 -W ignore:setup.py install is deprecated -W ignore:easy_install command is deprecated setup.py egg_info --egg-base ../../../../../build/mouse_teleop build --build-base /home/jetson/slash_ws/build/mouse_teleop/build install --record /home/jetson/slash_ws/build/mouse_teleop/install.log --single-version-externally-managed install_data
[6.084s] Level 1:colcon.colcon_core.environment:create_environment_scripts_only(vesc_ackermann)
[6.085s] Level 1:colcon.colcon_core.environment:checking '/home/jetson/slash_ws/install/vesc_ackermann' for CMake module files
[6.088s] DEBUG:colcon.colcon_core.event_handler.log_command:Invoked command in '/home/jetson/slash_ws/build/vesc_ackermann' returned '0': CMAKE_PREFIX_PATH=/home/jetson/slash_ws/install/vesc_msgs:/home/jetson/slash_ws/install/vesc:/home/jetson/slash_ws/install/vesc_driver:/home/jetson/slash_ws/install/vesc_ackermann:/home/jetson/slash_ws/install/teleop_tools:/home/jetson/slash_ws/install/teleop_tools_msgs:/home/jetson/slash_ws/install/teb_local_planner:/home/jetson/slash_ws/install/teb_msgs:/home/jetson/slash_ws/install/slash_nav2:/home/jetson/slash_ws/install/simple_mpc:/home/jetson/slash_ws/install/pointcloud_to_laserscan:/home/jetson/slash_ws/install/fast_lio:/home/jetson/slash_ws/install/livox_ros_driver2:/home/jetson/slash_ws/install/linefit_ground_segmentation_ros:/home/jetson/slash_ws/install/linefit_ground_segmentation:/home/jetson/slash_ws/install/costmap_converter:/home/jetson/slash_ws/install/costmap_converter_msgs:/home/jetson/slash_ws/install/ackermann_mux:/home/jetson/slash_ws/install/f1tenth_stack:/home/jetson/slash_ws/install/twist_to_ackermann:/home/jetson/slash_ws/install/joy_teleop:/home/jetson/slash_ws/install/roboracer_china_2025:/home/jetson/slash_ws/install/mouse_teleop:/home/jetson/slash_ws/install/key_teleop:/opt/ros/foxy LD_LIBRARY_PATH=/home/jetson/slash_ws/install/vesc_msgs/lib:/usr/local/cuda/lib64:/usr/local/cuda/lib64:/usr/local/cuda/lib64:/usr/local/cuda/lib64:/usr/local/cuda-11.4/lib64:/usr/local/cuda/lib64:/usr/local/cuda/lib64:/usr/local/cuda/lib64:/usr/local/cuda/lib64:/home/jetson/slash_ws/install/vesc_driver/lib:/home/jetson/slash_ws/install/vesc_ackermann/lib:/home/jetson/slash_ws/install/teleop_tools_msgs/lib:/home/jetson/slash_ws/install/teb_local_planner/lib:/home/jetson/slash_ws/install/teb_msgs/lib:/home/jetson/slash_ws/install/pointcloud_to_laserscan/lib:/home/jetson/slash_ws/install/fast_lio/lib:/home/jetson/slash_ws/install/livox_ros_driver2/lib:/home/jetson/slash_ws/install/linefit_ground_segmentation/lib:/home/jetson/slash_ws/install/costmap_converter/lib:/home/jetson/slash_ws/install/costmap_converter_msgs/lib:/usr/lib/aarch64-linux-gnu/gazebo-11/plugins:/opt/ros/foxy/opt/yaml_cpp_vendor/lib:/opt/ros/foxy/opt/rviz_ogre_vendor/lib:/opt/ros/foxy/lib/aarch64-linux-gnu:/opt/ros/foxy/lib:/usr/local/cuda-11.4/lib64 PYTHONPATH=/home/jetson/slash_ws/install/vesc_msgs/lib/python3.8/site-packages:/home/jetson/slash_ws/install/f1tenth_stack/lib/python3.8/site-packages:/home/jetson/slash_ws/install/twist_to_ackermann/lib/python3.8/site-packages:/home/jetson/slash_ws/install/joy_teleop/lib/python3.8/site-packages:/home/jetson/slash_ws/install/teleop_tools_msgs/lib/python3.8/site-packages:/home/jetson/slash_ws/install/teb_msgs/lib/python3.8/site-packages:/home/jetson/slash_ws/install/roboracer_china_2025/lib/python3.8/site-packages:/home/jetson/slash_ws/install/mouse_teleop/lib/python3.8/site-packages:/home/jetson/slash_ws/install/fast_lio/lib/python3.8/site-packages:/home/jetson/slash_ws/install/livox_ros_driver2/lib/python3.8/site-packages:/home/jetson/slash_ws/install/key_teleop/lib/python3.8/site-packages:/home/jetson/slash_ws/install/costmap_converter_msgs/lib/python3.8/site-packages:/opt/ros/foxy/lib/python3.8/site-packages /usr/bin/cmake --install /home/jetson/slash_ws/build/vesc_ackermann
[6.091s] Level 1:colcon.colcon_core.environment:checking '/home/jetson/slash_ws/install/vesc_ackermann' for CMake config files
[6.094s] Level 1:colcon.colcon_core.shell:create_environment_hook('vesc_ackermann', 'cmake_prefix_path')
[6.095s] INFO:colcon.colcon_core.shell:Creating environment hook '/home/jetson/slash_ws/install/vesc_ackermann/share/vesc_ackermann/hook/cmake_prefix_path.ps1'
[6.096s] INFO:colcon.colcon_core.shell:Creating environment descriptor '/home/jetson/slash_ws/install/vesc_ackermann/share/vesc_ackermann/hook/cmake_prefix_path.dsv'
[6.099s] INFO:colcon.colcon_core.shell:Creating environment hook '/home/jetson/slash_ws/install/vesc_ackermann/share/vesc_ackermann/hook/cmake_prefix_path.sh'
[6.101s] Level 1:colcon.colcon_core.environment:checking '/home/jetson/slash_ws/install/vesc_ackermann/lib'
[6.101s] Level 1:colcon.colcon_core.shell:create_environment_hook('vesc_ackermann', 'ld_library_path_lib')
[6.102s] INFO:colcon.colcon_core.shell:Creating environment hook '/home/jetson/slash_ws/install/vesc_ackermann/share/vesc_ackermann/hook/ld_library_path_lib.ps1'
[6.104s] INFO:colcon.colcon_core.shell:Creating environment descriptor '/home/jetson/slash_ws/install/vesc_ackermann/share/vesc_ackermann/hook/ld_library_path_lib.dsv'
[6.114s] INFO:colcon.colcon_core.shell:Creating environment hook '/home/jetson/slash_ws/install/vesc_ackermann/share/vesc_ackermann/hook/ld_library_path_lib.sh'
[6.116s] Level 1:colcon.colcon_core.environment:checking '/home/jetson/slash_ws/install/vesc_ackermann/bin'
[6.116s] Level 1:colcon.colcon_core.environment:checking '/home/jetson/slash_ws/install/vesc_ackermann/lib/pkgconfig/vesc_ackermann.pc'
[6.116s] Level 1:colcon.colcon_core.environment:checking '/home/jetson/slash_ws/install/vesc_ackermann/lib/python3.8/site-packages'
[6.117s] Level 1:colcon.colcon_core.environment:checking '/home/jetson/slash_ws/install/vesc_ackermann/bin'
[6.118s] INFO:colcon.colcon_core.shell:Creating package script '/home/jetson/slash_ws/install/vesc_ackermann/share/vesc_ackermann/package.ps1'
[6.120s] INFO:colcon.colcon_core.shell:Creating package descriptor '/home/jetson/slash_ws/install/vesc_ackermann/share/vesc_ackermann/package.dsv'
[6.121s] INFO:colcon.colcon_core.shell:Creating package script '/home/jetson/slash_ws/install/vesc_ackermann/share/vesc_ackermann/package.sh'
[6.122s] INFO:colcon.colcon_core.shell:Creating package script '/home/jetson/slash_ws/install/vesc_ackermann/share/vesc_ackermann/package.bash'
[6.123s] INFO:colcon.colcon_core.shell:Creating package script '/home/jetson/slash_ws/install/vesc_ackermann/share/vesc_ackermann/package.zsh'
[6.124s] Level 1:colcon.colcon_core.environment:create_file_with_runtime_dependencies(/home/jetson/slash_ws/install/vesc_ackermann/share/colcon-core/packages/vesc_ackermann)
[6.125s] Level 1:colcon.colcon_core.environment:create_environment_scripts_only(vesc_ackermann)
[6.126s] Level 1:colcon.colcon_core.environment:checking '/home/jetson/slash_ws/install/vesc_ackermann' for CMake module files
[6.127s] Level 1:colcon.colcon_core.environment:checking '/home/jetson/slash_ws/install/vesc_ackermann' for CMake config files
[6.127s] Level 1:colcon.colcon_core.shell:create_environment_hook('vesc_ackermann', 'cmake_prefix_path')
[6.128s] INFO:colcon.colcon_core.shell:Creating environment hook '/home/jetson/slash_ws/install/vesc_ackermann/share/vesc_ackermann/hook/cmake_prefix_path.ps1'
[6.139s] INFO:colcon.colcon_core.shell:Creating environment descriptor '/home/jetson/slash_ws/install/vesc_ackermann/share/vesc_ackermann/hook/cmake_prefix_path.dsv'
[6.141s] INFO:colcon.colcon_core.shell:Creating environment hook '/home/jetson/slash_ws/install/vesc_ackermann/share/vesc_ackermann/hook/cmake_prefix_path.sh'
[6.142s] Level 1:colcon.colcon_core.environment:checking '/home/jetson/slash_ws/install/vesc_ackermann/lib'
[6.143s] Level 1:colcon.colcon_core.shell:create_environment_hook('vesc_ackermann', 'ld_library_path_lib')
[6.153s] INFO:colcon.colcon_core.shell:Creating environment hook '/home/jetson/slash_ws/install/vesc_ackermann/share/vesc_ackermann/hook/ld_library_path_lib.ps1'
[6.156s] INFO:colcon.colcon_core.shell:Creating environment descriptor '/home/jetson/slash_ws/install/vesc_ackermann/share/vesc_ackermann/hook/ld_library_path_lib.dsv'
[6.163s] INFO:colcon.colcon_core.shell:Creating environment hook '/home/jetson/slash_ws/install/vesc_ackermann/share/vesc_ackermann/hook/ld_library_path_lib.sh'
[6.165s] Level 1:colcon.colcon_core.environment:checking '/home/jetson/slash_ws/install/vesc_ackermann/bin'
[6.165s] Level 1:colcon.colcon_core.environment:checking '/home/jetson/slash_ws/install/vesc_ackermann/lib/pkgconfig/vesc_ackermann.pc'
[6.165s] Level 1:colcon.colcon_core.environment:checking '/home/jetson/slash_ws/install/vesc_ackermann/lib/python3.8/site-packages'
[6.166s] Level 1:colcon.colcon_core.environment:checking '/home/jetson/slash_ws/install/vesc_ackermann/bin'
[6.167s] INFO:colcon.colcon_core.shell:Creating package script '/home/jetson/slash_ws/install/vesc_ackermann/share/vesc_ackermann/package.ps1'
[6.168s] INFO:colcon.colcon_core.shell:Creating package descriptor '/home/jetson/slash_ws/install/vesc_ackermann/share/vesc_ackermann/package.dsv'
[6.170s] INFO:colcon.colcon_core.shell:Creating package script '/home/jetson/slash_ws/install/vesc_ackermann/share/vesc_ackermann/package.sh'
[6.171s] INFO:colcon.colcon_core.shell:Creating package script '/home/jetson/slash_ws/install/vesc_ackermann/share/vesc_ackermann/package.bash'
[6.172s] INFO:colcon.colcon_core.shell:Creating package script '/home/jetson/slash_ws/install/vesc_ackermann/share/vesc_ackermann/package.zsh'
[6.173s] Level 1:colcon.colcon_core.environment:create_file_with_runtime_dependencies(/home/jetson/slash_ws/install/vesc_ackermann/share/colcon-core/packages/vesc_ackermann)
[6.174s] Level 1:colcon.colcon_core.environment:create_environment_scripts_only(vesc_driver)
[6.174s] Level 1:colcon.colcon_core.environment:checking '/home/jetson/slash_ws/install/vesc_driver' for CMake module files
[6.175s] Level 1:colcon.colcon_core.environment:checking '/home/jetson/slash_ws/install/vesc_driver' for CMake config files
[6.176s] Level 1:colcon.colcon_core.shell:create_environment_hook('vesc_driver', 'cmake_prefix_path')
[6.177s] INFO:colcon.colcon_core.shell:Creating environment hook '/home/jetson/slash_ws/install/vesc_driver/share/vesc_driver/hook/cmake_prefix_path.ps1'
[6.178s] INFO:colcon.colcon_core.shell:Creating environment descriptor '/home/jetson/slash_ws/install/vesc_driver/share/vesc_driver/hook/cmake_prefix_path.dsv'
[6.183s] DEBUG:colcon.colcon_core.event_handler.log_command:Invoked command in '/home/jetson/slash_ws/build/vesc_driver' returned '0': CMAKE_PREFIX_PATH=/home/jetson/slash_ws/install/vesc_msgs:/home/jetson/slash_ws/install/vesc:/home/jetson/slash_ws/install/vesc_driver:/home/jetson/slash_ws/install/vesc_ackermann:/home/jetson/slash_ws/install/teleop_tools:/home/jetson/slash_ws/install/teleop_tools_msgs:/home/jetson/slash_ws/install/teb_local_planner:/home/jetson/slash_ws/install/teb_msgs:/home/jetson/slash_ws/install/slash_nav2:/home/jetson/slash_ws/install/simple_mpc:/home/jetson/slash_ws/install/pointcloud_to_laserscan:/home/jetson/slash_ws/install/fast_lio:/home/jetson/slash_ws/install/livox_ros_driver2:/home/jetson/slash_ws/install/linefit_ground_segmentation_ros:/home/jetson/slash_ws/install/linefit_ground_segmentation:/home/jetson/slash_ws/install/costmap_converter:/home/jetson/slash_ws/install/costmap_converter_msgs:/home/jetson/slash_ws/install/ackermann_mux:/home/jetson/slash_ws/install/f1tenth_stack:/home/jetson/slash_ws/install/twist_to_ackermann:/home/jetson/slash_ws/install/joy_teleop:/home/jetson/slash_ws/install/roboracer_china_2025:/home/jetson/slash_ws/install/mouse_teleop:/home/jetson/slash_ws/install/key_teleop:/opt/ros/foxy LD_LIBRARY_PATH=/home/jetson/slash_ws/install/vesc_msgs/lib:/usr/local/cuda/lib64:/usr/local/cuda/lib64:/usr/local/cuda/lib64:/usr/local/cuda/lib64:/usr/local/cuda-11.4/lib64:/usr/local/cuda/lib64:/usr/local/cuda/lib64:/usr/local/cuda/lib64:/usr/local/cuda/lib64:/home/jetson/slash_ws/install/vesc_driver/lib:/home/jetson/slash_ws/install/vesc_ackermann/lib:/home/jetson/slash_ws/install/teleop_tools_msgs/lib:/home/jetson/slash_ws/install/teb_local_planner/lib:/home/jetson/slash_ws/install/teb_msgs/lib:/home/jetson/slash_ws/install/pointcloud_to_laserscan/lib:/home/jetson/slash_ws/install/fast_lio/lib:/home/jetson/slash_ws/install/livox_ros_driver2/lib:/home/jetson/slash_ws/install/linefit_ground_segmentation/lib:/home/jetson/slash_ws/install/costmap_converter/lib:/home/jetson/slash_ws/install/costmap_converter_msgs/lib:/usr/lib/aarch64-linux-gnu/gazebo-11/plugins:/opt/ros/foxy/opt/yaml_cpp_vendor/lib:/opt/ros/foxy/opt/rviz_ogre_vendor/lib:/opt/ros/foxy/lib/aarch64-linux-gnu:/opt/ros/foxy/lib:/usr/local/cuda-11.4/lib64 PYTHONPATH=/home/jetson/slash_ws/install/vesc_msgs/lib/python3.8/site-packages:/home/jetson/slash_ws/install/f1tenth_stack/lib/python3.8/site-packages:/home/jetson/slash_ws/install/twist_to_ackermann/lib/python3.8/site-packages:/home/jetson/slash_ws/install/joy_teleop/lib/python3.8/site-packages:/home/jetson/slash_ws/install/teleop_tools_msgs/lib/python3.8/site-packages:/home/jetson/slash_ws/install/teb_msgs/lib/python3.8/site-packages:/home/jetson/slash_ws/install/roboracer_china_2025/lib/python3.8/site-packages:/home/jetson/slash_ws/install/mouse_teleop/lib/python3.8/site-packages:/home/jetson/slash_ws/install/fast_lio/lib/python3.8/site-packages:/home/jetson/slash_ws/install/livox_ros_driver2/lib/python3.8/site-packages:/home/jetson/slash_ws/install/key_teleop/lib/python3.8/site-packages:/home/jetson/slash_ws/install/costmap_converter_msgs/lib/python3.8/site-packages:/opt/ros/foxy/lib/python3.8/site-packages /usr/bin/cmake --install /home/jetson/slash_ws/build/vesc_driver
[6.189s] INFO:colcon.colcon_core.shell:Creating environment hook '/home/jetson/slash_ws/install/vesc_driver/share/vesc_driver/hook/cmake_prefix_path.sh'
[6.190s] Level 1:colcon.colcon_core.environment:checking '/home/jetson/slash_ws/install/vesc_driver/lib'
[6.190s] Level 1:colcon.colcon_core.shell:create_environment_hook('vesc_driver', 'ld_library_path_lib')
[6.191s] INFO:colcon.colcon_core.shell:Creating environment hook '/home/jetson/slash_ws/install/vesc_driver/share/vesc_driver/hook/ld_library_path_lib.ps1'
[6.192s] INFO:colcon.colcon_core.shell:Creating environment descriptor '/home/jetson/slash_ws/install/vesc_driver/share/vesc_driver/hook/ld_library_path_lib.dsv'
[6.195s] INFO:colcon.colcon_core.shell:Creating environment hook '/home/jetson/slash_ws/install/vesc_driver/share/vesc_driver/hook/ld_library_path_lib.sh'
[6.196s] Level 1:colcon.colcon_core.environment:checking '/home/jetson/slash_ws/install/vesc_driver/bin'
[6.196s] Level 1:colcon.colcon_core.environment:checking '/home/jetson/slash_ws/install/vesc_driver/lib/pkgconfig/vesc_driver.pc'
[6.197s] Level 1:colcon.colcon_core.environment:checking '/home/jetson/slash_ws/install/vesc_driver/lib/python3.8/site-packages'
[6.197s] Level 1:colcon.colcon_core.environment:checking '/home/jetson/slash_ws/install/vesc_driver/bin'
[6.198s] INFO:colcon.colcon_core.shell:Creating package script '/home/jetson/slash_ws/install/vesc_driver/share/vesc_driver/package.ps1'
[6.199s] INFO:colcon.colcon_core.shell:Creating package descriptor '/home/jetson/slash_ws/install/vesc_driver/share/vesc_driver/package.dsv'
[6.201s] INFO:colcon.colcon_core.shell:Creating package script '/home/jetson/slash_ws/install/vesc_driver/share/vesc_driver/package.sh'
[6.202s] INFO:colcon.colcon_core.shell:Creating package script '/home/jetson/slash_ws/install/vesc_driver/share/vesc_driver/package.bash'
[6.203s] INFO:colcon.colcon_core.shell:Creating package script '/home/jetson/slash_ws/install/vesc_driver/share/vesc_driver/package.zsh'
[6.204s] Level 1:colcon.colcon_core.environment:create_file_with_runtime_dependencies(/home/jetson/slash_ws/install/vesc_driver/share/colcon-core/packages/vesc_driver)
[6.205s] Level 1:colcon.colcon_core.environment:create_environment_scripts_only(vesc_driver)
[6.205s] Level 1:colcon.colcon_core.environment:checking '/home/jetson/slash_ws/install/vesc_driver' for CMake module files
[6.206s] Level 1:colcon.colcon_core.environment:checking '/home/jetson/slash_ws/install/vesc_driver' for CMake config files
[6.207s] Level 1:colcon.colcon_core.shell:create_environment_hook('vesc_driver', 'cmake_prefix_path')
[6.208s] INFO:colcon.colcon_core.shell:Creating environment hook '/home/jetson/slash_ws/install/vesc_driver/share/vesc_driver/hook/cmake_prefix_path.ps1'
[6.209s] INFO:colcon.colcon_core.shell:Creating environment descriptor '/home/jetson/slash_ws/install/vesc_driver/share/vesc_driver/hook/cmake_prefix_path.dsv'
[6.210s] INFO:colcon.colcon_core.shell:Creating environment hook '/home/jetson/slash_ws/install/vesc_driver/share/vesc_driver/hook/cmake_prefix_path.sh'
[6.211s] Level 1:colcon.colcon_core.environment:checking '/home/jetson/slash_ws/install/vesc_driver/lib'
[6.211s] Level 1:colcon.colcon_core.shell:create_environment_hook('vesc_driver', 'ld_library_path_lib')
[6.212s] INFO:colcon.colcon_core.shell:Creating environment hook '/home/jetson/slash_ws/install/vesc_driver/share/vesc_driver/hook/ld_library_path_lib.ps1'
[6.214s] INFO:colcon.colcon_core.shell:Creating environment descriptor '/home/jetson/slash_ws/install/vesc_driver/share/vesc_driver/hook/ld_library_path_lib.dsv'
[6.215s] INFO:colcon.colcon_core.shell:Creating environment hook '/home/jetson/slash_ws/install/vesc_driver/share/vesc_driver/hook/ld_library_path_lib.sh'
[6.216s] Level 1:colcon.colcon_core.environment:checking '/home/jetson/slash_ws/install/vesc_driver/bin'
[6.217s] Level 1:colcon.colcon_core.environment:checking '/home/jetson/slash_ws/install/vesc_driver/lib/pkgconfig/vesc_driver.pc'
[6.217s] Level 1:colcon.colcon_core.environment:checking '/home/jetson/slash_ws/install/vesc_driver/lib/python3.8/site-packages'
[6.217s] Level 1:colcon.colcon_core.environment:checking '/home/jetson/slash_ws/install/vesc_driver/bin'
[6.218s] INFO:colcon.colcon_core.shell:Creating package script '/home/jetson/slash_ws/install/vesc_driver/share/vesc_driver/package.ps1'
[6.220s] INFO:colcon.colcon_core.shell:Creating package descriptor '/home/jetson/slash_ws/install/vesc_driver/share/vesc_driver/package.dsv'
[6.221s] INFO:colcon.colcon_core.shell:Creating package script '/home/jetson/slash_ws/install/vesc_driver/share/vesc_driver/package.sh'
[6.222s] INFO:colcon.colcon_core.shell:Creating package script '/home/jetson/slash_ws/install/vesc_driver/share/vesc_driver/package.bash'
[6.223s] INFO:colcon.colcon_core.shell:Creating package script '/home/jetson/slash_ws/install/vesc_driver/share/vesc_driver/package.zsh'
[6.224s] Level 1:colcon.colcon_core.environment:create_file_with_runtime_dependencies(/home/jetson/slash_ws/install/vesc_driver/share/colcon-core/packages/vesc_driver)
[6.228s] INFO:colcon.colcon_ros.task.ament_cmake.build:Building ROS package in '/home/jetson/slash_ws/src/slash_hardware/f1tenth_system/vesc/vesc' with build type 'ament_cmake'
[6.228s] INFO:colcon.colcon_cmake.task.cmake.build:Building CMake package in '/home/jetson/slash_ws/src/slash_hardware/f1tenth_system/vesc/vesc'
[6.229s] INFO:colcon.colcon_core.shell:Skip shell extension 'powershell' for command environment: Not usable outside of PowerShell
[6.229s] DEBUG:colcon.colcon_core.shell:Skip shell extension 'dsv' for command environment
[6.250s] INFO:colcon.colcon_ros.task.ament_python.build:Building ROS package in '/home/jetson/slash_ws/src/slash_navigation/roboracer_china_2025' with build type 'ament_python'
[6.253s] Level 1:colcon.colcon_core.shell:create_environment_hook('roboracer_china_2025', 'ament_prefix_path')
[6.254s] INFO:colcon.colcon_core.shell:Creating environment hook '/home/jetson/slash_ws/install/roboracer_china_2025/share/roboracer_china_2025/hook/ament_prefix_path.ps1'
[6.256s] INFO:colcon.colcon_core.shell:Creating environment descriptor '/home/jetson/slash_ws/install/roboracer_china_2025/share/roboracer_china_2025/hook/ament_prefix_path.dsv'
[6.257s] INFO:colcon.colcon_core.shell:Creating environment hook '/home/jetson/slash_ws/install/roboracer_china_2025/share/roboracer_china_2025/hook/ament_prefix_path.sh'
[6.261s] INFO:colcon.colcon_core.shell:Skip shell extension 'powershell' for command environment: Not usable outside of PowerShell
[6.262s] DEBUG:colcon.colcon_core.shell:Skip shell extension 'dsv' for command environment
[6.289s] Level 1:colcon.colcon_core.environment:create_environment_scripts_only(pointcloud_to_laserscan)
[6.291s] DEBUG:colcon.colcon_core.event_handler.log_command:Invoked command in '/home/jetson/slash_ws/build/pointcloud_to_laserscan' returned '0': CMAKE_PREFIX_PATH=${CMAKE_PREFIX_PATH}:/home/jetson/slash_ws/install/f1tenth_stack:/home/jetson/slash_ws/install/twist_to_ackermann:/home/jetson/slash_ws/install/joy_teleop:/home/jetson/slash_ws/install/roboracer_china_2025:/home/jetson/slash_ws/install/mouse_teleop:/home/jetson/slash_ws/install/key_teleop:/opt/ros/foxy /usr/bin/cmake --install /home/jetson/slash_ws/build/pointcloud_to_laserscan
[6.293s] Level 1:colcon.colcon_core.environment:checking '/home/jetson/slash_ws/install/pointcloud_to_laserscan' for CMake module files
[6.294s] Level 1:colcon.colcon_core.environment:checking '/home/jetson/slash_ws/install/pointcloud_to_laserscan' for CMake config files
[6.295s] Level 1:colcon.colcon_core.shell:create_environment_hook('pointcloud_to_laserscan', 'cmake_prefix_path')
[6.295s] INFO:colcon.colcon_core.shell:Creating environment hook '/home/jetson/slash_ws/install/pointcloud_to_laserscan/share/pointcloud_to_laserscan/hook/cmake_prefix_path.ps1'
[6.298s] INFO:colcon.colcon_core.shell:Creating environment descriptor '/home/jetson/slash_ws/install/pointcloud_to_laserscan/share/pointcloud_to_laserscan/hook/cmake_prefix_path.dsv'
[6.300s] INFO:colcon.colcon_core.shell:Creating environment hook '/home/jetson/slash_ws/install/pointcloud_to_laserscan/share/pointcloud_to_laserscan/hook/cmake_prefix_path.sh'
[6.303s] Level 1:colcon.colcon_core.environment:checking '/home/jetson/slash_ws/install/pointcloud_to_laserscan/lib'
[6.303s] Level 1:colcon.colcon_core.shell:create_environment_hook('pointcloud_to_laserscan', 'ld_library_path_lib')
[6.321s] INFO:colcon.colcon_core.shell:Creating environment hook '/home/jetson/slash_ws/install/pointcloud_to_laserscan/share/pointcloud_to_laserscan/hook/ld_library_path_lib.ps1'
[6.324s] INFO:colcon.colcon_core.shell:Creating environment descriptor '/home/jetson/slash_ws/install/pointcloud_to_laserscan/share/pointcloud_to_laserscan/hook/ld_library_path_lib.dsv'
[6.327s] INFO:colcon.colcon_core.shell:Creating environment hook '/home/jetson/slash_ws/install/pointcloud_to_laserscan/share/pointcloud_to_laserscan/hook/ld_library_path_lib.sh'
[6.333s] Level 1:colcon.colcon_core.environment:checking '/home/jetson/slash_ws/install/pointcloud_to_laserscan/bin'
[6.333s] Level 1:colcon.colcon_core.environment:checking '/home/jetson/slash_ws/install/pointcloud_to_laserscan/lib/pkgconfig/pointcloud_to_laserscan.pc'
[6.334s] Level 1:colcon.colcon_core.environment:checking '/home/jetson/slash_ws/install/pointcloud_to_laserscan/lib/python3.8/site-packages'
[6.334s] Level 1:colcon.colcon_core.environment:checking '/home/jetson/slash_ws/install/pointcloud_to_laserscan/bin'
[6.335s] INFO:colcon.colcon_core.shell:Creating package script '/home/jetson/slash_ws/install/pointcloud_to_laserscan/share/pointcloud_to_laserscan/package.ps1'
[6.340s] INFO:colcon.colcon_core.shell:Creating package descriptor '/home/jetson/slash_ws/install/pointcloud_to_laserscan/share/pointcloud_to_laserscan/package.dsv'
[6.343s] INFO:colcon.colcon_core.shell:Creating package script '/home/jetson/slash_ws/install/pointcloud_to_laserscan/share/pointcloud_to_laserscan/package.sh'
[6.344s] INFO:colcon.colcon_core.shell:Creating package script '/home/jetson/slash_ws/install/pointcloud_to_laserscan/share/pointcloud_to_laserscan/package.bash'
[6.345s] INFO:colcon.colcon_core.shell:Creating package script '/home/jetson/slash_ws/install/pointcloud_to_laserscan/share/pointcloud_to_laserscan/package.zsh'
[6.346s] Level 1:colcon.colcon_core.environment:create_file_with_runtime_dependencies(/home/jetson/slash_ws/install/pointcloud_to_laserscan/share/colcon-core/packages/pointcloud_to_laserscan)
[6.348s] Level 1:colcon.colcon_core.environment:create_environment_scripts_only(pointcloud_to_laserscan)
[6.349s] Level 1:colcon.colcon_core.environment:checking '/home/jetson/slash_ws/install/pointcloud_to_laserscan' for CMake module files
[6.366s] Level 1:colcon.colcon_core.environment:checking '/home/jetson/slash_ws/install/pointcloud_to_laserscan' for CMake config files
[6.367s] Level 1:colcon.colcon_core.shell:create_environment_hook('pointcloud_to_laserscan', 'cmake_prefix_path')
[6.367s] INFO:colcon.colcon_core.shell:Creating environment hook '/home/jetson/slash_ws/install/pointcloud_to_laserscan/share/pointcloud_to_laserscan/hook/cmake_prefix_path.ps1'
[6.372s] INFO:colcon.colcon_core.shell:Creating environment descriptor '/home/jetson/slash_ws/install/pointcloud_to_laserscan/share/pointcloud_to_laserscan/hook/cmake_prefix_path.dsv'
[6.373s] INFO:colcon.colcon_core.shell:Creating environment hook '/home/jetson/slash_ws/install/pointcloud_to_laserscan/share/pointcloud_to_laserscan/hook/cmake_prefix_path.sh'
[6.375s] Level 1:colcon.colcon_core.environment:checking '/home/jetson/slash_ws/install/pointcloud_to_laserscan/lib'
[6.375s] Level 1:colcon.colcon_core.shell:create_environment_hook('pointcloud_to_laserscan', 'ld_library_path_lib')
[6.376s] INFO:colcon.colcon_core.shell:Creating environment hook '/home/jetson/slash_ws/install/pointcloud_to_laserscan/share/pointcloud_to_laserscan/hook/ld_library_path_lib.ps1'
[6.377s] INFO:colcon.colcon_core.shell:Creating environment descriptor '/home/jetson/slash_ws/install/pointcloud_to_laserscan/share/pointcloud_to_laserscan/hook/ld_library_path_lib.dsv'
[6.378s] INFO:colcon.colcon_core.shell:Creating environment hook '/home/jetson/slash_ws/install/pointcloud_to_laserscan/share/pointcloud_to_laserscan/hook/ld_library_path_lib.sh'
[6.379s] Level 1:colcon.colcon_core.environment:checking '/home/jetson/slash_ws/install/pointcloud_to_laserscan/bin'
[6.379s] Level 1:colcon.colcon_core.environment:checking '/home/jetson/slash_ws/install/pointcloud_to_laserscan/lib/pkgconfig/pointcloud_to_laserscan.pc'
[6.379s] Level 1:colcon.colcon_core.environment:checking '/home/jetson/slash_ws/install/pointcloud_to_laserscan/lib/python3.8/site-packages'
[6.380s] Level 1:colcon.colcon_core.environment:checking '/home/jetson/slash_ws/install/pointcloud_to_laserscan/bin'
[6.381s] INFO:colcon.colcon_core.shell:Creating package script '/home/jetson/slash_ws/install/pointcloud_to_laserscan/share/pointcloud_to_laserscan/package.ps1'
[6.383s] INFO:colcon.colcon_core.shell:Creating package descriptor '/home/jetson/slash_ws/install/pointcloud_to_laserscan/share/pointcloud_to_laserscan/package.dsv'
[6.385s] INFO:colcon.colcon_core.shell:Creating package script '/home/jetson/slash_ws/install/pointcloud_to_laserscan/share/pointcloud_to_laserscan/package.sh'
[6.386s] INFO:colcon.colcon_core.shell:Creating package script '/home/jetson/slash_ws/install/pointcloud_to_laserscan/share/pointcloud_to_laserscan/package.bash'
[6.387s] INFO:colcon.colcon_core.shell:Creating package script '/home/jetson/slash_ws/install/pointcloud_to_laserscan/share/pointcloud_to_laserscan/package.zsh'
[6.389s] Level 1:colcon.colcon_core.environment:create_file_with_runtime_dependencies(/home/jetson/slash_ws/install/pointcloud_to_laserscan/share/colcon-core/packages/pointcloud_to_laserscan)
[6.391s] Level 1:colcon.colcon_core.environment:create_environment_scripts_only(costmap_converter)
[6.393s] DEBUG:colcon.colcon_core.event_handler.log_command:Invoked command in '/home/jetson/slash_ws/build/costmap_converter' returned '0': CMAKE_PREFIX_PATH=/home/jetson/slash_ws/install/costmap_converter_msgs:/home/jetson/slash_ws/install/vesc:/home/jetson/slash_ws/install/vesc_driver:/home/jetson/slash_ws/install/vesc_ackermann:/home/jetson/slash_ws/install/vesc_msgs:/home/jetson/slash_ws/install/teleop_tools:/home/jetson/slash_ws/install/teleop_tools_msgs:/home/jetson/slash_ws/install/teb_local_planner:/home/jetson/slash_ws/install/teb_msgs:/home/jetson/slash_ws/install/slash_nav2:/home/jetson/slash_ws/install/simple_mpc:/home/jetson/slash_ws/install/pointcloud_to_laserscan:/home/jetson/slash_ws/install/fast_lio:/home/jetson/slash_ws/install/livox_ros_driver2:/home/jetson/slash_ws/install/linefit_ground_segmentation_ros:/home/jetson/slash_ws/install/linefit_ground_segmentation:/home/jetson/slash_ws/install/costmap_converter:/home/jetson/slash_ws/install/ackermann_mux:/home/jetson/slash_ws/install/f1tenth_stack:/home/jetson/slash_ws/install/twist_to_ackermann:/home/jetson/slash_ws/install/joy_teleop:/home/jetson/slash_ws/install/roboracer_china_2025:/home/jetson/slash_ws/install/mouse_teleop:/home/jetson/slash_ws/install/key_teleop:/opt/ros/foxy LD_LIBRARY_PATH=/home/jetson/slash_ws/install/costmap_converter_msgs/lib:/usr/local/cuda/lib64:/usr/local/cuda/lib64:/usr/local/cuda/lib64:/usr/local/cuda/lib64:/usr/local/cuda-11.4/lib64:/usr/local/cuda/lib64:/usr/local/cuda/lib64:/usr/local/cuda/lib64:/usr/local/cuda/lib64:/home/jetson/slash_ws/install/vesc_driver/lib:/home/jetson/slash_ws/install/vesc_ackermann/lib:/home/jetson/slash_ws/install/vesc_msgs/lib:/home/jetson/slash_ws/install/teleop_tools_msgs/lib:/home/jetson/slash_ws/install/teb_local_planner/lib:/home/jetson/slash_ws/install/teb_msgs/lib:/home/jetson/slash_ws/install/pointcloud_to_laserscan/lib:/home/jetson/slash_ws/install/fast_lio/lib:/home/jetson/slash_ws/install/livox_ros_driver2/lib:/home/jetson/slash_ws/install/linefit_ground_segmentation/lib:/home/jetson/slash_ws/install/costmap_converter/lib:/usr/lib/aarch64-linux-gnu/gazebo-11/plugins:/opt/ros/foxy/opt/yaml_cpp_vendor/lib:/opt/ros/foxy/opt/rviz_ogre_vendor/lib:/opt/ros/foxy/lib/aarch64-linux-gnu:/opt/ros/foxy/lib:/usr/local/cuda-11.4/lib64 PYTHONPATH=/home/jetson/slash_ws/install/costmap_converter_msgs/lib/python3.8/site-packages:/home/jetson/slash_ws/install/f1tenth_stack/lib/python3.8/site-packages:/home/jetson/slash_ws/install/vesc_msgs/lib/python3.8/site-packages:/home/jetson/slash_ws/install/twist_to_ackermann/lib/python3.8/site-packages:/home/jetson/slash_ws/install/joy_teleop/lib/python3.8/site-packages:/home/jetson/slash_ws/install/teleop_tools_msgs/lib/python3.8/site-packages:/home/jetson/slash_ws/install/teb_msgs/lib/python3.8/site-packages:/home/jetson/slash_ws/install/roboracer_china_2025/lib/python3.8/site-packages:/home/jetson/slash_ws/install/mouse_teleop/lib/python3.8/site-packages:/home/jetson/slash_ws/install/fast_lio/lib/python3.8/site-packages:/home/jetson/slash_ws/install/livox_ros_driver2/lib/python3.8/site-packages:/home/jetson/slash_ws/install/key_teleop/lib/python3.8/site-packages:/opt/ros/foxy/lib/python3.8/site-packages /usr/bin/cmake --install /home/jetson/slash_ws/build/costmap_converter
[6.394s] Level 1:colcon.colcon_core.environment:checking '/home/jetson/slash_ws/install/costmap_converter' for CMake module files
[6.396s] Level 1:colcon.colcon_core.environment:checking '/home/jetson/slash_ws/install/costmap_converter' for CMake config files
[6.398s] Level 1:colcon.colcon_core.shell:create_environment_hook('costmap_converter', 'cmake_prefix_path')
[6.399s] INFO:colcon.colcon_core.shell:Creating environment hook '/home/jetson/slash_ws/install/costmap_converter/share/costmap_converter/hook/cmake_prefix_path.ps1'
[6.400s] INFO:colcon.colcon_core.shell:Creating environment descriptor '/home/jetson/slash_ws/install/costmap_converter/share/costmap_converter/hook/cmake_prefix_path.dsv'
[6.401s] INFO:colcon.colcon_core.shell:Creating environment hook '/home/jetson/slash_ws/install/costmap_converter/share/costmap_converter/hook/cmake_prefix_path.sh'
[6.403s] Level 1:colcon.colcon_core.environment:checking '/home/jetson/slash_ws/install/costmap_converter/lib'
[6.403s] Level 1:colcon.colcon_core.shell:create_environment_hook('costmap_converter', 'ld_library_path_lib')
[6.404s] INFO:colcon.colcon_core.shell:Creating environment hook '/home/jetson/slash_ws/install/costmap_converter/share/costmap_converter/hook/ld_library_path_lib.ps1'
[6.405s] INFO:colcon.colcon_core.shell:Creating environment descriptor '/home/jetson/slash_ws/install/costmap_converter/share/costmap_converter/hook/ld_library_path_lib.dsv'
[6.406s] INFO:colcon.colcon_core.shell:Creating environment hook '/home/jetson/slash_ws/install/costmap_converter/share/costmap_converter/hook/ld_library_path_lib.sh'
[6.406s] Level 1:colcon.colcon_core.environment:checking '/home/jetson/slash_ws/install/costmap_converter/bin'
[6.407s] Level 1:colcon.colcon_core.shell:create_environment_hook('costmap_converter', 'path')
[6.407s] INFO:colcon.colcon_core.shell:Creating environment hook '/home/jetson/slash_ws/install/costmap_converter/share/costmap_converter/hook/path.ps1'
[6.409s] INFO:colcon.colcon_core.shell:Creating environment descriptor '/home/jetson/slash_ws/install/costmap_converter/share/costmap_converter/hook/path.dsv'
[6.409s] INFO:colcon.colcon_core.shell:Creating environment hook '/home/jetson/slash_ws/install/costmap_converter/share/costmap_converter/hook/path.sh'
[6.410s] Level 1:colcon.colcon_core.environment:checking '/home/jetson/slash_ws/install/costmap_converter/lib/pkgconfig/costmap_converter.pc'
[6.411s] Level 1:colcon.colcon_core.environment:checking '/home/jetson/slash_ws/install/costmap_converter/lib/python3.8/site-packages'
[6.412s] Level 1:colcon.colcon_core.environment:checking '/home/jetson/slash_ws/install/costmap_converter/bin'
[6.412s] Level 1:colcon.colcon_core.shell:create_environment_hook('costmap_converter', 'pythonscriptspath')
[6.412s] INFO:colcon.colcon_core.shell:Creating environment hook '/home/jetson/slash_ws/install/costmap_converter/share/costmap_converter/hook/pythonscriptspath.ps1'
[6.414s] INFO:colcon.colcon_core.shell:Creating environment descriptor '/home/jetson/slash_ws/install/costmap_converter/share/costmap_converter/hook/pythonscriptspath.dsv'
[6.414s] INFO:colcon.colcon_core.shell:Creating environment hook '/home/jetson/slash_ws/install/costmap_converter/share/costmap_converter/hook/pythonscriptspath.sh'
[6.416s] INFO:colcon.colcon_core.shell:Creating package script '/home/jetson/slash_ws/install/costmap_converter/share/costmap_converter/package.ps1'
[6.418s] INFO:colcon.colcon_core.shell:Creating package descriptor '/home/jetson/slash_ws/install/costmap_converter/share/costmap_converter/package.dsv'
[6.420s] INFO:colcon.colcon_core.shell:Creating package script '/home/jetson/slash_ws/install/costmap_converter/share/costmap_converter/package.sh'
[6.421s] INFO:colcon.colcon_core.shell:Creating package script '/home/jetson/slash_ws/install/costmap_converter/share/costmap_converter/package.bash'
[6.422s] INFO:colcon.colcon_core.shell:Creating package script '/home/jetson/slash_ws/install/costmap_converter/share/costmap_converter/package.zsh'
[6.423s] Level 1:colcon.colcon_core.environment:create_file_with_runtime_dependencies(/home/jetson/slash_ws/install/costmap_converter/share/colcon-core/packages/costmap_converter)
[6.424s] Level 1:colcon.colcon_core.environment:create_environment_scripts_only(costmap_converter)
[6.425s] Level 1:colcon.colcon_core.environment:checking '/home/jetson/slash_ws/install/costmap_converter' for CMake module files
[6.426s] Level 1:colcon.colcon_core.environment:checking '/home/jetson/slash_ws/install/costmap_converter' for CMake config files
[6.427s] Level 1:colcon.colcon_core.shell:create_environment_hook('costmap_converter', 'cmake_prefix_path')
[6.427s] INFO:colcon.colcon_core.shell:Creating environment hook '/home/jetson/slash_ws/install/costmap_converter/share/costmap_converter/hook/cmake_prefix_path.ps1'
[6.430s] INFO:colcon.colcon_core.shell:Creating environment descriptor '/home/jetson/slash_ws/install/costmap_converter/share/costmap_converter/hook/cmake_prefix_path.dsv'
[6.432s] INFO:colcon.colcon_core.shell:Creating environment hook '/home/jetson/slash_ws/install/costmap_converter/share/costmap_converter/hook/cmake_prefix_path.sh'
[6.436s] Level 1:colcon.colcon_core.environment:checking '/home/jetson/slash_ws/install/costmap_converter/lib'
[6.440s] Level 1:colcon.colcon_core.shell:create_environment_hook('costmap_converter', 'ld_library_path_lib')
[6.440s] INFO:colcon.colcon_core.shell:Creating environment hook '/home/jetson/slash_ws/install/costmap_converter/share/costmap_converter/hook/ld_library_path_lib.ps1'
[6.442s] INFO:colcon.colcon_core.shell:Creating environment descriptor '/home/jetson/slash_ws/install/costmap_converter/share/costmap_converter/hook/ld_library_path_lib.dsv'
[6.443s] INFO:colcon.colcon_core.shell:Creating environment hook '/home/jetson/slash_ws/install/costmap_converter/share/costmap_converter/hook/ld_library_path_lib.sh'
[6.445s] Level 1:colcon.colcon_core.environment:checking '/home/jetson/slash_ws/install/costmap_converter/bin'
[6.446s] Level 1:colcon.colcon_core.shell:create_environment_hook('costmap_converter', 'path')
[6.447s] INFO:colcon.colcon_core.shell:Creating environment hook '/home/jetson/slash_ws/install/costmap_converter/share/costmap_converter/hook/path.ps1'
[6.452s] INFO:colcon.colcon_core.shell:Creating environment descriptor '/home/jetson/slash_ws/install/costmap_converter/share/costmap_converter/hook/path.dsv'
[6.453s] INFO:colcon.colcon_core.shell:Creating environment hook '/home/jetson/slash_ws/install/costmap_converter/share/costmap_converter/hook/path.sh'
[6.454s] Level 1:colcon.colcon_core.environment:checking '/home/jetson/slash_ws/install/costmap_converter/lib/pkgconfig/costmap_converter.pc'
[6.458s] Level 1:colcon.colcon_core.environment:checking '/home/jetson/slash_ws/install/costmap_converter/lib/python3.8/site-packages'
[6.458s] Level 1:colcon.colcon_core.environment:checking '/home/jetson/slash_ws/install/costmap_converter/bin'
[6.459s] Level 1:colcon.colcon_core.shell:create_environment_hook('costmap_converter', 'pythonscriptspath')
[6.459s] INFO:colcon.colcon_core.shell:Creating environment hook '/home/jetson/slash_ws/install/costmap_converter/share/costmap_converter/hook/pythonscriptspath.ps1'
[6.461s] INFO:colcon.colcon_core.shell:Creating environment descriptor '/home/jetson/slash_ws/install/costmap_converter/share/costmap_converter/hook/pythonscriptspath.dsv'
[6.463s] INFO:colcon.colcon_core.shell:Creating environment hook '/home/jetson/slash_ws/install/costmap_converter/share/costmap_converter/hook/pythonscriptspath.sh'
[6.467s] INFO:colcon.colcon_core.shell:Creating package script '/home/jetson/slash_ws/install/costmap_converter/share/costmap_converter/package.ps1'
[6.470s] INFO:colcon.colcon_core.shell:Creating package descriptor '/home/jetson/slash_ws/install/costmap_converter/share/costmap_converter/package.dsv'
[6.472s] INFO:colcon.colcon_core.shell:Creating package script '/home/jetson/slash_ws/install/costmap_converter/share/costmap_converter/package.sh'
[6.473s] INFO:colcon.colcon_core.shell:Creating package script '/home/jetson/slash_ws/install/costmap_converter/share/costmap_converter/package.bash'
[6.474s] INFO:colcon.colcon_core.shell:Creating package script '/home/jetson/slash_ws/install/costmap_converter/share/costmap_converter/package.zsh'
[6.475s] Level 1:colcon.colcon_core.environment:create_file_with_runtime_dependencies(/home/jetson/slash_ws/install/costmap_converter/share/colcon-core/packages/costmap_converter)
[6.484s] INFO:colcon.colcon_ros.task.ament_cmake.build:Building ROS package in '/home/jetson/slash_ws/src/slash_controller/simple_mpc' with build type 'ament_cmake'
[6.487s] INFO:colcon.colcon_cmake.task.cmake.build:Building CMake package in '/home/jetson/slash_ws/src/slash_controller/simple_mpc'
[6.488s] INFO:colcon.colcon_core.shell:Skip shell extension 'powershell' for command environment: Not usable outside of PowerShell
[6.488s] DEBUG:colcon.colcon_core.shell:Skip shell extension 'dsv' for command environment
[6.516s] INFO:colcon.colcon_ros.task.ament_cmake.build:Building ROS package in '/home/jetson/slash_ws/src/slash_navigation/slash_nav2' with build type 'ament_cmake'
[6.517s] INFO:colcon.colcon_cmake.task.cmake.build:Building CMake package in '/home/jetson/slash_ws/src/slash_navigation/slash_nav2'
[6.518s] INFO:colcon.colcon_core.shell:Skip shell extension 'powershell' for command environment: Not usable outside of PowerShell
[6.518s] DEBUG:colcon.colcon_core.shell:Skip shell extension 'dsv' for command environment
[6.563s] Level 1:colcon.colcon_core.environment:create_environment_scripts_only(teb_msgs)
[6.565s] Level 1:colcon.colcon_core.environment:checking '/home/jetson/slash_ws/install/teb_msgs' for CMake module files
[6.566s] Level 1:colcon.colcon_core.environment:checking '/home/jetson/slash_ws/install/teb_msgs' for CMake config files
[6.567s] Level 1:colcon.colcon_core.shell:create_environment_hook('teb_msgs', 'cmake_prefix_path')
[6.568s] INFO:colcon.colcon_core.shell:Creating environment hook '/home/jetson/slash_ws/install/teb_msgs/share/teb_msgs/hook/cmake_prefix_path.ps1'
[6.564s] DEBUG:colcon.colcon_core.event_handler.log_command:Invoked command in '/home/jetson/slash_ws/build/teb_msgs' returned '0': CMAKE_PREFIX_PATH=/home/jetson/slash_ws/install/costmap_converter_msgs:/home/jetson/slash_ws/install/vesc:/home/jetson/slash_ws/install/vesc_driver:/home/jetson/slash_ws/install/vesc_ackermann:/home/jetson/slash_ws/install/vesc_msgs:/home/jetson/slash_ws/install/teleop_tools:/home/jetson/slash_ws/install/teleop_tools_msgs:/home/jetson/slash_ws/install/teb_local_planner:/home/jetson/slash_ws/install/teb_msgs:/home/jetson/slash_ws/install/slash_nav2:/home/jetson/slash_ws/install/simple_mpc:/home/jetson/slash_ws/install/pointcloud_to_laserscan:/home/jetson/slash_ws/install/fast_lio:/home/jetson/slash_ws/install/livox_ros_driver2:/home/jetson/slash_ws/install/linefit_ground_segmentation_ros:/home/jetson/slash_ws/install/linefit_ground_segmentation:/home/jetson/slash_ws/install/costmap_converter:/home/jetson/slash_ws/install/ackermann_mux:/home/jetson/slash_ws/install/f1tenth_stack:/home/jetson/slash_ws/install/twist_to_ackermann:/home/jetson/slash_ws/install/joy_teleop:/home/jetson/slash_ws/install/roboracer_china_2025:/home/jetson/slash_ws/install/mouse_teleop:/home/jetson/slash_ws/install/key_teleop:/opt/ros/foxy LD_LIBRARY_PATH=/home/jetson/slash_ws/install/costmap_converter_msgs/lib:/usr/local/cuda/lib64:/usr/local/cuda/lib64:/usr/local/cuda/lib64:/usr/local/cuda/lib64:/usr/local/cuda-11.4/lib64:/usr/local/cuda/lib64:/usr/local/cuda/lib64:/usr/local/cuda/lib64:/usr/local/cuda/lib64:/home/jetson/slash_ws/install/vesc_driver/lib:/home/jetson/slash_ws/install/vesc_ackermann/lib:/home/jetson/slash_ws/install/vesc_msgs/lib:/home/jetson/slash_ws/install/teleop_tools_msgs/lib:/home/jetson/slash_ws/install/teb_local_planner/lib:/home/jetson/slash_ws/install/teb_msgs/lib:/home/jetson/slash_ws/install/pointcloud_to_laserscan/lib:/home/jetson/slash_ws/install/fast_lio/lib:/home/jetson/slash_ws/install/livox_ros_driver2/lib:/home/jetson/slash_ws/install/linefit_ground_segmentation/lib:/home/jetson/slash_ws/install/costmap_converter/lib:/usr/lib/aarch64-linux-gnu/gazebo-11/plugins:/opt/ros/foxy/opt/yaml_cpp_vendor/lib:/opt/ros/foxy/opt/rviz_ogre_vendor/lib:/opt/ros/foxy/lib/aarch64-linux-gnu:/opt/ros/foxy/lib:/usr/local/cuda-11.4/lib64 PYTHONPATH=/home/jetson/slash_ws/install/costmap_converter_msgs/lib/python3.8/site-packages:/home/jetson/slash_ws/install/f1tenth_stack/lib/python3.8/site-packages:/home/jetson/slash_ws/install/vesc_msgs/lib/python3.8/site-packages:/home/jetson/slash_ws/install/twist_to_ackermann/lib/python3.8/site-packages:/home/jetson/slash_ws/install/joy_teleop/lib/python3.8/site-packages:/home/jetson/slash_ws/install/teleop_tools_msgs/lib/python3.8/site-packages:/home/jetson/slash_ws/install/teb_msgs/lib/python3.8/site-packages:/home/jetson/slash_ws/install/roboracer_china_2025/lib/python3.8/site-packages:/home/jetson/slash_ws/install/mouse_teleop/lib/python3.8/site-packages:/home/jetson/slash_ws/install/fast_lio/lib/python3.8/site-packages:/home/jetson/slash_ws/install/livox_ros_driver2/lib/python3.8/site-packages:/home/jetson/slash_ws/install/key_teleop/lib/python3.8/site-packages:/opt/ros/foxy/lib/python3.8/site-packages /usr/bin/cmake --install /home/jetson/slash_ws/build/teb_msgs
[6.572s] INFO:colcon.colcon_core.shell:Creating environment descriptor '/home/jetson/slash_ws/install/teb_msgs/share/teb_msgs/hook/cmake_prefix_path.dsv'
[6.577s] INFO:colcon.colcon_core.shell:Creating environment hook '/home/jetson/slash_ws/install/teb_msgs/share/teb_msgs/hook/cmake_prefix_path.sh'
[6.581s] Level 1:colcon.colcon_core.environment:checking '/home/jetson/slash_ws/install/teb_msgs/lib'
[6.582s] Level 1:colcon.colcon_core.shell:create_environment_hook('teb_msgs', 'ld_library_path_lib')
[6.584s] INFO:colcon.colcon_core.shell:Creating environment hook '/home/jetson/slash_ws/install/teb_msgs/share/teb_msgs/hook/ld_library_path_lib.ps1'
[6.588s] INFO:colcon.colcon_core.shell:Creating environment descriptor '/home/jetson/slash_ws/install/teb_msgs/share/teb_msgs/hook/ld_library_path_lib.dsv'
[6.591s] INFO:colcon.colcon_core.shell:Creating environment hook '/home/jetson/slash_ws/install/teb_msgs/share/teb_msgs/hook/ld_library_path_lib.sh'
[6.596s] Level 1:colcon.colcon_core.environment:checking '/home/jetson/slash_ws/install/teb_msgs/bin'
[6.597s] Level 1:colcon.colcon_core.environment:checking '/home/jetson/slash_ws/install/teb_msgs/lib/pkgconfig/teb_msgs.pc'
[6.598s] Level 1:colcon.colcon_core.environment:checking '/home/jetson/slash_ws/install/teb_msgs/lib/python3.8/site-packages'
[6.599s] Level 1:colcon.colcon_core.shell:create_environment_hook('teb_msgs', 'pythonpath')
[6.600s] INFO:colcon.colcon_core.shell:Creating environment hook '/home/jetson/slash_ws/install/teb_msgs/share/teb_msgs/hook/pythonpath.ps1'
[6.607s] INFO:colcon.colcon_core.shell:Creating environment descriptor '/home/jetson/slash_ws/install/teb_msgs/share/teb_msgs/hook/pythonpath.dsv'
[6.609s] INFO:colcon.colcon_core.shell:Creating environment hook '/home/jetson/slash_ws/install/teb_msgs/share/teb_msgs/hook/pythonpath.sh'
[6.615s] Level 1:colcon.colcon_core.environment:checking '/home/jetson/slash_ws/install/teb_msgs/bin'
[6.617s] INFO:colcon.colcon_core.shell:Creating package script '/home/jetson/slash_ws/install/teb_msgs/share/teb_msgs/package.ps1'
[6.627s] INFO:colcon.colcon_core.shell:Creating package descriptor '/home/jetson/slash_ws/install/teb_msgs/share/teb_msgs/package.dsv'
[6.630s] INFO:colcon.colcon_core.shell:Creating package script '/home/jetson/slash_ws/install/teb_msgs/share/teb_msgs/package.sh'
[6.632s] INFO:colcon.colcon_core.shell:Creating package script '/home/jetson/slash_ws/install/teb_msgs/share/teb_msgs/package.bash'
[6.635s] INFO:colcon.colcon_core.shell:Creating package script '/home/jetson/slash_ws/install/teb_msgs/share/teb_msgs/package.zsh'
[6.638s] Level 1:colcon.colcon_core.environment:create_file_with_runtime_dependencies(/home/jetson/slash_ws/install/teb_msgs/share/colcon-core/packages/teb_msgs)
[6.641s] Level 1:colcon.colcon_core.environment:create_environment_scripts_only(teb_msgs)
[6.643s] Level 1:colcon.colcon_core.environment:checking '/home/jetson/slash_ws/install/teb_msgs' for CMake module files
[6.645s] Level 1:colcon.colcon_core.environment:checking '/home/jetson/slash_ws/install/teb_msgs' for CMake config files
[6.646s] Level 1:colcon.colcon_core.shell:create_environment_hook('teb_msgs', 'cmake_prefix_path')
[6.647s] INFO:colcon.colcon_core.shell:Creating environment hook '/home/jetson/slash_ws/install/teb_msgs/share/teb_msgs/hook/cmake_prefix_path.ps1'
[6.650s] INFO:colcon.colcon_core.shell:Creating environment descriptor '/home/jetson/slash_ws/install/teb_msgs/share/teb_msgs/hook/cmake_prefix_path.dsv'
[6.652s] INFO:colcon.colcon_core.shell:Creating environment hook '/home/jetson/slash_ws/install/teb_msgs/share/teb_msgs/hook/cmake_prefix_path.sh'
[6.655s] Level 1:colcon.colcon_core.environment:checking '/home/jetson/slash_ws/install/teb_msgs/lib'
[6.656s] Level 1:colcon.colcon_core.shell:create_environment_hook('teb_msgs', 'ld_library_path_lib')
[6.657s] INFO:colcon.colcon_core.shell:Creating environment hook '/home/jetson/slash_ws/install/teb_msgs/share/teb_msgs/hook/ld_library_path_lib.ps1'
[6.660s] INFO:colcon.colcon_core.shell:Creating environment descriptor '/home/jetson/slash_ws/install/teb_msgs/share/teb_msgs/hook/ld_library_path_lib.dsv'
[6.662s] INFO:colcon.colcon_core.shell:Creating environment hook '/home/jetson/slash_ws/install/teb_msgs/share/teb_msgs/hook/ld_library_path_lib.sh'
[6.664s] Level 1:colcon.colcon_core.environment:checking '/home/jetson/slash_ws/install/teb_msgs/bin'
[6.665s] Level 1:colcon.colcon_core.environment:checking '/home/jetson/slash_ws/install/teb_msgs/lib/pkgconfig/teb_msgs.pc'
[6.665s] Level 1:colcon.colcon_core.environment:checking '/home/jetson/slash_ws/install/teb_msgs/lib/python3.8/site-packages'
[6.666s] Level 1:colcon.colcon_core.shell:create_environment_hook('teb_msgs', 'pythonpath')
[6.669s] INFO:colcon.colcon_core.shell:Creating environment hook '/home/jetson/slash_ws/install/teb_msgs/share/teb_msgs/hook/pythonpath.ps1'
[6.672s] INFO:colcon.colcon_core.shell:Creating environment descriptor '/home/jetson/slash_ws/install/teb_msgs/share/teb_msgs/hook/pythonpath.dsv'
[6.674s] INFO:colcon.colcon_core.shell:Creating environment hook '/home/jetson/slash_ws/install/teb_msgs/share/teb_msgs/hook/pythonpath.sh'
[6.678s] Level 1:colcon.colcon_core.environment:checking '/home/jetson/slash_ws/install/teb_msgs/bin'
[6.679s] INFO:colcon.colcon_core.shell:Creating package script '/home/jetson/slash_ws/install/teb_msgs/share/teb_msgs/package.ps1'
[6.682s] INFO:colcon.colcon_core.shell:Creating package descriptor '/home/jetson/slash_ws/install/teb_msgs/share/teb_msgs/package.dsv'
[6.686s] INFO:colcon.colcon_core.shell:Creating package script '/home/jetson/slash_ws/install/teb_msgs/share/teb_msgs/package.sh'
[6.691s] INFO:colcon.colcon_core.shell:Creating package script '/home/jetson/slash_ws/install/teb_msgs/share/teb_msgs/package.bash'
[6.694s] INFO:colcon.colcon_core.shell:Creating package script '/home/jetson/slash_ws/install/teb_msgs/share/teb_msgs/package.zsh'
[6.695s] Level 1:colcon.colcon_core.environment:create_file_with_runtime_dependencies(/home/jetson/slash_ws/install/teb_msgs/share/colcon-core/packages/teb_msgs)
[6.702s] INFO:colcon.colcon_ros.task.ament_python.build:Building ROS package in '/home/jetson/slash_ws/src/slash_perception/twist_to_ackermann' with build type 'ament_python'
[6.703s] Level 1:colcon.colcon_core.shell:create_environment_hook('twist_to_ackermann', 'ament_prefix_path')
[6.703s] INFO:colcon.colcon_core.shell:Creating environment hook '/home/jetson/slash_ws/install/twist_to_ackermann/share/twist_to_ackermann/hook/ament_prefix_path.ps1'
[6.706s] INFO:colcon.colcon_core.shell:Creating environment descriptor '/home/jetson/slash_ws/install/twist_to_ackermann/share/twist_to_ackermann/hook/ament_prefix_path.dsv'
[6.707s] INFO:colcon.colcon_core.shell:Creating environment hook '/home/jetson/slash_ws/install/twist_to_ackermann/share/twist_to_ackermann/hook/ament_prefix_path.sh'
[6.712s] INFO:colcon.colcon_core.shell:Skip shell extension 'powershell' for command environment: Not usable outside of PowerShell
[6.712s] DEBUG:colcon.colcon_core.shell:Skip shell extension 'dsv' for command environment
[6.789s] DEBUG:colcon.colcon_core.event_handler.log_command:Invoking command in '/home/jetson/slash_ws/build/vesc': CMAKE_PREFIX_PATH=/home/jetson/slash_ws/install/vesc_driver:/home/jetson/slash_ws/install/vesc_ackermann:/home/jetson/slash_ws/install/vesc_msgs:/home/jetson/slash_ws/install/vesc:/home/jetson/slash_ws/install/teleop_tools:/home/jetson/slash_ws/install/teleop_tools_msgs:/home/jetson/slash_ws/install/teb_local_planner:/home/jetson/slash_ws/install/teb_msgs:/home/jetson/slash_ws/install/slash_nav2:/home/jetson/slash_ws/install/simple_mpc:/home/jetson/slash_ws/install/pointcloud_to_laserscan:/home/jetson/slash_ws/install/fast_lio:/home/jetson/slash_ws/install/livox_ros_driver2:/home/jetson/slash_ws/install/linefit_ground_segmentation_ros:/home/jetson/slash_ws/install/linefit_ground_segmentation:/home/jetson/slash_ws/install/costmap_converter:/home/jetson/slash_ws/install/costmap_converter_msgs:/home/jetson/slash_ws/install/ackermann_mux:/home/jetson/slash_ws/install/f1tenth_stack:/home/jetson/slash_ws/install/twist_to_ackermann:/home/jetson/slash_ws/install/joy_teleop:/home/jetson/slash_ws/install/roboracer_china_2025:/home/jetson/slash_ws/install/mouse_teleop:/home/jetson/slash_ws/install/key_teleop:/opt/ros/foxy LD_LIBRARY_PATH=/home/jetson/slash_ws/install/vesc_driver/lib:/home/jetson/slash_ws/install/vesc_ackermann/lib:/home/jetson/slash_ws/install/vesc_msgs/lib:/usr/local/cuda/lib64:/usr/local/cuda/lib64:/usr/local/cuda/lib64:/usr/local/cuda/lib64:/usr/local/cuda-11.4/lib64:/usr/local/cuda/lib64:/usr/local/cuda/lib64:/usr/local/cuda/lib64:/usr/local/cuda/lib64:/home/jetson/slash_ws/install/teleop_tools_msgs/lib:/home/jetson/slash_ws/install/teb_local_planner/lib:/home/jetson/slash_ws/install/teb_msgs/lib:/home/jetson/slash_ws/install/pointcloud_to_laserscan/lib:/home/jetson/slash_ws/install/fast_lio/lib:/home/jetson/slash_ws/install/livox_ros_driver2/lib:/home/jetson/slash_ws/install/linefit_ground_segmentation/lib:/home/jetson/slash_ws/install/costmap_converter/lib:/home/jetson/slash_ws/install/costmap_converter_msgs/lib:/usr/lib/aarch64-linux-gnu/gazebo-11/plugins:/opt/ros/foxy/opt/yaml_cpp_vendor/lib:/opt/ros/foxy/opt/rviz_ogre_vendor/lib:/opt/ros/foxy/lib/aarch64-linux-gnu:/opt/ros/foxy/lib:/usr/local/cuda-11.4/lib64 PYTHONPATH=/home/jetson/slash_ws/install/vesc_msgs/lib/python3.8/site-packages:/home/jetson/slash_ws/install/f1tenth_stack/lib/python3.8/site-packages:/home/jetson/slash_ws/install/twist_to_ackermann/lib/python3.8/site-packages:/home/jetson/slash_ws/install/joy_teleop/lib/python3.8/site-packages:/home/jetson/slash_ws/install/teleop_tools_msgs/lib/python3.8/site-packages:/home/jetson/slash_ws/install/teb_msgs/lib/python3.8/site-packages:/home/jetson/slash_ws/install/roboracer_china_2025/lib/python3.8/site-packages:/home/jetson/slash_ws/install/mouse_teleop/lib/python3.8/site-packages:/home/jetson/slash_ws/install/fast_lio/lib/python3.8/site-packages:/home/jetson/slash_ws/install/livox_ros_driver2/lib/python3.8/site-packages:/home/jetson/slash_ws/install/key_teleop/lib/python3.8/site-packages:/home/jetson/slash_ws/install/costmap_converter_msgs/lib/python3.8/site-packages:/opt/ros/foxy/lib/python3.8/site-packages /usr/bin/cmake --build /home/jetson/slash_ws/build/vesc -- -j8 -l8
[7.904s] INFO:colcon.colcon_core.task.python.build:Building Python package in '/home/jetson/slash_ws/src/slash_navigation/roboracer_china_2025'
[7.905s] INFO:colcon.colcon_core.shell:Skip shell extension 'powershell' for command environment: Not usable outside of PowerShell
[7.905s] DEBUG:colcon.colcon_core.shell:Skip shell extension 'dsv' for command environment
[7.943s] DEBUG:colcon.colcon_core.event_handler.log_command:Invoking command in '/home/jetson/slash_ws/build/simple_mpc': CMAKE_PREFIX_PATH=${CMAKE_PREFIX_PATH}:/home/jetson/slash_ws/install/f1tenth_stack:/home/jetson/slash_ws/install/twist_to_ackermann:/home/jetson/slash_ws/install/joy_teleop:/home/jetson/slash_ws/install/roboracer_china_2025:/home/jetson/slash_ws/install/mouse_teleop:/home/jetson/slash_ws/install/key_teleop:/opt/ros/foxy /usr/bin/cmake --build /home/jetson/slash_ws/build/simple_mpc -- -j8 -l8
[7.972s] DEBUG:colcon.colcon_core.event_handler.log_command:Invoking command in '/home/jetson/slash_ws/build/slash_nav2': CMAKE_PREFIX_PATH=${CMAKE_PREFIX_PATH}:/home/jetson/slash_ws/install/f1tenth_stack:/home/jetson/slash_ws/install/twist_to_ackermann:/home/jetson/slash_ws/install/joy_teleop:/home/jetson/slash_ws/install/roboracer_china_2025:/home/jetson/slash_ws/install/mouse_teleop:/home/jetson/slash_ws/install/key_teleop:/opt/ros/foxy /usr/bin/cmake --build /home/jetson/slash_ws/build/slash_nav2 -- -j8 -l8
[7.993s] DEBUG:colcon.colcon_core.event_handler.log_command:Invoked command in '/home/jetson/slash_ws/build/vesc' returned '0': CMAKE_PREFIX_PATH=/home/jetson/slash_ws/install/vesc_driver:/home/jetson/slash_ws/install/vesc_ackermann:/home/jetson/slash_ws/install/vesc_msgs:/home/jetson/slash_ws/install/vesc:/home/jetson/slash_ws/install/teleop_tools:/home/jetson/slash_ws/install/teleop_tools_msgs:/home/jetson/slash_ws/install/teb_local_planner:/home/jetson/slash_ws/install/teb_msgs:/home/jetson/slash_ws/install/slash_nav2:/home/jetson/slash_ws/install/simple_mpc:/home/jetson/slash_ws/install/pointcloud_to_laserscan:/home/jetson/slash_ws/install/fast_lio:/home/jetson/slash_ws/install/livox_ros_driver2:/home/jetson/slash_ws/install/linefit_ground_segmentation_ros:/home/jetson/slash_ws/install/linefit_ground_segmentation:/home/jetson/slash_ws/install/costmap_converter:/home/jetson/slash_ws/install/costmap_converter_msgs:/home/jetson/slash_ws/install/ackermann_mux:/home/jetson/slash_ws/install/f1tenth_stack:/home/jetson/slash_ws/install/twist_to_ackermann:/home/jetson/slash_ws/install/joy_teleop:/home/jetson/slash_ws/install/roboracer_china_2025:/home/jetson/slash_ws/install/mouse_teleop:/home/jetson/slash_ws/install/key_teleop:/opt/ros/foxy LD_LIBRARY_PATH=/home/jetson/slash_ws/install/vesc_driver/lib:/home/jetson/slash_ws/install/vesc_ackermann/lib:/home/jetson/slash_ws/install/vesc_msgs/lib:/usr/local/cuda/lib64:/usr/local/cuda/lib64:/usr/local/cuda/lib64:/usr/local/cuda/lib64:/usr/local/cuda-11.4/lib64:/usr/local/cuda/lib64:/usr/local/cuda/lib64:/usr/local/cuda/lib64:/usr/local/cuda/lib64:/home/jetson/slash_ws/install/teleop_tools_msgs/lib:/home/jetson/slash_ws/install/teb_local_planner/lib:/home/jetson/slash_ws/install/teb_msgs/lib:/home/jetson/slash_ws/install/pointcloud_to_laserscan/lib:/home/jetson/slash_ws/install/fast_lio/lib:/home/jetson/slash_ws/install/livox_ros_driver2/lib:/home/jetson/slash_ws/install/linefit_ground_segmentation/lib:/home/jetson/slash_ws/install/costmap_converter/lib:/home/jetson/slash_ws/install/costmap_converter_msgs/lib:/usr/lib/aarch64-linux-gnu/gazebo-11/plugins:/opt/ros/foxy/opt/yaml_cpp_vendor/lib:/opt/ros/foxy/opt/rviz_ogre_vendor/lib:/opt/ros/foxy/lib/aarch64-linux-gnu:/opt/ros/foxy/lib:/usr/local/cuda-11.4/lib64 PYTHONPATH=/home/jetson/slash_ws/install/vesc_msgs/lib/python3.8/site-packages:/home/jetson/slash_ws/install/f1tenth_stack/lib/python3.8/site-packages:/home/jetson/slash_ws/install/twist_to_ackermann/lib/python3.8/site-packages:/home/jetson/slash_ws/install/joy_teleop/lib/python3.8/site-packages:/home/jetson/slash_ws/install/teleop_tools_msgs/lib/python3.8/site-packages:/home/jetson/slash_ws/install/teb_msgs/lib/python3.8/site-packages:/home/jetson/slash_ws/install/roboracer_china_2025/lib/python3.8/site-packages:/home/jetson/slash_ws/install/mouse_teleop/lib/python3.8/site-packages:/home/jetson/slash_ws/install/fast_lio/lib/python3.8/site-packages:/home/jetson/slash_ws/install/livox_ros_driver2/lib/python3.8/site-packages:/home/jetson/slash_ws/install/key_teleop/lib/python3.8/site-packages:/home/jetson/slash_ws/install/costmap_converter_msgs/lib/python3.8/site-packages:/opt/ros/foxy/lib/python3.8/site-packages /usr/bin/cmake --build /home/jetson/slash_ws/build/vesc -- -j8 -l8
[8.006s] DEBUG:colcon.colcon_core.event_handler.log_command:Invoking command in '/home/jetson/slash_ws/build/vesc': CMAKE_PREFIX_PATH=/home/jetson/slash_ws/install/vesc_driver:/home/jetson/slash_ws/install/vesc_ackermann:/home/jetson/slash_ws/install/vesc_msgs:/home/jetson/slash_ws/install/vesc:/home/jetson/slash_ws/install/teleop_tools:/home/jetson/slash_ws/install/teleop_tools_msgs:/home/jetson/slash_ws/install/teb_local_planner:/home/jetson/slash_ws/install/teb_msgs:/home/jetson/slash_ws/install/slash_nav2:/home/jetson/slash_ws/install/simple_mpc:/home/jetson/slash_ws/install/pointcloud_to_laserscan:/home/jetson/slash_ws/install/fast_lio:/home/jetson/slash_ws/install/livox_ros_driver2:/home/jetson/slash_ws/install/linefit_ground_segmentation_ros:/home/jetson/slash_ws/install/linefit_ground_segmentation:/home/jetson/slash_ws/install/costmap_converter:/home/jetson/slash_ws/install/costmap_converter_msgs:/home/jetson/slash_ws/install/ackermann_mux:/home/jetson/slash_ws/install/f1tenth_stack:/home/jetson/slash_ws/install/twist_to_ackermann:/home/jetson/slash_ws/install/joy_teleop:/home/jetson/slash_ws/install/roboracer_china_2025:/home/jetson/slash_ws/install/mouse_teleop:/home/jetson/slash_ws/install/key_teleop:/opt/ros/foxy LD_LIBRARY_PATH=/home/jetson/slash_ws/install/vesc_driver/lib:/home/jetson/slash_ws/install/vesc_ackermann/lib:/home/jetson/slash_ws/install/vesc_msgs/lib:/usr/local/cuda/lib64:/usr/local/cuda/lib64:/usr/local/cuda/lib64:/usr/local/cuda/lib64:/usr/local/cuda-11.4/lib64:/usr/local/cuda/lib64:/usr/local/cuda/lib64:/usr/local/cuda/lib64:/usr/local/cuda/lib64:/home/jetson/slash_ws/install/teleop_tools_msgs/lib:/home/jetson/slash_ws/install/teb_local_planner/lib:/home/jetson/slash_ws/install/teb_msgs/lib:/home/jetson/slash_ws/install/pointcloud_to_laserscan/lib:/home/jetson/slash_ws/install/fast_lio/lib:/home/jetson/slash_ws/install/livox_ros_driver2/lib:/home/jetson/slash_ws/install/linefit_ground_segmentation/lib:/home/jetson/slash_ws/install/costmap_converter/lib:/home/jetson/slash_ws/install/costmap_converter_msgs/lib:/usr/lib/aarch64-linux-gnu/gazebo-11/plugins:/opt/ros/foxy/opt/yaml_cpp_vendor/lib:/opt/ros/foxy/opt/rviz_ogre_vendor/lib:/opt/ros/foxy/lib/aarch64-linux-gnu:/opt/ros/foxy/lib:/usr/local/cuda-11.4/lib64 PYTHONPATH=/home/jetson/slash_ws/install/vesc_msgs/lib/python3.8/site-packages:/home/jetson/slash_ws/install/f1tenth_stack/lib/python3.8/site-packages:/home/jetson/slash_ws/install/twist_to_ackermann/lib/python3.8/site-packages:/home/jetson/slash_ws/install/joy_teleop/lib/python3.8/site-packages:/home/jetson/slash_ws/install/teleop_tools_msgs/lib/python3.8/site-packages:/home/jetson/slash_ws/install/teb_msgs/lib/python3.8/site-packages:/home/jetson/slash_ws/install/roboracer_china_2025/lib/python3.8/site-packages:/home/jetson/slash_ws/install/mouse_teleop/lib/python3.8/site-packages:/home/jetson/slash_ws/install/fast_lio/lib/python3.8/site-packages:/home/jetson/slash_ws/install/livox_ros_driver2/lib/python3.8/site-packages:/home/jetson/slash_ws/install/key_teleop/lib/python3.8/site-packages:/home/jetson/slash_ws/install/costmap_converter_msgs/lib/python3.8/site-packages:/opt/ros/foxy/lib/python3.8/site-packages /usr/bin/cmake --install /home/jetson/slash_ws/build/vesc
[8.020s] Level 1:colcon.colcon_core.environment:checking '/home/jetson/slash_ws/install/mouse_teleop' for CMake module files
[8.021s] DEBUG:colcon.colcon_core.event_handler.log_command:Invoked command in '/home/jetson/slash_ws/src/slash_hardware/f1tenth_system/teleop_tools/mouse_teleop' returned '0': PYTHONPATH=/home/jetson/slash_ws/build/mouse_teleop/prefix_override:/usr/lib/python3/dist-packages/colcon_core/task/python/colcon_distutils_commands:/home/jetson/slash_ws/install/mouse_teleop/lib/python3.8/site-packages:${PYTHONPATH} /usr/bin/python3 -W ignore:setup.py install is deprecated -W ignore:easy_install command is deprecated setup.py egg_info --egg-base ../../../../../build/mouse_teleop build --build-base /home/jetson/slash_ws/build/mouse_teleop/build install --record /home/jetson/slash_ws/build/mouse_teleop/install.log --single-version-externally-managed install_data
[8.023s] Level 1:colcon.colcon_core.environment:checking '/home/jetson/slash_ws/install/mouse_teleop' for CMake config files
[8.025s] Level 1:colcon.colcon_core.environment:checking '/home/jetson/slash_ws/install/mouse_teleop/lib'
[8.026s] Level 1:colcon.colcon_core.environment:checking '/home/jetson/slash_ws/install/mouse_teleop/bin'
[8.026s] Level 1:colcon.colcon_core.environment:checking '/home/jetson/slash_ws/install/mouse_teleop/lib/pkgconfig/mouse_teleop.pc'
[8.027s] Level 1:colcon.colcon_core.environment:checking '/home/jetson/slash_ws/install/mouse_teleop/lib/python3.8/site-packages'
[8.027s] Level 1:colcon.colcon_core.shell:create_environment_hook('mouse_teleop', 'pythonpath')
[8.028s] INFO:colcon.colcon_core.shell:Creating environment hook '/home/jetson/slash_ws/install/mouse_teleop/share/mouse_teleop/hook/pythonpath.ps1'
[8.030s] INFO:colcon.colcon_core.shell:Creating environment descriptor '/home/jetson/slash_ws/install/mouse_teleop/share/mouse_teleop/hook/pythonpath.dsv'
[8.032s] INFO:colcon.colcon_core.shell:Creating environment hook '/home/jetson/slash_ws/install/mouse_teleop/share/mouse_teleop/hook/pythonpath.sh'
[8.035s] Level 1:colcon.colcon_core.environment:checking '/home/jetson/slash_ws/install/mouse_teleop/bin'
[8.035s] Level 1:colcon.colcon_core.environment:create_environment_scripts_only(mouse_teleop)
[8.036s] INFO:colcon.colcon_core.shell:Creating package script '/home/jetson/slash_ws/install/mouse_teleop/share/mouse_teleop/package.ps1'
[8.041s] INFO:colcon.colcon_core.shell:Creating package descriptor '/home/jetson/slash_ws/install/mouse_teleop/share/mouse_teleop/package.dsv'
[8.042s] INFO:colcon.colcon_core.shell:Creating package script '/home/jetson/slash_ws/install/mouse_teleop/share/mouse_teleop/package.sh'
[8.043s] INFO:colcon.colcon_core.shell:Creating package script '/home/jetson/slash_ws/install/mouse_teleop/share/mouse_teleop/package.bash'
[8.045s] INFO:colcon.colcon_core.shell:Creating package script '/home/jetson/slash_ws/install/mouse_teleop/share/mouse_teleop/package.zsh'
[8.050s] Level 1:colcon.colcon_core.environment:create_file_with_runtime_dependencies(/home/jetson/slash_ws/install/mouse_teleop/share/colcon-core/packages/mouse_teleop)
[8.053s] Level 1:colcon.colcon_core.environment:checking '/home/jetson/slash_ws/install/key_teleop' for CMake module files
[8.056s] DEBUG:colcon.colcon_core.event_handler.log_command:Invoked command in '/home/jetson/slash_ws/src/slash_hardware/f1tenth_system/teleop_tools/key_teleop' returned '0': PYTHONPATH=/home/jetson/slash_ws/build/key_teleop/prefix_override:/usr/lib/python3/dist-packages/colcon_core/task/python/colcon_distutils_commands:/home/jetson/slash_ws/install/key_teleop/lib/python3.8/site-packages:${PYTHONPATH} /usr/bin/python3 -W ignore:setup.py install is deprecated -W ignore:easy_install command is deprecated setup.py egg_info --egg-base ../../../../../build/key_teleop build --build-base /home/jetson/slash_ws/build/key_teleop/build install --record /home/jetson/slash_ws/build/key_teleop/install.log --single-version-externally-managed install_data
[8.059s] Level 1:colcon.colcon_core.environment:checking '/home/jetson/slash_ws/install/key_teleop' for CMake config files
[8.060s] Level 1:colcon.colcon_core.environment:checking '/home/jetson/slash_ws/install/key_teleop/lib'
[8.061s] Level 1:colcon.colcon_core.environment:checking '/home/jetson/slash_ws/install/key_teleop/bin'
[8.061s] Level 1:colcon.colcon_core.environment:checking '/home/jetson/slash_ws/install/key_teleop/lib/pkgconfig/key_teleop.pc'
[8.061s] Level 1:colcon.colcon_core.environment:checking '/home/jetson/slash_ws/install/key_teleop/lib/python3.8/site-packages'
[8.063s] Level 1:colcon.colcon_core.shell:create_environment_hook('key_teleop', 'pythonpath')
[8.063s] INFO:colcon.colcon_core.shell:Creating environment hook '/home/jetson/slash_ws/install/key_teleop/share/key_teleop/hook/pythonpath.ps1'
[8.065s] INFO:colcon.colcon_core.shell:Creating environment descriptor '/home/jetson/slash_ws/install/key_teleop/share/key_teleop/hook/pythonpath.dsv'
[8.066s] INFO:colcon.colcon_core.shell:Creating environment hook '/home/jetson/slash_ws/install/key_teleop/share/key_teleop/hook/pythonpath.sh'
[8.067s] Level 1:colcon.colcon_core.environment:checking '/home/jetson/slash_ws/install/key_teleop/bin'
[8.067s] Level 1:colcon.colcon_core.environment:create_environment_scripts_only(key_teleop)
[8.068s] INFO:colcon.colcon_core.shell:Creating package script '/home/jetson/slash_ws/install/key_teleop/share/key_teleop/package.ps1'
[8.070s] INFO:colcon.colcon_core.shell:Creating package descriptor '/home/jetson/slash_ws/install/key_teleop/share/key_teleop/package.dsv'
[8.071s] INFO:colcon.colcon_core.shell:Creating package script '/home/jetson/slash_ws/install/key_teleop/share/key_teleop/package.sh'
[8.072s] INFO:colcon.colcon_core.shell:Creating package script '/home/jetson/slash_ws/install/key_teleop/share/key_teleop/package.bash'
[8.073s] INFO:colcon.colcon_core.shell:Creating package script '/home/jetson/slash_ws/install/key_teleop/share/key_teleop/package.zsh'
[8.074s] Level 1:colcon.colcon_core.environment:create_file_with_runtime_dependencies(/home/jetson/slash_ws/install/key_teleop/share/colcon-core/packages/key_teleop)
[8.829s] INFO:colcon.colcon_core.task.python.build:Building Python package in '/home/jetson/slash_ws/src/slash_perception/twist_to_ackermann'
[8.831s] INFO:colcon.colcon_core.shell:Skip shell extension 'powershell' for command environment: Not usable outside of PowerShell
[8.831s] DEBUG:colcon.colcon_core.shell:Skip shell extension 'dsv' for command environment
[8.850s] INFO:colcon.colcon_ros.task.ament_cmake.build:Building ROS package in '/home/jetson/slash_ws/src/slash_localization/FAST_LIO' with build type 'ament_cmake'
[8.852s] INFO:colcon.colcon_cmake.task.cmake.build:Building CMake package in '/home/jetson/slash_ws/src/slash_localization/FAST_LIO'
[8.853s] INFO:colcon.colcon_core.shell:Skip shell extension 'powershell' for command environment: Not usable outside of PowerShell
[8.856s] DEBUG:colcon.colcon_core.shell:Skip shell extension 'dsv' for command environment
[8.880s] INFO:colcon.colcon_ros.task.ament_cmake.build:Building ROS package in '/home/jetson/slash_ws/src/slash_perception/linefit_ground_segementation_ros2/linefit_ground_segmentation_ros' with build type 'ament_cmake'
[8.881s] INFO:colcon.colcon_cmake.task.cmake.build:Building CMake package in '/home/jetson/slash_ws/src/slash_perception/linefit_ground_segementation_ros2/linefit_ground_segmentation_ros'
[8.882s] INFO:colcon.colcon_core.shell:Skip shell extension 'powershell' for command environment: Not usable outside of PowerShell
[8.882s] DEBUG:colcon.colcon_core.shell:Skip shell extension 'dsv' for command environment
[8.928s] Level 1:colcon.colcon_core.environment:create_environment_scripts_only(vesc)
[8.931s] Level 1:colcon.colcon_core.environment:checking '/home/jetson/slash_ws/install/vesc' for CMake module files
[8.931s] DEBUG:colcon.colcon_core.event_handler.log_command:Invoked command in '/home/jetson/slash_ws/build/vesc' returned '0': CMAKE_PREFIX_PATH=/home/jetson/slash_ws/install/vesc_driver:/home/jetson/slash_ws/install/vesc_ackermann:/home/jetson/slash_ws/install/vesc_msgs:/home/jetson/slash_ws/install/vesc:/home/jetson/slash_ws/install/teleop_tools:/home/jetson/slash_ws/install/teleop_tools_msgs:/home/jetson/slash_ws/install/teb_local_planner:/home/jetson/slash_ws/install/teb_msgs:/home/jetson/slash_ws/install/slash_nav2:/home/jetson/slash_ws/install/simple_mpc:/home/jetson/slash_ws/install/pointcloud_to_laserscan:/home/jetson/slash_ws/install/fast_lio:/home/jetson/slash_ws/install/livox_ros_driver2:/home/jetson/slash_ws/install/linefit_ground_segmentation_ros:/home/jetson/slash_ws/install/linefit_ground_segmentation:/home/jetson/slash_ws/install/costmap_converter:/home/jetson/slash_ws/install/costmap_converter_msgs:/home/jetson/slash_ws/install/ackermann_mux:/home/jetson/slash_ws/install/f1tenth_stack:/home/jetson/slash_ws/install/twist_to_ackermann:/home/jetson/slash_ws/install/joy_teleop:/home/jetson/slash_ws/install/roboracer_china_2025:/home/jetson/slash_ws/install/mouse_teleop:/home/jetson/slash_ws/install/key_teleop:/opt/ros/foxy LD_LIBRARY_PATH=/home/jetson/slash_ws/install/vesc_driver/lib:/home/jetson/slash_ws/install/vesc_ackermann/lib:/home/jetson/slash_ws/install/vesc_msgs/lib:/usr/local/cuda/lib64:/usr/local/cuda/lib64:/usr/local/cuda/lib64:/usr/local/cuda/lib64:/usr/local/cuda-11.4/lib64:/usr/local/cuda/lib64:/usr/local/cuda/lib64:/usr/local/cuda/lib64:/usr/local/cuda/lib64:/home/jetson/slash_ws/install/teleop_tools_msgs/lib:/home/jetson/slash_ws/install/teb_local_planner/lib:/home/jetson/slash_ws/install/teb_msgs/lib:/home/jetson/slash_ws/install/pointcloud_to_laserscan/lib:/home/jetson/slash_ws/install/fast_lio/lib:/home/jetson/slash_ws/install/livox_ros_driver2/lib:/home/jetson/slash_ws/install/linefit_ground_segmentation/lib:/home/jetson/slash_ws/install/costmap_converter/lib:/home/jetson/slash_ws/install/costmap_converter_msgs/lib:/usr/lib/aarch64-linux-gnu/gazebo-11/plugins:/opt/ros/foxy/opt/yaml_cpp_vendor/lib:/opt/ros/foxy/opt/rviz_ogre_vendor/lib:/opt/ros/foxy/lib/aarch64-linux-gnu:/opt/ros/foxy/lib:/usr/local/cuda-11.4/lib64 PYTHONPATH=/home/jetson/slash_ws/install/vesc_msgs/lib/python3.8/site-packages:/home/jetson/slash_ws/install/f1tenth_stack/lib/python3.8/site-packages:/home/jetson/slash_ws/install/twist_to_ackermann/lib/python3.8/site-packages:/home/jetson/slash_ws/install/joy_teleop/lib/python3.8/site-packages:/home/jetson/slash_ws/install/teleop_tools_msgs/lib/python3.8/site-packages:/home/jetson/slash_ws/install/teb_msgs/lib/python3.8/site-packages:/home/jetson/slash_ws/install/roboracer_china_2025/lib/python3.8/site-packages:/home/jetson/slash_ws/install/mouse_teleop/lib/python3.8/site-packages:/home/jetson/slash_ws/install/fast_lio/lib/python3.8/site-packages:/home/jetson/slash_ws/install/livox_ros_driver2/lib/python3.8/site-packages:/home/jetson/slash_ws/install/key_teleop/lib/python3.8/site-packages:/home/jetson/slash_ws/install/costmap_converter_msgs/lib/python3.8/site-packages:/opt/ros/foxy/lib/python3.8/site-packages /usr/bin/cmake --install /home/jetson/slash_ws/build/vesc
[8.936s] Level 1:colcon.colcon_core.environment:checking '/home/jetson/slash_ws/install/vesc' for CMake config files
[8.937s] Level 1:colcon.colcon_core.shell:create_environment_hook('vesc', 'cmake_prefix_path')
[8.939s] INFO:colcon.colcon_core.shell:Creating environment hook '/home/jetson/slash_ws/install/vesc/share/vesc/hook/cmake_prefix_path.ps1'
[8.941s] INFO:colcon.colcon_core.shell:Creating environment descriptor '/home/jetson/slash_ws/install/vesc/share/vesc/hook/cmake_prefix_path.dsv'
[8.942s] INFO:colcon.colcon_core.shell:Creating environment hook '/home/jetson/slash_ws/install/vesc/share/vesc/hook/cmake_prefix_path.sh'
[8.949s] Level 1:colcon.colcon_core.environment:checking '/home/jetson/slash_ws/install/vesc/bin'
[8.950s] Level 1:colcon.colcon_core.environment:checking '/home/jetson/slash_ws/install/vesc/lib/pkgconfig/vesc.pc'
[8.950s] Level 1:colcon.colcon_core.environment:checking '/home/jetson/slash_ws/install/vesc/lib/python3.8/site-packages'
[8.953s] Level 1:colcon.colcon_core.environment:checking '/home/jetson/slash_ws/install/vesc/bin'
[8.954s] INFO:colcon.colcon_core.shell:Creating package script '/home/jetson/slash_ws/install/vesc/share/vesc/package.ps1'
[8.959s] INFO:colcon.colcon_core.shell:Creating package descriptor '/home/jetson/slash_ws/install/vesc/share/vesc/package.dsv'
[8.960s] INFO:colcon.colcon_core.shell:Creating package script '/home/jetson/slash_ws/install/vesc/share/vesc/package.sh'
[8.962s] INFO:colcon.colcon_core.shell:Creating package script '/home/jetson/slash_ws/install/vesc/share/vesc/package.bash'
[8.963s] INFO:colcon.colcon_core.shell:Creating package script '/home/jetson/slash_ws/install/vesc/share/vesc/package.zsh'
[8.964s] Level 1:colcon.colcon_core.environment:create_file_with_runtime_dependencies(/home/jetson/slash_ws/install/vesc/share/colcon-core/packages/vesc)
[8.965s] Level 1:colcon.colcon_core.environment:create_environment_scripts_only(vesc)
[8.966s] Level 1:colcon.colcon_core.environment:checking '/home/jetson/slash_ws/install/vesc' for CMake module files
[8.967s] Level 1:colcon.colcon_core.environment:checking '/home/jetson/slash_ws/install/vesc' for CMake config files
[8.967s] Level 1:colcon.colcon_core.shell:create_environment_hook('vesc', 'cmake_prefix_path')
[8.968s] INFO:colcon.colcon_core.shell:Creating environment hook '/home/jetson/slash_ws/install/vesc/share/vesc/hook/cmake_prefix_path.ps1'
[8.969s] INFO:colcon.colcon_core.shell:Creating environment descriptor '/home/jetson/slash_ws/install/vesc/share/vesc/hook/cmake_prefix_path.dsv'
[8.970s] INFO:colcon.colcon_core.shell:Creating environment hook '/home/jetson/slash_ws/install/vesc/share/vesc/hook/cmake_prefix_path.sh'
[8.972s] Level 1:colcon.colcon_core.environment:checking '/home/jetson/slash_ws/install/vesc/bin'
[8.973s] Level 1:colcon.colcon_core.environment:checking '/home/jetson/slash_ws/install/vesc/lib/pkgconfig/vesc.pc'
[8.973s] Level 1:colcon.colcon_core.environment:checking '/home/jetson/slash_ws/install/vesc/lib/python3.8/site-packages'
[8.974s] Level 1:colcon.colcon_core.environment:checking '/home/jetson/slash_ws/install/vesc/bin'
[8.974s] INFO:colcon.colcon_core.shell:Creating package script '/home/jetson/slash_ws/install/vesc/share/vesc/package.ps1'
[8.976s] INFO:colcon.colcon_core.shell:Creating package descriptor '/home/jetson/slash_ws/install/vesc/share/vesc/package.dsv'
[8.977s] INFO:colcon.colcon_core.shell:Creating package script '/home/jetson/slash_ws/install/vesc/share/vesc/package.sh'
[8.978s] INFO:colcon.colcon_core.shell:Creating package script '/home/jetson/slash_ws/install/vesc/share/vesc/package.bash'
[8.978s] INFO:colcon.colcon_core.shell:Creating package script '/home/jetson/slash_ws/install/vesc/share/vesc/package.zsh'
[8.979s] Level 1:colcon.colcon_core.environment:create_file_with_runtime_dependencies(/home/jetson/slash_ws/install/vesc/share/colcon-core/packages/vesc)
[8.990s] DEBUG:colcon.colcon_core.event_handler.log_command:Invoking command in '/home/jetson/slash_ws/src/slash_hardware/f1tenth_system/teleop_tools/joy_teleop': CMAKE_PREFIX_PATH=/home/jetson/slash_ws/install/teleop_tools_msgs:/home/jetson/slash_ws/install/vesc:/home/jetson/slash_ws/install/vesc_driver:/home/jetson/slash_ws/install/vesc_ackermann:/home/jetson/slash_ws/install/vesc_msgs:/home/jetson/slash_ws/install/teleop_tools:/home/jetson/slash_ws/install/teb_local_planner:/home/jetson/slash_ws/install/teb_msgs:/home/jetson/slash_ws/install/slash_nav2:/home/jetson/slash_ws/install/simple_mpc:/home/jetson/slash_ws/install/pointcloud_to_laserscan:/home/jetson/slash_ws/install/fast_lio:/home/jetson/slash_ws/install/livox_ros_driver2:/home/jetson/slash_ws/install/linefit_ground_segmentation_ros:/home/jetson/slash_ws/install/linefit_ground_segmentation:/home/jetson/slash_ws/install/costmap_converter:/home/jetson/slash_ws/install/costmap_converter_msgs:/home/jetson/slash_ws/install/ackermann_mux LD_LIBRARY_PATH=/home/jetson/slash_ws/install/teleop_tools_msgs/lib:/usr/local/cuda/lib64:/usr/local/cuda/lib64:/usr/local/cuda/lib64:/usr/local/cuda/lib64:/usr/local/cuda-11.4/lib64:/usr/local/cuda/lib64:/usr/local/cuda/lib64:/usr/local/cuda/lib64:/usr/local/cuda/lib64:/home/jetson/slash_ws/install/vesc_driver/lib:/home/jetson/slash_ws/install/vesc_ackermann/lib:/home/jetson/slash_ws/install/vesc_msgs/lib:/home/jetson/slash_ws/install/teb_local_planner/lib:/home/jetson/slash_ws/install/teb_msgs/lib:/home/jetson/slash_ws/install/pointcloud_to_laserscan/lib:/home/jetson/slash_ws/install/fast_lio/lib:/home/jetson/slash_ws/install/livox_ros_driver2/lib:/home/jetson/slash_ws/install/linefit_ground_segmentation/lib:/home/jetson/slash_ws/install/costmap_converter/lib:/home/jetson/slash_ws/install/costmap_converter_msgs/lib:/usr/lib/aarch64-linux-gnu/gazebo-11/plugins:/opt/ros/foxy/opt/yaml_cpp_vendor/lib:/opt/ros/foxy/opt/rviz_ogre_vendor/lib:/opt/ros/foxy/lib/aarch64-linux-gnu:/opt/ros/foxy/lib:/usr/local/cuda-11.4/lib64 PYTHONPATH=/home/jetson/slash_ws/build/joy_teleop/prefix_override:/usr/lib/python3/dist-packages/colcon_core/task/python/colcon_distutils_commands:/home/jetson/slash_ws/install/joy_teleop/lib/python3.8/site-packages:/home/jetson/slash_ws/install/teleop_tools_msgs/lib/python3.8/site-packages:/home/jetson/slash_ws/install/f1tenth_stack/lib/python3.8/site-packages:/home/jetson/slash_ws/install/vesc_msgs/lib/python3.8/site-packages:/home/jetson/slash_ws/install/twist_to_ackermann/lib/python3.8/site-packages:/home/jetson/slash_ws/install/joy_teleop/lib/python3.8/site-packages:/home/jetson/slash_ws/install/teb_msgs/lib/python3.8/site-packages:/home/jetson/slash_ws/install/roboracer_china_2025/lib/python3.8/site-packages:/home/jetson/slash_ws/install/mouse_teleop/lib/python3.8/site-packages:/home/jetson/slash_ws/install/fast_lio/lib/python3.8/site-packages:/home/jetson/slash_ws/install/livox_ros_driver2/lib/python3.8/site-packages:/home/jetson/slash_ws/install/key_teleop/lib/python3.8/site-packages:/home/jetson/slash_ws/install/costmap_converter_msgs/lib/python3.8/site-packages:/opt/ros/foxy/lib/python3.8/site-packages /usr/bin/python3 -W ignore:setup.py install is deprecated -W ignore:easy_install command is deprecated setup.py egg_info --egg-base ../../../../../build/joy_teleop build --build-base /home/jetson/slash_ws/build/joy_teleop/build install --record /home/jetson/slash_ws/build/joy_teleop/install.log --single-version-externally-managed install_data
[8.996s] DEBUG:colcon.colcon_core.event_handler.log_command:Invoked command in '/home/jetson/slash_ws/build/slash_nav2' returned '0': CMAKE_PREFIX_PATH=${CMAKE_PREFIX_PATH}:/home/jetson/slash_ws/install/f1tenth_stack:/home/jetson/slash_ws/install/twist_to_ackermann:/home/jetson/slash_ws/install/joy_teleop:/home/jetson/slash_ws/install/roboracer_china_2025:/home/jetson/slash_ws/install/mouse_teleop:/home/jetson/slash_ws/install/key_teleop:/opt/ros/foxy /usr/bin/cmake --build /home/jetson/slash_ws/build/slash_nav2 -- -j8 -l8
[9.004s] DEBUG:colcon.colcon_core.event_handler.log_command:Invoking command in '/home/jetson/slash_ws/build/slash_nav2': CMAKE_PREFIX_PATH=${CMAKE_PREFIX_PATH}:/home/jetson/slash_ws/install/f1tenth_stack:/home/jetson/slash_ws/install/twist_to_ackermann:/home/jetson/slash_ws/install/joy_teleop:/home/jetson/slash_ws/install/roboracer_china_2025:/home/jetson/slash_ws/install/mouse_teleop:/home/jetson/slash_ws/install/key_teleop:/opt/ros/foxy /usr/bin/cmake --install /home/jetson/slash_ws/build/slash_nav2
[9.026s] DEBUG:colcon.colcon_core.event_handler.log_command:Invoked command in '/home/jetson/slash_ws/build/simple_mpc' returned '0': CMAKE_PREFIX_PATH=${CMAKE_PREFIX_PATH}:/home/jetson/slash_ws/install/f1tenth_stack:/home/jetson/slash_ws/install/twist_to_ackermann:/home/jetson/slash_ws/install/joy_teleop:/home/jetson/slash_ws/install/roboracer_china_2025:/home/jetson/slash_ws/install/mouse_teleop:/home/jetson/slash_ws/install/key_teleop:/opt/ros/foxy /usr/bin/cmake --build /home/jetson/slash_ws/build/simple_mpc -- -j8 -l8
[9.035s] DEBUG:colcon.colcon_core.event_handler.log_command:Invoking command in '/home/jetson/slash_ws/build/simple_mpc': CMAKE_PREFIX_PATH=${CMAKE_PREFIX_PATH}:/home/jetson/slash_ws/install/f1tenth_stack:/home/jetson/slash_ws/install/twist_to_ackermann:/home/jetson/slash_ws/install/joy_teleop:/home/jetson/slash_ws/install/roboracer_china_2025:/home/jetson/slash_ws/install/mouse_teleop:/home/jetson/slash_ws/install/key_teleop:/opt/ros/foxy /usr/bin/cmake --install /home/jetson/slash_ws/build/simple_mpc
[9.054s] INFO:colcon.colcon_ros.task.ament_cmake.build:Building ROS package in '/home/jetson/slash_ws/src/slash_navigation/teb_local_planner/teb_local_planner' with build type 'ament_cmake'
[9.055s] INFO:colcon.colcon_cmake.task.cmake.build:Building CMake package in '/home/jetson/slash_ws/src/slash_navigation/teb_local_planner/teb_local_planner'
[9.056s] INFO:colcon.colcon_core.shell:Skip shell extension 'powershell' for command environment: Not usable outside of PowerShell
[9.056s] DEBUG:colcon.colcon_core.shell:Skip shell extension 'dsv' for command environment
[9.150s] DEBUG:colcon.colcon_core.event_handler.log_command:Invoking command in '/home/jetson/slash_ws/build/fast_lio': CMAKE_PREFIX_PATH=/home/jetson/slash_ws/install/livox_ros_driver2:/home/jetson/slash_ws/install/vesc:/home/jetson/slash_ws/install/vesc_driver:/home/jetson/slash_ws/install/vesc_ackermann:/home/jetson/slash_ws/install/vesc_msgs:/home/jetson/slash_ws/install/teleop_tools:/home/jetson/slash_ws/install/teleop_tools_msgs:/home/jetson/slash_ws/install/teb_local_planner:/home/jetson/slash_ws/install/teb_msgs:/home/jetson/slash_ws/install/slash_nav2:/home/jetson/slash_ws/install/simple_mpc:/home/jetson/slash_ws/install/pointcloud_to_laserscan:/home/jetson/slash_ws/install/fast_lio:/home/jetson/slash_ws/install/linefit_ground_segmentation_ros:/home/jetson/slash_ws/install/linefit_ground_segmentation:/home/jetson/slash_ws/install/costmap_converter:/home/jetson/slash_ws/install/costmap_converter_msgs:/home/jetson/slash_ws/install/ackermann_mux:/home/jetson/slash_ws/install/f1tenth_stack:/home/jetson/slash_ws/install/twist_to_ackermann:/home/jetson/slash_ws/install/joy_teleop:/home/jetson/slash_ws/install/roboracer_china_2025:/home/jetson/slash_ws/install/mouse_teleop:/home/jetson/slash_ws/install/key_teleop:/opt/ros/foxy LD_LIBRARY_PATH=/home/jetson/slash_ws/install/livox_ros_driver2/lib:/usr/local/cuda/lib64:/usr/local/cuda/lib64:/usr/local/cuda/lib64:/usr/local/cuda/lib64:/usr/local/cuda-11.4/lib64:/usr/local/cuda/lib64:/usr/local/cuda/lib64:/usr/local/cuda/lib64:/usr/local/cuda/lib64:/home/jetson/slash_ws/install/vesc_driver/lib:/home/jetson/slash_ws/install/vesc_ackermann/lib:/home/jetson/slash_ws/install/vesc_msgs/lib:/home/jetson/slash_ws/install/teleop_tools_msgs/lib:/home/jetson/slash_ws/install/teb_local_planner/lib:/home/jetson/slash_ws/install/teb_msgs/lib:/home/jetson/slash_ws/install/pointcloud_to_laserscan/lib:/home/jetson/slash_ws/install/fast_lio/lib:/home/jetson/slash_ws/install/linefit_ground_segmentation/lib:/home/jetson/slash_ws/install/costmap_converter/lib:/home/jetson/slash_ws/install/costmap_converter_msgs/lib:/usr/lib/aarch64-linux-gnu/gazebo-11/plugins:/opt/ros/foxy/opt/yaml_cpp_vendor/lib:/opt/ros/foxy/opt/rviz_ogre_vendor/lib:/opt/ros/foxy/lib/aarch64-linux-gnu:/opt/ros/foxy/lib:/usr/local/cuda-11.4/lib64 PYTHONPATH=/home/jetson/slash_ws/install/livox_ros_driver2/lib/python3.8/site-packages:/home/jetson/slash_ws/install/f1tenth_stack/lib/python3.8/site-packages:/home/jetson/slash_ws/install/vesc_msgs/lib/python3.8/site-packages:/home/jetson/slash_ws/install/twist_to_ackermann/lib/python3.8/site-packages:/home/jetson/slash_ws/install/joy_teleop/lib/python3.8/site-packages:/home/jetson/slash_ws/install/teleop_tools_msgs/lib/python3.8/site-packages:/home/jetson/slash_ws/install/teb_msgs/lib/python3.8/site-packages:/home/jetson/slash_ws/install/roboracer_china_2025/lib/python3.8/site-packages:/home/jetson/slash_ws/install/mouse_teleop/lib/python3.8/site-packages:/home/jetson/slash_ws/install/fast_lio/lib/python3.8/site-packages:/home/jetson/slash_ws/install/key_teleop/lib/python3.8/site-packages:/home/jetson/slash_ws/install/costmap_converter_msgs/lib/python3.8/site-packages:/opt/ros/foxy/lib/python3.8/site-packages /usr/bin/cmake --build /home/jetson/slash_ws/build/fast_lio -- -j8 -l8
[9.164s] Level 1:colcon.colcon_core.environment:create_environment_scripts_only(simple_mpc)
[9.165s] Level 1:colcon.colcon_core.environment:checking '/home/jetson/slash_ws/install/simple_mpc' for CMake module files
[9.167s] DEBUG:colcon.colcon_core.event_handler.log_command:Invoked command in '/home/jetson/slash_ws/build/simple_mpc' returned '0': CMAKE_PREFIX_PATH=${CMAKE_PREFIX_PATH}:/home/jetson/slash_ws/install/f1tenth_stack:/home/jetson/slash_ws/install/twist_to_ackermann:/home/jetson/slash_ws/install/joy_teleop:/home/jetson/slash_ws/install/roboracer_china_2025:/home/jetson/slash_ws/install/mouse_teleop:/home/jetson/slash_ws/install/key_teleop:/opt/ros/foxy /usr/bin/cmake --install /home/jetson/slash_ws/build/simple_mpc
[9.168s] Level 1:colcon.colcon_core.environment:checking '/home/jetson/slash_ws/install/simple_mpc' for CMake config files
[9.168s] Level 1:colcon.colcon_core.shell:create_environment_hook('simple_mpc', 'cmake_prefix_path')
[9.171s] INFO:colcon.colcon_core.shell:Creating environment hook '/home/jetson/slash_ws/install/simple_mpc/share/simple_mpc/hook/cmake_prefix_path.ps1'
[9.173s] INFO:colcon.colcon_core.shell:Creating environment descriptor '/home/jetson/slash_ws/install/simple_mpc/share/simple_mpc/hook/cmake_prefix_path.dsv'
[9.177s] INFO:colcon.colcon_core.shell:Creating environment hook '/home/jetson/slash_ws/install/simple_mpc/share/simple_mpc/hook/cmake_prefix_path.sh'
[9.180s] Level 1:colcon.colcon_core.environment:checking '/home/jetson/slash_ws/install/simple_mpc/lib'
[9.180s] Level 1:colcon.colcon_core.environment:checking '/home/jetson/slash_ws/install/simple_mpc/bin'
[9.181s] Level 1:colcon.colcon_core.environment:checking '/home/jetson/slash_ws/install/simple_mpc/lib/pkgconfig/simple_mpc.pc'
[9.182s] Level 1:colcon.colcon_core.environment:checking '/home/jetson/slash_ws/install/simple_mpc/lib/python3.8/site-packages'
[9.182s] Level 1:colcon.colcon_core.environment:checking '/home/jetson/slash_ws/install/simple_mpc/bin'
[9.183s] INFO:colcon.colcon_core.shell:Creating package script '/home/jetson/slash_ws/install/simple_mpc/share/simple_mpc/package.ps1'
[9.189s] INFO:colcon.colcon_core.shell:Creating package descriptor '/home/jetson/slash_ws/install/simple_mpc/share/simple_mpc/package.dsv'
[9.192s] INFO:colcon.colcon_core.shell:Creating package script '/home/jetson/slash_ws/install/simple_mpc/share/simple_mpc/package.sh'
[9.197s] INFO:colcon.colcon_core.shell:Creating package script '/home/jetson/slash_ws/install/simple_mpc/share/simple_mpc/package.bash'
[9.200s] INFO:colcon.colcon_core.shell:Creating package script '/home/jetson/slash_ws/install/simple_mpc/share/simple_mpc/package.zsh'
[9.203s] Level 1:colcon.colcon_core.environment:create_file_with_runtime_dependencies(/home/jetson/slash_ws/install/simple_mpc/share/colcon-core/packages/simple_mpc)
[9.209s] Level 1:colcon.colcon_core.environment:create_environment_scripts_only(simple_mpc)
[9.210s] Level 1:colcon.colcon_core.environment:checking '/home/jetson/slash_ws/install/simple_mpc' for CMake module files
[9.212s] Level 1:colcon.colcon_core.environment:checking '/home/jetson/slash_ws/install/simple_mpc' for CMake config files
[9.213s] Level 1:colcon.colcon_core.shell:create_environment_hook('simple_mpc', 'cmake_prefix_path')
[9.216s] INFO:colcon.colcon_core.shell:Creating environment hook '/home/jetson/slash_ws/install/simple_mpc/share/simple_mpc/hook/cmake_prefix_path.ps1'
[9.222s] INFO:colcon.colcon_core.shell:Creating environment descriptor '/home/jetson/slash_ws/install/simple_mpc/share/simple_mpc/hook/cmake_prefix_path.dsv'
[9.224s] INFO:colcon.colcon_core.shell:Creating environment hook '/home/jetson/slash_ws/install/simple_mpc/share/simple_mpc/hook/cmake_prefix_path.sh'
[9.226s] Level 1:colcon.colcon_core.environment:checking '/home/jetson/slash_ws/install/simple_mpc/lib'
[9.226s] Level 1:colcon.colcon_core.environment:checking '/home/jetson/slash_ws/install/simple_mpc/bin'
[9.226s] Level 1:colcon.colcon_core.environment:checking '/home/jetson/slash_ws/install/simple_mpc/lib/pkgconfig/simple_mpc.pc'
[9.227s] Level 1:colcon.colcon_core.environment:checking '/home/jetson/slash_ws/install/simple_mpc/lib/python3.8/site-packages'
[9.228s] Level 1:colcon.colcon_core.environment:checking '/home/jetson/slash_ws/install/simple_mpc/bin'
[9.229s] INFO:colcon.colcon_core.shell:Creating package script '/home/jetson/slash_ws/install/simple_mpc/share/simple_mpc/package.ps1'
[9.231s] INFO:colcon.colcon_core.shell:Creating package descriptor '/home/jetson/slash_ws/install/simple_mpc/share/simple_mpc/package.dsv'
[9.232s] INFO:colcon.colcon_core.shell:Creating package script '/home/jetson/slash_ws/install/simple_mpc/share/simple_mpc/package.sh'
[9.239s] INFO:colcon.colcon_core.shell:Creating package script '/home/jetson/slash_ws/install/simple_mpc/share/simple_mpc/package.bash'
[9.240s] INFO:colcon.colcon_core.shell:Creating package script '/home/jetson/slash_ws/install/simple_mpc/share/simple_mpc/package.zsh'
[9.241s] Level 1:colcon.colcon_core.environment:create_file_with_runtime_dependencies(/home/jetson/slash_ws/install/simple_mpc/share/colcon-core/packages/simple_mpc)
[9.261s] DEBUG:colcon.colcon_core.event_handler.log_command:Invoking command in '/home/jetson/slash_ws/build/linefit_ground_segmentation_ros': CMAKE_PREFIX_PATH=/home/jetson/slash_ws/install/linefit_ground_segmentation:/home/jetson/slash_ws/install/vesc:/home/jetson/slash_ws/install/vesc_driver:/home/jetson/slash_ws/install/vesc_ackermann:/home/jetson/slash_ws/install/vesc_msgs:/home/jetson/slash_ws/install/teleop_tools:/home/jetson/slash_ws/install/teleop_tools_msgs:/home/jetson/slash_ws/install/teb_local_planner:/home/jetson/slash_ws/install/teb_msgs:/home/jetson/slash_ws/install/slash_nav2:/home/jetson/slash_ws/install/simple_mpc:/home/jetson/slash_ws/install/pointcloud_to_laserscan:/home/jetson/slash_ws/install/fast_lio:/home/jetson/slash_ws/install/livox_ros_driver2:/home/jetson/slash_ws/install/linefit_ground_segmentation_ros:/home/jetson/slash_ws/install/costmap_converter:/home/jetson/slash_ws/install/costmap_converter_msgs:/home/jetson/slash_ws/install/ackermann_mux:/home/jetson/slash_ws/install/f1tenth_stack:/home/jetson/slash_ws/install/twist_to_ackermann:/home/jetson/slash_ws/install/joy_teleop:/home/jetson/slash_ws/install/roboracer_china_2025:/home/jetson/slash_ws/install/mouse_teleop:/home/jetson/slash_ws/install/key_teleop:/opt/ros/foxy LD_LIBRARY_PATH=/home/jetson/slash_ws/install/linefit_ground_segmentation/lib:/usr/local/cuda/lib64:/usr/local/cuda/lib64:/usr/local/cuda/lib64:/usr/local/cuda/lib64:/usr/local/cuda-11.4/lib64:/usr/local/cuda/lib64:/usr/local/cuda/lib64:/usr/local/cuda/lib64:/usr/local/cuda/lib64:/home/jetson/slash_ws/install/vesc_driver/lib:/home/jetson/slash_ws/install/vesc_ackermann/lib:/home/jetson/slash_ws/install/vesc_msgs/lib:/home/jetson/slash_ws/install/teleop_tools_msgs/lib:/home/jetson/slash_ws/install/teb_local_planner/lib:/home/jetson/slash_ws/install/teb_msgs/lib:/home/jetson/slash_ws/install/pointcloud_to_laserscan/lib:/home/jetson/slash_ws/install/fast_lio/lib:/home/jetson/slash_ws/install/livox_ros_driver2/lib:/home/jetson/slash_ws/install/costmap_converter/lib:/home/jetson/slash_ws/install/costmap_converter_msgs/lib:/usr/lib/aarch64-linux-gnu/gazebo-11/plugins:/opt/ros/foxy/opt/yaml_cpp_vendor/lib:/opt/ros/foxy/opt/rviz_ogre_vendor/lib:/opt/ros/foxy/lib/aarch64-linux-gnu:/opt/ros/foxy/lib:/usr/local/cuda-11.4/lib64 /usr/bin/cmake --build /home/jetson/slash_ws/build/linefit_ground_segmentation_ros -- -j8 -l8
[9.289s] Level 1:colcon.colcon_core.environment:create_environment_scripts_only(slash_nav2)
[9.290s] Level 1:colcon.colcon_core.environment:checking '/home/jetson/slash_ws/install/slash_nav2' for CMake module files
[9.292s] DEBUG:colcon.colcon_core.event_handler.log_command:Invoked command in '/home/jetson/slash_ws/build/slash_nav2' returned '0': CMAKE_PREFIX_PATH=${CMAKE_PREFIX_PATH}:/home/jetson/slash_ws/install/f1tenth_stack:/home/jetson/slash_ws/install/twist_to_ackermann:/home/jetson/slash_ws/install/joy_teleop:/home/jetson/slash_ws/install/roboracer_china_2025:/home/jetson/slash_ws/install/mouse_teleop:/home/jetson/slash_ws/install/key_teleop:/opt/ros/foxy /usr/bin/cmake --install /home/jetson/slash_ws/build/slash_nav2
[9.293s] Level 1:colcon.colcon_core.environment:checking '/home/jetson/slash_ws/install/slash_nav2' for CMake config files
[9.293s] Level 1:colcon.colcon_core.shell:create_environment_hook('slash_nav2', 'cmake_prefix_path')
[9.294s] INFO:colcon.colcon_core.shell:Creating environment hook '/home/jetson/slash_ws/install/slash_nav2/share/slash_nav2/hook/cmake_prefix_path.ps1'
[9.296s] INFO:colcon.colcon_core.shell:Creating environment descriptor '/home/jetson/slash_ws/install/slash_nav2/share/slash_nav2/hook/cmake_prefix_path.dsv'
[9.297s] INFO:colcon.colcon_core.shell:Creating environment hook '/home/jetson/slash_ws/install/slash_nav2/share/slash_nav2/hook/cmake_prefix_path.sh'
[9.298s] Level 1:colcon.colcon_core.environment:checking '/home/jetson/slash_ws/install/slash_nav2/bin'
[9.298s] Level 1:colcon.colcon_core.environment:checking '/home/jetson/slash_ws/install/slash_nav2/lib/pkgconfig/slash_nav2.pc'
[9.299s] Level 1:colcon.colcon_core.environment:checking '/home/jetson/slash_ws/install/slash_nav2/lib/python3.8/site-packages'
[9.299s] Level 1:colcon.colcon_core.environment:checking '/home/jetson/slash_ws/install/slash_nav2/bin'
[9.300s] INFO:colcon.colcon_core.shell:Creating package script '/home/jetson/slash_ws/install/slash_nav2/share/slash_nav2/package.ps1'
[9.302s] INFO:colcon.colcon_core.shell:Creating package descriptor '/home/jetson/slash_ws/install/slash_nav2/share/slash_nav2/package.dsv'
[9.303s] INFO:colcon.colcon_core.shell:Creating package script '/home/jetson/slash_ws/install/slash_nav2/share/slash_nav2/package.sh'
[9.309s] INFO:colcon.colcon_core.shell:Creating package script '/home/jetson/slash_ws/install/slash_nav2/share/slash_nav2/package.bash'
[9.311s] INFO:colcon.colcon_core.shell:Creating package script '/home/jetson/slash_ws/install/slash_nav2/share/slash_nav2/package.zsh'
[9.312s] Level 1:colcon.colcon_core.environment:create_file_with_runtime_dependencies(/home/jetson/slash_ws/install/slash_nav2/share/colcon-core/packages/slash_nav2)
[9.317s] Level 1:colcon.colcon_core.environment:create_environment_scripts_only(slash_nav2)
[9.318s] Level 1:colcon.colcon_core.environment:checking '/home/jetson/slash_ws/install/slash_nav2' for CMake module files
[9.320s] Level 1:colcon.colcon_core.environment:checking '/home/jetson/slash_ws/install/slash_nav2' for CMake config files
[9.320s] Level 1:colcon.colcon_core.shell:create_environment_hook('slash_nav2', 'cmake_prefix_path')
[9.321s] INFO:colcon.colcon_core.shell:Creating environment hook '/home/jetson/slash_ws/install/slash_nav2/share/slash_nav2/hook/cmake_prefix_path.ps1'
[9.328s] INFO:colcon.colcon_core.shell:Creating environment descriptor '/home/jetson/slash_ws/install/slash_nav2/share/slash_nav2/hook/cmake_prefix_path.dsv'
[9.329s] INFO:colcon.colcon_core.shell:Creating environment hook '/home/jetson/slash_ws/install/slash_nav2/share/slash_nav2/hook/cmake_prefix_path.sh'
[9.335s] Level 1:colcon.colcon_core.environment:checking '/home/jetson/slash_ws/install/slash_nav2/bin'
[9.335s] Level 1:colcon.colcon_core.environment:checking '/home/jetson/slash_ws/install/slash_nav2/lib/pkgconfig/slash_nav2.pc'
[9.335s] Level 1:colcon.colcon_core.environment:checking '/home/jetson/slash_ws/install/slash_nav2/lib/python3.8/site-packages'
[9.336s] Level 1:colcon.colcon_core.environment:checking '/home/jetson/slash_ws/install/slash_nav2/bin'
[9.336s] INFO:colcon.colcon_core.shell:Creating package script '/home/jetson/slash_ws/install/slash_nav2/share/slash_nav2/package.ps1'
[9.349s] INFO:colcon.colcon_core.shell:Creating package descriptor '/home/jetson/slash_ws/install/slash_nav2/share/slash_nav2/package.dsv'
[9.351s] INFO:colcon.colcon_core.shell:Creating package script '/home/jetson/slash_ws/install/slash_nav2/share/slash_nav2/package.sh'
[9.356s] INFO:colcon.colcon_core.shell:Creating package script '/home/jetson/slash_ws/install/slash_nav2/share/slash_nav2/package.bash'
[9.358s] INFO:colcon.colcon_core.shell:Creating package script '/home/jetson/slash_ws/install/slash_nav2/share/slash_nav2/package.zsh'
[9.359s] Level 1:colcon.colcon_core.environment:create_file_with_runtime_dependencies(/home/jetson/slash_ws/install/slash_nav2/share/colcon-core/packages/slash_nav2)
[9.380s] DEBUG:colcon.colcon_core.event_handler.log_command:Invoking command in '/home/jetson/slash_ws/build/teb_local_planner': CMAKE_PREFIX_PATH=/home/jetson/slash_ws/install/teb_msgs:/home/jetson/slash_ws/install/costmap_converter:/home/jetson/slash_ws/install/costmap_converter_msgs:/home/jetson/slash_ws/install/vesc:/home/jetson/slash_ws/install/vesc_driver:/home/jetson/slash_ws/install/vesc_ackermann:/home/jetson/slash_ws/install/vesc_msgs:/home/jetson/slash_ws/install/teleop_tools:/home/jetson/slash_ws/install/teleop_tools_msgs:/home/jetson/slash_ws/install/teb_local_planner:/home/jetson/slash_ws/install/slash_nav2:/home/jetson/slash_ws/install/simple_mpc:/home/jetson/slash_ws/install/pointcloud_to_laserscan:/home/jetson/slash_ws/install/fast_lio:/home/jetson/slash_ws/install/livox_ros_driver2:/home/jetson/slash_ws/install/linefit_ground_segmentation_ros:/home/jetson/slash_ws/install/linefit_ground_segmentation:/home/jetson/slash_ws/install/ackermann_mux:/home/jetson/slash_ws/install/f1tenth_stack:/home/jetson/slash_ws/install/twist_to_ackermann:/home/jetson/slash_ws/install/joy_teleop:/home/jetson/slash_ws/install/roboracer_china_2025:/home/jetson/slash_ws/install/mouse_teleop:/home/jetson/slash_ws/install/key_teleop:/opt/ros/foxy LD_LIBRARY_PATH=/home/jetson/slash_ws/install/teb_msgs/lib:/home/jetson/slash_ws/install/costmap_converter/lib:/home/jetson/slash_ws/install/costmap_converter_msgs/lib:/usr/local/cuda/lib64:/usr/local/cuda/lib64:/usr/local/cuda/lib64:/usr/local/cuda/lib64:/usr/local/cuda-11.4/lib64:/usr/local/cuda/lib64:/usr/local/cuda/lib64:/usr/local/cuda/lib64:/usr/local/cuda/lib64:/home/jetson/slash_ws/install/vesc_driver/lib:/home/jetson/slash_ws/install/vesc_ackermann/lib:/home/jetson/slash_ws/install/vesc_msgs/lib:/home/jetson/slash_ws/install/teleop_tools_msgs/lib:/home/jetson/slash_ws/install/teb_local_planner/lib:/home/jetson/slash_ws/install/pointcloud_to_laserscan/lib:/home/jetson/slash_ws/install/fast_lio/lib:/home/jetson/slash_ws/install/livox_ros_driver2/lib:/home/jetson/slash_ws/install/linefit_ground_segmentation/lib:/usr/lib/aarch64-linux-gnu/gazebo-11/plugins:/opt/ros/foxy/opt/yaml_cpp_vendor/lib:/opt/ros/foxy/opt/rviz_ogre_vendor/lib:/opt/ros/foxy/lib/aarch64-linux-gnu:/opt/ros/foxy/lib:/usr/local/cuda-11.4/lib64 PATH=/home/jetson/slash_ws/install/costmap_converter/bin:/usr/local/cuda/bin:/usr/local/cuda/bin:/usr/local/cuda/bin:/usr/local/cuda/bin:/usr/local/cuda-11.4/bin:/home/jetson/.local/bin:/home/jetson/.nvm/versions/node/v22.22.2/bin:/usr/local/cuda/bin:/usr/local/cuda/bin:/usr/local/cuda/bin:/usr/local/cuda/bin:/opt/ros/foxy/bin:/home/jetson/miniforge3/condabin:/usr/local/cuda-11.4/bin:/home/jetson/.local/bin:/usr/local/sbin:/usr/local/bin:/usr/sbin:/usr/bin:/sbin:/bin:/usr/games:/usr/local/games:/snap/bin:/home/jetson/.vscode/extensions/ms-python.debugpy-2026.6.0-linux-arm64/bundled/scripts/noConfigScripts:/home/jetson/.config/Code/User/globalStorage/github.copilot-chat/debugCommand PYTHONPATH=/home/jetson/slash_ws/install/teb_msgs/lib/python3.8/site-packages:/home/jetson/slash_ws/install/costmap_converter_msgs/lib/python3.8/site-packages:/home/jetson/slash_ws/install/f1tenth_stack/lib/python3.8/site-packages:/home/jetson/slash_ws/install/vesc_msgs/lib/python3.8/site-packages:/home/jetson/slash_ws/install/twist_to_ackermann/lib/python3.8/site-packages:/home/jetson/slash_ws/install/joy_teleop/lib/python3.8/site-packages:/home/jetson/slash_ws/install/teleop_tools_msgs/lib/python3.8/site-packages:/home/jetson/slash_ws/install/roboracer_china_2025/lib/python3.8/site-packages:/home/jetson/slash_ws/install/mouse_teleop/lib/python3.8/site-packages:/home/jetson/slash_ws/install/fast_lio/lib/python3.8/site-packages:/home/jetson/slash_ws/install/livox_ros_driver2/lib/python3.8/site-packages:/home/jetson/slash_ws/install/key_teleop/lib/python3.8/site-packages:/opt/ros/foxy/lib/python3.8/site-packages /usr/bin/cmake --build /home/jetson/slash_ws/build/teb_local_planner -- -j8 -l8
[9.704s] DEBUG:colcon.colcon_core.event_handler.log_command:Invoked command in '/home/jetson/slash_ws/build/linefit_ground_segmentation_ros' returned '0': CMAKE_PREFIX_PATH=/home/jetson/slash_ws/install/linefit_ground_segmentation:/home/jetson/slash_ws/install/vesc:/home/jetson/slash_ws/install/vesc_driver:/home/jetson/slash_ws/install/vesc_ackermann:/home/jetson/slash_ws/install/vesc_msgs:/home/jetson/slash_ws/install/teleop_tools:/home/jetson/slash_ws/install/teleop_tools_msgs:/home/jetson/slash_ws/install/teb_local_planner:/home/jetson/slash_ws/install/teb_msgs:/home/jetson/slash_ws/install/slash_nav2:/home/jetson/slash_ws/install/simple_mpc:/home/jetson/slash_ws/install/pointcloud_to_laserscan:/home/jetson/slash_ws/install/fast_lio:/home/jetson/slash_ws/install/livox_ros_driver2:/home/jetson/slash_ws/install/linefit_ground_segmentation_ros:/home/jetson/slash_ws/install/costmap_converter:/home/jetson/slash_ws/install/costmap_converter_msgs:/home/jetson/slash_ws/install/ackermann_mux:/home/jetson/slash_ws/install/f1tenth_stack:/home/jetson/slash_ws/install/twist_to_ackermann:/home/jetson/slash_ws/install/joy_teleop:/home/jetson/slash_ws/install/roboracer_china_2025:/home/jetson/slash_ws/install/mouse_teleop:/home/jetson/slash_ws/install/key_teleop:/opt/ros/foxy LD_LIBRARY_PATH=/home/jetson/slash_ws/install/linefit_ground_segmentation/lib:/usr/local/cuda/lib64:/usr/local/cuda/lib64:/usr/local/cuda/lib64:/usr/local/cuda/lib64:/usr/local/cuda-11.4/lib64:/usr/local/cuda/lib64:/usr/local/cuda/lib64:/usr/local/cuda/lib64:/usr/local/cuda/lib64:/home/jetson/slash_ws/install/vesc_driver/lib:/home/jetson/slash_ws/install/vesc_ackermann/lib:/home/jetson/slash_ws/install/vesc_msgs/lib:/home/jetson/slash_ws/install/teleop_tools_msgs/lib:/home/jetson/slash_ws/install/teb_local_planner/lib:/home/jetson/slash_ws/install/teb_msgs/lib:/home/jetson/slash_ws/install/pointcloud_to_laserscan/lib:/home/jetson/slash_ws/install/fast_lio/lib:/home/jetson/slash_ws/install/livox_ros_driver2/lib:/home/jetson/slash_ws/install/costmap_converter/lib:/home/jetson/slash_ws/install/costmap_converter_msgs/lib:/usr/lib/aarch64-linux-gnu/gazebo-11/plugins:/opt/ros/foxy/opt/yaml_cpp_vendor/lib:/opt/ros/foxy/opt/rviz_ogre_vendor/lib:/opt/ros/foxy/lib/aarch64-linux-gnu:/opt/ros/foxy/lib:/usr/local/cuda-11.4/lib64 /usr/bin/cmake --build /home/jetson/slash_ws/build/linefit_ground_segmentation_ros -- -j8 -l8
[9.715s] DEBUG:colcon.colcon_core.event_handler.log_command:Invoking command in '/home/jetson/slash_ws/build/linefit_ground_segmentation_ros': CMAKE_PREFIX_PATH=/home/jetson/slash_ws/install/linefit_ground_segmentation:/home/jetson/slash_ws/install/vesc:/home/jetson/slash_ws/install/vesc_driver:/home/jetson/slash_ws/install/vesc_ackermann:/home/jetson/slash_ws/install/vesc_msgs:/home/jetson/slash_ws/install/teleop_tools:/home/jetson/slash_ws/install/teleop_tools_msgs:/home/jetson/slash_ws/install/teb_local_planner:/home/jetson/slash_ws/install/teb_msgs:/home/jetson/slash_ws/install/slash_nav2:/home/jetson/slash_ws/install/simple_mpc:/home/jetson/slash_ws/install/pointcloud_to_laserscan:/home/jetson/slash_ws/install/fast_lio:/home/jetson/slash_ws/install/livox_ros_driver2:/home/jetson/slash_ws/install/linefit_ground_segmentation_ros:/home/jetson/slash_ws/install/costmap_converter:/home/jetson/slash_ws/install/costmap_converter_msgs:/home/jetson/slash_ws/install/ackermann_mux:/home/jetson/slash_ws/install/f1tenth_stack:/home/jetson/slash_ws/install/twist_to_ackermann:/home/jetson/slash_ws/install/joy_teleop:/home/jetson/slash_ws/install/roboracer_china_2025:/home/jetson/slash_ws/install/mouse_teleop:/home/jetson/slash_ws/install/key_teleop:/opt/ros/foxy LD_LIBRARY_PATH=/home/jetson/slash_ws/install/linefit_ground_segmentation/lib:/usr/local/cuda/lib64:/usr/local/cuda/lib64:/usr/local/cuda/lib64:/usr/local/cuda/lib64:/usr/local/cuda-11.4/lib64:/usr/local/cuda/lib64:/usr/local/cuda/lib64:/usr/local/cuda/lib64:/usr/local/cuda/lib64:/home/jetson/slash_ws/install/vesc_driver/lib:/home/jetson/slash_ws/install/vesc_ackermann/lib:/home/jetson/slash_ws/install/vesc_msgs/lib:/home/jetson/slash_ws/install/teleop_tools_msgs/lib:/home/jetson/slash_ws/install/teb_local_planner/lib:/home/jetson/slash_ws/install/teb_msgs/lib:/home/jetson/slash_ws/install/pointcloud_to_laserscan/lib:/home/jetson/slash_ws/install/fast_lio/lib:/home/jetson/slash_ws/install/livox_ros_driver2/lib:/home/jetson/slash_ws/install/costmap_converter/lib:/home/jetson/slash_ws/install/costmap_converter_msgs/lib:/usr/lib/aarch64-linux-gnu/gazebo-11/plugins:/opt/ros/foxy/opt/yaml_cpp_vendor/lib:/opt/ros/foxy/opt/rviz_ogre_vendor/lib:/opt/ros/foxy/lib/aarch64-linux-gnu:/opt/ros/foxy/lib:/usr/local/cuda-11.4/lib64 /usr/bin/cmake --install /home/jetson/slash_ws/build/linefit_ground_segmentation_ros
[9.749s] Level 1:colcon.colcon_core.environment:create_environment_scripts_only(linefit_ground_segmentation_ros)
[9.750s] Level 1:colcon.colcon_core.environment:checking '/home/jetson/slash_ws/install/linefit_ground_segmentation_ros' for CMake module files
[9.751s] Level 1:colcon.colcon_core.environment:checking '/home/jetson/slash_ws/install/linefit_ground_segmentation_ros' for CMake config files
[9.752s] Level 1:colcon.colcon_core.shell:create_environment_hook('linefit_ground_segmentation_ros', 'cmake_prefix_path')
[9.752s] INFO:colcon.colcon_core.shell:Creating environment hook '/home/jetson/slash_ws/install/linefit_ground_segmentation_ros/share/linefit_ground_segmentation_ros/hook/cmake_prefix_path.ps1'
[9.753s] DEBUG:colcon.colcon_core.event_handler.log_command:Invoked command in '/home/jetson/slash_ws/build/linefit_ground_segmentation_ros' returned '0': CMAKE_PREFIX_PATH=/home/jetson/slash_ws/install/linefit_ground_segmentation:/home/jetson/slash_ws/install/vesc:/home/jetson/slash_ws/install/vesc_driver:/home/jetson/slash_ws/install/vesc_ackermann:/home/jetson/slash_ws/install/vesc_msgs:/home/jetson/slash_ws/install/teleop_tools:/home/jetson/slash_ws/install/teleop_tools_msgs:/home/jetson/slash_ws/install/teb_local_planner:/home/jetson/slash_ws/install/teb_msgs:/home/jetson/slash_ws/install/slash_nav2:/home/jetson/slash_ws/install/simple_mpc:/home/jetson/slash_ws/install/pointcloud_to_laserscan:/home/jetson/slash_ws/install/fast_lio:/home/jetson/slash_ws/install/livox_ros_driver2:/home/jetson/slash_ws/install/linefit_ground_segmentation_ros:/home/jetson/slash_ws/install/costmap_converter:/home/jetson/slash_ws/install/costmap_converter_msgs:/home/jetson/slash_ws/install/ackermann_mux:/home/jetson/slash_ws/install/f1tenth_stack:/home/jetson/slash_ws/install/twist_to_ackermann:/home/jetson/slash_ws/install/joy_teleop:/home/jetson/slash_ws/install/roboracer_china_2025:/home/jetson/slash_ws/install/mouse_teleop:/home/jetson/slash_ws/install/key_teleop:/opt/ros/foxy LD_LIBRARY_PATH=/home/jetson/slash_ws/install/linefit_ground_segmentation/lib:/usr/local/cuda/lib64:/usr/local/cuda/lib64:/usr/local/cuda/lib64:/usr/local/cuda/lib64:/usr/local/cuda-11.4/lib64:/usr/local/cuda/lib64:/usr/local/cuda/lib64:/usr/local/cuda/lib64:/usr/local/cuda/lib64:/home/jetson/slash_ws/install/vesc_driver/lib:/home/jetson/slash_ws/install/vesc_ackermann/lib:/home/jetson/slash_ws/install/vesc_msgs/lib:/home/jetson/slash_ws/install/teleop_tools_msgs/lib:/home/jetson/slash_ws/install/teb_local_planner/lib:/home/jetson/slash_ws/install/teb_msgs/lib:/home/jetson/slash_ws/install/pointcloud_to_laserscan/lib:/home/jetson/slash_ws/install/fast_lio/lib:/home/jetson/slash_ws/install/livox_ros_driver2/lib:/home/jetson/slash_ws/install/costmap_converter/lib:/home/jetson/slash_ws/install/costmap_converter_msgs/lib:/usr/lib/aarch64-linux-gnu/gazebo-11/plugins:/opt/ros/foxy/opt/yaml_cpp_vendor/lib:/opt/ros/foxy/opt/rviz_ogre_vendor/lib:/opt/ros/foxy/lib/aarch64-linux-gnu:/opt/ros/foxy/lib:/usr/local/cuda-11.4/lib64 /usr/bin/cmake --install /home/jetson/slash_ws/build/linefit_ground_segmentation_ros
[9.758s] INFO:colcon.colcon_core.shell:Creating environment descriptor '/home/jetson/slash_ws/install/linefit_ground_segmentation_ros/share/linefit_ground_segmentation_ros/hook/cmake_prefix_path.dsv'
[9.759s] INFO:colcon.colcon_core.shell:Creating environment hook '/home/jetson/slash_ws/install/linefit_ground_segmentation_ros/share/linefit_ground_segmentation_ros/hook/cmake_prefix_path.sh'
[9.760s] Level 1:colcon.colcon_core.environment:checking '/home/jetson/slash_ws/install/linefit_ground_segmentation_ros/lib'
[9.761s] Level 1:colcon.colcon_core.environment:checking '/home/jetson/slash_ws/install/linefit_ground_segmentation_ros/bin'
[9.761s] Level 1:colcon.colcon_core.environment:checking '/home/jetson/slash_ws/install/linefit_ground_segmentation_ros/lib/pkgconfig/linefit_ground_segmentation_ros.pc'
[9.761s] Level 1:colcon.colcon_core.environment:checking '/home/jetson/slash_ws/install/linefit_ground_segmentation_ros/lib/python3.8/site-packages'
[9.762s] Level 1:colcon.colcon_core.environment:checking '/home/jetson/slash_ws/install/linefit_ground_segmentation_ros/bin'
[9.763s] INFO:colcon.colcon_core.shell:Creating package script '/home/jetson/slash_ws/install/linefit_ground_segmentation_ros/share/linefit_ground_segmentation_ros/package.ps1'
[9.764s] INFO:colcon.colcon_core.shell:Creating package descriptor '/home/jetson/slash_ws/install/linefit_ground_segmentation_ros/share/linefit_ground_segmentation_ros/package.dsv'
[9.766s] INFO:colcon.colcon_core.shell:Creating package script '/home/jetson/slash_ws/install/linefit_ground_segmentation_ros/share/linefit_ground_segmentation_ros/package.sh'
[9.773s] INFO:colcon.colcon_core.shell:Creating package script '/home/jetson/slash_ws/install/linefit_ground_segmentation_ros/share/linefit_ground_segmentation_ros/package.bash'
[9.774s] INFO:colcon.colcon_core.shell:Creating package script '/home/jetson/slash_ws/install/linefit_ground_segmentation_ros/share/linefit_ground_segmentation_ros/package.zsh'
[9.775s] Level 1:colcon.colcon_core.environment:create_file_with_runtime_dependencies(/home/jetson/slash_ws/install/linefit_ground_segmentation_ros/share/colcon-core/packages/linefit_ground_segmentation_ros)
[9.777s] Level 1:colcon.colcon_core.environment:create_environment_scripts_only(linefit_ground_segmentation_ros)
[9.777s] Level 1:colcon.colcon_core.environment:checking '/home/jetson/slash_ws/install/linefit_ground_segmentation_ros' for CMake module files
[9.782s] Level 1:colcon.colcon_core.environment:checking '/home/jetson/slash_ws/install/linefit_ground_segmentation_ros' for CMake config files
[9.782s] Level 1:colcon.colcon_core.shell:create_environment_hook('linefit_ground_segmentation_ros', 'cmake_prefix_path')
[9.783s] INFO:colcon.colcon_core.shell:Creating environment hook '/home/jetson/slash_ws/install/linefit_ground_segmentation_ros/share/linefit_ground_segmentation_ros/hook/cmake_prefix_path.ps1'
[9.784s] INFO:colcon.colcon_core.shell:Creating environment descriptor '/home/jetson/slash_ws/install/linefit_ground_segmentation_ros/share/linefit_ground_segmentation_ros/hook/cmake_prefix_path.dsv'
[9.785s] INFO:colcon.colcon_core.shell:Creating environment hook '/home/jetson/slash_ws/install/linefit_ground_segmentation_ros/share/linefit_ground_segmentation_ros/hook/cmake_prefix_path.sh'
[9.786s] Level 1:colcon.colcon_core.environment:checking '/home/jetson/slash_ws/install/linefit_ground_segmentation_ros/lib'
[9.787s] Level 1:colcon.colcon_core.environment:checking '/home/jetson/slash_ws/install/linefit_ground_segmentation_ros/bin'
[9.787s] Level 1:colcon.colcon_core.environment:checking '/home/jetson/slash_ws/install/linefit_ground_segmentation_ros/lib/pkgconfig/linefit_ground_segmentation_ros.pc'
[9.787s] Level 1:colcon.colcon_core.environment:checking '/home/jetson/slash_ws/install/linefit_ground_segmentation_ros/lib/python3.8/site-packages'
[9.787s] Level 1:colcon.colcon_core.environment:checking '/home/jetson/slash_ws/install/linefit_ground_segmentation_ros/bin'
[9.794s] INFO:colcon.colcon_core.shell:Creating package script '/home/jetson/slash_ws/install/linefit_ground_segmentation_ros/share/linefit_ground_segmentation_ros/package.ps1'
[9.795s] INFO:colcon.colcon_core.shell:Creating package descriptor '/home/jetson/slash_ws/install/linefit_ground_segmentation_ros/share/linefit_ground_segmentation_ros/package.dsv'
[9.804s] INFO:colcon.colcon_core.shell:Creating package script '/home/jetson/slash_ws/install/linefit_ground_segmentation_ros/share/linefit_ground_segmentation_ros/package.sh'
[9.805s] INFO:colcon.colcon_core.shell:Creating package script '/home/jetson/slash_ws/install/linefit_ground_segmentation_ros/share/linefit_ground_segmentation_ros/package.bash'
[9.806s] INFO:colcon.colcon_core.shell:Creating package script '/home/jetson/slash_ws/install/linefit_ground_segmentation_ros/share/linefit_ground_segmentation_ros/package.zsh'
[9.807s] Level 1:colcon.colcon_core.environment:create_file_with_runtime_dependencies(/home/jetson/slash_ws/install/linefit_ground_segmentation_ros/share/colcon-core/packages/linefit_ground_segmentation_ros)
[10.045s] DEBUG:colcon.colcon_core.event_handler.log_command:Invoked command in '/home/jetson/slash_ws/build/teb_local_planner' returned '0': CMAKE_PREFIX_PATH=/home/jetson/slash_ws/install/teb_msgs:/home/jetson/slash_ws/install/costmap_converter:/home/jetson/slash_ws/install/costmap_converter_msgs:/home/jetson/slash_ws/install/vesc:/home/jetson/slash_ws/install/vesc_driver:/home/jetson/slash_ws/install/vesc_ackermann:/home/jetson/slash_ws/install/vesc_msgs:/home/jetson/slash_ws/install/teleop_tools:/home/jetson/slash_ws/install/teleop_tools_msgs:/home/jetson/slash_ws/install/teb_local_planner:/home/jetson/slash_ws/install/slash_nav2:/home/jetson/slash_ws/install/simple_mpc:/home/jetson/slash_ws/install/pointcloud_to_laserscan:/home/jetson/slash_ws/install/fast_lio:/home/jetson/slash_ws/install/livox_ros_driver2:/home/jetson/slash_ws/install/linefit_ground_segmentation_ros:/home/jetson/slash_ws/install/linefit_ground_segmentation:/home/jetson/slash_ws/install/ackermann_mux:/home/jetson/slash_ws/install/f1tenth_stack:/home/jetson/slash_ws/install/twist_to_ackermann:/home/jetson/slash_ws/install/joy_teleop:/home/jetson/slash_ws/install/roboracer_china_2025:/home/jetson/slash_ws/install/mouse_teleop:/home/jetson/slash_ws/install/key_teleop:/opt/ros/foxy LD_LIBRARY_PATH=/home/jetson/slash_ws/install/teb_msgs/lib:/home/jetson/slash_ws/install/costmap_converter/lib:/home/jetson/slash_ws/install/costmap_converter_msgs/lib:/usr/local/cuda/lib64:/usr/local/cuda/lib64:/usr/local/cuda/lib64:/usr/local/cuda/lib64:/usr/local/cuda-11.4/lib64:/usr/local/cuda/lib64:/usr/local/cuda/lib64:/usr/local/cuda/lib64:/usr/local/cuda/lib64:/home/jetson/slash_ws/install/vesc_driver/lib:/home/jetson/slash_ws/install/vesc_ackermann/lib:/home/jetson/slash_ws/install/vesc_msgs/lib:/home/jetson/slash_ws/install/teleop_tools_msgs/lib:/home/jetson/slash_ws/install/teb_local_planner/lib:/home/jetson/slash_ws/install/pointcloud_to_laserscan/lib:/home/jetson/slash_ws/install/fast_lio/lib:/home/jetson/slash_ws/install/livox_ros_driver2/lib:/home/jetson/slash_ws/install/linefit_ground_segmentation/lib:/usr/lib/aarch64-linux-gnu/gazebo-11/plugins:/opt/ros/foxy/opt/yaml_cpp_vendor/lib:/opt/ros/foxy/opt/rviz_ogre_vendor/lib:/opt/ros/foxy/lib/aarch64-linux-gnu:/opt/ros/foxy/lib:/usr/local/cuda-11.4/lib64 PATH=/home/jetson/slash_ws/install/costmap_converter/bin:/usr/local/cuda/bin:/usr/local/cuda/bin:/usr/local/cuda/bin:/usr/local/cuda/bin:/usr/local/cuda-11.4/bin:/home/jetson/.local/bin:/home/jetson/.nvm/versions/node/v22.22.2/bin:/usr/local/cuda/bin:/usr/local/cuda/bin:/usr/local/cuda/bin:/usr/local/cuda/bin:/opt/ros/foxy/bin:/home/jetson/miniforge3/condabin:/usr/local/cuda-11.4/bin:/home/jetson/.local/bin:/usr/local/sbin:/usr/local/bin:/usr/sbin:/usr/bin:/sbin:/bin:/usr/games:/usr/local/games:/snap/bin:/home/jetson/.vscode/extensions/ms-python.debugpy-2026.6.0-linux-arm64/bundled/scripts/noConfigScripts:/home/jetson/.config/Code/User/globalStorage/github.copilot-chat/debugCommand PYTHONPATH=/home/jetson/slash_ws/install/teb_msgs/lib/python3.8/site-packages:/home/jetson/slash_ws/install/costmap_converter_msgs/lib/python3.8/site-packages:/home/jetson/slash_ws/install/f1tenth_stack/lib/python3.8/site-packages:/home/jetson/slash_ws/install/vesc_msgs/lib/python3.8/site-packages:/home/jetson/slash_ws/install/twist_to_ackermann/lib/python3.8/site-packages:/home/jetson/slash_ws/install/joy_teleop/lib/python3.8/site-packages:/home/jetson/slash_ws/install/teleop_tools_msgs/lib/python3.8/site-packages:/home/jetson/slash_ws/install/roboracer_china_2025/lib/python3.8/site-packages:/home/jetson/slash_ws/install/mouse_teleop/lib/python3.8/site-packages:/home/jetson/slash_ws/install/fast_lio/lib/python3.8/site-packages:/home/jetson/slash_ws/install/livox_ros_driver2/lib/python3.8/site-packages:/home/jetson/slash_ws/install/key_teleop/lib/python3.8/site-packages:/opt/ros/foxy/lib/python3.8/site-packages /usr/bin/cmake --build /home/jetson/slash_ws/build/teb_local_planner -- -j8 -l8
[10.054s] DEBUG:colcon.colcon_core.event_handler.log_command:Invoking command in '/home/jetson/slash_ws/build/teb_local_planner': CMAKE_PREFIX_PATH=/home/jetson/slash_ws/install/teb_msgs:/home/jetson/slash_ws/install/costmap_converter:/home/jetson/slash_ws/install/costmap_converter_msgs:/home/jetson/slash_ws/install/vesc:/home/jetson/slash_ws/install/vesc_driver:/home/jetson/slash_ws/install/vesc_ackermann:/home/jetson/slash_ws/install/vesc_msgs:/home/jetson/slash_ws/install/teleop_tools:/home/jetson/slash_ws/install/teleop_tools_msgs:/home/jetson/slash_ws/install/teb_local_planner:/home/jetson/slash_ws/install/slash_nav2:/home/jetson/slash_ws/install/simple_mpc:/home/jetson/slash_ws/install/pointcloud_to_laserscan:/home/jetson/slash_ws/install/fast_lio:/home/jetson/slash_ws/install/livox_ros_driver2:/home/jetson/slash_ws/install/linefit_ground_segmentation_ros:/home/jetson/slash_ws/install/linefit_ground_segmentation:/home/jetson/slash_ws/install/ackermann_mux:/home/jetson/slash_ws/install/f1tenth_stack:/home/jetson/slash_ws/install/twist_to_ackermann:/home/jetson/slash_ws/install/joy_teleop:/home/jetson/slash_ws/install/roboracer_china_2025:/home/jetson/slash_ws/install/mouse_teleop:/home/jetson/slash_ws/install/key_teleop:/opt/ros/foxy LD_LIBRARY_PATH=/home/jetson/slash_ws/install/teb_msgs/lib:/home/jetson/slash_ws/install/costmap_converter/lib:/home/jetson/slash_ws/install/costmap_converter_msgs/lib:/usr/local/cuda/lib64:/usr/local/cuda/lib64:/usr/local/cuda/lib64:/usr/local/cuda/lib64:/usr/local/cuda-11.4/lib64:/usr/local/cuda/lib64:/usr/local/cuda/lib64:/usr/local/cuda/lib64:/usr/local/cuda/lib64:/home/jetson/slash_ws/install/vesc_driver/lib:/home/jetson/slash_ws/install/vesc_ackermann/lib:/home/jetson/slash_ws/install/vesc_msgs/lib:/home/jetson/slash_ws/install/teleop_tools_msgs/lib:/home/jetson/slash_ws/install/teb_local_planner/lib:/home/jetson/slash_ws/install/pointcloud_to_laserscan/lib:/home/jetson/slash_ws/install/fast_lio/lib:/home/jetson/slash_ws/install/livox_ros_driver2/lib:/home/jetson/slash_ws/install/linefit_ground_segmentation/lib:/usr/lib/aarch64-linux-gnu/gazebo-11/plugins:/opt/ros/foxy/opt/yaml_cpp_vendor/lib:/opt/ros/foxy/opt/rviz_ogre_vendor/lib:/opt/ros/foxy/lib/aarch64-linux-gnu:/opt/ros/foxy/lib:/usr/local/cuda-11.4/lib64 PATH=/home/jetson/slash_ws/install/costmap_converter/bin:/usr/local/cuda/bin:/usr/local/cuda/bin:/usr/local/cuda/bin:/usr/local/cuda/bin:/usr/local/cuda-11.4/bin:/home/jetson/.local/bin:/home/jetson/.nvm/versions/node/v22.22.2/bin:/usr/local/cuda/bin:/usr/local/cuda/bin:/usr/local/cuda/bin:/usr/local/cuda/bin:/opt/ros/foxy/bin:/home/jetson/miniforge3/condabin:/usr/local/cuda-11.4/bin:/home/jetson/.local/bin:/usr/local/sbin:/usr/local/bin:/usr/sbin:/usr/bin:/sbin:/bin:/usr/games:/usr/local/games:/snap/bin:/home/jetson/.vscode/extensions/ms-python.debugpy-2026.6.0-linux-arm64/bundled/scripts/noConfigScripts:/home/jetson/.config/Code/User/globalStorage/github.copilot-chat/debugCommand PYTHONPATH=/home/jetson/slash_ws/install/teb_msgs/lib/python3.8/site-packages:/home/jetson/slash_ws/install/costmap_converter_msgs/lib/python3.8/site-packages:/home/jetson/slash_ws/install/f1tenth_stack/lib/python3.8/site-packages:/home/jetson/slash_ws/install/vesc_msgs/lib/python3.8/site-packages:/home/jetson/slash_ws/install/twist_to_ackermann/lib/python3.8/site-packages:/home/jetson/slash_ws/install/joy_teleop/lib/python3.8/site-packages:/home/jetson/slash_ws/install/teleop_tools_msgs/lib/python3.8/site-packages:/home/jetson/slash_ws/install/roboracer_china_2025/lib/python3.8/site-packages:/home/jetson/slash_ws/install/mouse_teleop/lib/python3.8/site-packages:/home/jetson/slash_ws/install/fast_lio/lib/python3.8/site-packages:/home/jetson/slash_ws/install/livox_ros_driver2/lib/python3.8/site-packages:/home/jetson/slash_ws/install/key_teleop/lib/python3.8/site-packages:/opt/ros/foxy/lib/python3.8/site-packages /usr/bin/cmake --install /home/jetson/slash_ws/build/teb_local_planner
[10.147s] Level 1:colcon.colcon_core.environment:create_environment_scripts_only(teb_local_planner)
[10.148s] Level 1:colcon.colcon_core.environment:checking '/home/jetson/slash_ws/install/teb_local_planner' for CMake module files
[10.151s] DEBUG:colcon.colcon_core.event_handler.log_command:Invoked command in '/home/jetson/slash_ws/build/teb_local_planner' returned '0': CMAKE_PREFIX_PATH=/home/jetson/slash_ws/install/teb_msgs:/home/jetson/slash_ws/install/costmap_converter:/home/jetson/slash_ws/install/costmap_converter_msgs:/home/jetson/slash_ws/install/vesc:/home/jetson/slash_ws/install/vesc_driver:/home/jetson/slash_ws/install/vesc_ackermann:/home/jetson/slash_ws/install/vesc_msgs:/home/jetson/slash_ws/install/teleop_tools:/home/jetson/slash_ws/install/teleop_tools_msgs:/home/jetson/slash_ws/install/teb_local_planner:/home/jetson/slash_ws/install/slash_nav2:/home/jetson/slash_ws/install/simple_mpc:/home/jetson/slash_ws/install/pointcloud_to_laserscan:/home/jetson/slash_ws/install/fast_lio:/home/jetson/slash_ws/install/livox_ros_driver2:/home/jetson/slash_ws/install/linefit_ground_segmentation_ros:/home/jetson/slash_ws/install/linefit_ground_segmentation:/home/jetson/slash_ws/install/ackermann_mux:/home/jetson/slash_ws/install/f1tenth_stack:/home/jetson/slash_ws/install/twist_to_ackermann:/home/jetson/slash_ws/install/joy_teleop:/home/jetson/slash_ws/install/roboracer_china_2025:/home/jetson/slash_ws/install/mouse_teleop:/home/jetson/slash_ws/install/key_teleop:/opt/ros/foxy LD_LIBRARY_PATH=/home/jetson/slash_ws/install/teb_msgs/lib:/home/jetson/slash_ws/install/costmap_converter/lib:/home/jetson/slash_ws/install/costmap_converter_msgs/lib:/usr/local/cuda/lib64:/usr/local/cuda/lib64:/usr/local/cuda/lib64:/usr/local/cuda/lib64:/usr/local/cuda-11.4/lib64:/usr/local/cuda/lib64:/usr/local/cuda/lib64:/usr/local/cuda/lib64:/usr/local/cuda/lib64:/home/jetson/slash_ws/install/vesc_driver/lib:/home/jetson/slash_ws/install/vesc_ackermann/lib:/home/jetson/slash_ws/install/vesc_msgs/lib:/home/jetson/slash_ws/install/teleop_tools_msgs/lib:/home/jetson/slash_ws/install/teb_local_planner/lib:/home/jetson/slash_ws/install/pointcloud_to_laserscan/lib:/home/jetson/slash_ws/install/fast_lio/lib:/home/jetson/slash_ws/install/livox_ros_driver2/lib:/home/jetson/slash_ws/install/linefit_ground_segmentation/lib:/usr/lib/aarch64-linux-gnu/gazebo-11/plugins:/opt/ros/foxy/opt/yaml_cpp_vendor/lib:/opt/ros/foxy/opt/rviz_ogre_vendor/lib:/opt/ros/foxy/lib/aarch64-linux-gnu:/opt/ros/foxy/lib:/usr/local/cuda-11.4/lib64 PATH=/home/jetson/slash_ws/install/costmap_converter/bin:/usr/local/cuda/bin:/usr/local/cuda/bin:/usr/local/cuda/bin:/usr/local/cuda/bin:/usr/local/cuda-11.4/bin:/home/jetson/.local/bin:/home/jetson/.nvm/versions/node/v22.22.2/bin:/usr/local/cuda/bin:/usr/local/cuda/bin:/usr/local/cuda/bin:/usr/local/cuda/bin:/opt/ros/foxy/bin:/home/jetson/miniforge3/condabin:/usr/local/cuda-11.4/bin:/home/jetson/.local/bin:/usr/local/sbin:/usr/local/bin:/usr/sbin:/usr/bin:/sbin:/bin:/usr/games:/usr/local/games:/snap/bin:/home/jetson/.vscode/extensions/ms-python.debugpy-2026.6.0-linux-arm64/bundled/scripts/noConfigScripts:/home/jetson/.config/Code/User/globalStorage/github.copilot-chat/debugCommand PYTHONPATH=/home/jetson/slash_ws/install/teb_msgs/lib/python3.8/site-packages:/home/jetson/slash_ws/install/costmap_converter_msgs/lib/python3.8/site-packages:/home/jetson/slash_ws/install/f1tenth_stack/lib/python3.8/site-packages:/home/jetson/slash_ws/install/vesc_msgs/lib/python3.8/site-packages:/home/jetson/slash_ws/install/twist_to_ackermann/lib/python3.8/site-packages:/home/jetson/slash_ws/install/joy_teleop/lib/python3.8/site-packages:/home/jetson/slash_ws/install/teleop_tools_msgs/lib/python3.8/site-packages:/home/jetson/slash_ws/install/roboracer_china_2025/lib/python3.8/site-packages:/home/jetson/slash_ws/install/mouse_teleop/lib/python3.8/site-packages:/home/jetson/slash_ws/install/fast_lio/lib/python3.8/site-packages:/home/jetson/slash_ws/install/livox_ros_driver2/lib/python3.8/site-packages:/home/jetson/slash_ws/install/key_teleop/lib/python3.8/site-packages:/opt/ros/foxy/lib/python3.8/site-packages /usr/bin/cmake --install /home/jetson/slash_ws/build/teb_local_planner
[10.152s] Level 1:colcon.colcon_core.environment:checking '/home/jetson/slash_ws/install/teb_local_planner' for CMake config files
[10.152s] Level 1:colcon.colcon_core.shell:create_environment_hook('teb_local_planner', 'cmake_prefix_path')
[10.153s] INFO:colcon.colcon_core.shell:Creating environment hook '/home/jetson/slash_ws/install/teb_local_planner/share/teb_local_planner/hook/cmake_prefix_path.ps1'
[10.155s] INFO:colcon.colcon_core.shell:Creating environment descriptor '/home/jetson/slash_ws/install/teb_local_planner/share/teb_local_planner/hook/cmake_prefix_path.dsv'
[10.156s] INFO:colcon.colcon_core.shell:Creating environment hook '/home/jetson/slash_ws/install/teb_local_planner/share/teb_local_planner/hook/cmake_prefix_path.sh'
[10.158s] Level 1:colcon.colcon_core.environment:checking '/home/jetson/slash_ws/install/teb_local_planner/lib'
[10.158s] Level 1:colcon.colcon_core.shell:create_environment_hook('teb_local_planner', 'ld_library_path_lib')
[10.158s] INFO:colcon.colcon_core.shell:Creating environment hook '/home/jetson/slash_ws/install/teb_local_planner/share/teb_local_planner/hook/ld_library_path_lib.ps1'
[10.159s] INFO:colcon.colcon_core.shell:Creating environment descriptor '/home/jetson/slash_ws/install/teb_local_planner/share/teb_local_planner/hook/ld_library_path_lib.dsv'
[10.160s] INFO:colcon.colcon_core.shell:Creating environment hook '/home/jetson/slash_ws/install/teb_local_planner/share/teb_local_planner/hook/ld_library_path_lib.sh'
[10.161s] Level 1:colcon.colcon_core.environment:checking '/home/jetson/slash_ws/install/teb_local_planner/bin'
[10.161s] Level 1:colcon.colcon_core.environment:checking '/home/jetson/slash_ws/install/teb_local_planner/lib/pkgconfig/teb_local_planner.pc'
[10.162s] Level 1:colcon.colcon_core.environment:checking '/home/jetson/slash_ws/install/teb_local_planner/lib/python3.8/site-packages'
[10.162s] Level 1:colcon.colcon_core.environment:checking '/home/jetson/slash_ws/install/teb_local_planner/bin'
[10.163s] INFO:colcon.colcon_core.shell:Creating package script '/home/jetson/slash_ws/install/teb_local_planner/share/teb_local_planner/package.ps1'
[10.165s] INFO:colcon.colcon_core.shell:Creating package descriptor '/home/jetson/slash_ws/install/teb_local_planner/share/teb_local_planner/package.dsv'
[10.166s] INFO:colcon.colcon_core.shell:Creating package script '/home/jetson/slash_ws/install/teb_local_planner/share/teb_local_planner/package.sh'
[10.177s] INFO:colcon.colcon_core.shell:Creating package script '/home/jetson/slash_ws/install/teb_local_planner/share/teb_local_planner/package.bash'
[10.178s] INFO:colcon.colcon_core.shell:Creating package script '/home/jetson/slash_ws/install/teb_local_planner/share/teb_local_planner/package.zsh'
[10.179s] Level 1:colcon.colcon_core.environment:create_file_with_runtime_dependencies(/home/jetson/slash_ws/install/teb_local_planner/share/colcon-core/packages/teb_local_planner)
[10.181s] Level 1:colcon.colcon_core.environment:create_environment_scripts_only(teb_local_planner)
[10.181s] Level 1:colcon.colcon_core.environment:checking '/home/jetson/slash_ws/install/teb_local_planner' for CMake module files
[10.182s] Level 1:colcon.colcon_core.environment:checking '/home/jetson/slash_ws/install/teb_local_planner' for CMake config files
[10.183s] Level 1:colcon.colcon_core.shell:create_environment_hook('teb_local_planner', 'cmake_prefix_path')
[10.183s] INFO:colcon.colcon_core.shell:Creating environment hook '/home/jetson/slash_ws/install/teb_local_planner/share/teb_local_planner/hook/cmake_prefix_path.ps1'
[10.184s] INFO:colcon.colcon_core.shell:Creating environment descriptor '/home/jetson/slash_ws/install/teb_local_planner/share/teb_local_planner/hook/cmake_prefix_path.dsv'
[10.185s] INFO:colcon.colcon_core.shell:Creating environment hook '/home/jetson/slash_ws/install/teb_local_planner/share/teb_local_planner/hook/cmake_prefix_path.sh'
[10.192s] Level 1:colcon.colcon_core.environment:checking '/home/jetson/slash_ws/install/teb_local_planner/lib'
[10.192s] Level 1:colcon.colcon_core.shell:create_environment_hook('teb_local_planner', 'ld_library_path_lib')
[10.192s] INFO:colcon.colcon_core.shell:Creating environment hook '/home/jetson/slash_ws/install/teb_local_planner/share/teb_local_planner/hook/ld_library_path_lib.ps1'
[10.194s] INFO:colcon.colcon_core.shell:Creating environment descriptor '/home/jetson/slash_ws/install/teb_local_planner/share/teb_local_planner/hook/ld_library_path_lib.dsv'
[10.199s] INFO:colcon.colcon_core.shell:Creating environment hook '/home/jetson/slash_ws/install/teb_local_planner/share/teb_local_planner/hook/ld_library_path_lib.sh'
[10.200s] Level 1:colcon.colcon_core.environment:checking '/home/jetson/slash_ws/install/teb_local_planner/bin'
[10.201s] Level 1:colcon.colcon_core.environment:checking '/home/jetson/slash_ws/install/teb_local_planner/lib/pkgconfig/teb_local_planner.pc'
[10.201s] Level 1:colcon.colcon_core.environment:checking '/home/jetson/slash_ws/install/teb_local_planner/lib/python3.8/site-packages'
[10.201s] Level 1:colcon.colcon_core.environment:checking '/home/jetson/slash_ws/install/teb_local_planner/bin'
[10.204s] INFO:colcon.colcon_core.shell:Creating package script '/home/jetson/slash_ws/install/teb_local_planner/share/teb_local_planner/package.ps1'
[10.207s] INFO:colcon.colcon_core.shell:Creating package descriptor '/home/jetson/slash_ws/install/teb_local_planner/share/teb_local_planner/package.dsv'
[10.208s] INFO:colcon.colcon_core.shell:Creating package script '/home/jetson/slash_ws/install/teb_local_planner/share/teb_local_planner/package.sh'
[10.211s] INFO:colcon.colcon_core.shell:Creating package script '/home/jetson/slash_ws/install/teb_local_planner/share/teb_local_planner/package.bash'
[10.212s] INFO:colcon.colcon_core.shell:Creating package script '/home/jetson/slash_ws/install/teb_local_planner/share/teb_local_planner/package.zsh'
[10.213s] Level 1:colcon.colcon_core.environment:create_file_with_runtime_dependencies(/home/jetson/slash_ws/install/teb_local_planner/share/colcon-core/packages/teb_local_planner)
[10.221s] DEBUG:colcon.colcon_core.event_handler.log_command:Invoked command in '/home/jetson/slash_ws/build/fast_lio' returned '0': CMAKE_PREFIX_PATH=/home/jetson/slash_ws/install/livox_ros_driver2:/home/jetson/slash_ws/install/vesc:/home/jetson/slash_ws/install/vesc_driver:/home/jetson/slash_ws/install/vesc_ackermann:/home/jetson/slash_ws/install/vesc_msgs:/home/jetson/slash_ws/install/teleop_tools:/home/jetson/slash_ws/install/teleop_tools_msgs:/home/jetson/slash_ws/install/teb_local_planner:/home/jetson/slash_ws/install/teb_msgs:/home/jetson/slash_ws/install/slash_nav2:/home/jetson/slash_ws/install/simple_mpc:/home/jetson/slash_ws/install/pointcloud_to_laserscan:/home/jetson/slash_ws/install/fast_lio:/home/jetson/slash_ws/install/linefit_ground_segmentation_ros:/home/jetson/slash_ws/install/linefit_ground_segmentation:/home/jetson/slash_ws/install/costmap_converter:/home/jetson/slash_ws/install/costmap_converter_msgs:/home/jetson/slash_ws/install/ackermann_mux:/home/jetson/slash_ws/install/f1tenth_stack:/home/jetson/slash_ws/install/twist_to_ackermann:/home/jetson/slash_ws/install/joy_teleop:/home/jetson/slash_ws/install/roboracer_china_2025:/home/jetson/slash_ws/install/mouse_teleop:/home/jetson/slash_ws/install/key_teleop:/opt/ros/foxy LD_LIBRARY_PATH=/home/jetson/slash_ws/install/livox_ros_driver2/lib:/usr/local/cuda/lib64:/usr/local/cuda/lib64:/usr/local/cuda/lib64:/usr/local/cuda/lib64:/usr/local/cuda-11.4/lib64:/usr/local/cuda/lib64:/usr/local/cuda/lib64:/usr/local/cuda/lib64:/usr/local/cuda/lib64:/home/jetson/slash_ws/install/vesc_driver/lib:/home/jetson/slash_ws/install/vesc_ackermann/lib:/home/jetson/slash_ws/install/vesc_msgs/lib:/home/jetson/slash_ws/install/teleop_tools_msgs/lib:/home/jetson/slash_ws/install/teb_local_planner/lib:/home/jetson/slash_ws/install/teb_msgs/lib:/home/jetson/slash_ws/install/pointcloud_to_laserscan/lib:/home/jetson/slash_ws/install/fast_lio/lib:/home/jetson/slash_ws/install/linefit_ground_segmentation/lib:/home/jetson/slash_ws/install/costmap_converter/lib:/home/jetson/slash_ws/install/costmap_converter_msgs/lib:/usr/lib/aarch64-linux-gnu/gazebo-11/plugins:/opt/ros/foxy/opt/yaml_cpp_vendor/lib:/opt/ros/foxy/opt/rviz_ogre_vendor/lib:/opt/ros/foxy/lib/aarch64-linux-gnu:/opt/ros/foxy/lib:/usr/local/cuda-11.4/lib64 PYTHONPATH=/home/jetson/slash_ws/install/livox_ros_driver2/lib/python3.8/site-packages:/home/jetson/slash_ws/install/f1tenth_stack/lib/python3.8/site-packages:/home/jetson/slash_ws/install/vesc_msgs/lib/python3.8/site-packages:/home/jetson/slash_ws/install/twist_to_ackermann/lib/python3.8/site-packages:/home/jetson/slash_ws/install/joy_teleop/lib/python3.8/site-packages:/home/jetson/slash_ws/install/teleop_tools_msgs/lib/python3.8/site-packages:/home/jetson/slash_ws/install/teb_msgs/lib/python3.8/site-packages:/home/jetson/slash_ws/install/roboracer_china_2025/lib/python3.8/site-packages:/home/jetson/slash_ws/install/mouse_teleop/lib/python3.8/site-packages:/home/jetson/slash_ws/install/fast_lio/lib/python3.8/site-packages:/home/jetson/slash_ws/install/key_teleop/lib/python3.8/site-packages:/home/jetson/slash_ws/install/costmap_converter_msgs/lib/python3.8/site-packages:/opt/ros/foxy/lib/python3.8/site-packages /usr/bin/cmake --build /home/jetson/slash_ws/build/fast_lio -- -j8 -l8
[10.231s] DEBUG:colcon.colcon_core.event_handler.log_command:Invoking command in '/home/jetson/slash_ws/build/fast_lio': CMAKE_PREFIX_PATH=/home/jetson/slash_ws/install/livox_ros_driver2:/home/jetson/slash_ws/install/vesc:/home/jetson/slash_ws/install/vesc_driver:/home/jetson/slash_ws/install/vesc_ackermann:/home/jetson/slash_ws/install/vesc_msgs:/home/jetson/slash_ws/install/teleop_tools:/home/jetson/slash_ws/install/teleop_tools_msgs:/home/jetson/slash_ws/install/teb_local_planner:/home/jetson/slash_ws/install/teb_msgs:/home/jetson/slash_ws/install/slash_nav2:/home/jetson/slash_ws/install/simple_mpc:/home/jetson/slash_ws/install/pointcloud_to_laserscan:/home/jetson/slash_ws/install/fast_lio:/home/jetson/slash_ws/install/linefit_ground_segmentation_ros:/home/jetson/slash_ws/install/linefit_ground_segmentation:/home/jetson/slash_ws/install/costmap_converter:/home/jetson/slash_ws/install/costmap_converter_msgs:/home/jetson/slash_ws/install/ackermann_mux:/home/jetson/slash_ws/install/f1tenth_stack:/home/jetson/slash_ws/install/twist_to_ackermann:/home/jetson/slash_ws/install/joy_teleop:/home/jetson/slash_ws/install/roboracer_china_2025:/home/jetson/slash_ws/install/mouse_teleop:/home/jetson/slash_ws/install/key_teleop:/opt/ros/foxy LD_LIBRARY_PATH=/home/jetson/slash_ws/install/livox_ros_driver2/lib:/usr/local/cuda/lib64:/usr/local/cuda/lib64:/usr/local/cuda/lib64:/usr/local/cuda/lib64:/usr/local/cuda-11.4/lib64:/usr/local/cuda/lib64:/usr/local/cuda/lib64:/usr/local/cuda/lib64:/usr/local/cuda/lib64:/home/jetson/slash_ws/install/vesc_driver/lib:/home/jetson/slash_ws/install/vesc_ackermann/lib:/home/jetson/slash_ws/install/vesc_msgs/lib:/home/jetson/slash_ws/install/teleop_tools_msgs/lib:/home/jetson/slash_ws/install/teb_local_planner/lib:/home/jetson/slash_ws/install/teb_msgs/lib:/home/jetson/slash_ws/install/pointcloud_to_laserscan/lib:/home/jetson/slash_ws/install/fast_lio/lib:/home/jetson/slash_ws/install/linefit_ground_segmentation/lib:/home/jetson/slash_ws/install/costmap_converter/lib:/home/jetson/slash_ws/install/costmap_converter_msgs/lib:/usr/lib/aarch64-linux-gnu/gazebo-11/plugins:/opt/ros/foxy/opt/yaml_cpp_vendor/lib:/opt/ros/foxy/opt/rviz_ogre_vendor/lib:/opt/ros/foxy/lib/aarch64-linux-gnu:/opt/ros/foxy/lib:/usr/local/cuda-11.4/lib64 PYTHONPATH=/home/jetson/slash_ws/install/livox_ros_driver2/lib/python3.8/site-packages:/home/jetson/slash_ws/install/f1tenth_stack/lib/python3.8/site-packages:/home/jetson/slash_ws/install/vesc_msgs/lib/python3.8/site-packages:/home/jetson/slash_ws/install/twist_to_ackermann/lib/python3.8/site-packages:/home/jetson/slash_ws/install/joy_teleop/lib/python3.8/site-packages:/home/jetson/slash_ws/install/teleop_tools_msgs/lib/python3.8/site-packages:/home/jetson/slash_ws/install/teb_msgs/lib/python3.8/site-packages:/home/jetson/slash_ws/install/roboracer_china_2025/lib/python3.8/site-packages:/home/jetson/slash_ws/install/mouse_teleop/lib/python3.8/site-packages:/home/jetson/slash_ws/install/fast_lio/lib/python3.8/site-packages:/home/jetson/slash_ws/install/key_teleop/lib/python3.8/site-packages:/home/jetson/slash_ws/install/costmap_converter_msgs/lib/python3.8/site-packages:/opt/ros/foxy/lib/python3.8/site-packages /usr/bin/cmake --install /home/jetson/slash_ws/build/fast_lio
[10.449s] Level 1:colcon.colcon_core.environment:create_environment_scripts_only(fast_lio)
[10.450s] Level 1:colcon.colcon_core.environment:checking '/home/jetson/slash_ws/install/fast_lio' for CMake module files
[10.456s] DEBUG:colcon.colcon_core.event_handler.log_command:Invoked command in '/home/jetson/slash_ws/build/fast_lio' returned '0': CMAKE_PREFIX_PATH=/home/jetson/slash_ws/install/livox_ros_driver2:/home/jetson/slash_ws/install/vesc:/home/jetson/slash_ws/install/vesc_driver:/home/jetson/slash_ws/install/vesc_ackermann:/home/jetson/slash_ws/install/vesc_msgs:/home/jetson/slash_ws/install/teleop_tools:/home/jetson/slash_ws/install/teleop_tools_msgs:/home/jetson/slash_ws/install/teb_local_planner:/home/jetson/slash_ws/install/teb_msgs:/home/jetson/slash_ws/install/slash_nav2:/home/jetson/slash_ws/install/simple_mpc:/home/jetson/slash_ws/install/pointcloud_to_laserscan:/home/jetson/slash_ws/install/fast_lio:/home/jetson/slash_ws/install/linefit_ground_segmentation_ros:/home/jetson/slash_ws/install/linefit_ground_segmentation:/home/jetson/slash_ws/install/costmap_converter:/home/jetson/slash_ws/install/costmap_converter_msgs:/home/jetson/slash_ws/install/ackermann_mux:/home/jetson/slash_ws/install/f1tenth_stack:/home/jetson/slash_ws/install/twist_to_ackermann:/home/jetson/slash_ws/install/joy_teleop:/home/jetson/slash_ws/install/roboracer_china_2025:/home/jetson/slash_ws/install/mouse_teleop:/home/jetson/slash_ws/install/key_teleop:/opt/ros/foxy LD_LIBRARY_PATH=/home/jetson/slash_ws/install/livox_ros_driver2/lib:/usr/local/cuda/lib64:/usr/local/cuda/lib64:/usr/local/cuda/lib64:/usr/local/cuda/lib64:/usr/local/cuda-11.4/lib64:/usr/local/cuda/lib64:/usr/local/cuda/lib64:/usr/local/cuda/lib64:/usr/local/cuda/lib64:/home/jetson/slash_ws/install/vesc_driver/lib:/home/jetson/slash_ws/install/vesc_ackermann/lib:/home/jetson/slash_ws/install/vesc_msgs/lib:/home/jetson/slash_ws/install/teleop_tools_msgs/lib:/home/jetson/slash_ws/install/teb_local_planner/lib:/home/jetson/slash_ws/install/teb_msgs/lib:/home/jetson/slash_ws/install/pointcloud_to_laserscan/lib:/home/jetson/slash_ws/install/fast_lio/lib:/home/jetson/slash_ws/install/linefit_ground_segmentation/lib:/home/jetson/slash_ws/install/costmap_converter/lib:/home/jetson/slash_ws/install/costmap_converter_msgs/lib:/usr/lib/aarch64-linux-gnu/gazebo-11/plugins:/opt/ros/foxy/opt/yaml_cpp_vendor/lib:/opt/ros/foxy/opt/rviz_ogre_vendor/lib:/opt/ros/foxy/lib/aarch64-linux-gnu:/opt/ros/foxy/lib:/usr/local/cuda-11.4/lib64 PYTHONPATH=/home/jetson/slash_ws/install/livox_ros_driver2/lib/python3.8/site-packages:/home/jetson/slash_ws/install/f1tenth_stack/lib/python3.8/site-packages:/home/jetson/slash_ws/install/vesc_msgs/lib/python3.8/site-packages:/home/jetson/slash_ws/install/twist_to_ackermann/lib/python3.8/site-packages:/home/jetson/slash_ws/install/joy_teleop/lib/python3.8/site-packages:/home/jetson/slash_ws/install/teleop_tools_msgs/lib/python3.8/site-packages:/home/jetson/slash_ws/install/teb_msgs/lib/python3.8/site-packages:/home/jetson/slash_ws/install/roboracer_china_2025/lib/python3.8/site-packages:/home/jetson/slash_ws/install/mouse_teleop/lib/python3.8/site-packages:/home/jetson/slash_ws/install/fast_lio/lib/python3.8/site-packages:/home/jetson/slash_ws/install/key_teleop/lib/python3.8/site-packages:/home/jetson/slash_ws/install/costmap_converter_msgs/lib/python3.8/site-packages:/opt/ros/foxy/lib/python3.8/site-packages /usr/bin/cmake --install /home/jetson/slash_ws/build/fast_lio
[10.457s] Level 1:colcon.colcon_core.environment:checking '/home/jetson/slash_ws/install/fast_lio' for CMake config files
[10.458s] Level 1:colcon.colcon_core.shell:create_environment_hook('fast_lio', 'cmake_prefix_path')
[10.459s] INFO:colcon.colcon_core.shell:Creating environment hook '/home/jetson/slash_ws/install/fast_lio/share/fast_lio/hook/cmake_prefix_path.ps1'
[10.460s] INFO:colcon.colcon_core.shell:Creating environment descriptor '/home/jetson/slash_ws/install/fast_lio/share/fast_lio/hook/cmake_prefix_path.dsv'
[10.462s] INFO:colcon.colcon_core.shell:Creating environment hook '/home/jetson/slash_ws/install/fast_lio/share/fast_lio/hook/cmake_prefix_path.sh'
[10.466s] Level 1:colcon.colcon_core.environment:checking '/home/jetson/slash_ws/install/fast_lio/lib'
[10.466s] Level 1:colcon.colcon_core.shell:create_environment_hook('fast_lio', 'ld_library_path_lib')
[10.467s] INFO:colcon.colcon_core.shell:Creating environment hook '/home/jetson/slash_ws/install/fast_lio/share/fast_lio/hook/ld_library_path_lib.ps1'
[10.468s] INFO:colcon.colcon_core.shell:Creating environment descriptor '/home/jetson/slash_ws/install/fast_lio/share/fast_lio/hook/ld_library_path_lib.dsv'
[10.469s] INFO:colcon.colcon_core.shell:Creating environment hook '/home/jetson/slash_ws/install/fast_lio/share/fast_lio/hook/ld_library_path_lib.sh'
[10.470s] Level 1:colcon.colcon_core.environment:checking '/home/jetson/slash_ws/install/fast_lio/bin'
[10.470s] Level 1:colcon.colcon_core.environment:checking '/home/jetson/slash_ws/install/fast_lio/lib/pkgconfig/fast_lio.pc'
[10.471s] Level 1:colcon.colcon_core.environment:checking '/home/jetson/slash_ws/install/fast_lio/lib/python3.8/site-packages'
[10.471s] Level 1:colcon.colcon_core.shell:create_environment_hook('fast_lio', 'pythonpath')
[10.471s] INFO:colcon.colcon_core.shell:Creating environment hook '/home/jetson/slash_ws/install/fast_lio/share/fast_lio/hook/pythonpath.ps1'
[10.473s] INFO:colcon.colcon_core.shell:Creating environment descriptor '/home/jetson/slash_ws/install/fast_lio/share/fast_lio/hook/pythonpath.dsv'
[10.474s] INFO:colcon.colcon_core.shell:Creating environment hook '/home/jetson/slash_ws/install/fast_lio/share/fast_lio/hook/pythonpath.sh'
[10.475s] Level 1:colcon.colcon_core.environment:checking '/home/jetson/slash_ws/install/fast_lio/bin'
[10.476s] INFO:colcon.colcon_core.shell:Creating package script '/home/jetson/slash_ws/install/fast_lio/share/fast_lio/package.ps1'
[10.477s] INFO:colcon.colcon_core.shell:Creating package descriptor '/home/jetson/slash_ws/install/fast_lio/share/fast_lio/package.dsv'
[10.478s] INFO:colcon.colcon_core.shell:Creating package script '/home/jetson/slash_ws/install/fast_lio/share/fast_lio/package.sh'
[10.479s] INFO:colcon.colcon_core.shell:Creating package script '/home/jetson/slash_ws/install/fast_lio/share/fast_lio/package.bash'
[10.480s] INFO:colcon.colcon_core.shell:Creating package script '/home/jetson/slash_ws/install/fast_lio/share/fast_lio/package.zsh'
[10.481s] Level 1:colcon.colcon_core.environment:create_file_with_runtime_dependencies(/home/jetson/slash_ws/install/fast_lio/share/colcon-core/packages/fast_lio)
[10.485s] Level 1:colcon.colcon_core.environment:create_environment_scripts_only(fast_lio)
[10.486s] Level 1:colcon.colcon_core.environment:checking '/home/jetson/slash_ws/install/fast_lio' for CMake module files
[10.487s] Level 1:colcon.colcon_core.environment:checking '/home/jetson/slash_ws/install/fast_lio' for CMake config files
[10.488s] Level 1:colcon.colcon_core.shell:create_environment_hook('fast_lio', 'cmake_prefix_path')
[10.488s] INFO:colcon.colcon_core.shell:Creating environment hook '/home/jetson/slash_ws/install/fast_lio/share/fast_lio/hook/cmake_prefix_path.ps1'
[10.489s] INFO:colcon.colcon_core.shell:Creating environment descriptor '/home/jetson/slash_ws/install/fast_lio/share/fast_lio/hook/cmake_prefix_path.dsv'
[10.490s] INFO:colcon.colcon_core.shell:Creating environment hook '/home/jetson/slash_ws/install/fast_lio/share/fast_lio/hook/cmake_prefix_path.sh'
[10.492s] Level 1:colcon.colcon_core.environment:checking '/home/jetson/slash_ws/install/fast_lio/lib'
[10.492s] Level 1:colcon.colcon_core.shell:create_environment_hook('fast_lio', 'ld_library_path_lib')
[10.492s] INFO:colcon.colcon_core.shell:Creating environment hook '/home/jetson/slash_ws/install/fast_lio/share/fast_lio/hook/ld_library_path_lib.ps1'
[10.494s] INFO:colcon.colcon_core.shell:Creating environment descriptor '/home/jetson/slash_ws/install/fast_lio/share/fast_lio/hook/ld_library_path_lib.dsv'
[10.494s] INFO:colcon.colcon_core.shell:Creating environment hook '/home/jetson/slash_ws/install/fast_lio/share/fast_lio/hook/ld_library_path_lib.sh'
[10.495s] Level 1:colcon.colcon_core.environment:checking '/home/jetson/slash_ws/install/fast_lio/bin'
[10.495s] Level 1:colcon.colcon_core.environment:checking '/home/jetson/slash_ws/install/fast_lio/lib/pkgconfig/fast_lio.pc'
[10.496s] Level 1:colcon.colcon_core.environment:checking '/home/jetson/slash_ws/install/fast_lio/lib/python3.8/site-packages'
[10.496s] Level 1:colcon.colcon_core.shell:create_environment_hook('fast_lio', 'pythonpath')
[10.496s] INFO:colcon.colcon_core.shell:Creating environment hook '/home/jetson/slash_ws/install/fast_lio/share/fast_lio/hook/pythonpath.ps1'
[10.497s] INFO:colcon.colcon_core.shell:Creating environment descriptor '/home/jetson/slash_ws/install/fast_lio/share/fast_lio/hook/pythonpath.dsv'
[10.498s] INFO:colcon.colcon_core.shell:Creating environment hook '/home/jetson/slash_ws/install/fast_lio/share/fast_lio/hook/pythonpath.sh'
[10.499s] Level 1:colcon.colcon_core.environment:checking '/home/jetson/slash_ws/install/fast_lio/bin'
[10.500s] INFO:colcon.colcon_core.shell:Creating package script '/home/jetson/slash_ws/install/fast_lio/share/fast_lio/package.ps1'
[10.503s] INFO:colcon.colcon_core.shell:Creating package descriptor '/home/jetson/slash_ws/install/fast_lio/share/fast_lio/package.dsv'
[10.504s] INFO:colcon.colcon_core.shell:Creating package script '/home/jetson/slash_ws/install/fast_lio/share/fast_lio/package.sh'
[10.505s] INFO:colcon.colcon_core.shell:Creating package script '/home/jetson/slash_ws/install/fast_lio/share/fast_lio/package.bash'
[10.507s] INFO:colcon.colcon_core.shell:Creating package script '/home/jetson/slash_ws/install/fast_lio/share/fast_lio/package.zsh'
[10.507s] Level 1:colcon.colcon_core.environment:create_file_with_runtime_dependencies(/home/jetson/slash_ws/install/fast_lio/share/colcon-core/packages/fast_lio)
[10.737s] Level 1:colcon.colcon_core.environment:checking '/home/jetson/slash_ws/install/joy_teleop' for CMake module files
[10.739s] Level 1:colcon.colcon_core.environment:checking '/home/jetson/slash_ws/install/joy_teleop' for CMake config files
[10.739s] DEBUG:colcon.colcon_core.event_handler.log_command:Invoked command in '/home/jetson/slash_ws/src/slash_hardware/f1tenth_system/teleop_tools/joy_teleop' returned '0': CMAKE_PREFIX_PATH=/home/jetson/slash_ws/install/teleop_tools_msgs:/home/jetson/slash_ws/install/vesc:/home/jetson/slash_ws/install/vesc_driver:/home/jetson/slash_ws/install/vesc_ackermann:/home/jetson/slash_ws/install/vesc_msgs:/home/jetson/slash_ws/install/teleop_tools:/home/jetson/slash_ws/install/teb_local_planner:/home/jetson/slash_ws/install/teb_msgs:/home/jetson/slash_ws/install/slash_nav2:/home/jetson/slash_ws/install/simple_mpc:/home/jetson/slash_ws/install/pointcloud_to_laserscan:/home/jetson/slash_ws/install/fast_lio:/home/jetson/slash_ws/install/livox_ros_driver2:/home/jetson/slash_ws/install/linefit_ground_segmentation_ros:/home/jetson/slash_ws/install/linefit_ground_segmentation:/home/jetson/slash_ws/install/costmap_converter:/home/jetson/slash_ws/install/costmap_converter_msgs:/home/jetson/slash_ws/install/ackermann_mux LD_LIBRARY_PATH=/home/jetson/slash_ws/install/teleop_tools_msgs/lib:/usr/local/cuda/lib64:/usr/local/cuda/lib64:/usr/local/cuda/lib64:/usr/local/cuda/lib64:/usr/local/cuda-11.4/lib64:/usr/local/cuda/lib64:/usr/local/cuda/lib64:/usr/local/cuda/lib64:/usr/local/cuda/lib64:/home/jetson/slash_ws/install/vesc_driver/lib:/home/jetson/slash_ws/install/vesc_ackermann/lib:/home/jetson/slash_ws/install/vesc_msgs/lib:/home/jetson/slash_ws/install/teb_local_planner/lib:/home/jetson/slash_ws/install/teb_msgs/lib:/home/jetson/slash_ws/install/pointcloud_to_laserscan/lib:/home/jetson/slash_ws/install/fast_lio/lib:/home/jetson/slash_ws/install/livox_ros_driver2/lib:/home/jetson/slash_ws/install/linefit_ground_segmentation/lib:/home/jetson/slash_ws/install/costmap_converter/lib:/home/jetson/slash_ws/install/costmap_converter_msgs/lib:/usr/lib/aarch64-linux-gnu/gazebo-11/plugins:/opt/ros/foxy/opt/yaml_cpp_vendor/lib:/opt/ros/foxy/opt/rviz_ogre_vendor/lib:/opt/ros/foxy/lib/aarch64-linux-gnu:/opt/ros/foxy/lib:/usr/local/cuda-11.4/lib64 PYTHONPATH=/home/jetson/slash_ws/build/joy_teleop/prefix_override:/usr/lib/python3/dist-packages/colcon_core/task/python/colcon_distutils_commands:/home/jetson/slash_ws/install/joy_teleop/lib/python3.8/site-packages:/home/jetson/slash_ws/install/teleop_tools_msgs/lib/python3.8/site-packages:/home/jetson/slash_ws/install/f1tenth_stack/lib/python3.8/site-packages:/home/jetson/slash_ws/install/vesc_msgs/lib/python3.8/site-packages:/home/jetson/slash_ws/install/twist_to_ackermann/lib/python3.8/site-packages:/home/jetson/slash_ws/install/joy_teleop/lib/python3.8/site-packages:/home/jetson/slash_ws/install/teb_msgs/lib/python3.8/site-packages:/home/jetson/slash_ws/install/roboracer_china_2025/lib/python3.8/site-packages:/home/jetson/slash_ws/install/mouse_teleop/lib/python3.8/site-packages:/home/jetson/slash_ws/install/fast_lio/lib/python3.8/site-packages:/home/jetson/slash_ws/install/livox_ros_driver2/lib/python3.8/site-packages:/home/jetson/slash_ws/install/key_teleop/lib/python3.8/site-packages:/home/jetson/slash_ws/install/costmap_converter_msgs/lib/python3.8/site-packages:/opt/ros/foxy/lib/python3.8/site-packages /usr/bin/python3 -W ignore:setup.py install is deprecated -W ignore:easy_install command is deprecated setup.py egg_info --egg-base ../../../../../build/joy_teleop build --build-base /home/jetson/slash_ws/build/joy_teleop/build install --record /home/jetson/slash_ws/build/joy_teleop/install.log --single-version-externally-managed install_data
[10.741s] Level 1:colcon.colcon_core.environment:checking '/home/jetson/slash_ws/install/joy_teleop/lib'
[10.741s] Level 1:colcon.colcon_core.environment:checking '/home/jetson/slash_ws/install/joy_teleop/bin'
[10.742s] Level 1:colcon.colcon_core.environment:checking '/home/jetson/slash_ws/install/joy_teleop/lib/pkgconfig/joy_teleop.pc'
[10.742s] Level 1:colcon.colcon_core.environment:checking '/home/jetson/slash_ws/install/joy_teleop/lib/python3.8/site-packages'
[10.743s] Level 1:colcon.colcon_core.shell:create_environment_hook('joy_teleop', 'pythonpath')
[10.743s] INFO:colcon.colcon_core.shell:Creating environment hook '/home/jetson/slash_ws/install/joy_teleop/share/joy_teleop/hook/pythonpath.ps1'
[10.745s] INFO:colcon.colcon_core.shell:Creating environment descriptor '/home/jetson/slash_ws/install/joy_teleop/share/joy_teleop/hook/pythonpath.dsv'
[10.746s] INFO:colcon.colcon_core.shell:Creating environment hook '/home/jetson/slash_ws/install/joy_teleop/share/joy_teleop/hook/pythonpath.sh'
[10.747s] Level 1:colcon.colcon_core.environment:checking '/home/jetson/slash_ws/install/joy_teleop/bin'
[10.747s] Level 1:colcon.colcon_core.environment:create_environment_scripts_only(joy_teleop)
[10.748s] INFO:colcon.colcon_core.shell:Creating package script '/home/jetson/slash_ws/install/joy_teleop/share/joy_teleop/package.ps1'
[10.749s] INFO:colcon.colcon_core.shell:Creating package descriptor '/home/jetson/slash_ws/install/joy_teleop/share/joy_teleop/package.dsv'
[10.750s] INFO:colcon.colcon_core.shell:Creating package script '/home/jetson/slash_ws/install/joy_teleop/share/joy_teleop/package.sh'
[10.752s] INFO:colcon.colcon_core.shell:Creating package script '/home/jetson/slash_ws/install/joy_teleop/share/joy_teleop/package.bash'
[10.753s] INFO:colcon.colcon_core.shell:Creating package script '/home/jetson/slash_ws/install/joy_teleop/share/joy_teleop/package.zsh'
[10.754s] Level 1:colcon.colcon_core.environment:create_file_with_runtime_dependencies(/home/jetson/slash_ws/install/joy_teleop/share/colcon-core/packages/joy_teleop)
[10.755s] INFO:colcon.colcon_ros.task.ament_cmake.build:Building ROS package in '/home/jetson/slash_ws/src/slash_hardware/f1tenth_system/teleop_tools/teleop_tools' with build type 'ament_cmake'
[10.755s] INFO:colcon.colcon_cmake.task.cmake.build:Building CMake package in '/home/jetson/slash_ws/src/slash_hardware/f1tenth_system/teleop_tools/teleop_tools'
[10.756s] INFO:colcon.colcon_core.shell:Skip shell extension 'powershell' for command environment: Not usable outside of PowerShell
[10.756s] DEBUG:colcon.colcon_core.shell:Skip shell extension 'dsv' for command environment
[10.779s] INFO:colcon.colcon_ros.task.ament_python.build:Building ROS package in '/home/jetson/slash_ws/src/slash_hardware/f1tenth_system/f1tenth_stack' with build type 'ament_python'
[10.785s] Level 1:colcon.colcon_core.shell:create_environment_hook('f1tenth_stack', 'ament_prefix_path')
[10.786s] INFO:colcon.colcon_core.shell:Creating environment hook '/home/jetson/slash_ws/install/f1tenth_stack/share/f1tenth_stack/hook/ament_prefix_path.ps1'
[10.789s] INFO:colcon.colcon_core.shell:Creating environment descriptor '/home/jetson/slash_ws/install/f1tenth_stack/share/f1tenth_stack/hook/ament_prefix_path.dsv'
[10.791s] INFO:colcon.colcon_core.shell:Creating environment hook '/home/jetson/slash_ws/install/f1tenth_stack/share/f1tenth_stack/hook/ament_prefix_path.sh'
[10.807s] INFO:colcon.colcon_core.shell:Skip shell extension 'powershell' for command environment: Not usable outside of PowerShell
[10.807s] DEBUG:colcon.colcon_core.shell:Skip shell extension 'dsv' for command environment
[10.840s] DEBUG:colcon.colcon_core.event_handler.log_command:Invoking command in '/home/jetson/slash_ws/src/slash_navigation/roboracer_china_2025': PYTHONPATH=/home/jetson/slash_ws/build/roboracer_china_2025/prefix_override:/usr/lib/python3/dist-packages/colcon_core/task/python/colcon_distutils_commands:/home/jetson/slash_ws/install/roboracer_china_2025/lib/python3.8/site-packages:${PYTHONPATH} /usr/bin/python3 -W ignore:setup.py install is deprecated -W ignore:easy_install command is deprecated setup.py egg_info --egg-base ../../../build/roboracer_china_2025 build --build-base /home/jetson/slash_ws/build/roboracer_china_2025/build install --record /home/jetson/slash_ws/build/roboracer_china_2025/install.log --install-scripts $base/lib/roboracer_china_2025 --single-version-externally-managed install_data
[10.870s] DEBUG:colcon.colcon_core.event_handler.log_command:Invoking command in '/home/jetson/slash_ws/build/teleop_tools': AMENT_PREFIX_PATH=/home/jetson/slash_ws/install/joy_teleop:/home/jetson/slash_ws/install/key_teleop:/home/jetson/slash_ws/install/f1tenth_stack:/home/jetson/slash_ws/install/vesc:/home/jetson/slash_ws/install/vesc_driver:/home/jetson/slash_ws/install/vesc_ackermann:/home/jetson/slash_ws/install/vesc_msgs:/home/jetson/slash_ws/install/twist_to_ackermann:/home/jetson/slash_ws/install/teleop_tools:/home/jetson/slash_ws/install/teleop_tools_msgs:/home/jetson/slash_ws/install/teb_local_planner:/home/jetson/slash_ws/install/teb_msgs:/home/jetson/slash_ws/install/slash_nav2:/home/jetson/slash_ws/install/simple_mpc:/home/jetson/slash_ws/install/roboracer_china_2025:/home/jetson/slash_ws/install/pointcloud_to_laserscan:/home/jetson/slash_ws/install/mouse_teleop:/home/jetson/slash_ws/install/fast_lio:/home/jetson/slash_ws/install/livox_ros_driver2:/home/jetson/slash_ws/install/linefit_ground_segmentation_ros:/home/jetson/slash_ws/install/linefit_ground_segmentation:/home/jetson/slash_ws/install/costmap_converter:/home/jetson/slash_ws/install/costmap_converter_msgs:/home/jetson/slash_ws/install/ackermann_mux:/opt/ros/foxy CMAKE_PREFIX_PATH=/home/jetson/slash_ws/install/teleop_tools_msgs:/home/jetson/slash_ws/install/vesc:/home/jetson/slash_ws/install/vesc_driver:/home/jetson/slash_ws/install/vesc_ackermann:/home/jetson/slash_ws/install/vesc_msgs:/home/jetson/slash_ws/install/teleop_tools:/home/jetson/slash_ws/install/teb_local_planner:/home/jetson/slash_ws/install/teb_msgs:/home/jetson/slash_ws/install/slash_nav2:/home/jetson/slash_ws/install/simple_mpc:/home/jetson/slash_ws/install/pointcloud_to_laserscan:/home/jetson/slash_ws/install/fast_lio:/home/jetson/slash_ws/install/livox_ros_driver2:/home/jetson/slash_ws/install/linefit_ground_segmentation_ros:/home/jetson/slash_ws/install/linefit_ground_segmentation:/home/jetson/slash_ws/install/costmap_converter:/home/jetson/slash_ws/install/costmap_converter_msgs:/home/jetson/slash_ws/install/ackermann_mux:/home/jetson/slash_ws/install/f1tenth_stack:/home/jetson/slash_ws/install/twist_to_ackermann:/home/jetson/slash_ws/install/joy_teleop:/home/jetson/slash_ws/install/roboracer_china_2025:/home/jetson/slash_ws/install/mouse_teleop:/home/jetson/slash_ws/install/key_teleop:/opt/ros/foxy LD_LIBRARY_PATH=/home/jetson/slash_ws/install/teleop_tools_msgs/lib:/usr/local/cuda/lib64:/usr/local/cuda/lib64:/usr/local/cuda/lib64:/usr/local/cuda/lib64:/usr/local/cuda-11.4/lib64:/usr/local/cuda/lib64:/usr/local/cuda/lib64:/usr/local/cuda/lib64:/usr/local/cuda/lib64:/home/jetson/slash_ws/install/vesc_driver/lib:/home/jetson/slash_ws/install/vesc_ackermann/lib:/home/jetson/slash_ws/install/vesc_msgs/lib:/home/jetson/slash_ws/install/teb_local_planner/lib:/home/jetson/slash_ws/install/teb_msgs/lib:/home/jetson/slash_ws/install/pointcloud_to_laserscan/lib:/home/jetson/slash_ws/install/fast_lio/lib:/home/jetson/slash_ws/install/livox_ros_driver2/lib:/home/jetson/slash_ws/install/linefit_ground_segmentation/lib:/home/jetson/slash_ws/install/costmap_converter/lib:/home/jetson/slash_ws/install/costmap_converter_msgs/lib:/usr/lib/aarch64-linux-gnu/gazebo-11/plugins:/opt/ros/foxy/opt/yaml_cpp_vendor/lib:/opt/ros/foxy/opt/rviz_ogre_vendor/lib:/opt/ros/foxy/lib/aarch64-linux-gnu:/opt/ros/foxy/lib:/usr/local/cuda-11.4/lib64 PYTHONPATH=/home/jetson/slash_ws/install/joy_teleop/lib/python3.8/site-packages:/home/jetson/slash_ws/install/teleop_tools_msgs/lib/python3.8/site-packages:/home/jetson/slash_ws/install/key_teleop/lib/python3.8/site-packages:/home/jetson/slash_ws/install/f1tenth_stack/lib/python3.8/site-packages:/home/jetson/slash_ws/install/vesc_msgs/lib/python3.8/site-packages:/home/jetson/slash_ws/install/twist_to_ackermann/lib/python3.8/site-packages:/home/jetson/slash_ws/install/teb_msgs/lib/python3.8/site-packages:/home/jetson/slash_ws/install/roboracer_china_2025/lib/python3.8/site-packages:/home/jetson/slash_ws/install/mouse_teleop/lib/python3.8/site-packages:/home/jetson/slash_ws/install/fast_lio/lib/python3.8/site-packages:/home/jetson/slash_ws/install/livox_ros_driver2/lib/python3.8/site-packages:/home/jetson/slash_ws/install/costmap_converter_msgs/lib/python3.8/site-packages:/opt/ros/foxy/lib/python3.8/site-packages /usr/bin/cmake --build /home/jetson/slash_ws/build/teleop_tools -- -j8 -l8
[11.685s] INFO:colcon.colcon_core.task.python.build:Building Python package in '/home/jetson/slash_ws/src/slash_hardware/f1tenth_system/f1tenth_stack'
[11.687s] INFO:colcon.colcon_core.shell:Skip shell extension 'powershell' for command environment: Not usable outside of PowerShell
[11.687s] DEBUG:colcon.colcon_core.shell:Skip shell extension 'dsv' for command environment
[11.708s] DEBUG:colcon.colcon_core.event_handler.log_command:Invoked command in '/home/jetson/slash_ws/build/teleop_tools' returned '0': AMENT_PREFIX_PATH=/home/jetson/slash_ws/install/joy_teleop:/home/jetson/slash_ws/install/key_teleop:/home/jetson/slash_ws/install/f1tenth_stack:/home/jetson/slash_ws/install/vesc:/home/jetson/slash_ws/install/vesc_driver:/home/jetson/slash_ws/install/vesc_ackermann:/home/jetson/slash_ws/install/vesc_msgs:/home/jetson/slash_ws/install/twist_to_ackermann:/home/jetson/slash_ws/install/teleop_tools:/home/jetson/slash_ws/install/teleop_tools_msgs:/home/jetson/slash_ws/install/teb_local_planner:/home/jetson/slash_ws/install/teb_msgs:/home/jetson/slash_ws/install/slash_nav2:/home/jetson/slash_ws/install/simple_mpc:/home/jetson/slash_ws/install/roboracer_china_2025:/home/jetson/slash_ws/install/pointcloud_to_laserscan:/home/jetson/slash_ws/install/mouse_teleop:/home/jetson/slash_ws/install/fast_lio:/home/jetson/slash_ws/install/livox_ros_driver2:/home/jetson/slash_ws/install/linefit_ground_segmentation_ros:/home/jetson/slash_ws/install/linefit_ground_segmentation:/home/jetson/slash_ws/install/costmap_converter:/home/jetson/slash_ws/install/costmap_converter_msgs:/home/jetson/slash_ws/install/ackermann_mux:/opt/ros/foxy CMAKE_PREFIX_PATH=/home/jetson/slash_ws/install/teleop_tools_msgs:/home/jetson/slash_ws/install/vesc:/home/jetson/slash_ws/install/vesc_driver:/home/jetson/slash_ws/install/vesc_ackermann:/home/jetson/slash_ws/install/vesc_msgs:/home/jetson/slash_ws/install/teleop_tools:/home/jetson/slash_ws/install/teb_local_planner:/home/jetson/slash_ws/install/teb_msgs:/home/jetson/slash_ws/install/slash_nav2:/home/jetson/slash_ws/install/simple_mpc:/home/jetson/slash_ws/install/pointcloud_to_laserscan:/home/jetson/slash_ws/install/fast_lio:/home/jetson/slash_ws/install/livox_ros_driver2:/home/jetson/slash_ws/install/linefit_ground_segmentation_ros:/home/jetson/slash_ws/install/linefit_ground_segmentation:/home/jetson/slash_ws/install/costmap_converter:/home/jetson/slash_ws/install/costmap_converter_msgs:/home/jetson/slash_ws/install/ackermann_mux:/home/jetson/slash_ws/install/f1tenth_stack:/home/jetson/slash_ws/install/twist_to_ackermann:/home/jetson/slash_ws/install/joy_teleop:/home/jetson/slash_ws/install/roboracer_china_2025:/home/jetson/slash_ws/install/mouse_teleop:/home/jetson/slash_ws/install/key_teleop:/opt/ros/foxy LD_LIBRARY_PATH=/home/jetson/slash_ws/install/teleop_tools_msgs/lib:/usr/local/cuda/lib64:/usr/local/cuda/lib64:/usr/local/cuda/lib64:/usr/local/cuda/lib64:/usr/local/cuda-11.4/lib64:/usr/local/cuda/lib64:/usr/local/cuda/lib64:/usr/local/cuda/lib64:/usr/local/cuda/lib64:/home/jetson/slash_ws/install/vesc_driver/lib:/home/jetson/slash_ws/install/vesc_ackermann/lib:/home/jetson/slash_ws/install/vesc_msgs/lib:/home/jetson/slash_ws/install/teb_local_planner/lib:/home/jetson/slash_ws/install/teb_msgs/lib:/home/jetson/slash_ws/install/pointcloud_to_laserscan/lib:/home/jetson/slash_ws/install/fast_lio/lib:/home/jetson/slash_ws/install/livox_ros_driver2/lib:/home/jetson/slash_ws/install/linefit_ground_segmentation/lib:/home/jetson/slash_ws/install/costmap_converter/lib:/home/jetson/slash_ws/install/costmap_converter_msgs/lib:/usr/lib/aarch64-linux-gnu/gazebo-11/plugins:/opt/ros/foxy/opt/yaml_cpp_vendor/lib:/opt/ros/foxy/opt/rviz_ogre_vendor/lib:/opt/ros/foxy/lib/aarch64-linux-gnu:/opt/ros/foxy/lib:/usr/local/cuda-11.4/lib64 PYTHONPATH=/home/jetson/slash_ws/install/joy_teleop/lib/python3.8/site-packages:/home/jetson/slash_ws/install/teleop_tools_msgs/lib/python3.8/site-packages:/home/jetson/slash_ws/install/key_teleop/lib/python3.8/site-packages:/home/jetson/slash_ws/install/f1tenth_stack/lib/python3.8/site-packages:/home/jetson/slash_ws/install/vesc_msgs/lib/python3.8/site-packages:/home/jetson/slash_ws/install/twist_to_ackermann/lib/python3.8/site-packages:/home/jetson/slash_ws/install/teb_msgs/lib/python3.8/site-packages:/home/jetson/slash_ws/install/roboracer_china_2025/lib/python3.8/site-packages:/home/jetson/slash_ws/install/mouse_teleop/lib/python3.8/site-packages:/home/jetson/slash_ws/install/fast_lio/lib/python3.8/site-packages:/home/jetson/slash_ws/install/livox_ros_driver2/lib/python3.8/site-packages:/home/jetson/slash_ws/install/costmap_converter_msgs/lib/python3.8/site-packages:/opt/ros/foxy/lib/python3.8/site-packages /usr/bin/cmake --build /home/jetson/slash_ws/build/teleop_tools -- -j8 -l8
[11.712s] DEBUG:colcon.colcon_core.event_handler.log_command:Invoking command in '/home/jetson/slash_ws/build/teleop_tools': AMENT_PREFIX_PATH=/home/jetson/slash_ws/install/joy_teleop:/home/jetson/slash_ws/install/key_teleop:/home/jetson/slash_ws/install/f1tenth_stack:/home/jetson/slash_ws/install/vesc:/home/jetson/slash_ws/install/vesc_driver:/home/jetson/slash_ws/install/vesc_ackermann:/home/jetson/slash_ws/install/vesc_msgs:/home/jetson/slash_ws/install/twist_to_ackermann:/home/jetson/slash_ws/install/teleop_tools:/home/jetson/slash_ws/install/teleop_tools_msgs:/home/jetson/slash_ws/install/teb_local_planner:/home/jetson/slash_ws/install/teb_msgs:/home/jetson/slash_ws/install/slash_nav2:/home/jetson/slash_ws/install/simple_mpc:/home/jetson/slash_ws/install/roboracer_china_2025:/home/jetson/slash_ws/install/pointcloud_to_laserscan:/home/jetson/slash_ws/install/mouse_teleop:/home/jetson/slash_ws/install/fast_lio:/home/jetson/slash_ws/install/livox_ros_driver2:/home/jetson/slash_ws/install/linefit_ground_segmentation_ros:/home/jetson/slash_ws/install/linefit_ground_segmentation:/home/jetson/slash_ws/install/costmap_converter:/home/jetson/slash_ws/install/costmap_converter_msgs:/home/jetson/slash_ws/install/ackermann_mux:/opt/ros/foxy CMAKE_PREFIX_PATH=/home/jetson/slash_ws/install/teleop_tools_msgs:/home/jetson/slash_ws/install/vesc:/home/jetson/slash_ws/install/vesc_driver:/home/jetson/slash_ws/install/vesc_ackermann:/home/jetson/slash_ws/install/vesc_msgs:/home/jetson/slash_ws/install/teleop_tools:/home/jetson/slash_ws/install/teb_local_planner:/home/jetson/slash_ws/install/teb_msgs:/home/jetson/slash_ws/install/slash_nav2:/home/jetson/slash_ws/install/simple_mpc:/home/jetson/slash_ws/install/pointcloud_to_laserscan:/home/jetson/slash_ws/install/fast_lio:/home/jetson/slash_ws/install/livox_ros_driver2:/home/jetson/slash_ws/install/linefit_ground_segmentation_ros:/home/jetson/slash_ws/install/linefit_ground_segmentation:/home/jetson/slash_ws/install/costmap_converter:/home/jetson/slash_ws/install/costmap_converter_msgs:/home/jetson/slash_ws/install/ackermann_mux:/home/jetson/slash_ws/install/f1tenth_stack:/home/jetson/slash_ws/install/twist_to_ackermann:/home/jetson/slash_ws/install/joy_teleop:/home/jetson/slash_ws/install/roboracer_china_2025:/home/jetson/slash_ws/install/mouse_teleop:/home/jetson/slash_ws/install/key_teleop:/opt/ros/foxy LD_LIBRARY_PATH=/home/jetson/slash_ws/install/teleop_tools_msgs/lib:/usr/local/cuda/lib64:/usr/local/cuda/lib64:/usr/local/cuda/lib64:/usr/local/cuda/lib64:/usr/local/cuda-11.4/lib64:/usr/local/cuda/lib64:/usr/local/cuda/lib64:/usr/local/cuda/lib64:/usr/local/cuda/lib64:/home/jetson/slash_ws/install/vesc_driver/lib:/home/jetson/slash_ws/install/vesc_ackermann/lib:/home/jetson/slash_ws/install/vesc_msgs/lib:/home/jetson/slash_ws/install/teb_local_planner/lib:/home/jetson/slash_ws/install/teb_msgs/lib:/home/jetson/slash_ws/install/pointcloud_to_laserscan/lib:/home/jetson/slash_ws/install/fast_lio/lib:/home/jetson/slash_ws/install/livox_ros_driver2/lib:/home/jetson/slash_ws/install/linefit_ground_segmentation/lib:/home/jetson/slash_ws/install/costmap_converter/lib:/home/jetson/slash_ws/install/costmap_converter_msgs/lib:/usr/lib/aarch64-linux-gnu/gazebo-11/plugins:/opt/ros/foxy/opt/yaml_cpp_vendor/lib:/opt/ros/foxy/opt/rviz_ogre_vendor/lib:/opt/ros/foxy/lib/aarch64-linux-gnu:/opt/ros/foxy/lib:/usr/local/cuda-11.4/lib64 PYTHONPATH=/home/jetson/slash_ws/install/joy_teleop/lib/python3.8/site-packages:/home/jetson/slash_ws/install/teleop_tools_msgs/lib/python3.8/site-packages:/home/jetson/slash_ws/install/key_teleop/lib/python3.8/site-packages:/home/jetson/slash_ws/install/f1tenth_stack/lib/python3.8/site-packages:/home/jetson/slash_ws/install/vesc_msgs/lib/python3.8/site-packages:/home/jetson/slash_ws/install/twist_to_ackermann/lib/python3.8/site-packages:/home/jetson/slash_ws/install/teb_msgs/lib/python3.8/site-packages:/home/jetson/slash_ws/install/roboracer_china_2025/lib/python3.8/site-packages:/home/jetson/slash_ws/install/mouse_teleop/lib/python3.8/site-packages:/home/jetson/slash_ws/install/fast_lio/lib/python3.8/site-packages:/home/jetson/slash_ws/install/livox_ros_driver2/lib/python3.8/site-packages:/home/jetson/slash_ws/install/costmap_converter_msgs/lib/python3.8/site-packages:/opt/ros/foxy/lib/python3.8/site-packages /usr/bin/cmake --install /home/jetson/slash_ws/build/teleop_tools
[11.733s] DEBUG:colcon.colcon_core.event_handler.log_command:Invoking command in '/home/jetson/slash_ws/src/slash_perception/twist_to_ackermann': PYTHONPATH=/home/jetson/slash_ws/build/twist_to_ackermann/prefix_override:/usr/lib/python3/dist-packages/colcon_core/task/python/colcon_distutils_commands:/home/jetson/slash_ws/install/twist_to_ackermann/lib/python3.8/site-packages:${PYTHONPATH} /usr/bin/python3 -W ignore:setup.py install is deprecated -W ignore:easy_install command is deprecated setup.py egg_info --egg-base ../../../build/twist_to_ackermann build --build-base /home/jetson/slash_ws/build/twist_to_ackermann/build install --record /home/jetson/slash_ws/build/twist_to_ackermann/install.log --install-scripts $base/lib/twist_to_ackermann --single-version-externally-managed install_data
[11.760s] Level 1:colcon.colcon_core.environment:create_environment_scripts_only(teleop_tools)
[11.761s] Level 1:colcon.colcon_core.environment:checking '/home/jetson/slash_ws/install/teleop_tools' for CMake module files
[11.761s] Level 1:colcon.colcon_core.environment:checking '/home/jetson/slash_ws/install/teleop_tools' for CMake config files
[11.762s] Level 1:colcon.colcon_core.shell:create_environment_hook('teleop_tools', 'cmake_prefix_path')
[11.762s] INFO:colcon.colcon_core.shell:Creating environment hook '/home/jetson/slash_ws/install/teleop_tools/share/teleop_tools/hook/cmake_prefix_path.ps1'
[11.764s] INFO:colcon.colcon_core.shell:Creating environment descriptor '/home/jetson/slash_ws/install/teleop_tools/share/teleop_tools/hook/cmake_prefix_path.dsv'
[11.765s] DEBUG:colcon.colcon_core.event_handler.log_command:Invoked command in '/home/jetson/slash_ws/build/teleop_tools' returned '0': AMENT_PREFIX_PATH=/home/jetson/slash_ws/install/joy_teleop:/home/jetson/slash_ws/install/key_teleop:/home/jetson/slash_ws/install/f1tenth_stack:/home/jetson/slash_ws/install/vesc:/home/jetson/slash_ws/install/vesc_driver:/home/jetson/slash_ws/install/vesc_ackermann:/home/jetson/slash_ws/install/vesc_msgs:/home/jetson/slash_ws/install/twist_to_ackermann:/home/jetson/slash_ws/install/teleop_tools:/home/jetson/slash_ws/install/teleop_tools_msgs:/home/jetson/slash_ws/install/teb_local_planner:/home/jetson/slash_ws/install/teb_msgs:/home/jetson/slash_ws/install/slash_nav2:/home/jetson/slash_ws/install/simple_mpc:/home/jetson/slash_ws/install/roboracer_china_2025:/home/jetson/slash_ws/install/pointcloud_to_laserscan:/home/jetson/slash_ws/install/mouse_teleop:/home/jetson/slash_ws/install/fast_lio:/home/jetson/slash_ws/install/livox_ros_driver2:/home/jetson/slash_ws/install/linefit_ground_segmentation_ros:/home/jetson/slash_ws/install/linefit_ground_segmentation:/home/jetson/slash_ws/install/costmap_converter:/home/jetson/slash_ws/install/costmap_converter_msgs:/home/jetson/slash_ws/install/ackermann_mux:/opt/ros/foxy CMAKE_PREFIX_PATH=/home/jetson/slash_ws/install/teleop_tools_msgs:/home/jetson/slash_ws/install/vesc:/home/jetson/slash_ws/install/vesc_driver:/home/jetson/slash_ws/install/vesc_ackermann:/home/jetson/slash_ws/install/vesc_msgs:/home/jetson/slash_ws/install/teleop_tools:/home/jetson/slash_ws/install/teb_local_planner:/home/jetson/slash_ws/install/teb_msgs:/home/jetson/slash_ws/install/slash_nav2:/home/jetson/slash_ws/install/simple_mpc:/home/jetson/slash_ws/install/pointcloud_to_laserscan:/home/jetson/slash_ws/install/fast_lio:/home/jetson/slash_ws/install/livox_ros_driver2:/home/jetson/slash_ws/install/linefit_ground_segmentation_ros:/home/jetson/slash_ws/install/linefit_ground_segmentation:/home/jetson/slash_ws/install/costmap_converter:/home/jetson/slash_ws/install/costmap_converter_msgs:/home/jetson/slash_ws/install/ackermann_mux:/home/jetson/slash_ws/install/f1tenth_stack:/home/jetson/slash_ws/install/twist_to_ackermann:/home/jetson/slash_ws/install/joy_teleop:/home/jetson/slash_ws/install/roboracer_china_2025:/home/jetson/slash_ws/install/mouse_teleop:/home/jetson/slash_ws/install/key_teleop:/opt/ros/foxy LD_LIBRARY_PATH=/home/jetson/slash_ws/install/teleop_tools_msgs/lib:/usr/local/cuda/lib64:/usr/local/cuda/lib64:/usr/local/cuda/lib64:/usr/local/cuda/lib64:/usr/local/cuda-11.4/lib64:/usr/local/cuda/lib64:/usr/local/cuda/lib64:/usr/local/cuda/lib64:/usr/local/cuda/lib64:/home/jetson/slash_ws/install/vesc_driver/lib:/home/jetson/slash_ws/install/vesc_ackermann/lib:/home/jetson/slash_ws/install/vesc_msgs/lib:/home/jetson/slash_ws/install/teb_local_planner/lib:/home/jetson/slash_ws/install/teb_msgs/lib:/home/jetson/slash_ws/install/pointcloud_to_laserscan/lib:/home/jetson/slash_ws/install/fast_lio/lib:/home/jetson/slash_ws/install/livox_ros_driver2/lib:/home/jetson/slash_ws/install/linefit_ground_segmentation/lib:/home/jetson/slash_ws/install/costmap_converter/lib:/home/jetson/slash_ws/install/costmap_converter_msgs/lib:/usr/lib/aarch64-linux-gnu/gazebo-11/plugins:/opt/ros/foxy/opt/yaml_cpp_vendor/lib:/opt/ros/foxy/opt/rviz_ogre_vendor/lib:/opt/ros/foxy/lib/aarch64-linux-gnu:/opt/ros/foxy/lib:/usr/local/cuda-11.4/lib64 PYTHONPATH=/home/jetson/slash_ws/install/joy_teleop/lib/python3.8/site-packages:/home/jetson/slash_ws/install/teleop_tools_msgs/lib/python3.8/site-packages:/home/jetson/slash_ws/install/key_teleop/lib/python3.8/site-packages:/home/jetson/slash_ws/install/f1tenth_stack/lib/python3.8/site-packages:/home/jetson/slash_ws/install/vesc_msgs/lib/python3.8/site-packages:/home/jetson/slash_ws/install/twist_to_ackermann/lib/python3.8/site-packages:/home/jetson/slash_ws/install/teb_msgs/lib/python3.8/site-packages:/home/jetson/slash_ws/install/roboracer_china_2025/lib/python3.8/site-packages:/home/jetson/slash_ws/install/mouse_teleop/lib/python3.8/site-packages:/home/jetson/slash_ws/install/fast_lio/lib/python3.8/site-packages:/home/jetson/slash_ws/install/livox_ros_driver2/lib/python3.8/site-packages:/home/jetson/slash_ws/install/costmap_converter_msgs/lib/python3.8/site-packages:/opt/ros/foxy/lib/python3.8/site-packages /usr/bin/cmake --install /home/jetson/slash_ws/build/teleop_tools
[11.766s] INFO:colcon.colcon_core.shell:Creating environment hook '/home/jetson/slash_ws/install/teleop_tools/share/teleop_tools/hook/cmake_prefix_path.sh'
[11.767s] Level 1:colcon.colcon_core.environment:checking '/home/jetson/slash_ws/install/teleop_tools/bin'
[11.767s] Level 1:colcon.colcon_core.environment:checking '/home/jetson/slash_ws/install/teleop_tools/lib/pkgconfig/teleop_tools.pc'
[11.768s] Level 1:colcon.colcon_core.environment:checking '/home/jetson/slash_ws/install/teleop_tools/lib/python3.8/site-packages'
[11.768s] Level 1:colcon.colcon_core.environment:checking '/home/jetson/slash_ws/install/teleop_tools/bin'
[11.769s] INFO:colcon.colcon_core.shell:Creating package script '/home/jetson/slash_ws/install/teleop_tools/share/teleop_tools/package.ps1'
[11.771s] INFO:colcon.colcon_core.shell:Creating package descriptor '/home/jetson/slash_ws/install/teleop_tools/share/teleop_tools/package.dsv'
[11.772s] INFO:colcon.colcon_core.shell:Creating package script '/home/jetson/slash_ws/install/teleop_tools/share/teleop_tools/package.sh'
[11.772s] INFO:colcon.colcon_core.shell:Creating package script '/home/jetson/slash_ws/install/teleop_tools/share/teleop_tools/package.bash'
[11.773s] INFO:colcon.colcon_core.shell:Creating package script '/home/jetson/slash_ws/install/teleop_tools/share/teleop_tools/package.zsh'
[11.774s] Level 1:colcon.colcon_core.environment:create_file_with_runtime_dependencies(/home/jetson/slash_ws/install/teleop_tools/share/colcon-core/packages/teleop_tools)
[11.776s] Level 1:colcon.colcon_core.environment:create_environment_scripts_only(teleop_tools)
[11.776s] Level 1:colcon.colcon_core.environment:checking '/home/jetson/slash_ws/install/teleop_tools' for CMake module files
[11.777s] Level 1:colcon.colcon_core.environment:checking '/home/jetson/slash_ws/install/teleop_tools' for CMake config files
[11.777s] Level 1:colcon.colcon_core.shell:create_environment_hook('teleop_tools', 'cmake_prefix_path')
[11.778s] INFO:colcon.colcon_core.shell:Creating environment hook '/home/jetson/slash_ws/install/teleop_tools/share/teleop_tools/hook/cmake_prefix_path.ps1'
[11.779s] INFO:colcon.colcon_core.shell:Creating environment descriptor '/home/jetson/slash_ws/install/teleop_tools/share/teleop_tools/hook/cmake_prefix_path.dsv'
[11.780s] INFO:colcon.colcon_core.shell:Creating environment hook '/home/jetson/slash_ws/install/teleop_tools/share/teleop_tools/hook/cmake_prefix_path.sh'
[11.781s] Level 1:colcon.colcon_core.environment:checking '/home/jetson/slash_ws/install/teleop_tools/bin'
[11.781s] Level 1:colcon.colcon_core.environment:checking '/home/jetson/slash_ws/install/teleop_tools/lib/pkgconfig/teleop_tools.pc'
[11.782s] Level 1:colcon.colcon_core.environment:checking '/home/jetson/slash_ws/install/teleop_tools/lib/python3.8/site-packages'
[11.782s] Level 1:colcon.colcon_core.environment:checking '/home/jetson/slash_ws/install/teleop_tools/bin'
[11.783s] INFO:colcon.colcon_core.shell:Creating package script '/home/jetson/slash_ws/install/teleop_tools/share/teleop_tools/package.ps1'
[11.785s] INFO:colcon.colcon_core.shell:Creating package descriptor '/home/jetson/slash_ws/install/teleop_tools/share/teleop_tools/package.dsv'
[11.786s] INFO:colcon.colcon_core.shell:Creating package script '/home/jetson/slash_ws/install/teleop_tools/share/teleop_tools/package.sh'
[11.787s] INFO:colcon.colcon_core.shell:Creating package script '/home/jetson/slash_ws/install/teleop_tools/share/teleop_tools/package.bash'
[11.788s] INFO:colcon.colcon_core.shell:Creating package script '/home/jetson/slash_ws/install/teleop_tools/share/teleop_tools/package.zsh'
[11.789s] Level 1:colcon.colcon_core.environment:create_file_with_runtime_dependencies(/home/jetson/slash_ws/install/teleop_tools/share/colcon-core/packages/teleop_tools)
[12.051s] Level 1:colcon.colcon_core.environment:checking '/home/jetson/slash_ws/install/roboracer_china_2025' for CMake module files
[12.052s] DEBUG:colcon.colcon_core.event_handler.log_command:Invoked command in '/home/jetson/slash_ws/src/slash_navigation/roboracer_china_2025' returned '0': PYTHONPATH=/home/jetson/slash_ws/build/roboracer_china_2025/prefix_override:/usr/lib/python3/dist-packages/colcon_core/task/python/colcon_distutils_commands:/home/jetson/slash_ws/install/roboracer_china_2025/lib/python3.8/site-packages:${PYTHONPATH} /usr/bin/python3 -W ignore:setup.py install is deprecated -W ignore:easy_install command is deprecated setup.py egg_info --egg-base ../../../build/roboracer_china_2025 build --build-base /home/jetson/slash_ws/build/roboracer_china_2025/build install --record /home/jetson/slash_ws/build/roboracer_china_2025/install.log --install-scripts $base/lib/roboracer_china_2025 --single-version-externally-managed install_data
[12.061s] Level 1:colcon.colcon_core.environment:checking '/home/jetson/slash_ws/install/roboracer_china_2025' for CMake config files
[12.062s] Level 1:colcon.colcon_core.environment:checking '/home/jetson/slash_ws/install/roboracer_china_2025/lib'
[12.062s] Level 1:colcon.colcon_core.environment:checking '/home/jetson/slash_ws/install/roboracer_china_2025/bin'
[12.063s] Level 1:colcon.colcon_core.environment:checking '/home/jetson/slash_ws/install/roboracer_china_2025/lib/pkgconfig/roboracer_china_2025.pc'
[12.063s] Level 1:colcon.colcon_core.environment:checking '/home/jetson/slash_ws/install/roboracer_china_2025/lib/python3.8/site-packages'
[12.063s] Level 1:colcon.colcon_core.shell:create_environment_hook('roboracer_china_2025', 'pythonpath')
[12.064s] INFO:colcon.colcon_core.shell:Creating environment hook '/home/jetson/slash_ws/install/roboracer_china_2025/share/roboracer_china_2025/hook/pythonpath.ps1'
[12.072s] INFO:colcon.colcon_core.shell:Creating environment descriptor '/home/jetson/slash_ws/install/roboracer_china_2025/share/roboracer_china_2025/hook/pythonpath.dsv'
[12.073s] INFO:colcon.colcon_core.shell:Creating environment hook '/home/jetson/slash_ws/install/roboracer_china_2025/share/roboracer_china_2025/hook/pythonpath.sh'
[12.074s] Level 1:colcon.colcon_core.environment:checking '/home/jetson/slash_ws/install/roboracer_china_2025/bin'
[12.075s] Level 1:colcon.colcon_core.environment:create_environment_scripts_only(roboracer_china_2025)
[12.075s] INFO:colcon.colcon_core.shell:Creating package script '/home/jetson/slash_ws/install/roboracer_china_2025/share/roboracer_china_2025/package.ps1'
[12.077s] INFO:colcon.colcon_core.shell:Creating package descriptor '/home/jetson/slash_ws/install/roboracer_china_2025/share/roboracer_china_2025/package.dsv'
[12.078s] INFO:colcon.colcon_core.shell:Creating package script '/home/jetson/slash_ws/install/roboracer_china_2025/share/roboracer_china_2025/package.sh'
[12.079s] INFO:colcon.colcon_core.shell:Creating package script '/home/jetson/slash_ws/install/roboracer_china_2025/share/roboracer_china_2025/package.bash'
[12.079s] INFO:colcon.colcon_core.shell:Creating package script '/home/jetson/slash_ws/install/roboracer_china_2025/share/roboracer_china_2025/package.zsh'
[12.080s] Level 1:colcon.colcon_core.environment:create_file_with_runtime_dependencies(/home/jetson/slash_ws/install/roboracer_china_2025/share/colcon-core/packages/roboracer_china_2025)
[12.917s] Level 1:colcon.colcon_core.environment:checking '/home/jetson/slash_ws/install/twist_to_ackermann' for CMake module files
[12.918s] DEBUG:colcon.colcon_core.event_handler.log_command:Invoked command in '/home/jetson/slash_ws/src/slash_perception/twist_to_ackermann' returned '0': PYTHONPATH=/home/jetson/slash_ws/build/twist_to_ackermann/prefix_override:/usr/lib/python3/dist-packages/colcon_core/task/python/colcon_distutils_commands:/home/jetson/slash_ws/install/twist_to_ackermann/lib/python3.8/site-packages:${PYTHONPATH} /usr/bin/python3 -W ignore:setup.py install is deprecated -W ignore:easy_install command is deprecated setup.py egg_info --egg-base ../../../build/twist_to_ackermann build --build-base /home/jetson/slash_ws/build/twist_to_ackermann/build install --record /home/jetson/slash_ws/build/twist_to_ackermann/install.log --install-scripts $base/lib/twist_to_ackermann --single-version-externally-managed install_data
[12.919s] Level 1:colcon.colcon_core.environment:checking '/home/jetson/slash_ws/install/twist_to_ackermann' for CMake config files
[12.920s] Level 1:colcon.colcon_core.environment:checking '/home/jetson/slash_ws/install/twist_to_ackermann/lib'
[12.920s] Level 1:colcon.colcon_core.environment:checking '/home/jetson/slash_ws/install/twist_to_ackermann/bin'
[12.921s] Level 1:colcon.colcon_core.environment:checking '/home/jetson/slash_ws/install/twist_to_ackermann/lib/pkgconfig/twist_to_ackermann.pc'
[12.921s] Level 1:colcon.colcon_core.environment:checking '/home/jetson/slash_ws/install/twist_to_ackermann/lib/python3.8/site-packages'
[12.921s] Level 1:colcon.colcon_core.shell:create_environment_hook('twist_to_ackermann', 'pythonpath')
[12.922s] INFO:colcon.colcon_core.shell:Creating environment hook '/home/jetson/slash_ws/install/twist_to_ackermann/share/twist_to_ackermann/hook/pythonpath.ps1'
[12.924s] INFO:colcon.colcon_core.shell:Creating environment descriptor '/home/jetson/slash_ws/install/twist_to_ackermann/share/twist_to_ackermann/hook/pythonpath.dsv'
[12.924s] INFO:colcon.colcon_core.shell:Creating environment hook '/home/jetson/slash_ws/install/twist_to_ackermann/share/twist_to_ackermann/hook/pythonpath.sh'
[12.926s] Level 1:colcon.colcon_core.environment:checking '/home/jetson/slash_ws/install/twist_to_ackermann/bin'
[12.926s] Level 1:colcon.colcon_core.environment:create_environment_scripts_only(twist_to_ackermann)
[12.927s] INFO:colcon.colcon_core.shell:Creating package script '/home/jetson/slash_ws/install/twist_to_ackermann/share/twist_to_ackermann/package.ps1'
[12.928s] INFO:colcon.colcon_core.shell:Creating package descriptor '/home/jetson/slash_ws/install/twist_to_ackermann/share/twist_to_ackermann/package.dsv'
[12.929s] INFO:colcon.colcon_core.shell:Creating package script '/home/jetson/slash_ws/install/twist_to_ackermann/share/twist_to_ackermann/package.sh'
[12.930s] INFO:colcon.colcon_core.shell:Creating package script '/home/jetson/slash_ws/install/twist_to_ackermann/share/twist_to_ackermann/package.bash'
[12.930s] INFO:colcon.colcon_core.shell:Creating package script '/home/jetson/slash_ws/install/twist_to_ackermann/share/twist_to_ackermann/package.zsh'
[12.931s] Level 1:colcon.colcon_core.environment:create_file_with_runtime_dependencies(/home/jetson/slash_ws/install/twist_to_ackermann/share/colcon-core/packages/twist_to_ackermann)
[13.216s] DEBUG:colcon.colcon_core.event_handler.log_command:Invoking command in '/home/jetson/slash_ws/src/slash_hardware/f1tenth_system/f1tenth_stack': AMENT_PREFIX_PATH=/home/jetson/slash_ws/install/joy_teleop:/home/jetson/slash_ws/install/f1tenth_stack:/home/jetson/slash_ws/install/vesc:/home/jetson/slash_ws/install/vesc_driver:/home/jetson/slash_ws/install/vesc_ackermann:/home/jetson/slash_ws/install/vesc_msgs:/home/jetson/slash_ws/install/twist_to_ackermann:/home/jetson/slash_ws/install/teleop_tools:/home/jetson/slash_ws/install/teleop_tools_msgs:/home/jetson/slash_ws/install/teb_local_planner:/home/jetson/slash_ws/install/teb_msgs:/home/jetson/slash_ws/install/slash_nav2:/home/jetson/slash_ws/install/simple_mpc:/home/jetson/slash_ws/install/roboracer_china_2025:/home/jetson/slash_ws/install/pointcloud_to_laserscan:/home/jetson/slash_ws/install/mouse_teleop:/home/jetson/slash_ws/install/fast_lio:/home/jetson/slash_ws/install/livox_ros_driver2:/home/jetson/slash_ws/install/linefit_ground_segmentation_ros:/home/jetson/slash_ws/install/linefit_ground_segmentation:/home/jetson/slash_ws/install/key_teleop:/home/jetson/slash_ws/install/costmap_converter:/home/jetson/slash_ws/install/costmap_converter_msgs:/home/jetson/slash_ws/install/ackermann_mux:/opt/ros/foxy CMAKE_PREFIX_PATH=/home/jetson/slash_ws/install/vesc:/home/jetson/slash_ws/install/vesc_driver:/home/jetson/slash_ws/install/vesc_ackermann:/home/jetson/slash_ws/install/vesc_msgs:/home/jetson/slash_ws/install/teleop_tools_msgs:/home/jetson/slash_ws/install/ackermann_mux:/home/jetson/slash_ws/install/teleop_tools:/home/jetson/slash_ws/install/teb_local_planner:/home/jetson/slash_ws/install/teb_msgs:/home/jetson/slash_ws/install/slash_nav2:/home/jetson/slash_ws/install/simple_mpc:/home/jetson/slash_ws/install/pointcloud_to_laserscan:/home/jetson/slash_ws/install/fast_lio:/home/jetson/slash_ws/install/livox_ros_driver2:/home/jetson/slash_ws/install/linefit_ground_segmentation_ros:/home/jetson/slash_ws/install/linefit_ground_segmentation:/home/jetson/slash_ws/install/costmap_converter:/home/jetson/slash_ws/install/costmap_converter_msgs LD_LIBRARY_PATH=/home/jetson/slash_ws/install/vesc_driver/lib:/home/jetson/slash_ws/install/vesc_ackermann/lib:/home/jetson/slash_ws/install/vesc_msgs/lib:/home/jetson/slash_ws/install/teleop_tools_msgs/lib:/usr/local/cuda/lib64:/usr/local/cuda/lib64:/usr/local/cuda/lib64:/usr/local/cuda/lib64:/usr/local/cuda-11.4/lib64:/usr/local/cuda/lib64:/usr/local/cuda/lib64:/usr/local/cuda/lib64:/usr/local/cuda/lib64:/home/jetson/slash_ws/install/teb_local_planner/lib:/home/jetson/slash_ws/install/teb_msgs/lib:/home/jetson/slash_ws/install/pointcloud_to_laserscan/lib:/home/jetson/slash_ws/install/fast_lio/lib:/home/jetson/slash_ws/install/livox_ros_driver2/lib:/home/jetson/slash_ws/install/linefit_ground_segmentation/lib:/home/jetson/slash_ws/install/costmap_converter/lib:/home/jetson/slash_ws/install/costmap_converter_msgs/lib:/usr/lib/aarch64-linux-gnu/gazebo-11/plugins:/opt/ros/foxy/opt/yaml_cpp_vendor/lib:/opt/ros/foxy/opt/rviz_ogre_vendor/lib:/opt/ros/foxy/lib/aarch64-linux-gnu:/opt/ros/foxy/lib:/usr/local/cuda-11.4/lib64 PYTHONPATH=/home/jetson/slash_ws/build/f1tenth_stack/prefix_override:/usr/lib/python3/dist-packages/colcon_core/task/python/colcon_distutils_commands:/home/jetson/slash_ws/install/f1tenth_stack/lib/python3.8/site-packages:/home/jetson/slash_ws/install/joy_teleop/lib/python3.8/site-packages:/home/jetson/slash_ws/install/vesc_msgs/lib/python3.8/site-packages:/home/jetson/slash_ws/install/teleop_tools_msgs/lib/python3.8/site-packages:/home/jetson/slash_ws/install/f1tenth_stack/lib/python3.8/site-packages:/home/jetson/slash_ws/install/twist_to_ackermann/lib/python3.8/site-packages:/home/jetson/slash_ws/install/teb_msgs/lib/python3.8/site-packages:/home/jetson/slash_ws/install/roboracer_china_2025/lib/python3.8/site-packages:/home/jetson/slash_ws/install/mouse_teleop/lib/python3.8/site-packages:/home/jetson/slash_ws/install/fast_lio/lib/python3.8/site-packages:/home/jetson/slash_ws/install/livox_ros_driver2/lib/python3.8/site-packages:/home/jetson/slash_ws/install/key_teleop/lib/python3.8/site-packages:/home/jetson/slash_ws/install/costmap_converter_msgs/lib/python3.8/site-packages:/opt/ros/foxy/lib/python3.8/site-packages /usr/bin/python3 -W ignore:setup.py install is deprecated -W ignore:easy_install command is deprecated setup.py egg_info --egg-base ../../../../build/f1tenth_stack build --build-base /home/jetson/slash_ws/build/f1tenth_stack/build install --record /home/jetson/slash_ws/build/f1tenth_stack/install.log --single-version-externally-managed install_data
[14.334s] Level 1:colcon.colcon_core.environment:checking '/home/jetson/slash_ws/install/f1tenth_stack' for CMake module files
[14.336s] DEBUG:colcon.colcon_core.event_handler.log_command:Invoked command in '/home/jetson/slash_ws/src/slash_hardware/f1tenth_system/f1tenth_stack' returned '0': AMENT_PREFIX_PATH=/home/jetson/slash_ws/install/joy_teleop:/home/jetson/slash_ws/install/f1tenth_stack:/home/jetson/slash_ws/install/vesc:/home/jetson/slash_ws/install/vesc_driver:/home/jetson/slash_ws/install/vesc_ackermann:/home/jetson/slash_ws/install/vesc_msgs:/home/jetson/slash_ws/install/twist_to_ackermann:/home/jetson/slash_ws/install/teleop_tools:/home/jetson/slash_ws/install/teleop_tools_msgs:/home/jetson/slash_ws/install/teb_local_planner:/home/jetson/slash_ws/install/teb_msgs:/home/jetson/slash_ws/install/slash_nav2:/home/jetson/slash_ws/install/simple_mpc:/home/jetson/slash_ws/install/roboracer_china_2025:/home/jetson/slash_ws/install/pointcloud_to_laserscan:/home/jetson/slash_ws/install/mouse_teleop:/home/jetson/slash_ws/install/fast_lio:/home/jetson/slash_ws/install/livox_ros_driver2:/home/jetson/slash_ws/install/linefit_ground_segmentation_ros:/home/jetson/slash_ws/install/linefit_ground_segmentation:/home/jetson/slash_ws/install/key_teleop:/home/jetson/slash_ws/install/costmap_converter:/home/jetson/slash_ws/install/costmap_converter_msgs:/home/jetson/slash_ws/install/ackermann_mux:/opt/ros/foxy CMAKE_PREFIX_PATH=/home/jetson/slash_ws/install/vesc:/home/jetson/slash_ws/install/vesc_driver:/home/jetson/slash_ws/install/vesc_ackermann:/home/jetson/slash_ws/install/vesc_msgs:/home/jetson/slash_ws/install/teleop_tools_msgs:/home/jetson/slash_ws/install/ackermann_mux:/home/jetson/slash_ws/install/teleop_tools:/home/jetson/slash_ws/install/teb_local_planner:/home/jetson/slash_ws/install/teb_msgs:/home/jetson/slash_ws/install/slash_nav2:/home/jetson/slash_ws/install/simple_mpc:/home/jetson/slash_ws/install/pointcloud_to_laserscan:/home/jetson/slash_ws/install/fast_lio:/home/jetson/slash_ws/install/livox_ros_driver2:/home/jetson/slash_ws/install/linefit_ground_segmentation_ros:/home/jetson/slash_ws/install/linefit_ground_segmentation:/home/jetson/slash_ws/install/costmap_converter:/home/jetson/slash_ws/install/costmap_converter_msgs LD_LIBRARY_PATH=/home/jetson/slash_ws/install/vesc_driver/lib:/home/jetson/slash_ws/install/vesc_ackermann/lib:/home/jetson/slash_ws/install/vesc_msgs/lib:/home/jetson/slash_ws/install/teleop_tools_msgs/lib:/usr/local/cuda/lib64:/usr/local/cuda/lib64:/usr/local/cuda/lib64:/usr/local/cuda/lib64:/usr/local/cuda-11.4/lib64:/usr/local/cuda/lib64:/usr/local/cuda/lib64:/usr/local/cuda/lib64:/usr/local/cuda/lib64:/home/jetson/slash_ws/install/teb_local_planner/lib:/home/jetson/slash_ws/install/teb_msgs/lib:/home/jetson/slash_ws/install/pointcloud_to_laserscan/lib:/home/jetson/slash_ws/install/fast_lio/lib:/home/jetson/slash_ws/install/livox_ros_driver2/lib:/home/jetson/slash_ws/install/linefit_ground_segmentation/lib:/home/jetson/slash_ws/install/costmap_converter/lib:/home/jetson/slash_ws/install/costmap_converter_msgs/lib:/usr/lib/aarch64-linux-gnu/gazebo-11/plugins:/opt/ros/foxy/opt/yaml_cpp_vendor/lib:/opt/ros/foxy/opt/rviz_ogre_vendor/lib:/opt/ros/foxy/lib/aarch64-linux-gnu:/opt/ros/foxy/lib:/usr/local/cuda-11.4/lib64 PYTHONPATH=/home/jetson/slash_ws/build/f1tenth_stack/prefix_override:/usr/lib/python3/dist-packages/colcon_core/task/python/colcon_distutils_commands:/home/jetson/slash_ws/install/f1tenth_stack/lib/python3.8/site-packages:/home/jetson/slash_ws/install/joy_teleop/lib/python3.8/site-packages:/home/jetson/slash_ws/install/vesc_msgs/lib/python3.8/site-packages:/home/jetson/slash_ws/install/teleop_tools_msgs/lib/python3.8/site-packages:/home/jetson/slash_ws/install/f1tenth_stack/lib/python3.8/site-packages:/home/jetson/slash_ws/install/twist_to_ackermann/lib/python3.8/site-packages:/home/jetson/slash_ws/install/teb_msgs/lib/python3.8/site-packages:/home/jetson/slash_ws/install/roboracer_china_2025/lib/python3.8/site-packages:/home/jetson/slash_ws/install/mouse_teleop/lib/python3.8/site-packages:/home/jetson/slash_ws/install/fast_lio/lib/python3.8/site-packages:/home/jetson/slash_ws/install/livox_ros_driver2/lib/python3.8/site-packages:/home/jetson/slash_ws/install/key_teleop/lib/python3.8/site-packages:/home/jetson/slash_ws/install/costmap_converter_msgs/lib/python3.8/site-packages:/opt/ros/foxy/lib/python3.8/site-packages /usr/bin/python3 -W ignore:setup.py install is deprecated -W ignore:easy_install command is deprecated setup.py egg_info --egg-base ../../../../build/f1tenth_stack build --build-base /home/jetson/slash_ws/build/f1tenth_stack/build install --record /home/jetson/slash_ws/build/f1tenth_stack/install.log --single-version-externally-managed install_data
[14.336s] Level 1:colcon.colcon_core.environment:checking '/home/jetson/slash_ws/install/f1tenth_stack' for CMake config files
[14.338s] Level 1:colcon.colcon_core.environment:checking '/home/jetson/slash_ws/install/f1tenth_stack/lib'
[14.338s] Level 1:colcon.colcon_core.environment:checking '/home/jetson/slash_ws/install/f1tenth_stack/bin'
[14.338s] Level 1:colcon.colcon_core.environment:checking '/home/jetson/slash_ws/install/f1tenth_stack/lib/pkgconfig/f1tenth_stack.pc'
[14.338s] Level 1:colcon.colcon_core.environment:checking '/home/jetson/slash_ws/install/f1tenth_stack/lib/python3.8/site-packages'
[14.338s] Level 1:colcon.colcon_core.shell:create_environment_hook('f1tenth_stack', 'pythonpath')
[14.339s] INFO:colcon.colcon_core.shell:Creating environment hook '/home/jetson/slash_ws/install/f1tenth_stack/share/f1tenth_stack/hook/pythonpath.ps1'
[14.340s] INFO:colcon.colcon_core.shell:Creating environment descriptor '/home/jetson/slash_ws/install/f1tenth_stack/share/f1tenth_stack/hook/pythonpath.dsv'
[14.341s] INFO:colcon.colcon_core.shell:Creating environment hook '/home/jetson/slash_ws/install/f1tenth_stack/share/f1tenth_stack/hook/pythonpath.sh'
[14.342s] Level 1:colcon.colcon_core.environment:checking '/home/jetson/slash_ws/install/f1tenth_stack/bin'
[14.342s] Level 1:colcon.colcon_core.environment:create_environment_scripts_only(f1tenth_stack)
[14.343s] INFO:colcon.colcon_core.shell:Creating package script '/home/jetson/slash_ws/install/f1tenth_stack/share/f1tenth_stack/package.ps1'
[14.345s] INFO:colcon.colcon_core.shell:Creating package descriptor '/home/jetson/slash_ws/install/f1tenth_stack/share/f1tenth_stack/package.dsv'
[14.345s] INFO:colcon.colcon_core.shell:Creating package script '/home/jetson/slash_ws/install/f1tenth_stack/share/f1tenth_stack/package.sh'
[14.346s] INFO:colcon.colcon_core.shell:Creating package script '/home/jetson/slash_ws/install/f1tenth_stack/share/f1tenth_stack/package.bash'
[14.347s] INFO:colcon.colcon_core.shell:Creating package script '/home/jetson/slash_ws/install/f1tenth_stack/share/f1tenth_stack/package.zsh'
[14.348s] Level 1:colcon.colcon_core.environment:create_file_with_runtime_dependencies(/home/jetson/slash_ws/install/f1tenth_stack/share/colcon-core/packages/f1tenth_stack)
[14.349s] DEBUG:colcon.colcon_parallel_executor.executor.parallel:closing loop
[14.350s] DEBUG:colcon.colcon_parallel_executor.executor.parallel:loop closed
[14.350s] DEBUG:colcon.colcon_parallel_executor.executor.parallel:run_until_complete finished with '0'
[14.351s] DEBUG:colcon.colcon_core.event_reactor:joining thread
[14.367s] INFO:colcon.colcon_core.plugin_system:Skipping extension 'colcon_notification.desktop_notification.terminal_notifier': Not used on non-Darwin systems
[14.367s] INFO:colcon.colcon_core.plugin_system:Skipping extension 'colcon_notification.desktop_notification.win32': Not used on non-Windows systems
[14.367s] INFO:colcon.colcon_notification.desktop_notification:Sending desktop notification using 'notify2'
[14.405s] DEBUG:colcon.colcon_core.event_reactor:joined thread
[14.406s] INFO:colcon.colcon_core.shell:Creating prefix script '/home/jetson/slash_ws/install/local_setup.ps1'
[14.408s] INFO:colcon.colcon_core.shell:Creating prefix util module '/home/jetson/slash_ws/install/_local_setup_util_ps1.py'
[14.412s] INFO:colcon.colcon_core.shell:Creating prefix chain script '/home/jetson/slash_ws/install/setup.ps1'
[14.417s] INFO:colcon.colcon_core.shell:Creating prefix script '/home/jetson/slash_ws/install/local_setup.sh'
[14.418s] INFO:colcon.colcon_core.shell:Creating prefix util module '/home/jetson/slash_ws/install/_local_setup_util_sh.py'
[14.420s] INFO:colcon.colcon_core.shell:Creating prefix chain script '/home/jetson/slash_ws/install/setup.sh'
[14.425s] INFO:colcon.colcon_core.shell:Creating prefix script '/home/jetson/slash_ws/install/local_setup.bash'
[14.426s] INFO:colcon.colcon_core.shell:Creating prefix chain script '/home/jetson/slash_ws/install/setup.bash'
[14.431s] INFO:colcon.colcon_core.shell:Creating prefix script '/home/jetson/slash_ws/install/local_setup.zsh'
[14.433s] INFO:colcon.colcon_core.shell:Creating prefix chain script '/home/jetson/slash_ws/install/setup.zsh'
